,ID,0
0,64707,0.27
1,63919,0.19
2,15664,0.38
3,6626,0.2866017038517038
4,26766,0.27
5,2055,0.36
6,80703,0.21
7,45482,0.615037864917606
8,91264,0.21
9,1049,0.35
10,67644,0.6063580061789815
11,17283,0.24
12,111047,0.29189584892557885
13,6283,0.28
14,10932,0.08
15,6866,0.33
16,32797,0.6574333853925554
17,87632,0.7024997009086346
18,20830,0.3
19,70988,0.29
20,2589,0.27
21,76471,0.7024997009086346
22,57026,0.37
23,34068,0.33224337223043043
24,110099,0.31
25,44409,0.22
26,98424,0.640589310994999
27,100327,0.23
28,85449,0.3804562384774892
29,105123,0.27
30,115595,0.02
31,34762,0.16
32,30440,0.6879944332192204
33,395,0.3
34,34667,0.888471962188229
35,87615,0.44035186592851355
36,43712,0.18
37,17074,0.3
38,68564,0.6606477235506313
39,91813,0.47156611085503913
40,62080,0.3
41,12050,0.22
42,63426,0.28
43,93726,0.29
44,21287,0.29
45,25800,0.26
46,33442,0.27
47,46493,0.22
48,105529,0.5658684711404199
49,25747,0.2
50,105901,0.21
51,53369,0.29738694977561037
52,80105,0.24
53,93931,0.6514684368668864
54,106790,0.57
55,17416,0.26
56,105290,0.25
57,58133,0.05
58,81540,0.24
59,23236,0.27
60,62711,0.27
61,20999,0.29
62,103783,0.3
63,17545,0.4991156399416326
64,91278,0.5658684711404199
65,16821,0.6047186971146897
66,47115,0.26
67,101433,0.3196825396825397
68,64042,0.28
69,2158,0.3016666666666667
70,44272,0.2736505932627259
71,88331,0.21
72,6698,0.29
73,69531,0.21
74,30625,0.27
75,11877,0.22
76,52353,0.2
77,31005,0.5098901818657562
78,101230,0.686711125185392
79,60853,0.33
80,56734,0.58
81,53707,0.49626280269721645
82,50265,0.18
83,72607,0.328071367358132
84,49053,0.22
85,36071,0.3
86,40741,0.41942184154175594
87,56960,0.23
88,53425,0.22
89,81012,0.23
90,103397,0.18
91,115241,0.6574333853925554
92,16477,0.17
93,106300,0.29957730692552864
94,778,0.33
95,54111,0.28
96,43160,0.28
97,13312,0.3785
98,40729,0.22
99,29282,0.6879944332192204
100,2486,0.27
101,81324,0.22
102,75361,0.29285605710579565
103,83557,0.17
104,78430,0.17
105,58733,0.6879944332192204
106,4100,0.25
107,89993,0.4251838111498381
108,85173,0.7024997009086346
109,100381,0.9073162876490548
110,19324,0.25293732567047406
111,71719,0.21
112,89961,0.32
113,87549,0.21
114,82988,0.28
115,22403,0.3048363735289757
116,51891,0.3
117,45978,0.2
118,20555,0.29
119,55970,0.49775771369818395
120,47319,0.28
121,74241,0.99
122,103281,0.3
123,108240,0.21
124,61359,0.26
125,71663,0.4911165246865001
126,89413,0.8087014454974942
127,39662,0.26
128,112982,0.26
129,56650,0.5455326939251731
130,8849,0.26
131,12567,0.25
132,73998,0.6060437791111741
133,1712,0.28
134,112407,0.3
135,15075,0.28
136,101430,0.32
137,79990,0.26
138,52886,0.32
139,87463,0.8087014454974942
140,61955,0.57602346105529
141,30263,0.17
142,85593,0.26
143,103216,0.3
144,39612,0.27
145,44407,0.29
146,98760,0.21
147,17265,0.37692715024913176
148,106871,0.28
149,83690,0.4911165246865001
150,107039,0.22
151,57715,0.16
152,41191,0.27
153,101274,0.15
154,85340,0.27
155,42354,0.26
156,36079,0.31
157,71215,0.29
158,39362,0.24
159,5693,0.25
160,78375,0.21952136456069715
161,61534,0.2
162,67488,0.21
163,15561,0.48
164,16157,0.5590650541895373
165,17,0.25
166,29639,0.6879944332192204
167,91112,0.07
168,104649,0.804737389751532
169,693,0.48
170,4689,0.09
171,58919,0.6879944332192204
172,36766,0.6879944332192204
173,15077,0.48
174,37006,0.48229605538656534
175,93345,0.57602346105529
176,44664,0.24
177,18762,0.25
178,22379,0.26
179,89724,0.15
180,3745,0.06
181,83488,0.34
182,108394,0.21
183,8641,0.3
184,69466,0.21
185,25047,0.22
186,39695,0.36
187,57982,0.26
188,90462,0.19
189,112752,0.3
190,117,0.34
191,98398,0.28
192,19002,0.35
193,100559,0.25
194,11291,0.23
195,72304,0.29
196,23250,0.3
197,99518,0.3
198,105725,0.29966204757441867
199,55984,0.22
200,97310,0.3
201,39077,0.26
202,110918,0.7415137606796547
203,41184,0.9477251457732712
204,9739,0.21
205,6322,0.22
206,10936,0.23
207,92917,0.34
208,16710,0.5590650541895373
209,113964,0.13
210,110281,0.21
211,501,0.26
212,38063,0.04
213,53303,0.22
214,75137,0.21106571196018278
215,31793,0.6053765993562714
216,77822,0.28
217,22821,0.28
218,79560,0.686711125185392
219,1724,0.28
220,41295,0.29
221,114664,0.3
222,83239,0.26
223,76161,0.2672180728297719
224,12812,0.3185
225,73079,0.6063580061789815
226,33477,0.09
227,110911,0.33
228,74088,0.31
229,91464,0.21
230,78965,0.23
231,115734,0.3713762139346507
232,39064,0.27
233,87531,0.17
234,21392,0.22
235,85410,0.28
236,101374,0.29
237,61893,0.29967159718712016
238,35957,0.8016548798422711
239,18330,0.1
240,25920,0.2
241,29321,0.6879944332192204
242,50864,0.3
243,16324,0.23
244,107063,0.804737389751532
245,62263,0.29
246,38175,0.27
247,36909,0.34
248,97440,0.28908145122531176
249,107136,0.21
250,51426,0.8044329605846217
251,62186,0.3
252,57941,0.6970637908450266
253,88610,0.33
254,77426,0.34
255,63630,0.19
256,97452,0.21
257,27847,0.22
258,72330,0.49626280269721645
259,83242,0.3595606657286202
260,99627,0.2575
261,55561,0.292
262,21229,0.31
263,43254,0.5455326939251731
264,46349,0.26
265,32885,0.26
266,63211,0.2672180728297719
267,74017,0.2672180728297719
268,112309,0.21
269,71080,0.19
270,11233,0.24
271,65032,0.19
272,62670,0.12
273,34602,0.3
274,113971,0.5224557364380512
275,44728,0.8094490423084325
276,78716,0.21
277,60993,0.3
278,62434,0.31
279,13314,0.1
280,9420,0.48
281,94502,0.6063580061789815
282,14782,0.3
283,105399,0.29
284,26114,0.15
285,94952,0.19
286,63121,0.21106571196018278
287,17505,0.3
288,23853,0.31
289,76294,0.29
290,79180,0.23760818498476272
291,66894,0.21
292,97408,0.3
293,33501,0.24
294,50551,0.27138245169676045
295,80870,0.44035186592851355
296,36561,0.34
297,41816,0.2
298,62882,0.28
299,34681,0.6879944332192204
300,114749,0.40569492300158616
301,8606,0.22
302,42446,0.23
303,53904,0.778920261971505
304,22551,0.26
305,94510,0.33
306,1373,0.24
307,82674,0.25293732567047406
308,40993,0.26
309,92014,0.57602346105529
310,73191,0.420547215722297
311,106449,0.27
312,58423,0.26
313,27731,0.19
314,89611,0.29
315,64260,0.28
316,94809,0.23
317,102324,0.24
318,86926,0.57602346105529
319,49185,0.22
320,57289,0.31
321,2655,0.28
322,2988,0.32
323,545,0.24
324,28457,0.28
325,14596,0.22
326,79184,0.49775771369818395
327,15201,0.22
328,56585,0.2
329,6307,0.13
330,98730,0.36
331,51980,0.22
332,80528,0.21
333,22762,0.11
334,51747,0.15
335,18778,0.24
336,47414,0.21
337,72518,0.4185714285714286
338,13949,0.6558400683910702
339,55661,0.6879944332192204
340,89809,0.37
341,61393,0.28
342,75157,0.7024997009086346
343,49321,0.7565470187056207
344,32608,0.19
345,5749,0.18
346,4497,0.14
347,5680,0.3
348,9543,0.23
349,3613,0.39
350,74486,0.28
351,92762,0.27
352,26829,0.28
353,87804,0.26
354,64122,0.25
355,6967,0.27
356,33595,0.16
357,29196,0.6879944332192204
358,51322,0.11
359,103698,0.12
360,30082,0.6879944332192204
361,45037,0.3048363735289757
362,104501,0.22
363,28006,0.19
364,1572,0.17
365,105217,0.29618368733128664
366,48157,0.33134820528628567
367,48353,0.2672180728297719
368,5189,0.24
369,62531,0.26
370,93051,0.43249015313620975
371,38760,0.25
372,51776,0.4911165246865001
373,31602,0.09
374,109562,0.2923230518274556
375,65343,0.2
376,32437,0.31
377,5350,0.21
378,97738,0.29
379,83307,0.29542118743406626
380,29927,0.7415137606796547
381,101416,0.21106571196018278
382,94024,0.36
383,72374,0.21
384,72292,0.19
385,56177,0.8331601874669974
386,9135,0.21
387,78647,0.24
388,59323,0.37
389,79453,0.2672180728297719
390,11380,0.25
391,45280,0.2736505932627259
392,24095,0.23
393,90252,0.5952890834207484
394,101354,0.18
395,39613,0.1
396,56024,0.49626280269721645
397,29067,0.42301428121191526
398,72766,0.14
399,91040,0.7491207553686823
400,102100,0.6879944332192204
401,91937,0.25
402,33126,0.57602346105529
403,43785,0.2
404,23703,0.4985545731779656
405,3837,0.25
406,7726,0.18
407,9364,0.25
408,111757,0.28
409,9181,0.23
410,87618,0.15
411,76250,0.23
412,36068,0.31
413,46893,0.2611111183793985
414,114571,0.27
415,38291,0.15
416,67623,0.28
417,101068,0.29285605710579565
418,85744,0.32
419,53069,0.33224337223043043
420,80582,0.21
421,50799,0.6574333853925554
422,112728,0.2902117207222417
423,102871,0.13
424,20702,0.3
425,50019,0.778920261971505
426,114385,0.7415137606796547
427,88270,0.34
428,87238,0.26
429,80143,0.27
430,71196,0.2672180728297719
431,57365,0.3
432,95054,0.8025734585058774
433,74508,0.21106571196018278
434,61161,0.29
435,26538,0.28
436,56029,0.47156611085503913
437,31570,0.32
438,106217,0.1
439,12642,0.3063636363636364
440,112036,0.3724012754292784
441,34514,0.6574333853925554
442,93450,0.2
443,38545,0.49626280269721645
444,107432,0.28
445,3722,0.28
446,57759,0.4
447,82794,0.26
448,64296,0.22
449,7803,0.25
450,45852,0.4031051372347387
451,19727,0.23
452,101122,0.08
453,59991,0.6032484614923382
454,15276,0.22
455,21190,0.25
456,57751,0.19
457,48048,0.25
458,14201,0.25
459,104452,0.7415137606796547
460,61560,0.38
461,13655,0.24
462,111774,0.33
463,29079,0.27
464,32527,0.31
465,112644,0.26
466,89335,0.2
467,106410,0.2923230518274556
468,88697,0.3188940493630895
469,68809,0.21
470,19408,0.32
471,278,0.2
472,111383,0.05
473,67563,0.27
474,112976,0.3
475,102347,0.3
476,4923,0.25
477,92434,0.24
478,49135,0.21
479,24611,0.3
480,104534,0.21
481,67830,0.57602346105529
482,112269,0.21
483,72199,0.21
484,93470,0.2
485,92290,0.47156611085503913
486,62790,0.21
487,29962,0.6879944332192204
488,43340,0.29
489,95912,0.11
490,2054,0.36
491,105031,0.5658684711404199
492,82647,0.32
493,4104,0.27
494,32165,0.21
495,3485,0.6153506030652572
496,53150,0.28
497,55810,0.25
498,96529,0.28
499,61429,0.22
500,82759,0.3
501,98261,0.11
502,73851,0.28
503,96701,0.19
504,108510,0.16
505,4513,0.24
506,7989,0.22
507,52209,0.31
508,51706,0.21584599045548056
509,75132,0.29
510,88174,0.21
511,70443,0.4531794040040778
512,79727,0.28
513,75815,0.31
514,109976,0.21
515,40198,0.98
516,56110,0.8331601874669974
517,105614,0.34
518,51330,0.08
519,89294,0.2672180728297719
520,29257,0.22
521,100033,0.3
522,67397,0.2
523,105967,0.28
524,38882,0.29
525,63066,0.33
526,99436,0.8074620881663229
527,75724,0.26
528,79512,0.25
529,22706,0.18
530,2749,0.33
531,31627,0.26
532,40317,0.32
533,47068,0.3595606657286202
534,112718,0.19
535,48713,0.21
536,39577,0.35111669438744175
537,65495,0.21
538,14485,0.21
539,56594,0.28
540,62322,0.8087014454974942
541,69218,0.39125
542,50698,0.28
543,105068,0.28
544,64397,0.19
545,92772,0.686711125185392
546,74760,0.28
547,58341,0.23
548,92893,0.9039408732770348
549,50706,0.33224337223043043
550,3254,0.28
551,87809,0.8087014454974942
552,105595,0.22
553,108347,0.2923230518274556
554,11053,0.21
555,50097,0.22
556,86132,0.33
557,36263,0.3
558,95855,0.22
559,83201,0.26
560,18947,0.14
561,15456,0.24
562,102205,0.17
563,37779,0.2
564,46785,0.17
565,76488,0.07
566,102027,0.44035186592851355
567,8838,0.21
568,55321,0.2
569,32597,0.27
570,11647,0.21
571,15613,0.5775446743647739
572,80527,0.6574333853925554
573,23335,0.7024997009086346
574,77863,0.3782589900529063
575,19824,0.27
576,38893,0.28
577,34168,0.6879944332192204
578,44081,0.26
579,59661,0.29
580,10466,0.21
581,96815,0.2
582,44377,0.6879944332192204
583,100864,0.6514684368668864
584,94430,0.6879944332192204
585,87742,0.26
586,65674,0.2
587,104512,0.3
588,24492,0.26
589,49739,0.28
590,80417,0.2672180728297719
591,99334,0.27
592,112122,0.21
593,101283,0.21
594,21677,0.26
595,95083,0.21106571196018278
596,106571,0.22
597,90303,0.2877141931938705
598,9299,0.26
599,6426,0.22
600,94693,0.22
601,63857,0.16
602,88880,0.420547215722297
603,1883,0.26
604,84356,0.2672180728297719
605,61747,0.16195238095238096
606,41443,0.4911165246865001
607,12360,0.31
608,78005,0.24
609,94849,0.28
610,22284,0.2611111183793985
611,29215,0.29
612,82606,0.7024997009086346
613,104103,0.21106571196018278
614,36447,0.3782589900529063
615,41050,0.25
616,9949,0.18
617,45600,0.22
618,73479,0.15
619,46979,0.6574333853925554
620,41784,0.31
621,90034,0.29
622,19768,0.17
623,20081,0.33483341043438736
624,63156,0.24
625,50526,0.26
626,33958,0.28
627,14261,0.26
628,35991,0.27
629,51997,0.42324999999999996
630,79806,0.2
631,95620,0.26
632,34320,0.27
633,21679,0.2101666666666667
634,103104,0.640589310994999
635,68491,0.38
636,79707,0.640589310994999
637,83363,0.19
638,45483,0.27
639,31264,0.26
640,37724,0.2853333333333333
641,93250,0.57602346105529
642,103271,0.21106571196018278
643,64938,0.28
644,533,0.41
645,67037,0.22
646,93473,0.8484012324895833
647,31665,0.873162570735478
648,102196,0.22
649,45224,0.57602346105529
650,83765,0.23
651,101763,0.21
652,42042,0.28
653,67828,0.37
654,59157,0.6063580061789815
655,99616,0.29
656,375,0.23
657,69416,0.21
658,63999,0.27
659,78883,0.29738694977561037
660,31772,0.27
661,67449,0.42
662,48837,0.6879944332192204
663,37881,0.873162570735478
664,105357,0.15
665,57189,0.3384336462965311
666,98878,0.4911165246865001
667,98940,0.844755567144862
668,15375,0.08
669,99199,0.24
670,57281,0.16
671,109732,0.27
672,13354,0.26
673,72902,0.21
674,113479,0.27
675,58274,0.9027926995314074
676,104509,0.3
677,44498,0.2611111183793985
678,39696,0.6606477235506313
679,21928,0.22
680,47299,0.2611111183793985
681,112470,0.804737389751532
682,84809,0.21
683,34971,0.4911165246865001
684,9567,0.23
685,58474,0.21
686,34696,0.27
687,33177,0.29
688,30371,0.32
689,111751,0.28
690,58321,0.27
691,14148,0.09
692,15809,0.35850000000000004
693,65457,0.28
694,111372,0.804737389751532
695,36594,0.3
696,102912,0.2672180728297719
697,52753,0.09
698,65752,0.22
699,115710,0.2923230518274556
700,23591,0.26
701,17983,0.22
702,45798,0.27
703,106725,0.22
704,66451,0.9197500000000001
705,107430,0.3
706,4661,0.27
707,10387,0.33
708,78369,0.26
709,16948,0.24
710,17737,0.27
711,21807,0.04
712,111914,0.26
713,106711,0.34
714,54179,0.24
715,2255,0.23
716,102888,0.6574333853925554
717,70070,0.14
718,13371,0.26
719,15328,0.3442857142857143
720,5326,0.2421428571428571
721,98753,0.18
722,15979,0.23
723,69201,0.3
724,68233,0.44035186592851355
725,43903,0.26
726,61446,0.33899285004789426
727,107870,0.22
728,64151,0.21
729,39190,0.25293732567047406
730,60485,0.8087014454974942
731,61360,0.2672180728297719
732,92658,0.33
733,90645,0.6060437791111741
734,84042,0.24
735,99935,0.8025734585058774
736,29513,0.7415137606796547
737,34249,0.19
738,10336,0.22
739,16350,0.22
740,56866,0.2
741,37369,0.18
742,16662,0.25
743,1938,0.22
744,12555,0.4857224179653792
745,99851,0.28
746,90916,0.4251838111498381
747,75043,0.29285605710579565
748,65278,0.28
749,42076,0.27
750,91286,0.18
751,76276,0.26
752,73158,0.49626280269721645
753,92448,0.33
754,74964,0.28
755,55257,0.17
756,108498,0.9039408732770348
757,9208,0.2833333333333333
758,56508,0.32
759,72341,0.44035186592851355
760,65967,0.28
761,31113,0.2
762,93318,0.23
763,22480,0.3151205882352941
764,75752,0.26
765,16697,0.7606405173421392
766,26579,0.3
767,6534,0.5023486477495499
768,56725,0.26
769,72510,0.15
770,22674,0.15
771,57898,0.23
772,90026,0.21
773,88601,0.32
774,8652,0.23
775,7408,0.15
776,34244,0.3
777,89968,0.22
778,100214,0.33
779,2891,0.24
780,12559,0.29
781,49025,0.22
782,33870,0.3
783,69606,0.44035186592851355
784,57042,0.25293732567047406
785,114064,0.7415137606796547
786,728,0.34
787,71654,0.26
788,47027,0.26
789,41250,0.22
790,1630,0.24
791,55361,0.6879944332192204
792,63639,0.16
793,115273,0.29
794,43430,0.3
795,111233,0.17
796,93160,0.43249015313620975
797,27887,0.4031051372347387
798,21843,0.2611111183793985
799,79166,0.25
800,98456,0.2
801,19852,0.13
802,16831,0.18
803,103336,0.804737389751532
804,100769,0.15
805,46063,0.2611111183793985
806,34534,0.26
807,115948,0.32
808,87782,0.47156611085503913
809,87652,0.33
810,26365,0.27
811,100684,0.1
812,14358,0.29
813,18797,0.27
814,76235,0.4911165246865001
815,18255,0.28
816,34981,0.16
817,885,0.11
818,39133,0.3
819,22504,0.34
820,57135,0.9106379870737048
821,96741,0.6060437791111741
822,35895,0.35
823,15442,0.22
824,28839,0.22
825,90862,0.16
826,57101,0.21
827,20459,0.24
828,106982,0.37576298701298705
829,89803,0.33
830,75674,0.19
831,103938,0.27
832,26549,0.26
833,51210,0.26
834,22082,0.29
835,99316,0.29
836,37683,0.3
837,102322,0.33
838,12356,0.28
839,2765,0.28
840,74343,0.23
841,113233,0.09
842,66575,0.2
843,85051,0.44035186592851355
844,64211,0.26
845,106908,0.28
846,91261,0.21
847,63342,0.23
848,10069,0.3
849,73421,0.3
850,69688,0.4
851,1916,0.34
852,60627,0.28
853,65061,0.12
854,98762,0.36
855,110721,0.33899285004789426
856,71075,0.844755567144862
857,36583,0.15
858,37828,0.28
859,31886,0.26
860,50401,0.778920261971505
861,95231,0.8025734585058774
862,72370,0.19
863,81888,0.8094490423084325
864,91872,0.2672180728297719
865,69257,0.8087014454974942
866,85541,0.2814568078776256
867,110988,0.21
868,29389,0.2033333333333333
869,73105,0.21
870,60871,0.31
871,85124,0.21
872,66055,0.22
873,79308,0.2752059837865456
874,69138,0.6970637908450266
875,43470,0.4031051372347387
876,22682,0.27
877,71908,0.28830446142884764
878,112624,0.804737389751532
879,86645,0.32
880,79794,0.26
881,93410,0.23
882,18488,0.48
883,87727,0.28
884,24604,0.13
885,858,0.22
886,40474,0.22
887,102567,0.27
888,26475,0.32
889,39434,0.18
890,4280,0.2421428571428571
891,4363,0.4830053831157081
892,75693,0.21
893,37366,0.29
894,45766,0.29
895,95063,0.3763124205678637
896,53878,0.21106571196018278
897,5385,0.24
898,13919,0.21
899,8778,0.25
900,43603,0.4031051372347387
901,36953,0.31570863451286013
902,114804,0.40569492300158616
903,7047,0.28
904,113578,0.36
905,61299,0.26
906,69762,0.14
907,34228,0.28
908,97227,0.26125
909,75009,0.27
910,32689,0.42301428121191526
911,114483,0.5098901818657562
912,9028,0.21
913,72784,0.42301428121191526
914,43102,0.15
915,17174,0.15
916,108850,0.28
917,93274,0.24
918,111350,0.21
919,101529,0.28
920,36379,0.03
921,33392,0.6879944332192204
922,114841,0.27
923,78860,0.3
924,111563,0.3
925,54796,0.34
926,64079,0.19
927,6668,0.27
928,22115,0.09
929,11711,0.25
930,107304,0.23
931,30788,0.41
932,100674,0.3
933,57164,0.43
934,91601,0.28
935,93919,0.28
936,53392,0.3
937,110586,0.3
938,7210,0.26
939,5815,0.26
940,19593,0.44547356828193835
941,64384,0.3
942,110494,0.27
943,55333,0.7565470187056207
944,103234,0.895686343352608
945,88602,0.4251838111498381
946,58152,0.21
947,35486,0.22
948,106966,0.23
949,28743,0.14
950,92010,0.07
951,68967,0.25
952,114683,0.21
953,55680,0.3
954,111861,0.21
955,110932,0.24
956,354,0.778920261971505
957,39998,0.03
958,19200,0.3595606657286202
959,76143,0.28
960,1617,0.25
961,45206,0.13
962,74375,0.2814568078776256
963,28730,0.5337472564381157
964,51172,0.8044329605846217
965,113597,0.1
966,40816,0.24
967,108785,0.28
968,92298,0.3
969,6549,0.23
970,91511,0.21
971,93581,0.27
972,9051,0.15
973,62544,0.47156611085503913
974,64378,0.27
975,48466,0.25
976,84038,0.8331601874669974
977,39096,0.23
978,111852,0.21
979,12418,0.3
980,96796,0.22
981,40636,0.25
982,48293,0.8087014454974942
983,4943,0.6683387820029013
984,94920,0.2
985,54345,0.15
986,109443,0.23
987,23715,0.25
988,37474,0.8016548798422711
989,104222,0.25
990,64986,0.22
991,115836,0.24
992,52932,0.3
993,99150,0.27
994,51139,0.6879944332192204
995,26034,0.26
996,25497,0.3
997,53976,0.26
998,85045,0.12
999,63763,0.27
1000,73927,0.29911736974729275
1001,78763,0.24
1002,40524,0.29
1003,60080,0.21
1004,38018,0.22
1005,37104,0.21
1006,66782,0.26
1007,95262,0.28
1008,62423,0.36
1009,99900,0.49134710732466025
1010,66071,0.22
1011,68684,0.28
1012,63647,0.28
1013,102818,0.15
1014,77240,0.28
1015,12171,0.3785
1016,11744,0.25
1017,65812,0.28
1018,79056,0.23
1019,66526,0.36
1020,113751,0.21
1021,56106,0.2
1022,39448,0.31
1023,4372,0.25
1024,78001,0.26
1025,32123,0.13
1026,73152,0.29
1027,34136,0.49626280269721645
1028,61539,0.28
1029,36696,0.6063580061789815
1030,45526,0.2611111183793985
1031,56,0.24796069590298245
1032,20686,0.05
1033,21765,0.22
1034,99170,0.3713762139346507
1035,64623,0.28
1036,109437,0.35
1037,79064,0.8484012324895833
1038,100984,0.32
1039,28997,0.26
1040,101693,0.28
1041,104025,0.27
1042,17388,0.2459294117647059
1043,100747,0.3165041518110797
1044,110907,0.18
1045,80508,0.663121287281579
1046,14628,0.24
1047,44227,0.22
1048,16513,0.32
1049,51743,0.22
1050,64927,0.3
1051,102125,0.21
1052,98729,0.33
1053,32824,0.19
1054,67448,0.213125892987996
1055,41982,0.21
1056,104531,0.34
1057,84893,0.26
1058,27235,0.13
1059,63674,0.21
1060,101362,0.33
1061,72224,0.33899285004789426
1062,89172,0.8087014454974942
1063,64679,0.16
1064,106421,0.2923230518274556
1065,38230,0.29
1066,99629,0.33
1067,90571,0.35
1068,92202,0.489939631047358
1069,98812,0.21
1070,2886,0.23
1071,4475,0.15
1072,72438,0.44035186592851355
1073,46830,0.24
1074,11309,0.21
1075,60096,0.33
1076,76773,0.23
1077,47830,0.34
1078,107459,0.8025734585058774
1079,111236,0.13
1080,102154,0.778920261971505
1081,65859,0.23
1082,20280,0.3
1083,93545,0.8087014454974942
1084,113800,0.28
1085,40355,0.13
1086,78950,0.420547215722297
1087,79619,0.36633867133905085
1088,47530,0.26
1089,81065,0.26
1090,94171,0.3
1091,31247,0.26
1092,55209,0.34
1093,19954,0.5684735682819383
1094,19819,0.34
1095,87990,0.24
1096,30269,0.7415137606796547
1097,41171,0.25
1098,71168,0.6970637908450266
1099,9658,0.27
1100,40734,0.16
1101,32263,0.43091532760561035
1102,1616,0.2411111111111111
1103,42637,0.7929835529609893
1104,74937,0.32633116883116886
1105,27883,0.13333333333333333
1106,55033,0.31
1107,85715,0.21584599045548056
1108,85586,0.26
1109,60693,0.6606477235506313
1110,22213,0.2
1111,11864,0.4830053831157081
1112,53100,0.6879944332192204
1113,73228,0.28
1114,1925,0.28
1115,21479,0.31
1116,22312,0.22
1117,4507,0.23142857142857143
1118,43922,0.22
1119,95504,0.3
1120,42621,0.22
1121,72500,0.6063580061789815
1122,107281,0.29
1123,28987,0.3
1124,101461,0.26
1125,113804,0.29
1126,7724,0.2714285714285714
1127,47947,0.6063580061789815
1128,76811,0.25
1129,45423,0.28
1130,45359,0.22
1131,28778,0.26
1132,60952,0.28
1133,101849,0.4911165246865001
1134,16514,0.48
1135,98234,0.25
1136,71740,0.4733333333333334
1137,59947,0.3
1138,27786,0.26
1139,13035,0.6987114098478523
1140,114671,0.3
1141,9837,0.11
1142,28881,0.9477251457732712
1143,58143,0.21584599045548056
1144,34,0.24
1145,107355,0.6514684368668864
1146,31607,0.27
1147,57851,0.21
1148,15377,0.27
1149,114384,0.43
1150,49200,0.42640208607459895
1151,54311,0.22
1152,43165,0.2611111183793985
1153,108889,0.29
1154,3483,0.29950197808316326
1155,81811,0.22
1156,83437,0.26
1157,85147,0.8094490423084325
1158,44221,0.26
1159,17742,0.32
1160,95774,0.3595606657286202
1161,105010,0.2923230518274556
1162,61835,0.26
1163,64746,0.19
1164,100840,0.5952890834207484
1165,9885,0.24
1166,6167,0.4830053831157081
1167,57636,0.35
1168,28662,0.22
1169,40488,0.19
1170,74414,0.24
1171,4376,0.16
1172,15554,0.25
1173,73550,0.6574333853925554
1174,69666,0.17
1175,115701,0.34
1176,59627,0.3
1177,106212,0.28
1178,32771,0.22
1179,69075,0.26
1180,59036,0.19
1181,29176,0.6879944332192204
1182,113306,0.3
1183,107175,0.3713762139346507
1184,101901,0.26
1185,59467,0.6574333853925554
1186,38473,0.2611111183793985
1187,10377,0.21
1188,106110,0.28
1189,41331,0.26
1190,87936,0.26
1191,60400,0.21
1192,78124,0.3
1193,33217,0.6574333853925554
1194,12427,0.36
1195,70075,0.22
1196,63249,0.26
1197,108599,0.28
1198,75415,0.21
1199,101168,0.3
1200,32392,0.31
1201,19637,0.24
1202,102708,0.06
1203,114611,0.06
1204,85287,0.21
1205,45764,0.23
1206,181,0.33
1207,78327,0.29
1208,80244,0.8457951945355597
1209,78021,0.6574333853925554
1210,32878,0.28
1211,20175,0.5011638543363016
1212,48863,0.3595606657286202
1213,111485,0.4
1214,108217,0.22
1215,107648,0.7415137606796547
1216,97857,0.213125892987996
1217,11504,0.26
1218,90089,0.7405317013283446
1219,39604,0.2611111183793985
1220,84807,0.663121287281579
1221,106625,0.7491207553686823
1222,6456,0.17
1223,22968,0.1
1224,92475,0.25
1225,93927,0.21
1226,27566,0.4911165246865001
1227,78996,0.3
1228,32560,0.26
1229,49832,0.3
1230,62046,0.23
1231,109154,0.6514684368668864
1232,86551,0.29
1233,16617,0.8202218422313033
1234,21015,0.36
1235,89597,0.3
1236,11084,0.25
1237,40579,0.12
1238,74513,0.22
1239,17247,0.21
1240,32201,0.6574333853925554
1241,6719,0.21
1242,7939,0.2502171729681814
1243,55465,0.18
1244,98033,0.3
1245,71987,0.3
1246,59034,0.28
1247,54016,0.6879944332192204
1248,40253,0.21
1249,61684,0.21106571196018278
1250,38881,0.17
1251,99388,0.28
1252,74963,0.22
1253,114861,0.19
1254,32967,0.27
1255,51427,0.33
1256,40277,0.26
1257,71827,0.4911165246865001
1258,90220,0.28
1259,8951,0.24
1260,60385,0.47156611085503913
1261,62776,0.26
1262,53996,0.27
1263,32446,0.26
1264,31365,0.3
1265,2476,0.38
1266,66190,0.28
1267,65475,0.26
1268,284,0.25
1269,103193,0.24
1270,96326,0.06
1271,35520,0.25
1272,60476,0.33
1273,104790,0.6514684368668864
1274,38251,0.29
1275,7164,0.12
1276,112414,0.804737389751532
1277,25207,0.25
1278,102156,0.2814568078776256
1279,57237,0.35111669438744175
1280,59244,0.3733333333333333
1281,53411,0.27
1282,18093,0.22
1283,16971,0.7218927753227318
1284,46013,0.21
1285,40727,0.19
1286,29424,0.778920261971505
1287,36140,0.23
1288,66114,0.22
1289,114970,0.21
1290,89907,0.22
1291,58803,0.25
1292,110153,0.23
1293,105739,0.13
1294,95655,0.640589310994999
1295,8167,0.13
1296,92330,0.21106571196018278
1297,111895,0.7491207553686823
1298,92323,0.5658684711404199
1299,6045,0.42
1300,78568,0.6879944332192204
1301,75350,0.42301428121191526
1302,24386,0.3
1303,42967,0.09
1304,94790,0.686711125185392
1305,3391,0.21
1306,96097,0.6514684368668864
1307,48473,0.26
1308,3832,0.29569984820821593
1309,97505,0.24
1310,26460,0.3
1311,65091,0.28
1312,69346,0.28
1313,97281,0.9073162876490548
1314,72344,0.29285605710579565
1315,9382,0.25
1316,65977,0.23
1317,26854,0.28
1318,10622,0.18
1319,23393,0.26
1320,6607,0.25
1321,22903,0.21
1322,96644,0.213125892987996
1323,35836,0.22
1324,98743,0.6514684368668864
1325,91116,0.21
1326,94529,0.8074620881663229
1327,114616,0.32
1328,98303,0.23
1329,72496,0.27
1330,18843,0.23
1331,43354,0.22
1332,90002,0.3
1333,58219,0.21
1334,74614,0.27
1335,15354,0.21866666666666665
1336,103943,0.5799705977303526
1337,88119,0.15
1338,52250,0.45927123552123555
1339,33355,0.29
1340,42025,0.14
1341,92576,0.28908145122531176
1342,31699,0.6574333853925554
1343,57444,0.27
1344,37040,0.6606477235506313
1345,85224,0.6060437791111741
1346,12778,0.28
1347,72732,0.28
1348,32704,0.15
1349,41160,0.26
1350,83491,0.25
1351,100278,0.6514684368668864
1352,82218,0.21
1353,109638,0.30943861705025505
1354,38079,0.26
1355,94249,0.8087014454974942
1356,49308,0.22
1357,70011,0.25
1358,30364,0.14
1359,12784,0.35
1360,65998,0.29
1361,58695,0.29
1362,40463,0.24
1363,12606,0.22
1364,56419,0.19
1365,12869,0.25
1366,1087,0.23
1367,104251,0.4911165246865001
1368,26286,0.3434759716750337
1369,113612,0.7084602284842296
1370,101828,0.23
1371,28409,0.3
1372,99684,0.27
1373,77835,0.15
1374,49570,0.2
1375,98088,0.21
1376,65384,0.28
1377,59876,0.29542118743406626
1378,58832,0.3
1379,108940,0.29957730692552864
1380,1066,0.29
1381,121,0.22
1382,97401,0.6961258235367476
1383,88148,0.3
1384,39420,0.27
1385,30010,0.6879944332192204
1386,100467,0.28
1387,13659,0.48
1388,33096,0.25293732567047406
1389,113716,0.29
1390,59006,0.25
1391,18719,0.06
1392,96988,0.29
1393,24228,0.26
1394,101059,0.08
1395,53500,0.6879944332192204
1396,107285,0.26
1397,39675,0.22
1398,17491,0.48
1399,68433,0.213125892987996
1400,65906,0.28
1401,84677,0.26
1402,72191,0.21
1403,85111,0.4
1404,39501,0.22
1405,56841,0.29738694977561037
1406,22280,0.37547356828193834
1407,4566,0.4830053831157081
1408,58637,0.3062866491761945
1409,34847,0.38
1410,35298,0.29
1411,33590,0.3
1412,48731,0.36
1413,77005,0.32
1414,17692,0.8202218422313033
1415,66240,0.28
1416,101117,0.12
1417,98959,0.28
1418,10225,0.11
1419,106890,0.21
1420,71355,0.29285605710579565
1421,22768,0.08
1422,79593,0.21
1423,109335,0.22
1424,115302,0.14
1425,80722,0.21025032092426188
1426,39029,0.22
1427,40672,0.15
1428,60254,0.28
1429,71424,0.21
1430,89849,0.36
1431,80933,0.26
1432,58150,0.33
1433,20808,0.31
1434,68166,0.29
1435,75995,0.23
1436,114856,0.6879944332192204
1437,86892,0.44035186592851355
1438,10028,0.28
1439,3137,0.26
1440,47892,0.21
1441,76113,0.16
1442,112597,0.3
1443,44291,0.22
1444,34448,0.844755567144862
1445,75208,0.28
1446,8590,0.11
1447,78234,0.13
1448,32396,0.25293732567047406
1449,8156,0.29333333333333333
1450,43528,0.2
1451,19802,0.24
1452,3057,0.25
1453,56703,0.6879944332192204
1454,8569,0.21
1455,55656,0.05
1456,40236,0.15
1457,59297,0.22
1458,13578,0.21
1459,56020,0.3054576171951389
1460,11127,0.1
1461,86320,0.23
1462,17966,0.24
1463,51337,0.29
1464,4313,0.27
1465,45021,0.29
1466,83472,0.22
1467,40048,0.09
1468,97214,0.27
1469,7243,0.38
1470,51745,0.2779001297850061
1471,101904,0.27
1472,56297,0.8087014454974942
1473,115947,0.27
1474,46011,0.22
1475,20786,0.23
1476,112547,0.804737389751532
1477,52872,0.21
1478,19187,0.31
1479,74605,0.35
1480,33960,0.3
1481,40566,0.25
1482,59117,0.6879944332192204
1483,102697,0.11
1484,83607,0.17
1485,106644,0.13
1486,66001,0.19
1487,28655,0.14
1488,61723,0.22
1489,14741,0.07
1490,88008,0.686711125185392
1491,31747,0.15
1492,10436,0.31
1493,7713,0.32
1494,74178,0.26
1495,27381,0.22
1496,108552,0.271
1497,103653,0.2923230518274556
1498,39144,0.23
1499,22773,0.22
1500,98322,0.2
1501,90041,0.36633867133905085
1502,93887,0.5658684711404199
1503,2202,0.21
1504,15219,0.21866666666666665
1505,83899,0.13
1506,5286,0.21
1507,58351,0.7024997009086346
1508,39048,0.2
1509,48696,0.28
1510,13551,0.31645013654079623
1511,112522,0.23
1512,35156,0.3
1513,37757,0.07
1514,82016,0.26
1515,101816,0.25
1516,1792,0.07
1517,38658,0.22
1518,21607,0.45547356828193836
1519,11888,0.31
1520,6071,0.25
1521,35184,0.4911165246865001
1522,99532,0.31
1523,4516,0.26
1524,6642,0.24
1525,70177,0.49775771369818395
1526,14696,0.26
1527,44332,0.27
1528,107112,0.29
1529,75930,0.28
1530,48545,0.3
1531,31819,0.27
1532,86502,0.08
1533,14908,0.25
1534,10325,0.13
1535,59655,0.4
1536,42023,0.23
1537,32604,0.38
1538,112319,0.25
1539,109855,0.21
1540,98150,0.28
1541,22546,0.24
1542,13856,0.6371495846544332
1543,33693,0.22
1544,34576,0.31
1545,52813,0.213125892987996
1546,33012,0.7415137606796547
1547,113354,0.21106571196018278
1548,22836,0.06
1549,5207,0.25
1550,65748,0.28
1551,74478,0.19
1552,66337,0.25
1553,75300,0.26
1554,41751,0.22
1555,96248,0.8087014454974942
1556,3884,0.22
1557,70218,0.778920261971505
1558,85675,0.7024997009086346
1559,32676,0.26
1560,2794,0.23
1561,90622,0.23
1562,109306,0.8002701290515217
1563,105296,0.26
1564,52648,0.9477251457732712
1565,71675,0.57602346105529
1566,113497,0.32770001186827274
1567,8609,0.29
1568,75044,0.29
1569,13204,0.36
1570,94399,0.3
1571,56692,0.3
1572,4792,0.27
1573,69771,0.25
1574,31656,0.25
1575,21348,0.34
1576,32642,0.32
1577,12222,0.47
1578,18462,0.34
1579,29050,0.19
1580,45895,0.2611111183793985
1581,90338,0.8087014454974942
1582,88369,0.21106571196018278
1583,94707,0.12
1584,44256,0.2611111183793985
1585,12767,0.23
1586,56439,0.8331601874669974
1587,26262,0.31
1588,56607,0.8457951945355597
1589,5056,0.23
1590,82953,0.36
1591,34347,0.21952136456069715
1592,52605,0.33224337223043043
1593,6278,0.25
1594,35241,0.32
1595,33491,0.22
1596,7112,0.28
1597,63497,0.29
1598,108973,0.21
1599,69734,0.3595606657286202
1600,56574,0.08
1601,112694,0.19
1602,93525,0.02
1603,56150,0.28
1604,113125,0.804737389751532
1605,14821,0.24
1606,38923,0.22
1607,10890,0.22
1608,84019,0.4911165246865001
1609,91238,0.26
1610,527,0.32
1611,66535,0.28
1612,41987,0.25293732567047406
1613,32323,0.27
1614,74485,0.21
1615,72705,0.6574333853925554
1616,14688,0.3329504657104964
1617,107206,0.23
1618,103148,0.28
1619,62411,0.2
1620,32140,0.1
1621,98279,0.22
1622,69204,0.2
1623,98340,0.27
1624,93528,0.6185082824926071
1625,39847,0.38
1626,79321,0.34
1627,33714,0.31
1628,8185,0.26
1629,33287,0.22
1630,71824,0.19
1631,110247,0.2
1632,12700,0.2
1633,70960,0.6092044951764513
1634,39957,0.18
1635,64404,0.19
1636,29548,0.27
1637,67866,0.21106571196018278
1638,8942,0.09
1639,8793,0.24796069590298245
1640,1984,0.27
1641,54083,0.25
1642,12403,0.4985545731779656
1643,89358,0.49775771369818395
1644,26051,0.29
1645,113947,0.28
1646,19534,0.17
1647,8431,0.26
1648,80430,0.21106571196018278
1649,82380,0.25
1650,85256,0.21
1651,33280,0.5455326939251731
1652,82210,0.22
1653,28072,0.3
1654,102469,0.42
1655,107699,0.6022267206811008
1656,57321,0.38
1657,22349,0.5244735543846716
1658,60153,0.8087014454974942
1659,5061,0.24
1660,23387,0.26
1661,5517,0.25
1662,65283,0.31
1663,16901,0.23
1664,87962,0.26
1665,9833,0.1
1666,14035,0.23
1667,84040,0.18
1668,42855,0.36
1669,81674,0.3733333333333333
1670,18309,0.31
1671,29220,0.5098901818657562
1672,7715,0.26
1673,5539,0.23828070175438598
1674,37552,0.22
1675,52302,0.6574333853925554
1676,68568,0.44035186592851355
1677,38397,0.28
1678,66331,0.36
1679,70190,0.28
1680,97451,0.2878517038517038
1681,83103,0.28
1682,36755,0.2611111183793985
1683,107500,0.804737389751532
1684,41703,0.28
1685,10429,0.08
1686,104603,0.28
1687,4449,0.2502171729681814
1688,12725,0.21
1689,57834,0.3
1690,58780,0.28
1691,2133,0.5193505410231796
1692,114796,0.29
1693,26855,0.22
1694,21580,0.33
1695,69987,0.26
1696,27241,0.22
1697,32805,0.778920261971505
1698,12942,0.22
1699,94222,0.6514684368668864
1700,53274,0.24
1701,58909,0.21
1702,91989,0.28908145122531176
1703,78903,0.2672180728297719
1704,63817,0.21
1705,87824,0.21
1706,66221,0.3
1707,7958,0.12
1708,16800,0.25
1709,11136,0.21
1710,79486,0.5658684711404199
1711,21459,0.06
1712,355,0.3025424035211683
1713,63777,0.2
1714,38675,0.13
1715,91824,0.44035186592851355
1716,70740,0.33899285004789426
1717,2020,0.25
1718,13667,0.3
1719,72653,0.24
1720,106911,0.21
1721,87485,0.6185082824926071
1722,40724,0.26
1723,52991,0.28
1724,27590,0.15
1725,16494,0.22
1726,111847,0.35
1727,76855,0.44035186592851355
1728,85458,0.49626280269721645
1729,115911,0.804737389751532
1730,54354,0.778920261971505
1731,36635,0.4031051372347387
1732,43654,0.22
1733,45006,0.26
1734,43523,0.25
1735,58853,0.47156611085503913
1736,30509,0.22
1737,14466,0.1
1738,107166,0.19
1739,44103,0.28
1740,98741,0.21
1741,102953,0.21
1742,78272,0.844755567144862
1743,103495,0.09
1744,35789,0.6879944332192204
1745,96531,0.5658684711404199
1746,113386,0.3
1747,69839,0.8094490423084325
1748,101149,0.28
1749,35988,0.21952136456069715
1750,99748,0.22
1751,64633,0.28104660881121046
1752,86532,0.32
1753,64094,0.3
1754,114755,0.31
1755,7168,0.23828070175438598
1756,90819,0.21
1757,45718,0.33899285004789426
1758,20429,0.3434759716750337
1759,34947,0.6879944332192204
1760,14928,0.22
1761,10891,0.25
1762,105920,0.35
1763,68527,0.27
1764,95399,0.3
1765,4292,0.41
1766,73850,0.13
1767,80860,0.9477251457732712
1768,70131,0.27
1769,15511,0.2
1770,33010,0.6879944332192204
1771,45403,0.26
1772,46449,0.25
1773,33663,0.489939631047358
1774,113527,0.3
1775,13964,0.38
1776,52993,0.6063580061789815
1777,46923,0.38
1778,23507,0.28
1779,86992,0.21
1780,96366,0.22
1781,17387,0.06
1782,90873,0.2752059837865456
1783,105686,0.21
1784,58073,0.28
1785,81778,0.21
1786,6472,0.28
1787,102875,0.6060437791111741
1788,53876,0.3
1789,36387,0.07
1790,25810,0.3062866491761945
1791,44996,0.21
1792,80050,0.200625
1793,560,0.5023486477495499
1794,102463,0.21584599045548056
1795,48204,0.27
1796,79421,0.16
1797,25339,0.22
1798,54848,0.33899285004789426
1799,23317,0.3804562384774892
1800,74234,0.26
1801,113327,0.9039408732770348
1802,42063,0.29
1803,88450,0.2672180728297719
1804,75418,0.34
1805,100510,0.2814568078776256
1806,103342,0.17
1807,79440,0.3
1808,112749,0.29
1809,70701,0.2
1810,82386,0.1
1811,28908,0.28
1812,11501,0.23
1813,36576,0.22
1814,38710,0.7024997009086346
1815,104125,0.640589310994999
1816,62095,0.19
1817,53574,0.3
1818,90966,0.21
1819,71970,0.57602346105529
1820,24668,0.09
1821,75564,0.18
1822,5627,0.27
1823,81830,0.29
1824,53804,0.15
1825,18676,0.78
1826,107019,0.23
1827,24132,0.13
1828,112275,0.28
1829,107299,0.6514684368668864
1830,68457,0.2553333333333333
1831,16066,0.22
1832,70353,0.27
1833,16532,0.27
1834,82071,0.3
1835,72110,0.27
1836,90378,0.9616670447958974
1837,43970,0.26
1838,100267,0.24
1839,83474,0.21
1840,69741,0.21
1841,21047,0.32
1842,29173,0.22
1843,23608,0.25
1844,13079,0.18
1845,98290,0.16
1846,103442,0.24
1847,41176,0.29
1848,38716,0.22
1849,74958,0.26
1850,96913,0.5280102424812745
1851,99496,0.28
1852,29143,0.27
1853,57810,0.213125892987996
1854,46041,0.3384336462965311
1855,14392,0.7606405173421392
1856,71139,0.27
1857,72092,0.6970637908450266
1858,31331,0.22
1859,56763,0.57602346105529
1860,64044,0.25
1861,43101,0.38
1862,60420,0.19
1863,43678,0.27
1864,62924,0.22
1865,36371,0.7024997009086346
1866,18949,0.34
1867,111922,0.21106571196018278
1868,3596,0.22
1869,11714,0.25
1870,49380,0.26
1871,112519,0.25076923076923074
1872,72064,0.6606477235506313
1873,29973,0.34
1874,38252,0.95
1875,103931,0.11
1876,45509,0.3783625511532065
1877,48802,0.6879944332192204
1878,16175,0.07
1879,83451,0.16
1880,53553,0.8016548798422711
1881,51019,0.24
1882,68472,0.3
1883,91793,0.2902117207222417
1884,41660,0.4911165246865001
1885,4368,0.24796069590298245
1886,20448,0.5244735543846716
1887,24473,0.29
1888,93090,0.2
1889,42878,0.34
1890,37313,0.23
1891,98800,0.21
1892,53218,0.3
1893,4511,0.26
1894,110041,0.28
1895,77048,0.6879944332192204
1896,94858,0.14
1897,24203,0.29
1898,71044,0.6060437791111741
1899,80359,0.24
1900,51850,0.24
1901,37119,0.25
1902,32712,0.5098901818657562
1903,53139,0.5170727146631315
1904,74775,0.37
1905,36828,0.3595606657286202
1906,69251,0.21584599045548056
1907,110236,0.36
1908,59680,0.26
1909,51903,0.6574333853925554
1910,57658,0.24
1911,25120,0.15
1912,26900,0.22
1913,87396,0.48
1914,19255,0.35
1915,42336,0.3
1916,38050,0.27
1917,1081,0.21
1918,46451,0.2611111183793985
1919,113329,0.2
1920,50348,0.34
1921,50075,0.5170727146631315
1922,67370,0.35
1923,47568,0.26
1924,22477,0.41
1925,39525,0.21
1926,111884,0.28
1927,68605,0.21106571196018278
1928,77109,0.19
1929,104009,0.21
1930,63890,0.888471962188229
1931,36011,0.26
1932,86858,0.25
1933,57494,0.09
1934,43799,0.25
1935,19721,0.29
1936,84654,0.21
1937,70290,0.25293732567047406
1938,107557,0.21
1939,85934,0.29
1940,2561,0.28
1941,80215,0.17
1942,2374,0.12
1943,13007,0.558851204837557
1944,59644,0.21106571196018278
1945,27988,0.21
1946,41193,0.3
1947,42188,0.5170727146631315
1948,79473,0.3
1949,115486,0.28
1950,16313,0.29
1951,86285,0.5020588542209693
1952,80602,0.15
1953,88642,0.21
1954,18454,0.23
1955,64272,0.35
1956,103269,0.7415137606796547
1957,17261,0.28
1958,81505,0.14
1959,110465,0.24
1960,24794,0.19
1961,16393,0.29
1962,13454,0.25
1963,5730,0.3916956136229623
1964,63782,0.4
1965,48940,0.844755567144862
1966,56551,0.6970637908450266
1967,31188,0.43091532760561035
1968,95600,0.26
1969,100178,0.33
1970,85187,0.22
1971,75273,0.21
1972,78051,0.26
1973,13439,0.25
1974,8586,0.31
1975,56341,0.29
1976,18102,0.3124041124307211
1977,50284,0.36
1978,42809,0.778920261971505
1979,111555,0.5658684711404199
1980,21996,0.12
1981,82115,0.2672180728297719
1982,57363,0.8331601874669974
1983,83009,0.22
1984,42252,0.14
1985,97422,0.5799705977303526
1986,6259,0.25
1987,76777,0.22
1988,54386,0.08
1989,31880,0.11
1990,44853,0.29
1991,99025,0.26
1992,52071,0.31
1993,157,0.2
1994,60004,0.31
1995,45976,0.27
1996,47080,0.31
1997,16757,0.37
1998,31179,0.6879944332192204
1999,45745,0.22
2000,66155,0.4043333333333334
2001,109292,0.3
2002,302,0.17
2003,96501,0.21
2004,81103,0.21
2005,48345,0.21
2006,96653,0.8087014454974942
2007,61494,0.8457951945355597
2008,75222,0.2672180728297719
2009,78280,0.21
2010,23672,0.28
2011,41067,0.19
2012,54155,0.6879944332192204
2013,12892,0.3785
2014,109945,0.26
2015,25108,0.26
2016,63053,0.8087014454974942
2017,7659,0.25
2018,99917,0.39
2019,89490,0.213125892987996
2020,98975,0.23
2021,56850,0.33
2022,33198,0.25293732567047406
2023,94326,0.25
2024,62604,0.25
2025,44687,0.22
2026,26247,0.42640208607459895
2027,24596,0.29
2028,22471,0.29
2029,109546,0.5658684711404199
2030,86555,0.22
2031,114176,0.27
2032,93601,0.57602346105529
2033,46224,0.22
2034,24626,0.4911165246865001
2035,54807,0.5098901818657562
2036,11987,0.29
2037,49808,0.29
2038,89284,0.2
2039,72669,0.44035186592851355
2040,72532,0.32
2041,62652,0.4911165246865001
2042,57371,0.25
2043,71497,0.8087014454974942
2044,85389,0.38
2045,23681,0.22
2046,115368,0.21
2047,86800,0.23
2048,65479,0.04
2049,80989,0.21
2050,71459,0.21106571196018278
2051,1012,0.14
2052,93177,0.5799705977303526
2053,5660,0.45705952380952375
2054,88966,0.2672180728297719
2055,61819,0.26
2056,113078,0.43091532760561035
2057,8250,0.19
2058,50744,0.25293732567047406
2059,65438,0.08
2060,77728,0.3595606657286202
2061,72949,0.57602346105529
2062,105733,0.4911165246865001
2063,98874,0.8074620881663229
2064,42888,0.2736505932627259
2065,5058,0.27
2066,46238,0.17
2067,76112,0.24
2068,79422,0.28
2069,58364,0.23
2070,103132,0.7491207553686823
2071,30453,0.6879944332192204
2072,24839,0.23
2073,106520,0.3833333333333333
2074,17376,0.24
2075,103529,0.17
2076,57527,0.29738694977561037
2077,7789,0.5023486477495499
2078,4470,0.25
2079,100541,0.686711125185392
2080,74073,0.3
2081,78194,0.21
2082,95070,0.25
2083,31883,0.8094490423084325
2084,73918,0.27
2085,88812,0.28
2086,88058,0.44035186592851355
2087,79973,0.49626280269721645
2088,15050,0.24
2089,87898,0.23760818498476272
2090,53266,0.3
2091,105488,0.06
2092,33053,0.36
2093,62380,0.29
2094,103824,0.32
2095,69182,0.29542118743406626
2096,69850,0.26
2097,19832,0.22
2098,10170,0.2714285714285714
2099,1867,0.34
2100,62655,0.22
2101,88004,0.6970637908450266
2102,70672,0.25
2103,59656,0.31
2104,4022,0.14
2105,87877,0.8087014454974942
2106,27386,0.3
2107,8091,0.25
2108,1443,0.4985545731779656
2109,58006,0.21
2110,49371,0.22
2111,76643,0.44035186592851355
2112,49817,0.7024997009086346
2113,108537,0.28
2114,64336,0.28
2115,31511,0.29
2116,11783,0.24
2117,6984,0.22
2118,33397,0.23
2119,97416,0.5799705977303526
2120,112949,0.21
2121,33271,0.3
2122,43688,0.28
2123,16905,0.24
2124,73308,0.24
2125,34695,0.15
2126,11672,0.2509090909090909
2127,30066,0.6606477235506313
2128,20886,0.28
2129,57423,0.31
2130,66527,0.24
2131,97271,0.9039408732770348
2132,11563,0.57
2133,95709,0.2672180728297719
2134,930,0.21
2135,80442,0.28
2136,30413,0.31
2137,18223,0.21
2138,4234,0.21
2139,58383,0.21
2140,66593,0.28
2141,22741,0.2
2142,112243,0.5020588542209693
2143,111177,0.09
2144,33624,0.7415137606796547
2145,103358,0.21
2146,48701,0.2
2147,81221,0.49626280269721645
2148,1882,0.6153506030652572
2149,95330,0.2
2150,36832,0.57602346105529
2151,48370,0.25
2152,16422,0.24
2153,36970,0.3054576171951389
2154,26670,0.29
2155,62453,0.26
2156,27696,0.26
2157,59190,0.3054576171951389
2158,96994,0.32
2159,75150,0.27
2160,52818,0.28
2161,95540,0.686711125185392
2162,62769,0.2
2163,9868,0.23
2164,76152,0.778920261971505
2165,75112,0.28
2166,67588,0.26
2167,30815,0.27
2168,42923,0.26
2169,71706,0.44035186592851355
2170,8009,0.26
2171,36870,0.8044329605846217
2172,98351,0.2672180728297719
2173,38693,0.27
2174,81602,0.26
2175,16265,0.3063636363636364
2176,38570,0.26
2177,77756,0.420547215722297
2178,75096,0.21
2179,338,0.23
2180,108308,0.13
2181,112029,0.21
2182,52982,0.489939631047358
2183,34188,0.29
2184,27565,0.21
2185,110748,0.7084602284842296
2186,1405,0.41
2187,2349,0.1
2188,82866,0.18
2189,18444,0.32
2190,63707,0.3
2191,97657,0.16
2192,92621,0.21106571196018278
2193,58380,0.21
2194,58270,0.38
2195,84842,0.21
2196,12365,0.22
2197,11124,0.18
2198,29343,0.16
2199,112106,0.2
2200,104130,0.21
2201,58259,0.21
2202,24219,0.9027926995314074
2203,7689,0.24
2204,12530,0.25
2205,13532,0.24
2206,84528,0.44035186592851355
2207,5803,0.24
2208,109419,0.22
2209,109649,0.26
2210,28634,0.29
2211,53288,0.6879944332192204
2212,12263,0.4985545731779656
2213,86509,0.15
2214,23760,0.15
2215,99052,0.31
2216,19147,0.21
2217,95004,0.44
2218,97053,0.4911165246865001
2219,40793,0.235
2220,53059,0.3
2221,98564,0.28
2222,89700,0.7491207553686823
2223,104846,0.21
2224,10623,0.25
2225,75728,0.27
2226,54508,0.21
2227,57346,0.27
2228,29279,0.3
2229,15797,0.23
2230,39118,0.17
2231,81518,0.31
2232,65496,0.28
2233,20854,0.28
2234,89525,0.5105917597187313
2235,102812,0.3763124205678637
2236,89115,0.4911165246865001
2237,13558,0.25
2238,30471,0.778920261971505
2239,19881,0.22
2240,107607,0.3
2241,87400,0.7024997009086346
2242,85549,0.2672180728297719
2243,113757,0.26
2244,18115,0.4991156399416326
2245,32618,0.07
2246,35257,0.2
2247,7222,0.24
2248,63868,0.17
2249,76847,0.21
2250,98309,0.36
2251,34796,0.31
2252,24285,0.26
2253,62115,0.29
2254,57267,0.21
2255,68902,0.26
2256,29634,0.7415137606796547
2257,9648,0.25
2258,30411,0.24
2259,14944,0.22
2260,67951,0.35
2261,47045,0.28
2262,62458,0.28
2263,62789,0.21
2264,17085,0.6558400683910702
2265,94494,0.31
2266,44828,0.29
2267,69556,0.33
2268,80161,0.2752059837865456
2269,30358,0.19
2270,79804,0.26
2271,33670,0.26
2272,90744,0.54
2273,114362,0.3
2274,98168,0.21106571196018278
2275,7523,0.26666666666666666
2276,37423,0.28
2277,108526,0.29
2278,26729,0.26
2279,74565,0.2672180728297719
2280,48846,0.49775771369818395
2281,4425,0.14
2282,34282,0.28
2283,33891,0.43091532760561035
2284,80110,0.5952890834207484
2285,5980,0.25
2286,32195,0.26
2287,88598,0.8087014454974942
2288,22443,0.25
2289,81236,0.29
2290,86908,0.2902117207222417
2291,108086,0.32
2292,81584,0.6574333853925554
2293,50817,0.14
2294,46799,0.26
2295,60386,0.6879944332192204
2296,1602,0.7647093730601477
2297,78096,0.6060437791111741
2298,82995,0.3
2299,100473,0.27
2300,21181,0.22
2301,98603,0.6514684368668864
2302,89491,0.3
2303,52682,0.21
2304,18714,0.9145492094577883
2305,87119,0.26
2306,38383,0.21
2307,29444,0.22
2308,104226,0.22
2309,62808,0.27
2310,97139,0.24
2311,8706,0.2
2312,3631,0.25
2313,66798,0.26
2314,11710,0.3
2315,75968,0.3
2316,69233,0.28
2317,22547,0.14
2318,19872,0.26
2319,102413,0.33
2320,76700,0.22
2321,35667,0.27
2322,75641,0.2672180728297719
2323,30773,0.18
2324,94740,0.21
2325,11742,0.4985545731779656
2326,72467,0.37
2327,106428,0.6193333333333334
2328,80087,0.28
2329,33563,0.778920261971505
2330,12407,0.24
2331,66863,0.28
2332,20710,0.09
2333,110260,0.21
2334,67431,0.21
2335,71155,0.21
2336,43943,0.8094490423084325
2337,101109,0.25
2338,45442,0.1
2339,81646,0.4911165246865001
2340,31037,0.28
2341,26366,0.4911165246865001
2342,74630,0.32
2343,106069,0.31
2344,82843,0.34
2345,13395,0.3185
2346,88639,0.21
2347,3664,0.24796069590298245
2348,1190,0.3618664046504301
2349,67788,0.31
2350,113303,0.3
2351,81958,0.7024997009086346
2352,108177,0.6514684368668864
2353,15532,0.28
2354,109613,0.9127730381907577
2355,7194,0.25
2356,74927,0.29
2357,72263,0.3
2358,7838,0.21
2359,71486,0.21
2360,35028,0.24
2361,111132,0.3
2362,67447,0.420547215722297
2363,87836,0.8087014454974942
2364,48677,0.15
2365,56735,0.8457951945355597
2366,43078,0.29
2367,63305,0.57602346105529
2368,88183,0.19
2369,88984,0.26
2370,35873,0.24
2371,68185,0.33483341043438736
2372,5937,0.2
2373,9821,0.26
2374,96476,0.7491207553686823
2375,109445,0.17
2376,106753,0.8025734585058774
2377,36220,0.42640208607459895
2378,15163,0.34
2379,12295,0.34
2380,111744,0.13
2381,72828,0.21
2382,45214,0.26
2383,33490,0.28
2384,45746,0.22
2385,18612,0.27
2386,93732,0.5658684711404199
2387,49298,0.24
2388,8785,0.26
2389,47252,0.362833805083805
2390,88138,0.35
2391,21159,0.5480401677896286
2392,2640,0.26
2393,66433,0.27
2394,95763,0.8087014454974942
2395,95351,0.3633333333333333
2396,83309,0.27
2397,114228,0.36
2398,67144,0.3595606657286202
2399,6436,0.07
2400,96872,0.23
2401,40342,0.24
2402,32978,0.57602346105529
2403,37763,0.27
2404,85559,0.21
2405,54442,0.21
2406,13461,0.22
2407,101359,0.7491207553686823
2408,66068,0.28
2409,46247,0.23
2410,100513,0.24
2411,58957,0.21
2412,71402,0.19
2413,41699,0.3782589900529063
2414,13227,0.24
2415,113766,0.2
2416,85595,0.44035186592851355
2417,47175,0.32
2418,60076,0.28
2419,11579,0.5361962360299525
2420,114994,0.25
2421,33306,0.6574333853925554
2422,26188,0.3
2423,42130,0.22
2424,305,0.26
2425,18561,0.26
2426,16146,0.3642222222222222
2427,94285,0.08
2428,108075,0.29
2429,57522,0.21
2430,66843,0.27
2431,87228,0.4911165246865001
2432,71239,0.5658684711404199
2433,71204,0.23
2434,104972,0.5799705977303526
2435,85721,0.21106571196018278
2436,28498,0.5111581800766737
2437,51049,0.33224337223043043
2438,60773,0.07
2439,83679,0.57602346105529
2440,85333,0.18
2441,1514,0.31
2442,67159,0.22
2443,99681,0.29
2444,100048,0.24
2445,78552,0.6879944332192204
2446,35622,0.06
2447,23973,0.22
2448,51233,0.26
2449,38453,0.34
2450,5108,0.18
2451,5279,0.25
2452,93151,0.28
2453,112281,0.8457951945355597
2454,59124,0.8331601874669974
2455,96793,0.47156611085503913
2456,105466,0.25
2457,71262,0.21
2458,712,0.4444432786374646
2459,87522,0.844755567144862
2460,79206,0.28
2461,23900,0.11
2462,22198,0.22
2463,88709,0.686711125185392
2464,103324,0.804737389751532
2465,74172,0.28
2466,97568,0.18
2467,52717,0.25
2468,79529,0.29
2469,114695,0.08
2470,107384,0.8074620881663229
2471,15704,0.08
2472,3614,0.24505659075224295
2473,54375,0.24
2474,104923,0.26
2475,108568,0.21
2476,108019,0.804737389751532
2477,114895,0.21
2478,73785,0.3
2479,53970,0.28
2480,94314,0.22
2481,13054,0.48
2482,67100,0.27
2483,52768,0.27
2484,92641,0.6961258235367476
2485,8597,0.28
2486,30062,0.22
2487,102649,0.640589310994999
2488,60836,0.25
2489,71249,0.44035186592851355
2490,4895,0.15
2491,50060,0.33224337223043043
2492,23903,0.22
2493,84818,0.21
2494,105467,0.3
2495,87624,0.29
2496,37678,0.23
2497,13947,0.13
2498,80955,0.27
2499,43777,0.25
2500,40536,0.09
2501,41462,0.778920261971505
2502,64680,0.18
2503,93271,0.5658684711404199
2504,63535,0.17
2505,15018,0.3
2506,100075,0.24
2507,71661,0.44035186592851355
2508,44139,0.37
2509,26665,0.2736505932627259
2510,87097,0.57602346105529
2511,106339,0.31
2512,4570,0.09
2513,102651,0.24
2514,9782,0.32
2515,46691,0.21
2516,102363,0.21
2517,111708,0.21
2518,28128,0.27
2519,72924,0.32
2520,54309,0.21
2521,71560,0.44035186592851355
2522,110944,0.5658684711404199
2523,79805,0.25
2524,49620,0.5849729117232857
2525,93058,0.21
2526,4025,0.26
2527,31871,0.29
2528,33169,0.3
2529,85461,0.37
2530,36369,0.34
2531,57617,0.28
2532,51195,0.08
2533,23112,0.26
2534,106784,0.28
2535,90505,0.686711125185392
2536,23015,0.26
2537,40173,0.22
2538,89870,0.24
2539,108860,0.29
2540,59720,0.26
2541,98082,0.36
2542,23928,0.21
2543,23332,0.27
2544,78834,0.28
2545,87946,0.4911165246865001
2546,67664,0.3
2547,88274,0.47156611085503913
2548,1774,0.5703660881495761
2549,105319,0.29957730692552864
2550,88417,0.44035186592851355
2551,23222,0.5665118654378601
2552,49392,0.28
2553,36241,0.17
2554,108854,0.5799705977303526
2555,71900,0.21106571196018278
2556,64820,0.28
2557,78241,0.7024997009086346
2558,1531,0.25
2559,53654,0.21
2560,41175,0.29
2561,94552,0.08
2562,10309,0.09
2563,55223,0.8881061273158657
2564,26748,0.27
2565,46244,0.21
2566,45200,0.17
2567,29916,0.3
2568,78703,0.28830446142884764
2569,98520,0.6514684368668864
2570,65044,0.3
2571,113206,0.13
2572,51540,0.3
2573,18906,0.26
2574,45956,0.27
2575,70072,0.6060437791111741
2576,6783,0.3379268407291214
2577,84452,0.27
2578,60050,0.18
2579,71615,0.21
2580,71498,0.28
2581,95117,0.3
2582,72948,0.28
2583,46084,0.16
2584,11682,0.3916956136229623
2585,77762,0.6879944332192204
2586,102294,0.37
2587,51097,0.26
2588,9136,0.21
2589,25029,0.26
2590,2080,0.27
2591,62749,0.8087014454974942
2592,8845,0.21
2593,107578,0.28
2594,86152,0.44035186592851355
2595,26609,0.21
2596,99339,0.5952890834207484
2597,59542,0.38
2598,85827,0.26
2599,103743,0.33
2600,106328,0.804737389751532
2601,85755,0.23
2602,33623,0.3
2603,33999,0.31
2604,88363,0.34
2605,77724,0.25
2606,70180,0.3
2607,87870,0.33224337223043043
2608,105218,0.29
2609,111373,0.2923230518274556
2610,29261,0.28
2611,97371,0.22
2612,100044,0.25
2613,43899,0.18
2614,57626,0.2
2615,35970,0.3
2616,86590,0.778920261971505
2617,37296,0.6574333853925554
2618,33183,0.31771494639478665
2619,68070,0.6606477235506313
2620,72838,0.2813028032345489
2621,76357,0.25
2622,37817,0.29
2623,112488,0.15
2624,65053,0.26
2625,61599,0.26
2626,101496,0.26
2627,106255,0.3733333333333333
2628,31087,0.6879944332192204
2629,13338,0.26
2630,33272,0.27
2631,10543,0.23
2632,101093,0.25
2633,5308,0.11
2634,27886,0.6879944332192204
2635,71297,0.29
2636,11569,0.4911165246865001
2637,96111,0.6060437791111741
2638,46255,0.22
2639,111218,0.37
2640,38245,0.22
2641,4258,0.27
2642,6858,0.18
2643,72240,0.44035186592851355
2644,91568,0.44035186592851355
2645,19576,0.32
2646,79951,0.26
2647,54711,0.44035186592851355
2648,68629,0.29
2649,7946,0.45602564564496745
2650,44979,0.29
2651,42705,0.22
2652,39528,0.282
2653,86094,0.41
2654,94623,0.21
2655,105498,0.40569492300158616
2656,22592,0.23
2657,71006,0.6060437791111741
2658,14490,0.19
2659,46342,0.26
2660,108553,0.6514684368668864
2661,5399,0.24
2662,100551,0.21
2663,101396,0.17
2664,64817,0.28
2665,39658,0.21
2666,48452,0.31
2667,88059,0.25
2668,534,0.2704
2669,59428,0.8087014454974942
2670,17734,0.25
2671,103762,0.41
2672,74941,0.25
2673,103726,0.29
2674,2086,0.28
2675,22240,0.13
2676,81442,0.2672180728297719
2677,12009,0.25
2678,77883,0.22
2679,44500,0.30402109386410026
2680,111938,0.3
2681,49414,0.57602346105529
2682,97215,0.6060437791111741
2683,96887,0.6060437791111741
2684,74903,0.15
2685,21236,0.21
2686,28830,0.2736505932627259
2687,75445,0.21
2688,3905,0.23
2689,102588,0.33
2690,33589,0.57602346105529
2691,58722,0.2902117207222417
2692,98883,0.29
2693,44925,0.2
2694,110178,0.26
2695,85243,0.3142893084856641
2696,36023,0.6879944332192204
2697,16690,0.34
2698,83985,0.3733333333333333
2699,46958,0.26
2700,115434,0.28
2701,32949,0.28
2702,54082,0.29
2703,84467,0.30485270461020425
2704,68150,0.14
2705,62073,0.19
2706,93464,0.5105917597187313
2707,53685,0.3
2708,33923,0.25
2709,65981,0.28
2710,99768,0.28
2711,110454,0.11
2712,34936,0.33224337223043043
2713,7203,0.2421428571428571
2714,12652,0.22
2715,107163,0.3
2716,26585,0.26
2717,104578,0.2
2718,46693,0.8890800347398262
2719,64512,0.3
2720,12032,0.4985545731779656
2721,22127,0.29
2722,45441,0.36
2723,114562,0.2
2724,10129,0.26
2725,102744,0.34
2726,49499,0.6879944332192204
2727,95059,0.28
2728,11544,0.3
2729,75771,0.22
2730,26933,0.2736505932627259
2731,73047,0.47156611085503913
2732,96374,0.2752059837865456
2733,82986,0.17
2734,65620,0.28
2735,72620,0.2902117207222417
2736,92951,0.09
2737,6447,0.24
2738,60330,0.6063580061789815
2739,19894,0.17
2740,75297,0.27
2741,55845,0.05
2742,90551,0.4911165246865001
2743,95263,0.25
2744,78126,0.2672180728297719
2745,98738,0.26
2746,8162,0.27
2747,22441,0.26
2748,68818,0.24
2749,937,0.28
2750,81094,0.21
2751,14061,0.4770710678210677
2752,13296,0.2459294117647059
2753,3348,0.24
2754,48543,0.22
2755,37621,0.22
2756,25973,0.22
2757,98955,0.3
2758,66638,0.32
2759,32507,0.24
2760,96284,0.21
2761,72194,0.44035186592851355
2762,88576,0.28
2763,52785,0.22
2764,76421,0.26
2765,27077,0.28
2766,56318,0.05
2767,49316,0.2
2768,78162,0.07
2769,47752,0.16
2770,40347,0.2657142857142857
2771,66463,0.21
2772,87910,0.37
2773,18852,0.27
2774,55925,0.28
2775,85500,0.7024997009086346
2776,110639,0.37
2777,2955,0.08
2778,42003,0.11
2779,76705,0.21
2780,46452,0.778920261971505
2781,105613,0.07
2782,10538,0.15
2783,94941,0.9073162876490548
2784,113486,0.48538977227917235
2785,82209,0.22
2786,58561,0.26
2787,89858,0.26
2788,31224,0.17
2789,98598,0.28
2790,49086,0.36
2791,36237,0.6879944332192204
2792,30256,0.22
2793,80338,0.17
2794,96364,0.24
2795,67633,0.44035186592851355
2796,100496,0.18
2797,102256,0.21
2798,73339,0.3
2799,81048,0.15
2800,27347,0.28
2801,105049,0.33
2802,103322,0.7491207553686823
2803,60688,0.27
2804,74302,0.2672180728297719
2805,101411,0.28
2806,4042,0.34
2807,98289,0.21
2808,33448,0.31
2809,70763,0.25
2810,46770,0.6063580061789815
2811,100794,0.13
2812,90082,0.5658684711404199
2813,63511,0.28
2814,115683,0.27
2815,89304,0.28
2816,98907,0.28
2817,78538,0.21
2818,31773,0.22
2819,85220,0.23
2820,30465,0.21
2821,108515,0.7084602284842296
2822,845,0.3
2823,51494,0.27
2824,34584,0.28
2825,109698,0.3
2826,109339,0.21106571196018278
2827,25540,0.29
2828,77718,0.26
2829,110464,0.3
2830,86740,0.44035186592851355
2831,85573,0.26
2832,1962,0.42
2833,14179,0.22
2834,47480,0.26
2835,92388,0.3633333333333333
2836,4857,0.22
2837,17678,0.24
2838,64751,0.08
2839,95160,0.27
2840,44421,0.27
2841,48145,0.32
2842,113794,0.26
2843,86802,0.21
2844,16244,0.22
2845,93114,0.35
2846,96392,0.25076923076923074
2847,110406,0.27
2848,26925,0.49775771369818395
2849,34346,0.29
2850,59209,0.8457951945355597
2851,64730,0.25
2852,99151,0.31
2853,104437,0.17
2854,99110,0.26
2855,44672,0.16
2856,115986,0.15
2857,55577,0.6879944332192204
2858,44271,0.29
2859,89111,0.6060437791111741
2860,4530,0.21
2861,32044,0.22
2862,72156,0.25
2863,86976,0.3
2864,36665,0.4251838111498381
2865,40303,0.22
2866,45194,0.22
2867,10236,0.6047186971146897
2868,34739,0.26
2869,102728,0.31
2870,45043,0.2
2871,70991,0.5658684711404199
2872,82159,0.4911165246865001
2873,39846,0.35
2874,25980,0.22
2875,61453,0.2672180728297719
2876,9402,0.25
2877,8520,0.11
2878,13297,0.38806475468975465
2879,112813,0.804737389751532
2880,114851,0.29
2881,62258,0.8881061273158657
2882,104471,0.17
2883,46173,0.29
2884,81871,0.28
2885,7776,0.21
2886,26162,0.2
2887,100950,0.6514684368668864
2888,93238,0.16
2889,964,0.15
2890,108972,0.21
2891,72985,0.21
2892,61424,0.26
2893,70108,0.44035186592851355
2894,19778,0.3
2895,17250,0.24
2896,16763,0.3208022322985699
2897,72257,0.28830446142884764
2898,64600,0.25
2899,53206,0.5170727146631315
2900,38042,0.5170727146631315
2901,69262,0.5658684711404199
2902,81981,0.21
2903,71525,0.29
2904,62257,0.3
2905,9705,0.08
2906,35111,0.25
2907,4720,0.09
2908,2424,0.25
2909,6469,0.21
2910,17870,0.48
2911,92111,0.21
2912,56839,0.28
2913,21624,0.35
2914,78042,0.28
2915,18622,0.27
2916,48830,0.35
2917,114806,0.54
2918,5095,0.27020664228309943
2919,86481,0.21
2920,103297,0.28
2921,86136,0.44035186592851355
2922,114650,0.25
2923,77761,0.22
2924,55256,0.3
2925,107734,0.804737389751532
2926,91501,0.33
2927,91394,0.28
2928,2967,0.26
2929,84544,0.23
2930,28658,0.22
2931,33917,0.13
2932,49112,0.3
2933,20842,0.3
2934,64112,0.2
2935,76300,0.23
2936,58584,0.4
2937,46966,0.29
2938,38469,0.49626280269721645
2939,9255,0.06
2940,44884,0.26
2941,59642,0.27
2942,108189,0.6514684368668864
2943,47793,0.778920261971505
2944,38811,0.32
2945,3336,0.28
2946,111116,0.3142893084856641
2947,17439,0.25
2948,48439,0.22
2949,84779,0.57602346105529
2950,114963,0.25
2951,42793,0.2
2952,24945,0.35
2953,83722,0.25
2954,74762,0.24
2955,100321,0.3
2956,114447,0.29
2957,111610,0.21
2958,6561,0.6988580207313696
2959,107231,0.21
2960,78118,0.29
2961,86394,0.2814568078776256
2962,94467,0.33
2963,36406,0.18
2964,81567,0.27
2965,75408,0.21
2966,103919,0.7415137606796547
2967,61050,0.8087014454974942
2968,30277,0.34
2969,95023,0.28
2970,70871,0.22
2971,56779,0.2672180728297719
2972,90999,0.27
2973,89121,0.24
2974,61563,0.3
2975,104492,0.20208189033189028
2976,3081,0.27
2977,104892,0.3
2978,102199,0.3
2979,16677,0.1
2980,1393,0.25
2981,28160,0.57602346105529
2982,94483,0.15
2983,57046,0.7024997009086346
2984,77085,0.1
2985,56440,0.21
2986,5883,0.26
2987,60234,0.21106571196018278
2988,46556,0.22
2989,111857,0.5658684711404199
2990,40446,0.27399999999999997
2991,59659,0.420547215722297
2992,53952,0.21
2993,11545,0.25
2994,20725,0.5644001218674852
2995,64911,0.2
2996,8884,0.3
2997,98805,0.15
2998,69261,0.25
2999,320,0.25
3000,55817,0.26
3001,7067,0.21
3002,79035,0.3
3003,43186,0.27
3004,56649,0.34
3005,40819,0.04
3006,105276,0.8074620881663229
3007,24159,0.778920261971505
3008,925,0.25
3009,5347,0.23
3010,6595,0.2714285714285714
3011,27146,0.14
3012,3251,0.24796069590298245
3013,111032,0.11
3014,5510,0.25
3015,65152,0.19
3016,106849,0.35
3017,33106,0.27
3018,49436,0.23
3019,83740,0.27
3020,111921,0.37
3021,104880,0.1
3022,82228,0.21
3023,110469,0.11
3024,100587,0.6060437791111741
3025,70568,0.5658684711404199
3026,48609,0.31
3027,12105,0.08
3028,46929,0.33134820528628567
3029,108266,0.2752059837865456
3030,62211,0.5455326939251731
3031,89648,0.2672180728297719
3032,101285,0.15
3033,73373,0.22
3034,80446,0.663121287281579
3035,99041,0.32
3036,87279,0.49626280269721645
3037,35518,0.6574333853925554
3038,63606,0.29738694977561037
3039,17733,0.07
3040,18144,0.37
3041,37235,0.4911165246865001
3042,105146,0.21
3043,75821,0.2672180728297719
3044,10406,0.27
3045,33352,0.22
3046,31097,0.3434759716750337
3047,8102,0.1
3048,70847,0.23
3049,35771,0.26
3050,40620,0.21
3051,3243,0.13
3052,93296,0.47156611085503913
3053,20035,0.26
3054,26058,0.4031051372347387
3055,22117,0.21
3056,71257,0.32
3057,96049,0.23
3058,14888,0.32
3059,94268,0.36104092501642404
3060,63556,0.13
3061,110478,0.3724012754292784
3062,115917,0.37576298701298705
3063,10186,0.26
3064,42912,0.22
3065,24822,0.27
3066,3645,0.2421428571428571
3067,76878,0.3
3068,93049,0.21106571196018278
3069,7686,0.21
3070,50693,0.35
3071,16372,0.04
3072,77167,0.3
3073,46569,0.29
3074,114394,0.26
3075,70831,0.49775771369818395
3076,62839,0.8087014454974942
3077,102240,0.8087014454974942
3078,25303,0.22
3079,10632,0.21
3080,87631,0.7491207553686823
3081,104252,0.4430515905147484
3082,23699,0.17
3083,112570,0.2
3084,56051,0.3780528001594719
3085,6861,0.24
3086,84028,0.9039408732770348
3087,108015,0.34
3088,90629,0.5658684711404199
3089,80595,0.2
3090,42290,0.2736505932627259
3091,57555,0.6574333853925554
3092,75604,0.14
3093,77873,0.27
3094,75423,0.16
3095,75490,0.27
3096,29355,0.36
3097,49793,0.200625
3098,33430,0.23
3099,53547,0.3048363735289757
3100,19704,0.3
3101,94466,0.6879944332192204
3102,71665,0.32
3103,15087,0.24
3104,14739,0.22
3105,54419,0.21
3106,101358,0.6514684368668864
3107,11229,0.31
3108,46422,0.8094490423084325
3109,43120,0.24
3110,37745,0.5170727146631315
3111,4907,0.22
3112,25728,0.22
3113,36354,0.27
3114,27172,0.22
3115,97124,0.29
3116,94491,0.8087014454974942
3117,45253,0.3
3118,30952,0.31
3119,21137,0.29
3120,111339,0.3
3121,93989,0.26
3122,73934,0.04
3123,61738,0.6063580061789815
3124,108296,0.271
3125,85731,0.21
3126,113076,0.06
3127,63015,0.22
3128,33120,0.19
3129,18459,0.13
3130,11778,0.35
3131,46936,0.2611111183793985
3132,39513,0.29
3133,2332,0.29950197808316326
3134,2526,0.19
3135,9994,0.2833333333333333
3136,109484,0.23
3137,13091,0.25
3138,78334,0.25
3139,45853,0.22
3140,83080,0.36
3141,100306,0.22
3142,1372,0.23828070175438598
3143,57862,0.8087014454974942
3144,111810,0.3724012754292784
3145,32866,0.29
3146,44020,0.2611111183793985
3147,62605,0.3
3148,75736,0.26
3149,38204,0.31499999999999995
3150,2369,0.27
3151,69028,0.8331601874669974
3152,49191,0.9061748683050006
3153,113035,0.28
3154,63987,0.22
3155,73894,0.2672180728297719
3156,1083,0.11
3157,109939,0.6514684368668864
3158,114754,0.2
3159,58434,0.49626280269721645
3160,96740,0.8074620881663229
3161,99013,0.21106571196018278
3162,26617,0.32
3163,89964,0.3595606657286202
3164,87018,0.21
3165,22859,0.3
3166,54563,0.26
3167,3582,0.26
3168,33866,0.32
3169,80465,0.7024997009086346
3170,83300,0.26
3171,75713,0.27
3172,95154,0.26
3173,70438,0.5528333333333334
3174,19731,0.29
3175,76277,0.27
3176,2377,0.27
3177,115263,0.21
3178,50690,0.7024997009086346
3179,62217,0.34
3180,76671,0.8044329605846217
3181,115459,0.09
3182,12661,0.2
3183,106147,0.28
3184,75274,0.28
3185,34442,0.16
3186,88906,0.33
3187,115495,0.3188940493630895
3188,111630,0.04
3189,27073,0.4911165246865001
3190,113178,0.31
3191,67258,0.23
3192,107539,0.28
3193,30545,0.3054576171951389
3194,10677,0.21
3195,14846,0.22
3196,87043,0.23
3197,93417,0.28
3198,6887,0.25
3199,63373,0.28
3200,73889,0.24
3201,4439,0.17
3202,102230,0.7024997009086346
3203,83754,0.3
3204,45667,0.2
3205,104151,0.08
3206,32693,0.42301428121191526
3207,107808,0.21
3208,101395,0.27
3209,9858,0.25
3210,88064,0.18
3211,110356,0.15
3212,32275,0.21952136456069715
3213,34607,0.22
3214,114776,0.19
3215,41848,0.26
3216,106997,0.27
3217,106939,0.3724012754292784
3218,114580,0.21
3219,4126,0.27
3220,40149,0.26
3221,14088,0.31
3222,21939,0.31
3223,79196,0.5799705977303526
3224,21172,0.21
3225,103691,0.7415137606796547
3226,57655,0.7024997009086346
3227,13812,0.7756446436943324
3228,67812,0.44035186592851355
3229,1197,0.19
3230,7413,0.24
3231,26574,0.05
3232,88206,0.37
3233,79459,0.686711125185392
3234,21595,0.33
3235,102006,0.35
3236,55245,0.28
3237,27596,0.2736505932627259
3238,7631,0.31
3239,19312,0.778920261971505
3240,48684,0.21
3241,4339,0.41736075036075027
3242,93902,0.3
3243,45178,0.2611111183793985
3244,16930,0.7218927753227318
3245,33770,0.6879944332192204
3246,66940,0.21
3247,113680,0.8025734585058774
3248,83826,0.23
3249,31976,0.27
3250,32338,0.22
3251,31065,0.29
3252,57576,0.2743404752824607
3253,22538,0.27
3254,83602,0.18
3255,61504,0.41
3256,82552,0.6961258235367476
3257,106467,0.12
3258,6924,0.22
3259,59140,0.49626280269721645
3260,41249,0.32
3261,64544,0.22
3262,93438,0.21106571196018278
3263,27160,0.26
3264,29860,0.5098901818657562
3265,1002,0.48
3266,104921,0.28
3267,36788,0.6574333853925554
3268,63000,0.35
3269,26504,0.28
3270,105701,0.7084602284842296
3271,75299,0.21
3272,11683,0.24
3273,77495,0.21
3274,101632,0.19
3275,62673,0.25
3276,1691,0.16
3277,98361,0.21
3278,76545,0.43
3279,3773,0.27
3280,92514,0.17
3281,92258,0.24
3282,112962,0.13
3283,8486,0.31
3284,104687,0.18
3285,36871,0.6063580061789815
3286,23168,0.2611111183793985
3287,14092,0.26
3288,112451,0.26
3289,99380,0.25
3290,15807,0.23
3291,31777,0.5952890834207484
3292,46223,0.22
3293,43736,0.26
3294,80253,0.44035186592851355
3295,96865,0.21
3296,16943,0.32
3297,105274,0.2972778887778887
3298,94811,0.23
3299,3600,0.28
3300,109863,0.6514684368668864
3301,55493,0.28
3302,26834,0.26
3303,73153,0.44035186592851355
3304,86336,0.2672180728297719
3305,105604,0.7415137606796547
3306,76251,0.28
3307,31775,0.31
3308,44319,0.31
3309,49262,0.26
3310,69137,0.25
3311,73635,0.27
3312,26616,0.6574333853925554
3313,80071,0.24
3314,113832,0.08
3315,110118,0.21
3316,46215,0.38
3317,111070,0.28
3318,102930,0.21
3319,19028,0.29
3320,39130,0.29
3321,111445,0.26
3322,16033,0.5590650541895373
3323,13691,0.7606405173421392
3324,111607,0.24
3325,65610,0.28
3326,89067,0.29712558860906485
3327,28205,0.31
3328,36476,0.778920261971505
3329,30945,0.24
3330,48363,0.27
3331,76221,0.2672180728297719
3332,83083,0.38
3333,94940,0.06
3334,109455,0.21
3335,16588,0.28
3336,67878,0.27
3337,8775,0.19
3338,60914,0.27
3339,5806,0.22
3340,38376,0.24
3341,26654,0.29
3342,90160,0.49775771369818395
3343,9747,0.17
3344,32804,0.22
3345,82518,0.6961258235367476
3346,44515,0.29
3347,27323,0.29
3348,77663,0.4531794040040778
3349,105199,0.3
3350,79654,0.21
3351,24057,0.4911165246865001
3352,31942,0.21
3353,69387,0.25
3354,51893,0.778920261971505
3355,63296,0.27
3356,32333,0.16
3357,47447,0.26
3358,28615,0.2736505932627259
3359,76145,0.7024997009086346
3360,12713,0.22
3361,74556,0.9477251457732712
3362,29235,0.26
3363,3907,0.26
3364,111636,0.3133333333333333
3365,105380,0.31
3366,83345,0.28
3367,33340,0.34
3368,9406,0.24
3369,95093,0.36633867133905085
3370,109913,0.6060437791111741
3371,55012,0.6879944332192204
3372,108089,0.32
3373,3858,0.24
3374,41025,0.22
3375,47139,0.5337472564381157
3376,78189,0.28
3377,96,0.4991156399416326
3378,69487,0.33
3379,11827,0.26
3380,33076,0.27
3381,9862,0.21
3382,60423,0.23
3383,5395,0.15
3384,78365,0.22
3385,40375,0.284
3386,56846,0.2
3387,60360,0.29
3388,98009,0.09
3389,47697,0.22
3390,75882,0.663121287281579
3391,52627,0.22
3392,55034,0.28
3393,25186,0.4911165246865001
3394,77004,0.33224337223043043
3395,111089,0.21
3396,34299,0.22
3397,6377,0.13
3398,53457,0.22
3399,17259,0.28
3400,5877,0.23
3401,23687,0.34645979020979006
3402,51978,0.25
3403,42618,0.26
3404,1646,0.21
3405,50427,0.2
3406,105869,0.21106571196018278
3407,53668,0.21106571196018278
3408,27913,0.38
3409,68884,0.5658684711404199
3410,48474,0.21
3411,36840,0.24
3412,90710,0.5658684711404199
3413,78601,0.26
3414,19198,0.21
3415,56858,0.28
3416,7754,0.25
3417,101964,0.3733333333333333
3418,33022,0.12
3419,4400,0.23828070175438598
3420,14710,0.32
3421,42157,0.09
3422,112663,0.27
3423,57466,0.21952136456069715
3424,66545,0.3
3425,115004,0.33
3426,36580,0.7672499240916899
3427,29729,0.26
3428,42058,0.6063580061789815
3429,102215,0.6060437791111741
3430,58189,0.49626280269721645
3431,32284,0.3
3432,41945,0.17
3433,12799,0.15
3434,38818,0.09
3435,82322,0.19
3436,115685,0.29
3437,61630,0.28
3438,47618,0.2736505932627259
3439,77333,0.19
3440,90982,0.29285605710579565
3441,48526,0.21
3442,7286,0.27
3443,56591,0.33224337223043043
3444,24029,0.24
3445,24607,0.5170727146631315
3446,87893,0.3
3447,86441,0.7024997009086346
3448,17618,0.25
3449,113481,0.21
3450,43566,0.26
3451,69055,0.29
3452,6838,0.09
3453,55835,0.26
3454,14961,0.48
3455,8598,0.14
3456,29512,0.26
3457,84983,0.28
3458,1821,0.31857142857142856
3459,33093,0.1
3460,20743,0.8016548798422711
3461,102691,0.23
3462,63644,0.2
3463,96496,0.30943861705025505
3464,81383,0.2
3465,95672,0.6514684368668864
3466,84767,0.2672180728297719
3467,103878,0.3
3468,80413,0.44035186592851355
3469,21221,0.24
3470,82994,0.6961258235367476
3471,83745,0.29
3472,82904,0.21
3473,36638,0.24
3474,68537,0.24
3475,23855,0.35
3476,98228,0.22
3477,105007,0.5799705977303526
3478,95291,0.3062866491761945
3479,51376,0.21
3480,98345,0.22
3481,27553,0.21
3482,4782,0.28
3483,59120,0.3054576171951389
3484,16587,0.28
3485,42279,0.2611111183793985
3486,50943,0.8016548798422711
3487,59746,0.19
3488,115859,0.08
3489,55231,0.2672180728297719
3490,5403,0.18
3491,1147,0.3306666666666666
3492,57367,0.3
3493,79784,0.28
3494,115257,0.23
3495,115183,0.8331601874669974
3496,105169,0.7415137606796547
3497,64356,0.22
3498,35417,0.28
3499,115770,0.27
3500,40212,0.3
3501,86343,0.3782589900529063
3502,77397,0.24
3503,18980,0.6606477235506313
3504,4473,0.25
3505,44134,0.4031051372347387
3506,25811,0.37
3507,115298,0.21
3508,32196,0.19
3509,28434,0.31
3510,14407,0.21
3511,33712,0.31
3512,39672,0.5455326939251731
3513,109465,0.26
3514,64903,0.25
3515,60676,0.21
3516,104389,0.28
3517,88166,0.28
3518,35413,0.22
3519,98644,0.26
3520,59731,0.28
3521,75206,0.53
3522,75478,0.22
3523,75504,0.26
3524,29311,0.28
3525,46534,0.2611111183793985
3526,36600,0.16
3527,58401,0.28
3528,115779,0.27
3529,102190,0.23760818498476272
3530,68355,0.38
3531,69287,0.6060437791111741
3532,26753,0.3
3533,1167,0.32
3534,4124,0.28
3535,108797,0.15
3536,27071,0.25
3537,97425,0.21
3538,45681,0.3384336462965311
3539,54765,0.8094490423084325
3540,5752,0.26
3541,110130,0.2589638640858153
3542,14618,0.38
3543,54350,0.33899285004789426
3544,87597,0.39
3545,66618,0.23
3546,87082,0.21
3547,15861,0.22
3548,106501,0.40590832178332176
3549,96242,0.2814568078776256
3550,33627,0.6063580061789815
3551,50298,0.6879944332192204
3552,3729,0.17
3553,106742,0.29
3554,66968,0.21584599045548056
3555,30575,0.1
3556,64348,0.29
3557,76282,0.663121287281579
3558,22406,0.3
3559,40821,0.25
3560,34742,0.27
3561,2611,0.24
3562,69521,0.24
3563,99863,0.33
3564,110746,0.21
3565,52996,0.17
3566,37766,0.7929835529609893
3567,12155,0.21
3568,94688,0.3
3569,41144,0.24
3570,78692,0.26
3571,100090,0.686711125185392
3572,113160,0.3
3573,25293,0.8890800347398262
3574,50988,0.2779001297850061
3575,30764,0.28
3576,29960,0.27
3577,17333,0.3
3578,14313,0.27
3579,95829,0.22
3580,8013,0.21
3581,35786,0.11
3582,30568,0.24
3583,48362,0.27
3584,49720,0.33
3585,96789,0.57602346105529
3586,64218,0.23
3587,35665,0.24
3588,34031,0.31
3589,37517,0.26
3590,23422,0.8094490423084325
3591,33113,0.22
3592,6190,0.27
3593,69379,0.35
3594,107254,0.28
3595,69752,0.16
3596,111165,0.28
3597,53061,0.3
3598,79394,0.23
3599,40904,0.12
3600,79376,0.58
3601,60205,0.3054576171951389
3602,115596,0.31
3603,25979,0.2611111183793985
3604,14524,0.23
3605,17803,0.4521902964753051
3606,11290,0.21
3607,57883,0.49626280269721645
3608,410,0.29
3609,33723,0.19
3610,61374,0.41
3611,46735,0.2611111183793985
3612,79201,0.27
3613,58775,0.489939631047358
3614,14849,0.33
3615,115352,0.27
3616,114095,0.1
3617,102802,0.26
3618,57396,0.18
3619,64645,0.12
3620,64167,0.2
3621,71893,0.7024997009086346
3622,17468,0.29
3623,70388,0.22
3624,13689,0.22
3625,12726,0.48
3626,81509,0.28
3627,92581,0.489939631047358
3628,97601,0.26
3629,20059,0.3434759716750337
3630,81800,0.4911165246865001
3631,67919,0.34
3632,60121,0.14
3633,14857,0.08
3634,90323,0.27
3635,59681,0.37
3636,87169,0.21
3637,111336,0.06
3638,106234,0.28
3639,3977,0.24
3640,19861,0.36066666666666664
3641,7572,0.27
3642,63126,0.58
3643,89257,0.25
3644,33642,0.24
3645,105170,0.7297362120298689
3646,78287,0.3
3647,61428,0.8331601874669974
3648,3043,0.25
3649,16056,0.23
3650,93287,0.35
3651,102354,0.6060437791111741
3652,95021,0.25
3653,34130,0.6879944332192204
3654,37181,0.22
3655,10333,0.29
3656,76337,0.21
3657,51192,0.3
3658,58101,0.29
3659,74407,0.29
3660,19250,0.05
3661,14894,0.7606405173421392
3662,106878,0.21
3663,77709,0.26
3664,567,0.17
3665,29341,0.25
3666,79549,0.6514684368668864
3667,92253,0.28
3668,52233,0.4911165246865001
3669,105109,0.7415137606796547
3670,82922,0.09
3671,82787,0.4911165246865001
3672,38947,0.3782589900529063
3673,75819,0.7405317013283446
3674,104301,0.34
3675,85363,0.13
3676,19150,0.29
3677,45397,0.29
3678,5048,0.25
3679,66740,0.28
3680,55909,0.5020588542209693
3681,85707,0.18
3682,44790,0.26
3683,62821,0.19
3684,17315,0.6371495846544332
3685,80613,0.21
3686,105338,0.29
3687,72625,0.24
3688,43280,0.2
3689,93829,0.24
3690,21550,0.22
3691,77090,0.19
3692,34385,0.4911165246865001
3693,9349,0.35
3694,56088,0.4
3695,39500,0.27
3696,5477,0.19
3697,38504,0.6063580061789815
3698,108078,0.29
3699,95438,0.32
3700,81377,0.35
3701,29593,0.22
3702,85286,0.18
3703,98834,0.30035621847553995
3704,37963,0.9437447063281852
3705,24079,0.27
3706,48275,0.21
3707,108663,0.21106571196018278
3708,19177,0.44547356828193835
3709,104806,0.29189584892557885
3710,91003,0.26
3711,50084,0.6879944332192204
3712,12348,0.4985545731779656
3713,39379,0.3
3714,47971,0.26
3715,13643,0.25
3716,115497,0.6879944332192204
3717,190,0.25
3718,24416,0.2611111183793985
3719,77006,0.34
3720,109054,0.8016548798422711
3721,98111,0.3
3722,74394,0.24
3723,12526,0.45461743753306927
3724,4216,0.25
3725,18997,0.18
3726,18316,0.25
3727,72566,0.3
3728,69323,0.26
3729,20576,0.22
3730,87275,0.24
3731,47890,0.24
3732,34750,0.25
3733,104101,0.42
3734,85186,0.778920261971505
3735,86309,0.21
3736,111694,0.7491207553686823
3737,63138,0.21
3738,105883,0.09
3739,97731,0.06
3740,18467,0.533504542114656
3741,30939,0.6879944332192204
3742,103046,0.24
3743,90433,0.6961258235367476
3744,63761,0.34
3745,110976,0.6574333853925554
3746,56587,0.778920261971505
3747,50821,0.34
3748,66763,0.19
3749,35777,0.6879944332192204
3750,95649,0.9073162876490548
3751,42571,0.25293732567047406
3752,96903,0.27
3753,87013,0.26
3754,53635,0.17
3755,98313,0.09
3756,88292,0.27
3757,107410,0.21
3758,954,0.25
3759,85990,0.2672180728297719
3760,50195,0.778920261971505
3761,38844,0.5952890834207484
3762,36744,0.27
3763,34823,0.49626280269721645
3764,102149,0.26
3765,105849,0.3
3766,64496,0.22
3767,12734,0.7606405173421392
3768,99186,0.28
3769,53084,0.21
3770,101596,0.43
3771,110051,0.24
3772,26146,0.27
3773,66057,0.19
3774,33089,0.5098901818657562
3775,23929,0.2611111183793985
3776,79782,0.3733333333333333
3777,51219,0.22
3778,8957,0.21
3779,115387,0.27
3780,41801,0.25
3781,112490,0.5799705977303526
3782,114464,0.24
3783,14414,0.22
3784,95289,0.33
3785,99558,0.7491207553686823
3786,55336,0.28
3787,93929,0.3713762139346507
3788,111676,0.804737389751532
3789,33018,0.4911165246865001
3790,31981,0.2
3791,17555,0.4991156399416326
3792,56383,0.27
3793,101495,0.34
3794,43131,0.29
3795,45587,0.2611111183793985
3796,61480,0.3
3797,11660,0.29333333333333333
3798,104905,0.28
3799,26184,0.26
3800,1477,0.2502171729681814
3801,66015,0.32
3802,12274,0.37
3803,56378,0.3
3804,108529,0.27
3805,86768,0.36
3806,49085,0.6879944332192204
3807,109264,0.23
3808,95693,0.3
3809,54002,0.26
3810,68388,0.1
3811,52011,0.4251838111498381
3812,91688,0.25
3813,108786,0.21
3814,60764,0.57602346105529
3815,57722,0.31
3816,75320,0.26
3817,91492,0.2
3818,56861,0.29542118743406626
3819,100923,0.21
3820,25778,0.6574333853925554
3821,5771,0.27
3822,82711,0.5658684711404199
3823,33045,0.07
3824,92727,0.28
3825,345,0.27
3826,52000,0.6879944332192204
3827,69929,0.5952890834207484
3828,107997,0.27
3829,27975,0.25
3830,3518,0.3
3831,73884,0.26
3832,80599,0.24
3833,83749,0.19
3834,90104,0.2672180728297719
3835,13004,0.29
3836,18282,0.29041044843077246
3837,108583,0.3
3838,110877,0.36
3839,108462,0.34
3840,89759,0.6060437791111741
3841,3003,0.34
3842,46050,0.3
3843,60016,0.7024997009086346
3844,13201,0.26
3845,72036,0.6970637908450266
3846,94967,0.22
3847,83226,0.16
3848,25002,0.34
3849,54951,0.21
3850,112144,0.5799705977303526
3851,80425,0.29
3852,15761,0.24
3853,78890,0.22
3854,85031,0.21
3855,2846,0.19
3856,77514,0.1
3857,73812,0.21
3858,83728,0.25293732567047406
3859,49694,0.34
3860,10739,0.09
3861,22296,0.26
3862,60230,0.7024997009086346
3863,87948,0.686711125185392
3864,85431,0.28
3865,63227,0.6970637908450266
3866,51844,0.3
3867,4677,0.28
3868,55630,0.21
3869,103020,0.6970637908450266
3870,111440,0.8331601874669974
3871,12985,0.3685
3872,32399,0.31
3873,84836,0.26
3874,35531,0.31
3875,31059,0.21
3876,110764,0.33
3877,87408,0.7024997009086346
3878,59427,0.7024997009086346
3879,48993,0.17
3880,105188,0.28
3881,106835,0.31
3882,90471,0.09
3883,30338,0.6879944332192204
3884,88977,0.8087014454974942
3885,23383,0.26
3886,68318,0.28
3887,105105,0.14
3888,1006,0.25
3889,45579,0.27
3890,60695,0.29
3891,100673,0.9073162876490548
3892,103852,0.13
3893,102781,0.3
3894,110802,0.3713762139346507
3895,43304,0.5455326939251731
3896,15009,0.16
3897,98858,0.19
3898,8320,0.25
3899,107593,0.36
3900,55438,0.6879944332192204
3901,7642,0.19
3902,74763,0.16
3903,25335,0.3
3904,36375,0.22
3905,82310,0.2672180728297719
3906,100364,0.29
3907,12935,0.27725
3908,13136,0.3785
3909,54515,0.3
3910,5592,0.5023486477495499
3911,47112,0.27
3912,86306,0.26
3913,23729,0.31
3914,52392,0.23
3915,79775,0.26
3916,68141,0.21584599045548056
3917,106533,0.21
3918,71977,0.8457951945355597
3919,75782,0.2672180728297719
3920,110784,0.26
3921,41049,0.22
3922,50739,0.22
3923,92008,0.24
3924,67681,0.8331601874669974
3925,23297,0.29911736974729275
3926,8628,0.25
3927,74703,0.16
3928,92906,0.686711125185392
3929,104189,0.28
3930,101132,0.2
3931,72312,0.21584599045548056
3932,93396,0.5799705977303526
3933,3741,0.19
3934,94451,0.686711125185392
3935,97421,0.27
3936,72391,0.21
3937,85910,0.2
3938,55159,0.36
3939,12592,0.28
3940,31183,0.09
3941,14539,0.25
3942,100124,0.36104092501642404
3943,99027,0.2672180728297719
3944,42043,0.4911165246865001
3945,86756,0.2672180728297719
3946,67727,0.25
3947,16241,0.48
3948,2060,0.26
3949,46099,0.27
3950,83526,0.3833333333333333
3951,39623,0.2611111183793985
3952,33104,0.57602346105529
3953,50649,0.31
3954,20493,0.29
3955,50835,0.22
3956,92433,0.21
3957,110237,0.36
3958,70993,0.35
3959,34721,0.5098901818657562
3960,96907,0.13
3961,52309,0.19
3962,7017,0.25
3963,49425,0.28
3964,103910,0.26
3965,8428,0.23142857142857143
3966,50026,0.31
3967,71771,0.29542118743406626
3968,69117,0.8331601874669974
3969,60117,0.99
3970,66428,0.19
3971,58486,0.57602346105529
3972,94630,0.30943861705025505
3973,87022,0.2
3974,115093,0.18
3975,101381,0.210625
3976,91734,0.19
3977,105342,0.26
3978,32651,0.8094490423084325
3979,64199,0.3
3980,112607,0.6574333853925554
3981,96564,0.5658684711404199
3982,83379,0.22
3983,51203,0.7024997009086346
3984,58954,0.18
3985,80864,0.31
3986,69398,0.28
3987,24384,0.25
3988,48252,0.27
3989,27101,0.09
3990,58060,0.213125892987996
3991,52760,0.28
3992,36852,0.2611111183793985
3993,55657,0.31
3994,8448,0.29569984820821593
3995,12771,0.24
3996,37435,0.26
3997,68554,0.26
3998,22727,0.3595606657286202
3999,89144,0.21
4000,48773,0.08
4001,42930,0.19
4002,35372,0.34
4003,87080,0.2672180728297719
4004,86257,0.21
4005,26251,0.26
4006,106864,0.28
4007,88722,0.3633333333333333
4008,106640,0.45711449793839437
4009,106509,0.6514684368668864
4010,61317,0.8087014454974942
4011,52943,0.6063580061789815
4012,68573,0.3
4013,8129,0.24
4014,70913,0.2
4015,27184,0.23
4016,9314,0.24505659075224295
4017,100346,0.33899285004789426
4018,84089,0.778920261971505
4019,57541,0.41
4020,110370,0.21
4021,49734,0.49626280269721645
4022,108477,0.2
4023,7910,0.25
4024,17266,0.23
4025,38222,0.35
4026,28765,0.27
4027,34963,0.28
4028,48,0.23
4029,47621,0.28
4030,46982,0.4031051372347387
4031,31464,0.2
4032,25731,0.17
4033,36735,0.19
4034,84571,0.44035186592851355
4035,51446,0.3048363735289757
4036,38101,0.12
4037,96773,0.35
4038,68148,0.35
4039,81131,0.213125892987996
4040,25277,0.21
4041,63154,0.3048363735289757
4042,109211,0.23
4043,31759,0.778920261971505
4044,69644,0.21
4045,93625,0.6514684368668864
4046,60677,0.26
4047,37352,0.28
4048,94819,0.27
4049,48482,0.37
4050,32060,0.27
4051,84027,0.778920261971505
4052,60551,0.21
4053,89125,0.22
4054,37521,0.5337472564381157
4055,106498,0.29957730692552864
4056,90839,0.44035186592851355
4057,94678,0.27
4058,112573,0.3
4059,45594,0.26
4060,50868,0.22
4061,22952,0.35
4062,74420,0.23
4063,34612,0.29
4064,16110,0.23
4065,57793,0.213125892987996
4066,4197,0.21
4067,93652,0.23
4068,4467,0.03
4069,113975,0.42
4070,35443,0.49626280269721645
4071,57432,0.28
4072,94014,0.33
4073,65606,0.24
4074,113256,0.3
4075,64257,0.28
4076,55655,0.6574333853925554
4077,76932,0.16
4078,70437,0.12
4079,5150,0.28
4080,9246,0.21
4081,59222,0.17
4082,43983,0.8881061273158657
4083,34185,0.3
4084,68154,0.24
4085,55183,0.28
4086,72790,0.5952890834207484
4087,85241,0.41
4088,95972,0.13
4089,44352,0.33
4090,74195,0.8331601874669974
4091,83600,0.27
4092,62377,0.778920261971505
4093,82161,0.30857142857142855
4094,62550,0.26
4095,11224,0.26
4096,49366,0.6063580061789815
4097,52044,0.24
4098,102659,0.7024997009086346
4099,52964,0.26
4100,112908,0.28
4101,34509,0.23
4102,27914,0.31
4103,80198,0.21
4104,34041,0.6574333853925554
4105,77160,0.21
4106,115741,0.21
4107,82329,0.29
4108,6770,0.35
4109,45134,0.19
4110,44943,0.22
4111,7604,0.558851204837557
4112,65902,0.22
4113,105192,0.21
4114,69215,0.25
4115,4540,0.2714285714285714
4116,13539,0.25
4117,90979,0.44035186592851355
4118,49874,0.23
4119,83824,0.22
4120,99592,0.3
4121,74953,0.778920261971505
4122,95222,0.6879944332192204
4123,46853,0.48229605538656534
4124,74154,0.41
4125,78674,0.14
4126,81591,0.8457951945355597
4127,17721,0.1
4128,45270,0.26
4129,93504,0.22
4130,84769,0.26
4131,81201,0.28
4132,30938,0.28
4133,101427,0.37576298701298705
4134,112879,0.33
4135,14669,0.24
4136,62706,0.7024997009086346
4137,50537,0.6879944332192204
4138,108373,0.7491207553686823
4139,79168,0.19
4140,16736,0.35
4141,91700,0.28908145122531176
4142,42964,0.32
4143,89645,0.3
4144,28191,0.5345824677740459
4145,6679,0.24
4146,12414,0.29
4147,87525,0.47156611085503913
4148,63224,0.3
4149,109386,0.21
4150,4407,0.3618664046504301
4151,28950,0.28
4152,29680,0.34902407314907324
4153,48351,0.22
4154,101694,0.12
4155,6671,0.29
4156,30123,0.28
4157,92740,0.15
4158,69437,0.1
4159,59523,0.3048363735289757
4160,92165,0.25
4161,97047,0.22
4162,16150,0.7606405173421392
4163,82266,0.21106571196018278
4164,44858,0.15
4165,45420,0.26
4166,72504,0.9106379870737048
4167,31437,0.6574333853925554
4168,42771,0.17
4169,104623,0.26
4170,25766,0.26
4171,75539,0.19
4172,61071,0.4911165246865001
4173,74480,0.6060437791111741
4174,20587,0.22
4175,41803,0.09
4176,1808,0.32
4177,9741,0.25666666666666665
4178,104157,0.12
4179,48515,0.28
4180,76699,0.21
4181,6224,0.27
4182,95225,0.23
4183,76676,0.33
4184,63262,0.8457951945355597
4185,51334,0.23
4186,26498,0.29
4187,58247,0.33
4188,17819,0.35462482918007915
4189,112965,0.2923230518274556
4190,8996,0.25
4191,113106,0.24
4192,14815,0.38
4193,25936,0.7517547952262292
4194,28510,0.29
4195,3019,0.26
4196,36534,0.22
4197,69967,0.22
4198,100512,0.36
4199,110289,0.21
4200,82289,0.21584599045548056
4201,44170,0.29
4202,115063,0.27
4203,93577,0.32
4204,12499,0.4985545731779656
4205,45495,0.33
4206,101208,0.29
4207,29728,0.26
4208,26724,0.3
4209,63979,0.27
4210,46370,0.22
4211,108290,0.36
4212,15193,0.2
4213,85954,0.25
4214,41721,0.26
4215,45499,0.28
4216,47088,0.22
4217,72560,0.21
4218,46866,0.2611111183793985
4219,103280,0.21
4220,14558,0.5775446743647739
4221,104745,0.26
4222,86059,0.37
4223,92079,0.3
4224,67807,0.44035186592851355
4225,42556,0.4600555555555556
4226,103579,0.6060437791111741
4227,72143,0.27
4228,92892,0.21
4229,83053,0.3
4230,4834,0.28
4231,23082,0.3
4232,62669,0.2672180728297719
4233,25787,0.2
4234,109961,0.7415137606796547
4235,86543,0.44035186592851355
4236,31846,0.3
4237,13149,0.7606405173421392
4238,21022,0.8016548798422711
4239,87614,0.8087014454974942
4240,2252,0.22
4241,67827,0.27
4242,57166,0.24
4243,22873,0.21
4244,92197,0.39
4245,25180,0.14
4246,41411,0.2611111183793985
4247,51193,0.3
4248,109925,0.19
4249,38809,0.18
4250,45003,0.2611111183793985
4251,33713,0.6879944332192204
4252,77563,0.6606477235506313
4253,40431,0.24
4254,47439,0.844755567144862
4255,24624,0.28
4256,16406,0.37
4257,68465,0.6060437791111741
4258,64509,0.19
4259,97969,0.9073162876490548
4260,98414,0.33
4261,98681,0.844755567144862
4262,70524,0.17
4263,41736,0.26
4264,6810,0.26
4265,105294,0.24
4266,98015,0.9073162876490548
4267,24313,0.33
4268,42001,0.2611111183793985
4269,48031,0.25
4270,91907,0.42
4271,89945,0.19
4272,19272,0.29833333333333334
4273,49051,0.5098901818657562
4274,25212,0.6606477235506313
4275,23682,0.22
4276,63704,0.22
4277,67061,0.21
4278,78520,0.7024997009086346
4279,35370,0.7024997009086346
4280,42832,0.3
4281,45004,0.16
4282,62451,0.29
4283,87375,0.3
4284,88207,0.24
4285,64741,0.22
4286,10025,0.19
4287,69948,0.32
4288,109919,0.27
4289,6713,0.25
4290,40332,0.7024997009086346
4291,103045,0.2814568078776256
4292,88704,0.16
4293,39230,0.22
4294,47798,0.44035186592851355
4295,77035,0.3
4296,16219,0.22
4297,42412,0.2611111183793985
4298,6490,0.26
4299,19538,0.15
4300,69508,0.5658684711404199
4301,69528,0.57602346105529
4302,93905,0.7491207553686823
4303,40948,0.26
4304,59076,0.28
4305,39017,0.3
4306,60753,0.28
4307,69054,0.28
4308,103877,0.29957730692552864
4309,79729,0.29
4310,32409,0.28
4311,99473,0.18
4312,72488,0.21106571196018278
4313,58873,0.8484012324895833
4314,91526,0.29738694977561037
4315,6762,0.28
4316,97858,0.21106571196018278
4317,28823,0.29
4318,35586,0.12
4319,55363,0.28
4320,77072,0.22
4321,40978,0.08
4322,438,0.24
4323,30972,0.28
4324,49326,0.25293732567047406
4325,508,0.31
4326,110180,0.23
4327,60661,0.25293732567047406
4328,15868,0.3525
4329,10308,0.13
4330,50032,0.4911165246865001
4331,55381,0.778920261971505
4332,26154,0.05
4333,103935,0.27
4334,64902,0.22
4335,108344,0.19
4336,63073,0.2
4337,59759,0.19
4338,100206,0.3
4339,101822,0.9073162876490548
4340,77259,0.33
4341,70996,0.8087014454974942
4342,41735,0.14
4343,9608,0.4830053831157081
4344,106362,0.21
4345,54023,0.28
4346,55649,0.6574333853925554
4347,7076,0.25
4348,114985,0.54
4349,47151,0.2611111183793985
4350,12633,0.25
4351,61338,0.2
4352,66591,0.25
4353,10567,0.3306666666666666
4354,49859,0.7024997009086346
4355,94746,0.33224337223043043
4356,82346,0.2814568078776256
4357,51425,0.26
4358,17483,0.32
4359,100101,0.3713762139346507
4360,15612,0.1
4361,14834,0.31
4362,34193,0.37
4363,92991,0.19
4364,14737,0.28
4365,94426,0.31
4366,102051,0.3
4367,62507,0.26
4368,99264,0.32770001186827274
4369,39778,0.29
4370,12385,0.97
4371,72254,0.29542118743406626
4372,51885,0.34
4373,88898,0.3
4374,40532,0.23
4375,55761,0.22
4376,43658,0.22
4377,84789,0.28
4378,16781,0.7606405173421392
4379,36166,0.23
4380,44938,0.3048363735289757
4381,83318,0.8881061273158657
4382,22872,0.07
4383,25051,0.23
4384,24910,0.23
4385,86911,0.26
4386,55763,0.22
4387,82245,0.6060437791111741
4388,14400,0.3025424035211683
4389,108519,0.19
4390,32996,0.25891862170087976
4391,41334,0.26
4392,97939,0.17
4393,67193,0.29
4394,89246,0.3062866491761945
4395,12277,0.4
4396,52184,0.9675729051828534
4397,41974,0.2611111183793985
4398,58802,0.21
4399,54939,0.11
4400,73624,0.44035186592851355
4401,9866,0.32
4402,69238,0.21
4403,31351,0.25
4404,86156,0.28
4405,44379,0.6063580061789815
4406,9329,0.11
4407,54181,0.3
4408,92246,0.21
4409,81550,0.26
4410,2857,0.28
4411,94217,0.43249015313620975
4412,63427,0.27
4413,96095,0.18
4414,102738,0.5799705977303526
4415,52643,0.21
4416,12376,0.23
4417,106046,0.2814568078776256
4418,76823,0.21
4419,61842,0.23
4420,93037,0.8087014454974942
4421,96790,0.34
4422,91605,0.29
4423,111105,0.29285605710579565
4424,108964,0.7491207553686823
4425,74268,0.09
4426,111970,0.5658684711404199
4427,74938,0.25
4428,30069,0.26
4429,52590,0.29
4430,105222,0.804737389751532
4431,22142,0.26
4432,79132,0.22
4433,67301,0.16
4434,91720,0.28
4435,112703,0.54
4436,32048,0.6879944332192204
4437,41359,0.27
4438,53902,0.22
4439,74299,0.21
4440,1194,0.28
4441,62921,0.8484012324895833
4442,25362,0.29
4443,51239,0.21
4444,77059,0.28
4445,3609,0.6036935977874871
4446,33703,0.21
4447,103625,0.23
4448,73848,0.23
4449,90182,0.19
4450,49131,0.3
4451,45849,0.05
4452,90922,0.21
4453,107501,0.28
4454,6033,0.26
4455,88243,0.2672180728297719
4456,6012,0.11
4457,75767,0.19
4458,110587,0.7491207553686823
4459,107527,0.09
4460,20745,0.26
4461,101749,0.43249015313620975
4462,60536,0.32
4463,23373,0.27
4464,59757,0.28
4465,53527,0.34
4466,30131,0.27
4467,113660,0.1
4468,12141,0.7816666666666667
4469,34276,0.31
4470,29529,0.28
4471,45986,0.17
4472,80975,0.3
4473,1122,0.25
4474,90892,0.9039408732770348
4475,90226,0.47156611085503913
4476,95197,0.27
4477,115072,0.27
4478,32198,0.16
4479,108918,0.21
4480,112345,0.11
4481,77993,0.32
4482,57674,0.24
4483,25073,0.29
4484,35852,0.26
4485,39350,0.3
4486,11745,0.19
4487,110550,0.23
4488,100298,0.6514684368668864
4489,67330,0.29542118743406626
4490,9400,0.26
4491,68843,0.21584599045548056
4492,21601,0.28
4493,7384,0.09
4494,94624,0.26
4495,46831,0.27
4496,76708,0.26
4497,62,0.24
4498,32474,0.21
4499,3649,0.23
4500,51703,0.6879944332192204
4501,41837,0.21
4502,33676,0.27
4503,79353,0.9073162876490548
4504,89078,0.21
4505,96009,0.8457951945355597
4506,675,0.35
4507,108465,0.21106571196018278
4508,86169,0.27
4509,7909,0.21
4510,114579,0.27
4511,46044,0.2611111183793985
4512,66563,0.21
4513,44571,0.26
4514,21347,0.34
4515,953,0.21
4516,66702,0.26
4517,15098,0.22
4518,96061,0.2
4519,53119,0.28
4520,101507,0.29
4521,17928,0.22
4522,29608,0.44902264150943394
4523,71558,0.5668692303155257
4524,95497,0.9073162876490548
4525,84033,0.44035186592851355
4526,57909,0.3
4527,101844,0.32
4528,47693,0.36
4529,69086,0.15
4530,66470,0.22
4531,103335,0.36
4532,40728,0.3595606657286202
4533,62252,0.12
4534,59919,0.28
4535,25944,0.26
4536,85736,0.28
4537,101098,0.22
4538,33380,0.3
4539,93899,0.3
4540,39429,0.9437447063281852
4541,22262,0.26
4542,59826,0.2
4543,65787,0.29
4544,63266,0.14
4545,84142,0.21
4546,68069,0.8331601874669974
4547,41092,0.4911165246865001
4548,10987,0.22
4549,114451,0.28
4550,45839,0.4031051372347387
4551,80330,0.6060437791111741
4552,96316,0.57602346105529
4553,13389,0.27
4554,32422,0.6879944332192204
4555,70096,0.38
4556,29090,0.3
4557,81641,0.33
4558,63947,0.33
4559,24260,0.27
4560,58726,0.24
4561,53777,0.7929835529609893
4562,54049,0.57602346105529
4563,106194,0.25
4564,107616,0.804737389751532
4565,65876,0.22
4566,37966,0.2
4567,94645,0.26
4568,7322,0.08
4569,102277,0.21106571196018278
4570,110688,0.5799705977303526
4571,49346,0.36
4572,68988,0.44035186592851355
4573,12069,0.3
4574,1220,0.6988580207313696
4575,18466,0.21
4576,84765,0.7024997009086346
4577,51887,0.3420833333333333
4578,10564,0.28
4579,81751,0.2
4580,84216,0.21
4581,85342,0.34
4582,110958,0.21
4583,90080,0.28
4584,88461,0.29
4585,115441,0.26
4586,64709,0.29712558860906485
4587,35221,0.33224337223043043
4588,35735,0.4911165246865001
4589,65436,0.24
4590,80435,0.21106571196018278
4591,33136,0.28
4592,62410,0.57602346105529
4593,33265,0.16
4594,17314,0.32
4595,61530,0.21
4596,87505,0.2672180728297719
4597,17892,0.23
4598,21406,0.36
4599,84787,0.44035186592851355
4600,102341,0.28
4601,6732,0.3165832815740585
4602,10046,0.2714285714285714
4603,76838,0.21
4604,73797,0.2672180728297719
4605,59978,0.3502619047619048
4606,2973,0.21
4607,4888,0.3379268407291214
4608,114881,0.28
4609,64442,0.22
4610,102706,0.21
4611,105865,0.35
4612,3693,0.26
4613,13448,0.26
4614,9429,0.1
4615,39241,0.27
4616,103242,0.640589310994999
4617,99187,0.21
4618,40538,0.21
4619,43198,0.28
4620,93330,0.2672180728297719
4621,105997,0.21
4622,37533,0.27
4623,28332,0.3
4624,90667,0.8087014454974942
4625,24284,0.4911165246865001
4626,82886,0.26
4627,84122,0.28
4628,44175,0.778920261971505
4629,103750,0.43249015313620975
4630,10093,0.28
4631,19526,0.45547356828193836
4632,84223,0.33899285004789426
4633,58477,0.33224337223043043
4634,60313,0.31
4635,49417,0.21
4636,4846,0.5023486477495499
4637,28069,0.35
4638,62864,0.8087014454974942
4639,45896,0.3
4640,83320,0.1
4641,55102,0.12
4642,34359,0.31
4643,102133,0.3763124205678637
4644,47884,0.19
4645,84486,0.36
4646,46314,0.28
4647,88946,0.32
4648,25479,0.22
4649,111250,0.3
4650,30965,0.36
4651,108989,0.22
4652,105124,0.26
4653,97647,0.28908145122531176
4654,67238,0.21
4655,78110,0.22
4656,61931,0.25
4657,71670,0.31
4658,31355,0.26
4659,103044,0.28
4660,76812,0.14
4661,96503,0.6060437791111741
4662,10294,0.27
4663,35398,0.3
4664,58829,0.7024997009086346
4665,64625,0.3
4666,39595,0.24
4667,4356,0.25
4668,113027,0.21
4669,66394,0.22
4670,45146,0.32
4671,17548,0.08
4672,9891,0.26
4673,81175,0.5658684711404199
4674,13565,0.3063636363636364
4675,22037,0.19
4676,22972,0.35
4677,52846,0.6574333853925554
4678,61752,0.41
4679,82802,0.663121287281579
4680,86501,0.23
4681,22955,0.27
4682,54226,0.3
4683,34683,0.49626280269721645
4684,95146,0.04
4685,20526,0.19
4686,83343,0.2
4687,112372,0.1
4688,102696,0.9039408732770348
4689,31093,0.11
4690,96459,0.7084602284842296
4691,27956,0.2736505932627259
4692,51087,0.3054576171951389
4693,79693,0.33
4694,20780,0.28
4695,21589,0.3511638543363016
4696,70942,0.8094490423084325
4697,1155,0.32
4698,62723,0.8087014454974942
4699,77824,0.21
4700,11817,0.25
4701,108272,0.28
4702,59611,0.19
4703,108034,0.2807012478432212
4704,91430,0.29738694977561037
4705,68499,0.27
4706,37876,0.12
4707,87323,0.15
4708,113052,0.2923230518274556
4709,14350,0.48
4710,88503,0.34
4711,15609,0.95
4712,23293,0.22
4713,39586,0.3595606657286202
4714,85470,0.26
4715,25496,0.2611111183793985
4716,112268,0.26
4717,19963,0.22
4718,3468,0.2421428571428571
4719,42248,0.2736505932627259
4720,8018,0.26
4721,32302,0.2
4722,83806,0.33
4723,10657,0.26
4724,19714,0.29
4725,114995,0.27
4726,115296,0.3
4727,44704,0.2
4728,70631,0.7699761904761906
4729,47995,0.2814568078776256
4730,18507,0.22
4731,84906,0.4
4732,78952,0.3
4733,27026,0.3
4734,100484,0.28
4735,59147,0.5668692303155257
4736,12881,0.22
4737,18953,0.21
4738,90856,0.2779001297850061
4739,113819,0.25
4740,2785,0.26
4741,60652,0.22
4742,11677,0.28
4743,38992,0.21
4744,44769,0.22
4745,48607,0.2
4746,5467,0.4830053831157081
4747,49418,0.26
4748,104132,0.43
4749,115171,0.17
4750,40751,0.23
4751,81364,0.21
4752,44944,0.6063580061789815
4753,73548,0.3553434343434344
4754,27349,0.29
4755,97656,0.4251838111498381
4756,3746,0.06
4757,24922,0.22
4758,11945,0.22
4759,15482,0.16
4760,106477,0.22
4761,92712,0.21
4762,94895,0.21106571196018278
4763,26391,0.157
4764,69143,0.4
4765,40401,0.19
4766,71228,0.21
4767,48708,0.5455326939251731
4768,37199,0.35
4769,73489,0.18
4770,11216,0.16
4771,13430,0.5684948229082645
4772,35687,0.6574333853925554
4773,23567,0.2611111183793985
4774,87088,0.28
4775,8906,0.28
4776,51556,0.35
4777,74011,0.33899285004789426
4778,17241,0.5553214285714286
4779,35246,0.49626280269721645
4780,101222,0.07
4781,73438,0.26
4782,90246,0.21
4783,115411,0.21
4784,64170,0.25
4785,21341,0.28
4786,44847,0.3
4787,86556,0.3
4788,113739,0.844755567144862
4789,90429,0.8094490423084325
4790,81571,0.21
4791,86552,0.25
4792,56896,0.49626280269721645
4793,39181,0.14
4794,103728,0.21
4795,24584,0.29
4796,4106,0.22
4797,109413,0.04
4798,87075,0.23
4799,98176,0.36104092501642404
4800,8627,0.29569984820821593
4801,17469,0.52
4802,59828,0.16
4803,108522,0.22
4804,21919,0.42
4805,32317,0.57602346105529
4806,35623,0.27
4807,41313,0.57602346105529
4808,57009,0.17
4809,60081,0.28
4810,43643,0.26
4811,98576,0.9073162876490548
4812,29189,0.19
4813,80309,0.26
4814,31105,0.28
4815,61596,0.19
4816,57150,0.29
4817,98141,0.29
4818,66762,0.28
4819,57063,0.26
4820,82294,0.27
4821,49336,0.49626280269721645
4822,13422,0.4857224179653792
4823,86809,0.28
4824,20580,0.33
4825,43033,0.3
4826,96570,0.8074620881663229
4827,45351,0.2876257219969326
4828,50910,0.26
4829,72125,0.22
4830,47661,0.2611111183793985
4831,3634,0.45061174495970013
4832,111978,0.6961258235367476
4833,3340,0.25
4834,62155,0.8457951945355597
4835,35775,0.16
4836,75190,0.2
4837,26454,0.26
4838,105242,0.16
4839,79533,0.22
4840,108531,0.4144895382395382
4841,9074,0.24
4842,41639,0.3
4843,30856,0.3
4844,36226,0.7024997009086346
4845,52225,0.33224337223043043
4846,16862,0.5590650541895373
4847,37476,0.2736505932627259
4848,100378,0.29
4849,11748,0.14
4850,100719,0.25
4851,19600,0.5105917597187313
4852,91837,0.13
4853,33439,0.29
4854,37944,0.2
4855,14903,0.23
4856,41436,0.7929835529609893
4857,114595,0.26
4858,42781,0.27
4859,42288,0.42640208607459895
4860,13416,0.26
4861,65383,0.28
4862,98984,0.3804642647908094
4863,84993,0.30035621847553995
4864,72537,0.29
4865,32761,0.6063580061789815
4866,102598,0.3
4867,114782,0.24
4868,94859,0.33
4869,66269,0.29
4870,37610,0.31
4871,65786,0.28104660881121046
4872,11429,0.28
4873,68712,0.21106571196018278
4874,2648,0.33
4875,109379,0.29
4876,83078,0.4251838111498381
4877,102426,0.420547215722297
4878,32732,0.21952136456069715
4879,94692,0.3
4880,3564,0.28
4881,57884,0.49626280269721645
4882,21534,0.44
4883,40705,0.22
4884,44205,0.27
4885,9759,0.23
4886,14726,0.22
4887,27602,0.5455326939251731
4888,104376,0.3317956181395856
4889,51607,0.14
4890,83975,0.44035186592851355
4891,83792,0.8331601874669974
4892,94587,0.28
4893,55935,0.8457951945355597
4894,66580,0.28
4895,33445,0.27
4896,35365,0.08
4897,38402,0.21
4898,88398,0.26
4899,111360,0.29
4900,111791,0.21
4901,9333,0.26
4902,47786,0.3
4903,40137,0.57602346105529
4904,57407,0.28
4905,62540,0.08
4906,107855,0.28
4907,32291,0.28
4908,108393,0.8074620881663229
4909,37069,0.29
4910,43695,0.27
4911,69139,0.33
4912,20053,0.26
4913,78405,0.24
4914,62347,0.47156611085503913
4915,92016,0.24
4916,73813,0.2672180728297719
4917,66719,0.3
4918,108639,0.26
4919,113890,0.9127730381907577
4920,19015,0.29
4921,19118,0.22
4922,43779,0.26
4923,63759,0.15
4924,57349,0.12
4925,8209,0.14
4926,103463,0.3
4927,74731,0.27
4928,90119,0.6961258235367476
4929,95327,0.06
4930,96779,0.28
4931,66592,0.31
4932,66680,0.24
4933,49064,0.4
4934,115696,0.21
4935,23546,0.22
4936,20597,0.26
4937,7857,0.21
4938,7938,0.25
4939,77877,0.5455326939251731
4940,61042,0.8331601874669974
4941,27250,0.24
4942,23521,0.31
4943,31053,0.18
4944,15568,0.25
4945,100787,0.3713762139346507
4946,111586,0.27
4947,26976,0.25
4948,95618,0.05
4949,23897,0.22
4950,97740,0.26
4951,92214,0.8087014454974942
4952,29211,0.2736505932627259
4953,59093,0.3
4954,33225,0.22
4955,103999,0.8457951945355597
4956,81640,0.17
4957,74064,0.29
4958,84968,0.21106571196018278
4959,58338,0.26
4960,42045,0.27
4961,15024,0.31
4962,62881,0.33
4963,44627,0.7517547952262292
4964,103993,0.23
4965,107612,0.31
4966,114615,0.23
4967,49957,0.439452380952381
4968,108739,0.23
4969,80478,0.21
4970,41769,0.36
4971,103926,0.08
4972,44954,0.22
4973,63600,0.22
4974,1683,0.25
4975,50255,0.5098901818657562
4976,35457,0.6879944332192204
4977,13965,0.37
4978,94438,0.6879944332192204
4979,99802,0.8025734585058774
4980,29668,0.778920261971505
4981,88146,0.8087014454974942
4982,93541,0.21
4983,115908,0.39
4984,107387,0.21
4985,86804,0.21106571196018278
4986,41246,0.22
4987,72345,0.27
4988,97692,0.28
4989,29265,0.2736505932627259
4990,112350,0.3
4991,55074,0.22
4992,103694,0.22
4993,85702,0.2
4994,85856,0.14
4995,80504,0.29285605710579565
4996,56304,0.34
4997,104240,0.2814568078776256
4998,50338,0.28
4999,41505,0.26
5000,8682,0.25
5001,11712,0.27
5002,74894,0.8331601874669974
5003,38249,0.2611111183793985
5004,30264,0.6879944332192204
5005,50703,0.4
5006,81247,0.35
5007,37317,0.29
5008,47564,0.2
5009,52229,0.28
5010,92976,0.22
5011,11496,0.11
5012,13029,0.4830053831157081
5013,46155,0.3
5014,114874,0.3
5015,89192,0.33
5016,77242,0.8087014454974942
5017,42066,0.8881061273158657
5018,20988,0.28
5019,80774,0.04
5020,12666,0.4985545731779656
5021,41670,0.5952890834207484
5022,6236,0.2714285714285714
5023,40013,0.19
5024,55632,0.34
5025,6459,0.11
5026,77347,0.2902117207222417
5027,28212,0.32
5028,38132,0.28
5029,95925,0.27287579664907846
5030,99401,0.24
5031,8074,0.25
5032,70877,0.9106379870737048
5033,8329,0.21
5034,69009,0.6063580061789815
5035,14331,0.23391666666666666
5036,18485,0.1
5037,45235,0.2611111183793985
5038,52783,0.25
5039,49491,0.7024997009086346
5040,36160,0.33224337223043043
5041,34159,0.5455326939251731
5042,61011,0.2672180728297719
5043,33463,0.27
5044,103081,0.6060437791111741
5045,63119,0.39344257832660934
5046,8493,0.24
5047,66491,0.28
5048,64025,0.22
5049,112444,0.21
5050,70967,0.19
5051,92705,0.23
5052,54531,0.26
5053,59940,0.8087014454974942
5054,110441,0.13
5055,30678,0.29
5056,112000,0.8457951945355597
5057,105427,0.804737389751532
5058,35912,0.6879944332192204
5059,10851,0.4057063492063492
5060,47233,0.26
5061,114933,0.31
5062,57258,0.28
5063,94972,0.28
5064,57102,0.21
5065,18352,0.24
5066,114842,0.16
5067,72209,0.16
5068,20507,0.23
5069,96257,0.27
5070,74463,0.2
5071,97156,0.30035621847553995
5072,19364,0.27
5073,11970,0.26238596491228067
5074,17516,0.4991156399416326
5075,91897,0.31
5076,56498,0.2902117207222417
5077,110574,0.29
5078,63310,0.24
5079,114124,0.3
5080,17791,0.46180454754171424
5081,15492,0.12
5082,55783,0.3
5083,29269,0.28
5084,75272,0.3
5085,101973,0.26
5086,15496,0.21866666666666665
5087,6378,0.27
5088,82055,0.17
5089,61878,0.2672180728297719
5090,83170,0.6961258235367476
5091,31533,0.6879944332192204
5092,115723,0.28
5093,60309,0.9106379870737048
5094,20410,0.04
5095,31964,0.22
5096,42700,0.23
5097,78210,0.28
5098,111783,0.21
5099,13132,0.29041044843077246
5100,23503,0.33899285004789426
5101,13150,0.31
5102,57312,0.11
5103,69638,0.8087014454974942
5104,99606,0.13
5105,62134,0.09
5106,16990,0.34
5107,87318,0.22
5108,61602,0.28
5109,55736,0.18
5110,64117,0.28
5111,20163,0.26
5112,5415,0.11
5113,27206,0.4531794040040778
5114,110120,0.17
5115,35566,0.28
5116,56096,0.33
5117,39902,0.27
5118,76622,0.24
5119,69047,0.21
5120,70767,0.6574333853925554
5121,59341,0.3
5122,89285,0.33299999999999996
5123,115527,0.21
5124,54093,0.3
5125,102794,0.28
5126,69962,0.213125892987996
5127,104421,0.32
5128,59819,0.8087014454974942
5129,37427,0.33
5130,9602,0.21
5131,36300,0.13
5132,78137,0.8016548798422711
5133,64653,0.33
5134,15677,0.26
5135,113009,0.3
5136,15451,0.3442857142857143
5137,95076,0.17
5138,81530,0.49775771369818395
5139,44957,0.11
5140,27588,0.22
5141,58579,0.33333333333333326
5142,6230,0.09
5143,35915,0.34
5144,103467,0.25076923076923074
5145,103720,0.7491207553686823
5146,53823,0.25
5147,113019,0.34
5148,51183,0.25
5149,58214,0.5668692303155257
5150,71816,0.21106571196018278
5151,69570,0.21
5152,14360,0.22
5153,14052,0.24
5154,78953,0.21
5155,111641,0.5658684711404199
5156,22062,0.27
5157,50846,0.26
5158,4021,0.4830053831157081
5159,4117,0.1
5160,108135,0.28
5161,104715,0.35
5162,44935,0.18
5163,53732,0.27
5164,16766,0.3246067676812677
5165,918,0.19
5166,85460,0.3775
5167,35714,0.6606477235506313
5168,28313,0.29
5169,90758,0.4911165246865001
5170,80829,0.2
5171,96020,0.08
5172,92053,0.21
5173,54118,0.2
5174,72266,0.3
5175,111001,0.21
5176,84241,0.32
5177,109724,0.26
5178,95108,0.3595606657286202
5179,54558,0.6879944332192204
5180,6119,0.34
5181,38688,0.26
5182,31849,0.14
5183,104065,0.38
5184,83265,0.15
5185,26194,0.3
5186,106636,0.3
5187,52461,0.11
5188,43215,0.29
5189,112441,0.35
5190,26328,0.11
5191,83315,0.27
5192,47433,0.26
5193,27019,0.6879944332192204
5194,58685,0.14
5195,81737,0.8457951945355597
5196,77339,0.19
5197,13932,0.4305930930930931
5198,92790,0.15
5199,106994,0.31
5200,24532,0.29
5201,113615,0.8002701290515217
5202,30474,0.27
5203,82917,0.3
5204,29716,0.32
5205,7890,0.26
5206,18568,0.22
5207,17986,0.23
5208,77412,0.28
5209,78528,0.27
5210,18135,0.32
5211,67836,0.31
5212,61720,0.27
5213,40041,0.37
5214,27412,0.26
5215,7153,0.26
5216,39003,0.42
5217,22396,0.3
5218,68534,0.19
5219,44976,0.5170727146631315
5220,96513,0.5658684711404199
5221,108616,0.22
5222,30073,0.3
5223,20234,0.22
5224,112494,0.7415137606796547
5225,41368,0.27
5226,76601,0.21
5227,62642,0.16
5228,3210,0.24
5229,35715,0.3
5230,102122,0.3
5231,94454,0.33224337223043043
5232,2007,0.23828070175438598
5233,2638,0.34
5234,91701,0.17
5235,56784,0.08
5236,101178,0.17
5237,51399,0.13
5238,8071,0.24
5239,34687,0.47
5240,91074,0.6060437791111741
5241,787,0.23
5242,12719,0.09
5243,91298,0.27
5244,9679,0.2502171729681814
5245,12011,0.22
5246,84808,0.44035186592851355
5247,133,0.31
5248,69879,0.27
5249,64375,0.26
5250,82381,0.21
5251,82978,0.3142893084856641
5252,72762,0.7024997009086346
5253,105564,0.29
5254,74599,0.26
5255,110966,0.29
5256,89533,0.8087014454974942
5257,60104,0.32
5258,52581,0.21
5259,71576,0.22
5260,44914,0.16
5261,42588,0.22
5262,85257,0.6060437791111741
5263,74975,0.1
5264,113443,0.23
5265,19251,0.24
5266,104248,0.2752059837865456
5267,56147,0.27
5268,71934,0.27
5269,46729,0.26
5270,69222,0.23
5271,82551,0.5658684711404199
5272,110457,0.3
5273,74922,0.21
5274,51812,0.6574333853925554
5275,2050,0.23
5276,61575,0.2
5277,71261,0.27
5278,25863,0.31
5279,55328,0.57602346105529
5280,1361,0.2
5281,86745,0.44035186592851355
5282,95180,0.3763124205678637
5283,55837,0.3
5284,21959,0.28
5285,29193,0.31570863451286013
5286,70725,0.34
5287,5975,0.23
5288,70797,0.21584599045548056
5289,77842,0.26
5290,92474,0.18
5291,37661,0.3
5292,6155,0.2714285714285714
5293,87969,0.3
5294,89915,0.08
5295,55964,0.8087014454974942
5296,111352,0.25
5297,74780,0.26
5298,10134,0.23
5299,96812,0.2
5300,56912,0.33224337223043043
5301,8438,0.22
5302,33971,0.19
5303,15477,0.21866666666666665
5304,99498,0.28
5305,65028,0.3
5306,28317,0.3
5307,71164,0.8094490423084325
5308,75305,0.21
5309,105766,0.26
5310,28108,0.2736505932627259
5311,58527,0.26
5312,104369,0.09
5313,65590,0.24
5314,101309,0.7491207553686823
5315,49484,0.4251838111498381
5316,10460,0.24
5317,25840,0.5280102424812745
5318,114015,0.17
5319,40764,0.13
5320,5424,0.2714285714285714
5321,37360,0.22
5322,76549,0.29
5323,84267,0.44035186592851355
5324,68350,0.5105917597187313
5325,97428,0.9039408732770348
5326,40934,0.22
5327,7994,0.23828070175438598
5328,1767,0.15
5329,104193,0.34
5330,76813,0.3
5331,106705,0.27
5332,96358,0.8025734585058774
5333,86486,0.3595606657286202
5334,62616,0.27
5335,82351,0.22
5336,91077,0.9039408732770348
5337,47191,0.24
5338,23915,0.23
5339,96604,0.09
5340,59326,0.6574333853925554
5341,96406,0.8025734585058774
5342,95473,0.57602346105529
5343,57274,0.28
5344,105796,0.3165041518110797
5345,110874,0.29618368733128664
5346,35313,0.57602346105529
5347,18820,0.09
5348,47970,0.27
5349,104346,0.07
5350,106011,0.3
5351,52969,0.7405317013283446
5352,3772,0.23142857142857143
5353,102641,0.455
5354,83687,0.31
5355,76706,0.44035186592851355
5356,14,0.26
5357,31520,0.17
5358,92381,0.5658684711404199
5359,98747,0.36633867133905085
5360,70597,0.44035186592851355
5361,42267,0.15
5362,68468,0.33
5363,66826,0.28830446142884764
5364,64643,0.22
5365,102993,0.34
5366,110090,0.34
5367,33078,0.3
5368,24466,0.26
5369,2884,0.25
5370,102622,0.23
5371,62017,0.2
5372,45229,0.26
5373,77599,0.3048363735289757
5374,24720,0.7565470187056207
5375,78816,0.49626280269721645
5376,8961,0.25
5377,80151,0.23
5378,67704,0.14
5379,84446,0.35
5380,82493,0.28
5381,107747,0.7491207553686823
5382,74563,0.22
5383,67653,0.28
5384,111866,0.28
5385,77827,0.21
5386,43482,0.26
5387,85253,0.2
5388,31970,0.6879944332192204
5389,74578,0.21
5390,40408,0.21
5391,45183,0.2611111183793985
5392,52257,0.28
5393,1715,0.34
5394,105845,0.21
5395,55859,0.26
5396,634,0.08
5397,90102,0.57602346105529
5398,90516,0.27
5399,26321,0.3
5400,103838,0.21
5401,10990,0.25
5402,89305,0.35
5403,74750,0.28
5404,5160,0.21
5405,25359,0.22
5406,107915,0.25
5407,114659,0.5098901818657562
5408,105583,0.43249015313620975
5409,99760,0.26
5410,6905,0.23828070175438598
5411,48105,0.2672180728297719
5412,73523,0.26
5413,22786,0.29
5414,18681,0.3
5415,6889,0.27
5416,88132,0.21106571196018278
5417,110506,0.6060437791111741
5418,108712,0.28
5419,89464,0.21106571196018278
5420,69010,0.37079999999999996
5421,108410,0.22
5422,55615,0.6574333853925554
5423,45458,0.29
5424,88147,0.28
5425,114845,0.28
5426,31980,0.21952136456069715
5427,63141,0.8457951945355597
5428,89687,0.26
5429,97463,0.33
5430,35226,0.6879944332192204
5431,52898,0.21
5432,1223,0.34
5433,102077,0.15
5434,62169,0.3
5435,14973,0.22
5436,17077,0.24
5437,23039,0.31
5438,43260,0.27
5439,107850,0.28
5440,55068,0.3
5441,101863,0.16
5442,32130,0.198452380952381
5443,65744,0.28
5444,75129,0.22
5445,90467,0.23760818498476272
5446,51624,0.6574333853925554
5447,85180,0.21
5448,83266,0.21
5449,38703,0.13
5450,38369,0.27
5451,41424,0.3
5452,45827,0.26
5453,45640,0.8016548798422711
5454,41521,0.18
5455,3322,0.07
5456,36886,0.22
5457,27675,0.5345824677740459
5458,98488,0.2
5459,58647,0.6022267206811008
5460,46816,0.3595606657286202
5461,76154,0.7024997009086346
5462,102576,0.11
5463,45158,0.3595606657286202
5464,63038,0.21
5465,100808,0.9073162876490548
5466,2636,0.21
5467,83467,0.21
5468,64545,0.28
5469,52691,0.18478571428571428
5470,41782,0.22
5471,108533,0.6514684368668864
5472,56919,0.6879944332192204
5473,28448,0.24
5474,59407,0.25
5475,2767,0.25
5476,97379,0.21
5477,50959,0.2876257219969326
5478,115852,0.6514684368668864
5479,94540,0.1
5480,40195,0.22
5481,8022,0.27
5482,2708,0.3329504657104964
5483,76383,0.21
5484,50439,0.15
5485,36340,0.6574333853925554
5486,2896,0.1
5487,78482,0.22
5488,40443,0.36
5489,58983,0.3054576171951389
5490,82609,0.6961258235367476
5491,4380,0.28
5492,92791,0.13
5493,63962,0.06
5494,986,0.6371495846544332
5495,27762,0.5345824677740459
5496,86301,0.3
5497,68784,0.14
5498,44736,0.24
5499,88316,0.25
5500,10260,0.14
5501,62908,0.26
5502,27992,0.28
5503,78387,0.3
5504,64207,0.22
5505,102008,0.16
5506,80838,0.28
5507,107764,0.27
5508,84713,0.09
5509,33360,0.3
5510,61325,0.21
5511,62948,0.28
5512,41458,0.29
5513,18138,0.37
5514,198,0.22
5515,80548,0.4911165246865001
5516,17370,0.38166666666666665
5517,14089,0.2
5518,91828,0.21106571196018278
5519,69321,0.36
5520,63390,0.29
5521,26147,0.22
5522,52816,0.213125892987996
5523,79926,0.2672180728297719
5524,76994,0.21106571196018278
5525,51428,0.6879944332192204
5526,36149,0.4911165246865001
5527,103053,0.6060437791111741
5528,64107,0.3
5529,1623,0.1
5530,30531,0.3054576171951389
5531,104511,0.32
5532,41139,0.17
5533,31807,0.3
5534,43055,0.15
5535,24521,0.27
5536,77331,0.57602346105529
5537,85812,0.663121287281579
5538,78270,0.3
5539,71477,0.47156611085503913
5540,65666,0.22
5541,97319,0.07
5542,16728,0.18
5543,80088,0.28
5544,102209,0.26
5545,105476,0.4911165246865001
5546,55908,0.22
5547,60464,0.21
5548,39475,0.26
5549,46450,0.8016548798422711
5550,34157,0.49775771369818395
5551,86869,0.2
5552,50054,0.17
5553,73293,0.26
5554,115437,0.3
5555,12321,0.29
5556,15232,0.24
5557,14214,0.23
5558,32120,0.24
5559,28118,0.27
5560,54797,0.3
5561,82114,0.2902117207222417
5562,33351,0.4911165246865001
5563,97677,0.32
5564,104214,0.6514684368668864
5565,70359,0.24
5566,39349,0.23
5567,92586,0.28908145122531176
5568,4196,0.33166666666666667
5569,24930,0.5067736252258745
5570,40345,0.09
5571,111422,0.06
5572,24966,0.4911165246865001
5573,66292,0.21
5574,14540,0.48
5575,73787,0.8457951945355597
5576,84445,0.57602346105529
5577,66258,0.15
5578,19685,0.2
5579,62140,0.2743404752824607
5580,30485,0.26
5581,100724,0.34
5582,103078,0.57602346105529
5583,16769,0.22
5584,21559,0.5644001218674852
5585,23118,0.1
5586,97704,0.28908145122531176
5587,99268,0.26
5588,36885,0.3
5589,25509,0.24
5590,87476,0.23
5591,53858,0.7024997009086346
5592,216,0.407563492063492
5593,30404,0.16
5594,73011,0.29
5595,20386,0.27
5596,28273,0.1
5597,49668,0.6879944332192204
5598,97017,0.18
5599,93441,0.6514684368668864
5600,86483,0.25
5601,76524,0.21
5602,1500,0.26
5603,105493,0.19
5604,103111,0.5799705977303526
5605,1763,0.24
5606,3930,0.25
5607,62556,0.3
5608,37591,0.34902407314907324
5609,97144,0.33
5610,30009,0.6574333853925554
5611,100586,0.21
5612,99742,0.210625
5613,62161,0.6606477235506313
5614,23529,0.3
5615,4357,0.24
5616,39980,0.7024997009086346
5617,96407,0.22
5618,111262,0.6514684368668864
5619,73992,0.29
5620,57023,0.24
5621,54828,0.4911165246865001
5622,13882,0.39
5623,109950,0.3
5624,7095,0.21
5625,76697,0.21
5626,51896,0.28
5627,66049,0.28
5628,30524,0.6574333853925554
5629,2278,0.23
5630,16047,0.37
5631,2201,0.13
5632,79143,0.21
5633,37309,0.27
5634,55738,0.27
5635,39485,0.57602346105529
5636,100410,0.2923230518274556
5637,95940,0.22
5638,102178,0.3813333333333333
5639,108752,0.22
5640,93863,0.3165041518110797
5641,3414,0.32
5642,70338,0.26
5643,85966,0.32
5644,91478,0.57602346105529
5645,39046,0.29
5646,42193,0.5455326939251731
5647,76350,0.2
5648,31104,0.31
5649,80794,0.21
5650,68827,0.32
5651,44136,0.29
5652,65857,0.28
5653,21370,0.17
5654,61982,0.4234166666666666
5655,55316,0.28
5656,25910,0.26
5657,55037,0.3
5658,5573,0.5023486477495499
5659,71888,0.19
5660,10651,0.14
5661,17677,0.25
5662,101183,0.28
5663,108528,0.26
5664,85131,0.26
5665,68397,0.34645979020979006
5666,10652,0.25
5667,11971,0.32
5668,53731,0.3
5669,82157,0.33899285004789426
5670,109858,0.24
5671,74155,0.25
5672,57464,0.6574333853925554
5673,60070,0.23
5674,88089,0.24
5675,24681,0.19
5676,65453,0.38
5677,19999,0.16
5678,93758,0.3
5679,94654,0.38
5680,75837,0.663121287281579
5681,43737,0.778920261971505
5682,81752,0.28
5683,18824,0.23
5684,41068,0.7024997009086346
5685,43683,0.2736505932627259
5686,58119,0.6574333853925554
5687,68761,0.38
5688,13917,0.4991156399416326
5689,41482,0.07
5690,16843,0.37
5691,38608,0.08
5692,16358,0.32
5693,64055,0.19
5694,94115,0.26
5695,50260,0.22
5696,60755,0.34
5697,35285,0.31
5698,103501,0.2986842105263158
5699,7716,0.25
5700,67223,0.29
5701,103327,0.26
5702,61795,0.21
5703,86119,0.33899285004789426
5704,95266,0.24
5705,34968,0.8890800347398262
5706,365,0.25
5707,29229,0.778920261971505
5708,50999,0.2
5709,30476,0.19
5710,42357,0.27
5711,46386,0.48229605538656534
5712,73260,0.29
5713,28867,0.22
5714,113634,0.05
5715,10765,0.15
5716,2887,0.28
5717,51293,0.15
5718,93454,0.29
5719,91590,0.8457951945355597
5720,69158,0.21
5721,87636,0.34
5722,19215,0.31
5723,13426,0.1
5724,20821,0.29
5725,57972,0.33224337223043043
5726,37865,0.32
5727,27468,0.8881061273158657
5728,1665,0.23828070175438598
5729,103895,0.25
5730,48499,0.23
5731,74759,0.21
5732,90880,0.686711125185392
5733,5231,0.22
5734,95324,0.285
5735,76453,0.22
5736,101714,0.29
5737,3849,0.09
5738,91136,0.25
5739,81951,0.3795414430340901
5740,113117,0.34
5741,42242,0.3
5742,64760,0.2
5743,65052,0.2
5744,10443,0.17
5745,40758,0.19
5746,82758,0.5658684711404199
5747,879,0.25
5748,49408,0.35
5749,28912,0.3
5750,37014,0.19
5751,27140,0.19
5752,56515,0.8087014454974942
5753,10798,0.24
5754,30071,0.6063580061789815
5755,6736,0.05
5756,41668,0.3
5757,23512,0.23
5758,91844,0.686711125185392
5759,413,0.23828070175438598
5760,14668,0.2
5761,57666,0.3
5762,21736,0.22
5763,85212,0.21
5764,29560,0.3
5765,105807,0.28
5766,34786,0.36
5767,89367,0.28
5768,77344,0.27
5769,4552,0.38
5770,17429,0.4857224179653792
5771,46459,0.23
5772,115756,0.19
5773,52916,0.29
5774,92273,0.24467172122499256
5775,73219,0.24
5776,15225,0.225
5777,70056,0.2672180728297719
5778,113290,0.3
5779,106757,0.25
5780,63452,0.26
5781,46300,0.29
5782,22183,0.2611111183793985
5783,20822,0.27
5784,45833,0.28
5785,14451,0.26
5786,42010,0.2611111183793985
5787,80380,0.06
5788,61295,0.8087014454974942
5789,21937,0.29
5790,81986,0.8094490423084325
5791,7618,0.35
5792,17923,0.26
5793,65881,0.04
5794,35508,0.26
5795,76864,0.28
5796,34569,0.15
5797,88019,0.24
5798,89692,0.28
5799,31278,0.26
5800,3570,0.24
5801,42450,0.23
5802,90529,0.7491207553686823
5803,95535,0.25
5804,67269,0.21
5805,27272,0.27
5806,87887,0.38
5807,111846,0.2752059837865456
5808,102269,0.49626280269721645
5809,53439,0.33224337223043043
5810,33839,0.27
5811,2030,0.41736075036075027
5812,13502,0.26
5813,106740,0.3
5814,101747,0.29
5815,46350,0.33899285004789426
5816,65580,0.22
5817,82519,0.25
5818,57918,0.29
5819,24594,0.19
5820,21688,0.33
5821,56012,0.4911165246865001
5822,77214,0.8087014454974942
5823,3126,0.28
5824,107453,0.3713762139346507
5825,24977,0.28
5826,87368,0.29285605710579565
5827,2314,0.24
5828,79162,0.27
5829,51691,0.6574333853925554
5830,22046,0.29333333333333333
5831,10173,0.23
5832,49910,0.3
5833,91425,0.44035186592851355
5834,4429,0.21
5835,3672,0.15
5836,107365,0.22
5837,102176,0.17
5838,3163,0.21
5839,61874,0.17
5840,35400,0.6879944332192204
5841,62895,0.26
5842,82040,0.26
5843,83642,0.34
5844,2842,0.21
5845,50302,0.6879944332192204
5846,115469,0.21
5847,13968,0.6371495846544332
5848,91169,0.29
5849,1069,0.29911736974729275
5850,68939,0.5658684711404199
5851,66372,0.22
5852,13524,0.23
5853,40826,0.19
5854,1649,0.22
5855,7676,0.23828070175438598
5856,92002,0.57602346105529
5857,37750,0.3
5858,95041,0.213125892987996
5859,62176,0.21
5860,104621,0.27
5861,24045,0.28
5862,4296,0.23
5863,68764,0.44035186592851355
5864,114191,0.895686343352608
5865,98165,0.12
5866,6151,0.25
5867,16791,0.3
5868,26495,0.28
5869,107222,0.18
5870,15027,0.17
5871,12419,0.2
5872,69274,0.21106571196018278
5873,29881,0.26
5874,109163,0.9039408732770348
5875,81880,0.21
5876,92072,0.2672180728297719
5877,47536,0.2611111183793985
5878,109498,0.26
5879,62557,0.3
5880,93416,0.28
5881,39247,0.31
5882,27964,0.57602346105529
5883,51225,0.34
5884,45439,0.42301428121191526
5885,11882,0.25
5886,40497,0.27
5887,68220,0.1
5888,20791,0.31
5889,5214,0.22
5890,57236,0.33
5891,37760,0.2
5892,28110,0.28
5893,12002,0.22
5894,115147,0.1
5895,8080,0.24
5896,33632,0.7415137606796547
5897,93877,0.29285605710579565
5898,6611,0.13
5899,41166,0.29
5900,25638,0.28
5901,87760,0.09
5902,3606,0.6036935977874871
5903,67862,0.8087014454974942
5904,2384,0.28
5905,113335,0.3
5906,100825,0.17
5907,9503,0.24
5908,97547,0.36633867133905085
5909,76951,0.26
5910,27499,0.5952890834207484
5911,41084,0.3
5912,104735,0.28
5913,86367,0.29
5914,84886,0.29542118743406626
5915,98720,0.22
5916,72114,0.21
5917,698,0.29
5918,30035,0.22
5919,29983,0.28
5920,81153,0.5020588542209693
5921,101204,0.14
5922,97129,0.9073162876490548
5923,57300,0.3048363735289757
5924,65102,0.16
5925,62614,0.19
5926,113589,0.35236544011544013
5927,3364,0.25
5928,72474,0.2672180728297719
5929,100423,0.3165041518110797
5930,80959,0.2
5931,50424,0.17
5932,51965,0.28
5933,78611,0.6574333853925554
5934,58156,0.2672180728297719
5935,72907,0.21
5936,101781,0.25
5937,53753,0.18
5938,54486,0.23
5939,65573,0.28
5940,69166,0.29
5941,94207,0.7491207553686823
5942,4951,0.25
5943,21545,0.14
5944,82241,0.26
5945,11872,0.3465
5946,71077,0.27
5947,46343,0.3
5948,110188,0.8002701290515217
5949,80394,0.8087014454974942
5950,13161,0.24
5951,26382,0.3698157453936349
5952,97015,0.3595606657286202
5953,111259,0.32770001186827274
5954,15005,0.3
5955,73501,0.27
5956,31636,0.28
5957,91402,0.06
5958,22310,0.28
5959,18032,0.22
5960,4992,0.24
5961,34624,0.7024997009086346
5962,4534,0.27
5963,95298,0.9073162876490548
5964,57707,0.28
5965,73024,0.42
5966,102730,0.3
5967,49674,0.18
5968,37045,0.43495059670059677
5969,98490,0.8074620881663229
5970,3546,0.5193505410231796
5971,104330,0.07
5972,9839,0.39
5973,1023,0.26
5974,1341,0.29
5975,19397,0.26
5976,70448,0.213125892987996
5977,65597,0.28
5978,40167,0.3048363735289757
5979,82912,0.57602346105529
5980,87746,0.16
5981,60297,0.26
5982,96671,0.23
5983,59396,0.15
5984,77956,0.21106571196018278
5985,27173,0.24
5986,87551,0.3
5987,48517,0.8087014454974942
5988,90267,0.6092044951764513
5989,94724,0.21
5990,73218,0.2813028032345489
5991,50751,0.3
5992,9691,0.2437232574189096
5993,32303,0.2
5994,25537,0.3762585034013605
5995,95949,0.21
5996,72498,0.21
5997,97322,0.22
5998,75883,0.21
5999,38946,0.3782589900529063
6000,41168,0.22
6001,61647,0.26
6002,16129,0.29
6003,61008,0.3048363735289757
6004,40273,0.34
6005,64954,0.12
6006,6746,0.26
6007,64029,0.2
6008,46510,0.4911165246865001
6009,91058,0.31
6010,94577,0.36
6011,8807,0.21
6012,33146,0.6574333853925554
6013,92231,0.14
6014,41872,0.22
6015,102566,0.26
6016,7171,0.07
6017,113091,0.21
6018,59526,0.29
6019,69119,0.22
6020,93335,0.686711125185392
6021,23081,0.22
6022,40175,0.26
6023,64789,0.2
6024,95104,0.31
6025,55617,0.8016548798422711
6026,64048,0.2
6027,41687,0.38
6028,41533,0.28
6029,6055,0.27
6030,20436,0.27
6031,20801,0.24
6032,94767,0.15
6033,10628,0.21
6034,43638,0.26
6035,4150,0.28
6036,50998,0.31
6037,66786,0.3595606657286202
6038,84480,0.49626280269721645
6039,61466,0.21
6040,30191,0.2589202388169106
6041,46560,0.29
6042,45715,0.3384336462965311
6043,29314,0.24
6044,103572,0.18
6045,2550,0.28
6046,46727,0.22
6047,36465,0.28
6048,107674,0.21106571196018278
6049,50017,0.14
6050,62973,0.22
6051,73187,0.27
6052,76260,0.3
6053,84255,0.9616670447958974
6054,34098,0.6879944332192204
6055,5935,0.22
6056,58326,0.29
6057,42794,0.34
6058,67859,0.21
6059,13428,0.48
6060,49802,0.6879944332192204
6061,105303,0.2
6062,102816,0.2923230518274556
6063,51090,0.08
6064,96977,0.26
6065,111836,0.6970637908450266
6066,97370,0.29
6067,72410,0.5952890834207484
6068,93868,0.29
6069,53690,0.19
6070,68332,0.23
6071,66732,0.28
6072,113444,0.3
6073,77744,0.7024997009086346
6074,108421,0.35
6075,108169,0.5658684711404199
6076,2634,0.27
6077,65235,0.22
6078,70721,0.3
6079,70275,0.26
6080,113031,0.21
6081,83377,0.12
6082,85709,0.23
6083,95089,0.8074620881663229
6084,56745,0.28
6085,17109,0.33
6086,91428,0.33899285004789426
6087,65099,0.16
6088,50333,0.3782589900529063
6089,43036,0.18
6090,23028,0.22
6091,29252,0.12
6092,33072,0.26
6093,72648,0.27
6094,101450,0.21
6095,73455,0.24
6096,62204,0.21
6097,106277,0.2959047619047619
6098,105056,0.21
6099,55566,0.3
6100,33063,0.7415137606796547
6101,20380,0.26
6102,63400,0.28
6103,81854,0.2672180728297719
6104,92449,0.44035186592851355
6105,53344,0.28
6106,95726,0.8087014454974942
6107,114237,0.3
6108,45373,0.5455326939251731
6109,79711,0.21
6110,12634,0.06
6111,7468,0.09
6112,11766,0.3
6113,104599,0.31
6114,96897,0.8025734585058774
6115,10075,0.12
6116,37539,0.12
6117,20892,0.26
6118,37537,0.32
6119,44161,0.2876257219969326
6120,22437,0.22
6121,100243,0.28
6122,61769,0.25
6123,10047,0.2714285714285714
6124,18863,0.29333333333333333
6125,82458,0.23
6126,72626,0.21
6127,34764,0.2
6128,57588,0.21
6129,61215,0.5280102424812745
6130,31245,0.24
6131,59182,0.28
6132,45456,0.27
6133,98704,0.16
6134,71699,0.37030127686079106
6135,51,0.3311638543363016
6136,71409,0.4531794040040778
6137,86388,0.44035186592851355
6138,85409,0.09
6139,8364,0.41
6140,90405,0.21
6141,46687,0.26
6142,38618,0.29
6143,91440,0.44035186592851355
6144,103144,0.3724012754292784
6145,70489,0.21
6146,27433,0.15
6147,70062,0.18
6148,76952,0.19
6149,11284,0.15
6150,86791,0.23
6151,24862,0.3999673937173938
6152,99506,0.29
6153,51345,0.778920261971505
6154,61766,0.7024997009086346
6155,89856,0.23
6156,66242,0.22
6157,21420,0.45547356828193836
6158,44729,0.4911165246865001
6159,40136,0.27
6160,53562,0.25
6161,56611,0.22
6162,97298,0.9073162876490548
6163,88109,0.25
6164,47664,0.17
6165,29546,0.778920261971505
6166,27274,0.11
6167,67349,0.34
6168,34132,0.34
6169,59289,0.21
6170,75739,0.37
6171,93004,0.26
6172,66672,0.28
6173,108773,0.26
6174,91376,0.13
6175,36501,0.3
6176,47029,0.22
6177,63347,0.19
6178,20097,0.29333333333333333
6179,50305,0.27
6180,84305,0.47156611085503913
6181,50742,0.35111669438744175
6182,5353,0.7731311617068628
6183,97302,0.37
6184,75156,0.28
6185,48503,0.6092044951764513
6186,95887,0.16
6187,100956,0.29
6188,42522,0.28
6189,71021,0.28830446142884764
6190,114413,0.2
6191,57703,0.32
6192,86143,0.3
6193,70956,0.26
6194,49607,0.6879944332192204
6195,110273,0.29
6196,81883,0.28
6197,112642,0.22
6198,83280,0.6961258235367476
6199,7957,0.26
6200,10157,0.21
6201,97687,0.6514684368668864
6202,72011,0.21
6203,35664,0.778920261971505
6204,77099,0.6879944332192204
6205,51462,0.29
6206,43893,0.26
6207,92120,0.26
6208,51681,0.28
6209,95898,0.26
6210,32169,0.7415137606796547
6211,69944,0.33
6212,16644,0.48
6213,86434,0.17
6214,77260,0.49626280269721645
6215,75972,0.778920261971505
6216,99677,0.09
6217,10072,0.32
6218,90200,0.47156611085503913
6219,28959,0.3
6220,108911,0.3
6221,8660,0.25
6222,59153,0.08
6223,37692,0.14
6224,93696,0.16
6225,45427,0.29
6226,62867,0.19
6227,2426,0.7731311617068628
6228,103428,0.59
6229,58935,0.28
6230,114437,0.26
6231,102309,0.25
6232,79393,0.23
6233,6123,0.28
6234,92739,0.22
6235,80974,0.2
6236,115552,0.21
6237,53353,0.21
6238,97901,0.36
6239,1263,0.3782589900529063
6240,44676,0.17
6241,6937,0.28
6242,99428,0.3
6243,59462,0.3595606657286202
6244,52161,0.33224337223043043
6245,104543,0.27
6246,59533,0.19
6247,92346,0.41
6248,41403,0.42640208607459895
6249,11814,0.25
6250,63183,0.29
6251,108685,0.895686343352608
6252,36771,0.4911165246865001
6253,57745,0.778920261971505
6254,62405,0.13
6255,41905,0.6063580061789815
6256,74255,0.21
6257,99147,0.24
6258,34378,0.09
6259,95413,0.28
6260,71564,0.44035186592851355
6261,42945,0.8881061273158657
6262,115987,0.21
6263,35506,0.5098901818657562
6264,109475,0.25
6265,48361,0.3
6266,79603,0.32
6267,10929,0.5684735682819383
6268,12190,0.11
6269,30385,0.43091532760561035
6270,82100,0.2902117207222417
6271,77234,0.6879944332192204
6272,81966,0.7024997009086346
6273,8391,0.27558823529411763
6274,89632,0.21
6275,62726,0.26
6276,75984,0.23
6277,7048,0.21
6278,74935,0.9477251457732712
6279,24412,0.31
6280,22771,0.29
6281,115736,0.37576298701298705
6282,21055,0.33103448275862063
6283,21940,0.31
6284,98425,0.5799705977303526
6285,51739,0.33224337223043043
6286,83540,0.8457951945355597
6287,83853,0.3142893084856641
6288,98078,0.22
6289,32229,0.26
6290,90085,0.29
6291,111442,0.4107142857142857
6292,1493,0.25
6293,24046,0.14
6294,84372,0.3
6295,71598,0.26
6296,77717,0.26
6297,113102,0.28
6298,54004,0.26
6299,23786,0.29
6300,94196,0.34
6301,26678,0.18
6302,100312,0.27
6303,109060,0.21
6304,91441,0.29
6305,61794,0.29285605710579565
6306,17785,0.22
6307,90597,0.24
6308,48719,0.7929835529609893
6309,16303,0.24
6310,11685,0.24505659075224295
6311,26646,0.3
6312,34572,0.5098901818657562
6313,96547,0.25
6314,95336,0.35
6315,115491,0.6879944332192204
6316,3258,0.28
6317,21738,0.1
6318,47822,0.8087014454974942
6319,6344,0.26
6320,26191,0.19
6321,107973,0.40569492300158616
6322,77520,0.15
6323,101601,0.28
6324,98544,0.21
6325,2584,0.24
6326,65773,0.28
6327,35368,0.12
6328,106079,0.22
6329,76307,0.24
6330,19229,0.35
6331,75171,0.28
6332,3237,0.5023486477495499
6333,30800,0.22
6334,41948,0.28
6335,44825,0.34
6336,62880,0.35
6337,3747,0.21
6338,95478,0.9073162876490548
6339,111592,0.6514684368668864
6340,20316,0.7929835529609893
6341,16735,0.27
6342,108258,0.895686343352608
6343,73140,0.29
6344,43161,0.4911165246865001
6345,60865,0.7024997009086346
6346,73690,0.09
6347,95890,0.18
6348,30626,0.6879944332192204
6349,4128,0.4830053831157081
6350,115289,0.5224557364380512
6351,110797,0.3
6352,40698,0.26
6353,25369,0.26
6354,92864,0.25
6355,20562,0.3
6356,19644,0.22
6357,90565,0.686711125185392
6358,57565,0.45
6359,84357,0.2672180728297719
6360,97336,0.23
6361,55192,0.16
6362,42127,0.7024997009086346
6363,29254,0.15
6364,73705,0.21
6365,59066,0.21
6366,89063,0.27
6367,107815,0.32
6368,102554,0.26
6369,75741,0.778920261971505
6370,83223,0.21
6371,71193,0.57602346105529
6372,11931,0.25
6373,114917,0.27
6374,32927,0.28
6375,77024,0.3597872340425532
6376,59983,0.25
6377,113500,0.3
6378,109574,0.6514684368668864
6379,62040,0.21106571196018278
6380,79301,0.8025734585058774
6381,79807,0.47156611085503913
6382,78788,0.6574333853925554
6383,70785,0.07
6384,59403,0.9106379870737048
6385,54895,0.25
6386,34763,0.5455326939251731
6387,6781,0.12
6388,54280,0.3
6389,37408,0.06
6390,52839,0.38
6391,98007,0.8074620881663229
6392,77693,0.213125892987996
6393,2001,0.29
6394,98686,0.32
6395,5513,0.25
6396,51177,0.22
6397,44470,0.24
6398,70184,0.6060437791111741
6399,52635,0.21
6400,107069,0.29
6401,94957,0.32
6402,6716,0.3
6403,84645,0.21
6404,89562,0.22
6405,96089,0.6060437791111741
6406,25502,0.33
6407,42970,0.18
6408,68415,0.5020588542209693
6409,40862,0.24
6410,70643,0.57602346105529
6411,89952,0.6060437791111741
6412,78802,0.15
6413,70697,0.3
6414,27538,0.3
6415,1502,0.2
6416,13759,0.14
6417,103389,0.8002701290515217
6418,64465,0.19
6419,62732,0.27
6420,38899,0.25
6421,282,0.262
6422,23155,0.22
6423,110373,0.26
6424,81196,0.24
6425,92724,0.5658684711404199
6426,92693,0.57602346105529
6427,91248,0.9437447063281852
6428,85609,0.49626280269721645
6429,70606,0.21
6430,57351,0.27
6431,11049,0.26
6432,15471,0.22866666666666663
6433,110763,0.06
6434,57334,0.21
6435,20089,0.22
6436,21475,0.22
6437,17885,0.15
6438,94950,0.57602346105529
6439,1870,0.13
6440,85948,0.8094490423084325
6441,2637,0.28
6442,113812,0.1
6443,92207,0.57602346105529
6444,101173,0.28
6445,66416,0.28
6446,69798,0.27
6447,9232,0.26
6448,19046,0.26
6449,101437,0.8074620881663229
6450,91821,0.2902117207222417
6451,94284,0.32
6452,92800,0.34
6453,80395,0.30035621847553995
6454,53357,0.14
6455,50923,0.6879944332192204
6456,22247,0.3
6457,111192,0.25
6458,82832,0.7024997009086346
6459,92498,0.21
6460,86689,0.22
6461,59760,0.28
6462,31301,0.15
6463,90933,0.21
6464,47538,0.21
6465,10629,0.23
6466,104909,0.3
6467,44641,0.3
6468,53223,0.13
6469,36450,0.18
6470,62021,0.23
6471,4346,0.19
6472,91321,0.44035186592851355
6473,66043,0.28
6474,17138,0.25
6475,57895,0.29
6476,99284,0.3713762139346507
6477,33708,0.27
6478,95338,0.57602346105529
6479,20371,0.30485270461020425
6480,64832,0.27
6481,42532,0.3
6482,107985,0.804737389751532
6483,104594,0.21
6484,85439,0.24
6485,20151,0.22
6486,73897,0.21
6487,83759,0.5658684711404199
6488,106866,0.25
6489,86974,0.04
6490,67206,0.8087014454974942
6491,110078,0.8002701290515217
6492,65056,0.3
6493,1657,0.34
6494,96630,0.28
6495,15339,0.22
6496,40392,0.29
6497,12164,0.34
6498,44347,0.29
6499,108464,0.32
6500,9274,0.1
6501,50287,0.29
6502,2525,0.28
6503,100795,0.36
6504,57974,0.6879944332192204
6505,112209,0.804737389751532
6506,113691,0.21
6507,36344,0.31
6508,69247,0.31
6509,66973,0.8087014454974942
6510,110062,0.28
6511,50003,0.21
6512,95640,0.22
6513,46820,0.22
6514,28851,0.3
6515,73171,0.49626280269721645
6516,29749,0.22
6517,114592,0.8331601874669974
6518,109792,0.62
6519,43408,0.2736505932627259
6520,71041,0.49775771369818395
6521,103936,0.04
6522,29146,0.26
6523,37764,0.27
6524,4567,0.4830053831157081
6525,78937,0.34
6526,22599,0.44547356828193835
6527,85471,0.21
6528,39962,0.31
6529,10725,0.15
6530,84134,0.28
6531,7770,0.4830053831157081
6532,52591,0.2672180728297719
6533,53746,0.6879944332192204
6534,87430,0.25
6535,29484,0.29
6536,109036,0.29
6537,47052,0.25
6538,53783,0.2966666666666667
6539,41110,0.22
6540,109110,0.31
6541,28024,0.28
6542,92662,0.188
6543,79076,0.21
6544,61640,0.28
6545,8646,0.13
6546,97414,0.28
6547,103678,0.3
6548,86323,0.27
6549,82220,0.22
6550,88990,0.2672180728297719
6551,115348,0.28
6552,108074,0.21
6553,35383,0.14
6554,42518,0.3
6555,54971,0.33224337223043043
6556,93356,0.21
6557,14403,0.32
6558,55876,0.27
6559,9692,0.26
6560,108538,0.26
6561,25215,0.2611111183793985
6562,93178,0.37022727272727274
6563,55753,0.17
6564,28349,0.25
6565,14910,0.24
6566,9393,0.24
6567,35544,0.19
6568,19385,0.26
6569,77611,0.23
6570,109319,0.29
6571,37850,0.26
6572,3508,0.2714285714285714
6573,52025,0.6063580061789815
6574,26141,0.17
6575,79725,0.26
6576,88928,0.6060437791111741
6577,94646,0.2
6578,71049,0.8087014454974942
6579,22252,0.42
6580,30185,0.23
6581,91372,0.23
6582,52220,0.19
6583,17768,0.22
6584,11774,0.25
6585,26491,0.22
6586,91243,0.06
6587,6863,0.16
6588,101736,0.27
6589,60787,0.8457951945355597
6590,91867,0.686711125185392
6591,67109,0.5658684711404199
6592,92891,0.686711125185392
6593,58989,0.21
6594,111768,0.804737389751532
6595,76191,0.18
6596,33339,0.21952136456069715
6597,71522,0.25
6598,98584,0.6060437791111741
6599,112465,0.26
6600,1828,0.28
6601,83149,0.21
6602,37967,0.4911165246865001
6603,29899,0.18
6604,17543,0.4232366094548015
6605,31608,0.26
6606,50339,0.4911165246865001
6607,4236,0.28
6608,75158,0.17
6609,8457,0.24
6610,34708,0.4911165246865001
6611,44940,0.19
6612,37378,0.37
6613,28842,0.26
6614,93027,0.19
6615,27637,0.18
6616,93353,0.8087014454974942
6617,84541,0.30883892068683566
6618,372,0.3
6619,87903,0.8087014454974942
6620,90525,0.2814568078776256
6621,75623,0.19
6622,56639,0.8457951945355597
6623,114039,0.28
6624,2787,0.2714285714285714
6625,109749,0.34
6626,17943,0.21
6627,70842,0.57602346105529
6628,2880,0.3916956136229623
6629,11844,0.18
6630,18743,0.28
6631,102981,0.26
6632,50538,0.25
6633,47796,0.22
6634,50955,0.29
6635,99541,0.28908145122531176
6636,104675,0.32
6637,36706,0.23
6638,114169,0.8457951945355597
6639,41729,0.6063580061789815
6640,21970,0.29
6641,84612,0.2672180728297719
6642,72428,0.1
6643,86525,0.24
6644,15622,0.46
6645,49715,0.34
6646,11240,0.3
6647,67482,0.21
6648,38627,0.34
6649,32380,0.22
6650,64771,0.2
6651,94065,0.29
6652,93203,0.6514684368668864
6653,86575,0.13
6654,87285,0.31
6655,7832,0.23828070175438598
6656,16482,0.25
6657,18698,0.26
6658,106909,0.17
6659,95519,0.32
6660,100059,0.43249015313620975
6661,103493,0.28
6662,78776,0.21
6663,4391,0.23
6664,4438,0.22
6665,59729,0.2
6666,80587,0.45711449793839437
6667,4091,0.32
6668,66920,0.28
6669,49719,0.27
6670,50628,0.6879944332192204
6671,105046,0.1
6672,44427,0.4911165246865001
6673,28251,0.3
6674,11785,0.4985545731779656
6675,92438,0.47156611085503913
6676,26217,0.29
6677,5731,0.25
6678,6067,0.08
6679,97748,0.26
6680,49963,0.27
6681,14692,0.28
6682,56751,0.21106571196018278
6683,52571,0.21106571196018278
6684,67860,0.26
6685,77550,0.08
6686,86140,0.36
6687,105232,0.25
6688,19014,0.41
6689,82957,0.2
6690,52372,0.26
6691,96027,0.22
6692,21295,0.26
6693,114211,0.28
6694,87872,0.28
6695,36012,0.7929835529609893
6696,89909,0.28
6697,48053,0.21
6698,76662,0.663121287281579
6699,112951,0.7415137606796547
6700,25500,0.6063580061789815
6701,94784,0.8074620881663229
6702,29867,0.6879944332192204
6703,98694,0.686711125185392
6704,94057,0.26
6705,82501,0.21
6706,22942,0.22
6707,52269,0.3
6708,10426,0.23
6709,16052,0.29041044843077246
6710,41680,0.24
6711,19112,0.5790291238374938
6712,53238,0.7024997009086346
6713,73971,0.29
6714,80172,0.15
6715,31737,0.36271428571428566
6716,17905,0.23
6717,45815,0.27
6718,20366,0.07
6719,2830,0.2714285714285714
6720,76100,0.1
6721,50454,0.25
6722,51674,0.6879944332192204
6723,29157,0.29
6724,9258,0.21
6725,109634,0.29
6726,6701,0.26
6727,31114,0.5098901818657562
6728,6371,0.25
6729,62375,0.2672180728297719
6730,41946,0.29
6731,111831,0.7491207553686823
6732,5248,0.23
6733,18452,0.2
6734,87942,0.686711125185392
6735,20652,0.11
6736,3383,0.2714285714285714
6737,49796,0.2
6738,42673,0.4911165246865001
6739,112612,0.3
6740,37272,0.57602346105529
6741,21413,0.26
6742,22525,0.6053765993562714
6743,6343,0.22
6744,69853,0.22
6745,75999,0.3
6746,49348,0.7024997009086346
6747,77446,0.24
6748,3084,0.27
6749,78406,0.21952136456069715
6750,12721,0.25
6751,47570,0.4911165246865001
6752,62862,0.25
6753,54998,0.8016548798422711
6754,90193,0.21106571196018278
6755,61241,0.21
6756,51088,0.21
6757,77907,0.35
6758,97091,0.4911165246865001
6759,24698,0.34
6760,1474,0.25
6761,90201,0.26
6762,95043,0.22
6763,109821,0.21
6764,67957,0.21
6765,37345,0.28
6766,339,0.07
6767,93650,0.12
6768,21570,0.57602346105529
6769,932,0.5120451366668759
6770,14751,0.08
6771,11297,0.22
6772,30840,0.6879944332192204
6773,88214,0.6185082824926071
6774,45364,0.26
6775,91214,0.7517547952262292
6776,69642,0.29542118743406626
6777,39589,0.7024997009086346
6778,54284,0.21
6779,73538,0.29285605710579565
6780,14760,0.32
6781,112600,0.24
6782,17139,0.26
6783,36172,0.8016548798422711
6784,95575,0.3
6785,18770,0.8881061273158657
6786,75993,0.26
6787,114133,0.38
6788,40561,0.2791666666666667
6789,58821,0.27
6790,27708,0.27
6791,39793,0.26
6792,4167,0.28
6793,81817,0.57602346105529
6794,50329,0.29
6795,106689,0.26
6796,98147,0.6514684368668864
6797,19940,0.29
6798,105522,0.6514684368668864
6799,47916,0.06
6800,109710,0.35775770716211897
6801,38905,0.2
6802,56495,0.21
6803,89635,0.4911165246865001
6804,40005,0.18
6805,99950,0.6514684368668864
6806,112852,0.3
6807,107330,0.27
6808,14578,0.17
6809,55562,0.28
6810,112848,0.804737389751532
6811,86255,0.44035186592851355
6812,11955,0.3185
6813,60767,0.34
6814,77962,0.6879944332192204
6815,72886,0.2672180728297719
6816,59913,0.25293732567047406
6817,90711,0.686711125185392
6818,27126,0.18
6819,97922,0.24
6820,67086,0.28
6821,64200,0.26
6822,53927,0.6606477235506313
6823,108629,0.18
6824,63516,0.17
6825,10612,0.22
6826,80798,0.37589112225170324
6827,79226,0.25076923076923074
6828,46547,0.29911736974729275
6829,58701,0.33
6830,22300,0.29
6831,47321,0.26
6832,58210,0.02
6833,63055,0.27
6834,75377,0.28
6835,40769,0.19
6836,42543,0.22
6837,61280,0.29
6838,47494,0.2611111183793985
6839,18245,0.3
6840,36485,0.25
6841,103084,0.34
6842,101370,0.6514684368668864
6843,53686,0.21
6844,102310,0.3165041518110797
6845,18229,0.3063636363636364
6846,32065,0.26
6847,85973,0.7024997009086346
6848,43259,0.26
6849,40684,0.22
6850,27191,0.22
6851,70741,0.31
6852,83996,0.3
6853,50761,0.7024997009086346
6854,36521,0.31
6855,15769,0.35
6856,71949,0.57602346105529
6857,15695,0.24125
6858,14129,0.12
6859,44751,0.2876257219969326
6860,46594,0.2611111183793985
6861,8968,0.09
6862,72429,0.2672180728297719
6863,107546,0.13
6864,28654,0.29
6865,111510,0.6514684368668864
6866,86623,0.2672180728297719
6867,24398,0.4911165246865001
6868,11301,0.21
6869,35191,0.06
6870,100126,0.7491207553686823
6871,76657,0.2672180728297719
6872,20857,0.24
6873,71429,0.22
6874,109886,0.21
6875,115551,0.8002701290515217
6876,59172,0.778920261971505
6877,39833,0.07
6878,87039,0.8094490423084325
6879,89467,0.25
6880,88221,0.25
6881,85866,0.8094490423084325
6882,48414,0.29
6883,49562,0.18
6884,111205,0.28
6885,83371,0.4911165246865001
6886,111310,0.2
6887,46210,0.29
6888,59910,0.3
6889,68298,0.29542118743406626
6890,20990,0.1
6891,91457,0.25
6892,106901,0.34
6893,92558,0.21
6894,34956,0.22
6895,39478,0.34
6896,63142,0.28
6897,33804,0.24
6898,42720,0.12
6899,17396,0.38
6900,45217,0.3
6901,829,0.18
6902,80556,0.24
6903,63039,0.3
6904,66274,0.28
6905,80066,0.2
6906,111458,0.6970637908450266
6907,64669,0.3
6908,75669,0.2
6909,80184,0.33
6910,12117,0.21
6911,669,0.11
6912,112404,0.14
6913,61980,0.42301428121191526
6914,85037,0.22
6915,16760,0.29238095238095235
6916,84224,0.24
6917,93136,0.33899285004789426
6918,112211,0.21
6919,10561,0.4830053831157081
6920,17117,0.19
6921,100363,0.19
6922,89056,0.44035186592851355
6923,54601,0.844755567144862
6924,71655,0.29
6925,1971,0.22
6926,103086,0.21106571196018278
6927,27737,0.32
6928,83736,0.27
6929,112842,0.9039408732770348
6930,98063,0.21
6931,88619,0.26
6932,28088,0.26
6933,106567,0.35
6934,27963,0.26
6935,106505,0.3
6936,8258,0.27
6937,49815,0.03
6938,44827,0.26
6939,43646,0.26
6940,97418,0.3804642647908094
6941,22057,0.48168650793650797
6942,108857,0.40569492300158616
6943,50498,0.7024997009086346
6944,108945,0.23
6945,112034,0.56
6946,22635,0.2611111183793985
6947,93544,0.21
6948,85536,0.28
6949,756,0.17
6950,66074,0.39
6951,109570,0.21
6952,78037,0.4
6953,87494,0.8087014454974942
6954,97155,0.23
6955,107124,0.21
6956,22265,0.22
6957,50211,0.29
6958,21081,0.2033333333333333
6959,65696,0.28
6960,100546,0.3804642647908094
6961,46279,0.21
6962,65622,0.29
6963,29464,0.22
6964,80999,0.36
6965,19009,0.63
6966,96289,0.19
6967,24709,0.25293732567047406
6968,79011,0.1
6969,48045,0.3054576171951389
6970,114879,0.3
6971,11828,0.26
6972,30417,0.26
6973,24229,0.2736505932627259
6974,21482,0.22
6975,1914,0.3306666666666666
6976,86204,0.23
6977,98344,0.21106571196018278
6978,77483,0.328071367358132
6979,110908,0.29
6980,109084,0.3
6981,90527,0.15
6982,43771,0.9580312522587274
6983,83045,0.37
6984,113789,0.28
6985,102932,0.07
6986,19456,0.26
6987,32984,0.37
6988,90256,0.57602346105529
6989,28162,0.26
6990,94544,0.26
6991,55106,0.21106571196018278
6992,69232,0.8881061273158657
6993,49125,0.96
6994,92905,0.29542118743406626
6995,35190,0.6574333853925554
6996,31474,0.2
6997,44663,0.28
6998,39531,0.26
6999,29786,0.24
7000,26922,0.23
7001,51786,0.34
7002,72211,0.44035186592851355
7003,5081,0.12
7004,12545,0.23
7005,90713,0.29
7006,114415,0.27
7007,56240,0.08
7008,67897,0.6060437791111741
7009,112208,0.7297362120298689
7010,88855,0.686711125185392
7011,48658,0.35246323529411766
7012,73033,0.2672180728297719
7013,30420,0.6879944332192204
7014,64791,0.21
7015,21635,0.31
7016,93786,0.6514684368668864
7017,32205,0.6574333853925554
7018,77872,0.22
7019,81106,0.7024997009086346
7020,35305,0.3
7021,18206,0.28
7022,33653,0.31
7023,22961,0.49626280269721645
7024,76287,0.778920261971505
7025,10862,0.2
7026,26717,0.3
7027,16213,0.24
7028,72892,0.3
7029,96593,0.19
7030,64402,0.19
7031,115651,0.16
7032,69830,0.5668692303155257
7033,92542,0.44035186592851355
7034,6107,0.39
7035,41843,0.32
7036,97492,0.21
7037,65424,0.2
7038,92451,0.33
7039,110780,0.6514684368668864
7040,961,0.36
7041,114621,0.11
7042,82523,0.8087014454974942
7043,80851,0.663121287281579
7044,32979,0.7415137606796547
7045,47728,0.502968253968254
7046,100744,0.39476190476190476
7047,5030,0.32
7048,56420,0.32
7049,43914,0.7415137606796547
7050,97583,0.5799705977303526
7051,32665,0.2
7052,27027,0.57602346105529
7053,24175,0.25
7054,55670,0.33
7055,81306,0.25
7056,28813,0.57602346105529
7057,74104,0.6060437791111741
7058,105482,0.4911165246865001
7059,28919,0.3
7060,56998,0.6879944332192204
7061,97575,0.39
7062,15566,0.35
7063,39563,0.3
7064,23076,0.37
7065,9599,0.17
7066,62617,0.25
7067,111129,0.23
7068,5320,0.2502171729681814
7069,65656,0.28
7070,27559,0.05
7071,29338,0.6574333853925554
7072,76644,0.44035186592851355
7073,104085,0.29
7074,37255,0.2611111183793985
7075,50552,0.8044329605846217
7076,64651,0.38
7077,100810,0.22
7078,33527,0.27
7079,26911,0.22
7080,112387,0.586692567662435
7081,9221,0.25
7082,19810,0.31
7083,92866,0.5658684711404199
7084,80635,0.4911165246865001
7085,78038,0.22
7086,89911,0.22
7087,66363,0.22
7088,21337,0.05
7089,1641,0.21
7090,30373,0.57602346105529
7091,55414,0.3
7092,86401,0.21
7093,34746,0.43
7094,37058,0.28
7095,113816,0.36
7096,48266,0.33
7097,7580,0.19
7098,52974,0.17
7099,87500,0.38
7100,35802,0.7024997009086346
7101,78710,0.23
7102,65189,0.29
7103,2148,0.24
7104,30312,0.31
7105,85798,0.19
7106,78015,0.27
7107,55898,0.2902117207222417
7108,89322,0.33
7109,8196,0.21
7110,41421,0.17
7111,41451,0.35
7112,96223,0.8087014454974942
7113,47249,0.8016548798422711
7114,115126,0.26
7115,104463,0.36
7116,49091,0.21
7117,4770,0.23828070175438598
7118,3520,0.4883531746031746
7119,32645,0.5098901818657562
7120,110207,0.640589310994999
7121,16434,0.26
7122,25155,0.29
7123,99440,0.3
7124,84979,0.23
7125,24637,0.33899285004789426
7126,95270,0.27
7127,94632,0.2672180728297719
7128,85602,0.8016548798422711
7129,102021,0.15
7130,31521,0.25
7131,1059,0.1
7132,39393,0.29
7133,25939,0.22
7134,13754,0.24
7135,89529,0.21
7136,114729,0.21
7137,47468,0.26
7138,85423,0.21
7139,107873,0.33
7140,103869,0.21
7141,74243,0.7024997009086346
7142,65779,0.26
7143,47016,0.6606477235506313
7144,88404,0.3595606657286202
7145,3478,0.2714285714285714
7146,88151,0.8087014454974942
7147,41061,0.2611111183793985
7148,62942,0.8094490423084325
7149,96642,0.22
7150,4904,0.22
7151,3711,0.21
7152,29953,0.29
7153,28220,0.27
7154,37271,0.3
7155,11217,0.3379268407291214
7156,107085,0.22
7157,35749,0.25
7158,34312,0.21
7159,106406,0.27
7160,51678,0.23
7161,108091,0.26
7162,46227,0.23
7163,2038,0.24
7164,51695,0.11
7165,91335,0.44035186592851355
7166,100100,0.27
7167,36761,0.21
7168,33246,0.3
7169,54452,0.28
7170,48377,0.13
7171,79088,0.14
7172,58464,0.213125892987996
7173,20885,0.22
7174,6968,0.14
7175,26965,0.28
7176,38913,0.33535714285714285
7177,85425,0.21
7178,94877,0.28908145122531176
7179,102078,0.28
7180,70043,0.31
7181,59098,0.06
7182,71197,0.44035186592851355
7183,65867,0.25
7184,21901,0.2
7185,33781,0.778920261971505
7186,109515,0.2877141931938705
7187,36287,0.5098901818657562
7188,114236,0.24
7189,40328,0.3434759716750337
7190,109479,0.13
7191,102443,0.04
7192,22415,0.5455326939251731
7193,67868,0.5658684711404199
7194,40722,0.26
7195,97750,0.2
7196,100229,0.686711125185392
7197,97056,0.21
7198,105547,0.24
7199,7170,0.24
7200,37694,0.35
7201,39763,0.08
7202,1628,0.19
7203,39526,0.4911165246865001
7204,46183,0.28
7205,106530,0.6514684368668864
7206,57071,0.06
7207,4771,0.23
7208,109529,0.8002701290515217
7209,39628,0.22
7210,1442,0.23
7211,58968,0.25293732567047406
7212,25628,0.3
7213,47317,0.29
7214,17623,0.7606405173421392
7215,65008,0.24
7216,73491,0.31
7217,11360,0.14
7218,38387,0.23
7219,10106,0.28
7220,17048,0.23
7221,26343,0.34
7222,8904,0.26
7223,84343,0.29542118743406626
7224,16978,0.25
7225,40867,0.12
7226,115516,0.21
7227,56135,0.8331601874669974
7228,63945,0.22
7229,59132,0.19
7230,112964,0.6574333853925554
7231,21588,0.3
7232,9068,0.14
7233,102763,0.21
7234,67192,0.5658684711404199
7235,113158,0.37
7236,56954,0.1
7237,102407,0.27
7238,43791,0.23
7239,13839,0.27
7240,96470,0.3
7241,36216,0.1
7242,16950,0.48
7243,114078,0.16
7244,40776,0.3343502824858757
7245,242,0.22
7246,82620,0.6961258235367476
7247,9268,0.24796069590298245
7248,23,0.23
7249,71980,0.27
7250,57654,0.21
7251,36514,0.6879944332192204
7252,96862,0.21
7253,51443,0.24
7254,114886,0.25
7255,95510,0.21
7256,66867,0.27
7257,11234,0.27
7258,75283,0.23
7259,96177,0.2672180728297719
7260,66464,0.22
7261,81198,0.26
7262,25399,0.3
7263,110226,0.13
7264,78900,0.2672180728297719
7265,32285,0.5098901818657562
7266,27405,0.3
7267,8497,0.29
7268,112466,0.28
7269,50583,0.22
7270,106760,0.2
7271,88373,0.686711125185392
7272,94016,0.43249015313620975
7273,110071,0.17
7274,70162,0.6970637908450266
7275,71481,0.26
7276,82328,0.23
7277,95520,0.32
7278,40327,0.57602346105529
7279,111405,0.6514684368668864
7280,1386,0.23
7281,112526,0.25
7282,102983,0.8087014454974942
7283,64311,0.28
7284,89794,0.4911165246865001
7285,35559,0.5098901818657562
7286,6271,0.28
7287,61377,0.24
7288,97929,0.29
7289,5203,0.22
7290,3966,0.3618664046504301
7291,15367,0.2
7292,59285,0.31
7293,47258,0.3
7294,56879,0.21
7295,106974,0.6514684368668864
7296,38215,0.44
7297,75056,0.22
7298,107738,0.25
7299,82240,0.11
7300,71022,0.2672180728297719
7301,115760,0.2923230518274556
7302,15220,0.18
7303,78396,0.21106571196018278
7304,3985,0.21
7305,88168,0.36633867133905085
7306,55142,0.08
7307,37263,0.26
7308,80830,0.21
7309,64565,0.22
7310,38176,0.26
7311,84390,0.25293732567047406
7312,52861,0.21106571196018278
7313,109921,0.23
7314,184,0.22
7315,114684,0.21
7316,40229,0.4911165246865001
7317,91279,0.5658684711404199
7318,33181,0.38
7319,97970,0.3025
7320,65542,0.28
7321,70427,0.21
7322,103273,0.21
7323,25682,0.2611111183793985
7324,94302,0.36
7325,104433,0.6060437791111741
7326,99883,0.640589310994999
7327,43663,0.26
7328,110416,0.36104092501642404
7329,51588,0.33224337223043043
7330,4832,0.28
7331,85436,0.17
7332,65134,0.12
7333,79360,0.26
7334,2319,0.25
7335,88485,0.21
7336,56795,0.3054576171951389
7337,80767,0.2672180728297719
7338,76868,0.4911165246865001
7339,85067,0.21
7340,9278,0.3916956136229623
7341,38485,0.57602346105529
7342,44750,0.30402109386410026
7343,79491,0.28
7344,110073,0.6060437791111741
7345,64776,0.24
7346,87206,0.27
7347,36659,0.2611111183793985
7348,13039,0.22
7349,11681,0.24
7350,64518,0.26
7351,70252,0.8087014454974942
7352,9099,0.21
7353,115213,0.26
7354,92647,0.5658684711404199
7355,84710,0.57602346105529
7356,108021,0.21
7357,103127,0.29
7358,43214,0.26
7359,41223,0.42301428121191526
7360,50515,0.35
7361,94551,0.21
7362,65408,0.26
7363,106048,0.28
7364,62160,0.21
7365,38765,0.35
7366,62092,0.21
7367,99092,0.8484012324895833
7368,79331,0.29
7369,17285,0.46180454754171424
7370,69668,0.25
7371,74051,0.21
7372,96551,0.27287579664907846
7373,36137,0.27
7374,16987,0.25
7375,1902,0.2421428571428571
7376,66905,0.2
7377,46898,0.17
7378,99223,0.8484012324895833
7379,42420,0.26
7380,39276,0.24
7381,75526,0.8331601874669974
7382,100208,0.28
7383,21445,0.09
7384,43383,0.31
7385,115136,0.2975589937410899
7386,8441,0.24505659075224295
7387,82587,0.5658684711404199
7388,3329,0.27
7389,36186,0.26
7390,17724,0.23
7391,8855,0.22
7392,58795,0.3054576171951389
7393,110617,0.3
7394,54524,0.19
7395,20802,0.3782589900529063
7396,44361,0.23
7397,11468,0.21
7398,17454,0.32
7399,77580,0.57602346105529
7400,52479,0.3
7401,71274,0.29
7402,42541,0.24
7403,54800,0.6879944332192204
7404,6450,0.13
7405,33625,0.5585799079145132
7406,36891,0.34
7407,115709,0.21
7408,9064,0.08
7409,76150,0.27
7410,85811,0.3
7411,45819,0.26
7412,87931,0.21
7413,50605,0.26
7414,98301,0.5952890834207484
7415,19883,0.12
7416,51879,0.21
7417,54234,0.2
7418,7199,0.22
7419,29542,0.21
7420,22576,0.31
7421,114460,0.21
7422,70981,0.5658684711404199
7423,74853,0.1
7424,43508,0.22
7425,91202,0.29285605710579565
7426,66610,0.3
7427,86359,0.24
7428,111191,0.28
7429,104635,0.2
7430,27763,0.31
7431,76345,0.1
7432,44285,0.26
7433,18637,0.49
7434,36977,0.3
7435,4419,0.2502171729681814
7436,34354,0.33224337223043043
7437,45069,0.26
7438,29019,0.5098901818657562
7439,27705,0.18
7440,427,0.34
7441,58261,0.8087014454974942
7442,103240,0.23
7443,89113,0.6060437791111741
7444,102861,0.25
7445,23846,0.27
7446,52756,0.6032484614923382
7447,26449,0.19
7448,112448,0.35
7449,46813,0.29
7450,20531,0.07
7451,20749,0.2366666666666667
7452,18759,0.29
7453,98145,0.36
7454,34806,0.27
7455,45788,0.17
7456,69371,0.26
7457,9422,0.23
7458,3786,0.28
7459,64144,0.22
7460,109167,0.5658684711404199
7461,24810,0.05
7462,17273,0.3
7463,22486,0.18
7464,113441,0.21
7465,56005,0.47156611085503913
7466,17235,0.22
7467,40510,0.255625
7468,92708,0.2672180728297719
7469,7282,0.26
7470,62795,0.37
7471,65493,0.22
7472,105334,0.4911165246865001
7473,114902,0.2
7474,43461,0.3
7475,76555,0.29
7476,93288,0.33
7477,88936,0.27
7478,78168,0.25
7479,24144,0.28
7480,103735,0.21
7481,114216,0.8457951945355597
7482,47003,0.4531794040040778
7483,85542,0.44035186592851355
7484,86228,0.15
7485,35744,0.28
7486,7141,0.21
7487,37047,0.11
7488,55380,0.26
7489,100570,0.29
7490,35638,0.31
7491,593,0.13
7492,103202,0.28
7493,105774,0.3
7494,79862,0.49775771369818395
7495,3437,0.28
7496,9214,0.23828070175438598
7497,46005,0.21
7498,75646,0.17
7499,104541,0.3
7500,98378,0.22
7501,104688,0.2
7502,60724,0.5020588542209693
7503,95539,0.22
7504,31462,0.19
7505,114692,0.21
7506,102702,0.3595606657286202
7507,385,0.15
7508,67601,0.213125892987996
7509,87071,0.5398717948717949
7510,115184,0.22
7511,32667,0.778920261971505
7512,13458,0.26
7513,1487,0.24
7514,39813,0.36
7515,47554,0.25
7516,60603,0.27
7517,24664,0.2
7518,53242,0.3
7519,92407,0.21
7520,100029,0.6514684368668864
7521,112033,0.804737389751532
7522,111733,0.26
7523,100542,0.36633867133905085
7524,28809,0.6606477235506313
7525,31757,0.26
7526,104598,0.23
7527,71221,0.21
7528,61522,0.26
7529,83937,0.5020588542209693
7530,99390,0.15
7531,10879,0.24505659075224295
7532,19264,0.08
7533,6817,0.16
7534,56616,0.2
7535,73844,0.26
7536,100110,0.6060437791111741
7537,34539,0.22
7538,58435,0.5020588542209693
7539,36219,0.26
7540,82023,0.07
7541,94109,0.21
7542,115079,0.25076923076923074
7543,45001,0.27
7544,18962,0.24
7545,8410,0.2611111183793985
7546,86837,0.24
7547,53239,0.2877141931938705
7548,74913,0.26
7549,49994,0.32
7550,73746,0.21
7551,79934,0.28
7552,111754,0.804737389751532
7553,51671,0.37
7554,16783,0.533504542114656
7555,59354,0.29
7556,84284,0.3534753024753025
7557,18584,0.35
7558,96617,0.22
7559,51360,0.6092044951764513
7560,78459,0.19
7561,48109,0.21
7562,9613,0.2502171729681814
7563,56619,0.778920261971505
7564,91901,0.5658684711404199
7565,65757,0.34
7566,58636,0.7024997009086346
7567,107723,0.21
7568,111686,0.21
7569,15356,0.2
7570,52896,0.21
7571,33644,0.2611111183793985
7572,95328,0.8025734585058774
7573,11305,0.16
7574,70646,0.21584599045548056
7575,68963,0.21
7576,23835,0.23
7577,42121,0.7024997009086346
7578,42821,0.29
7579,26818,0.778920261971505
7580,73273,0.315
7581,76530,0.49626280269721645
7582,66440,0.28
7583,12098,0.23
7584,60151,0.8087014454974942
7585,5769,0.22
7586,74774,0.8331601874669974
7587,82980,0.29542118743406626
7588,7576,0.17
7589,28564,0.23
7590,42583,0.4031051372347387
7591,25270,0.31904965016458353
7592,70316,0.23
7593,105772,0.4
7594,29391,0.31
7595,108595,0.3713762139346507
7596,83334,0.31
7597,91717,0.8087014454974942
7598,19065,0.45547356828193836
7599,66977,0.29
7600,53729,0.213125892987996
7601,47397,0.24
7602,3026,0.28
7603,91105,0.21
7604,15501,0.2531428571428571
7605,62593,0.2672180728297719
7606,64185,0.28
7607,111229,0.3
7608,27351,0.25891862170087976
7609,40486,0.1
7610,50362,0.8890800347398262
7611,29041,0.6879944332192204
7612,63803,0.26
7613,115046,0.3
7614,43080,0.34
7615,92761,0.23
7616,30410,0.2896761435448496
7617,83460,0.25
7618,27543,0.26
7619,23827,0.23
7620,31214,0.27
7621,40516,0.15
7622,51973,0.6032484614923382
7623,63536,0.23
7624,48276,0.44035186592851355
7625,38106,0.3
7626,71090,0.24
7627,48458,0.21106571196018278
7628,61499,0.22
7629,58175,0.3
7630,66382,0.26
7631,47886,0.28
7632,67867,0.21106571196018278
7633,41767,0.14
7634,24063,0.2611111183793985
7635,92342,0.12
7636,60538,0.3
7637,12468,0.24
7638,80290,0.7491207553686823
7639,20161,0.08
7640,46107,0.33001190476190473
7641,22848,0.34
7642,95446,0.21
7643,107407,0.28
7644,73680,0.21
7645,49508,0.3
7646,36876,0.35
7647,9321,0.25
7648,48365,0.37
7649,37442,0.37
7650,86898,0.22
7651,38393,0.778920261971505
7652,105737,0.11
7653,4525,0.22
7654,57603,0.420547215722297
7655,103056,0.23
7656,102825,0.21
7657,9992,0.19
7658,85876,0.21
7659,53117,0.5162471139971141
7660,85729,0.44035186592851355
7661,103620,0.35236544011544013
7662,112995,0.24
7663,37078,0.15
7664,70434,0.25
7665,96002,0.27
7666,47997,0.21
7667,101442,0.3713762139346507
7668,102735,0.25
7669,13787,0.37915151515151524
7670,58268,0.21106571196018278
7671,73386,0.26
7672,30689,0.26
7673,107701,0.21
7674,78969,0.2
7675,63507,0.33
7676,113454,0.27
7677,91408,0.686711125185392
7678,78161,0.33224337223043043
7679,9649,0.34
7680,113976,0.2
7681,56928,0.23
7682,59336,0.2779001297850061
7683,18563,0.21
7684,81692,0.25
7685,77578,0.17
7686,73185,0.49626280269721645
7687,105798,0.28
7688,35237,0.5455326939251731
7689,89796,0.686711125185392
7690,21160,0.6252534799651673
7691,64134,0.28
7692,115715,0.21
7693,77970,0.29
7694,68377,0.5952890834207484
7695,67524,0.21
7696,56844,0.8087014454974942
7697,72990,0.24
7698,86579,0.19
7699,98713,0.9073162876490548
7700,26984,0.27
7701,33111,0.3
7702,37630,0.26
7703,112745,0.33
7704,109701,0.5105917597187313
7705,13130,0.4985545731779656
7706,111311,0.19
7707,94672,0.29
7708,106323,0.07
7709,5219,0.6987114098478523
7710,73804,0.32
7711,22814,0.24
7712,39963,0.22
7713,46003,0.26
7714,113681,0.21
7715,95842,0.6514684368668864
7716,115023,0.5799705977303526
7717,96402,0.8087014454974942
7718,33689,0.3
7719,24861,0.19
7720,52788,0.27
7721,65359,0.13
7722,54946,0.31
7723,55046,0.8881061273158657
7724,77659,0.24
7725,6558,0.18
7726,81327,0.29
7727,75407,0.24
7728,30578,0.19
7729,971,0.23
7730,26334,0.21
7731,65196,0.2
7732,2519,0.22
7733,36492,0.3
7734,45527,0.2611111183793985
7735,30599,0.6879944332192204
7736,60059,0.23
7737,9752,0.21
7738,78571,0.21
7739,35493,0.22
7740,75301,0.8331601874669974
7741,35839,0.6574333853925554
7742,53428,0.3
7743,96219,0.27
7744,53177,0.14
7745,88419,0.28
7746,106717,0.19
7747,10852,0.21
7748,71521,0.15
7749,18644,0.15
7750,97365,0.2
7751,1129,0.4521902964753051
7752,24194,0.34
7753,111469,0.15
7754,56800,0.21106571196018278
7755,46024,0.33
7756,102115,0.8087014454974942
7757,3358,0.26
7758,10858,0.11
7759,113214,0.22
7760,7849,0.26
7761,67177,0.29542118743406626
7762,69305,0.21
7763,17301,0.25
7764,727,0.2714285714285714
7765,104938,0.804737389751532
7766,103379,0.31
7767,20200,0.7024997009086346
7768,52028,0.05
7769,65929,0.3
7770,80490,0.22
7771,95788,0.37
7772,67116,0.34
7773,52676,0.7024997009086346
7774,70804,0.3
7775,31625,0.34
7776,16819,0.3246067676812677
7777,26248,0.38
7778,36667,0.28
7779,53026,0.28
7780,36531,0.3804562384774892
7781,10653,0.27
7782,103459,0.28
7783,41204,0.6606477235506313
7784,48220,0.2672180728297719
7785,60526,0.37
7786,53132,0.57602346105529
7787,4948,0.22
7788,30606,0.27
7789,102241,0.28
7790,23357,0.7929835529609893
7791,44812,0.57602346105529
7792,5532,0.08
7793,25459,0.2
7794,1497,0.25
7795,59511,0.15
7796,105549,0.31
7797,8564,0.21
7798,83802,0.34
7799,21358,0.42547356828193833
7800,94028,0.06
7801,114644,0.27
7802,104235,0.3763124205678637
7803,10032,0.24
7804,25326,0.08
7805,74744,0.25
7806,33994,0.06
7807,44605,0.6063580061789815
7808,6354,0.24
7809,34398,0.33224337223043043
7810,69849,0.14
7811,32614,0.27
7812,60269,0.3595606657286202
7813,80349,0.5658684711404199
7814,45460,0.31
7815,109685,0.3
7816,103502,0.21
7817,17676,0.29
7818,85271,0.21
7819,50727,0.23
7820,40652,0.25
7821,43444,0.23
7822,18984,0.25
7823,100031,0.1525
7824,87342,0.24
7825,98841,0.3633333333333333
7826,69901,0.21
7827,36299,0.21
7828,13840,0.2125
7829,85952,0.21
7830,68676,0.3
7831,1594,0.25
7832,1707,0.4985545731779656
7833,75372,0.34
7834,73704,0.21
7835,37882,0.6063580061789815
7836,81471,0.29
7837,85691,0.29542118743406626
7838,19665,0.25
7839,100871,0.30035621847553995
7840,63528,0.19
7841,90811,0.5658684711404199
7842,108761,0.3
7843,49391,0.6879944332192204
7844,77742,0.32605225178845515
7845,29685,0.26
7846,48816,0.21
7847,96146,0.05
7848,105655,0.21
7849,32395,0.37
7850,68174,0.34
7851,98331,0.15
7852,102010,0.34
7853,49514,0.09
7854,35338,0.28
7855,77688,0.22
7856,35195,0.26
7857,14153,0.7756446436943324
7858,35170,0.32
7859,14923,0.28
7860,68428,0.47156611085503913
7861,78736,0.32
7862,32954,0.26
7863,58357,0.6606477235506313
7864,3487,0.6153506030652572
7865,85789,0.3
7866,9046,0.29333333333333333
7867,48918,0.3
7868,63402,0.26
7869,75103,0.28
7870,51124,0.3
7871,86979,0.33224337223043043
7872,30899,0.24
7873,5528,0.33166666666666667
7874,62227,0.26
7875,69016,0.3
7876,9171,0.04
7877,17561,0.32
7878,81544,0.41
7879,108318,0.21
7880,37934,0.12
7881,22287,0.25
7882,103303,0.24477643163036883
7883,95745,0.12
7884,78734,0.8087014454974942
7885,19938,0.22
7886,2192,0.23
7887,102353,0.22
7888,101594,0.29
7889,52288,0.3062866491761945
7890,42380,0.5170727146631315
7891,4684,0.31
7892,4690,0.28
7893,46968,0.07
7894,39313,0.2611111183793985
7895,35341,0.22
7896,42249,0.14
7897,38071,0.22
7898,63335,0.2672180728297719
7899,1448,0.6988580207313696
7900,28555,0.23
7901,34707,0.31
7902,115754,0.5658684711404199
7903,105691,0.35
7904,2672,0.2421428571428571
7905,96568,0.7491207553686823
7906,32097,0.6606477235506313
7907,79412,0.28
7908,14108,0.48
7909,75002,0.28
7910,20384,0.05
7911,27855,0.28
7912,51796,0.5098901818657562
7913,8326,0.17
7914,26322,0.2611111183793985
7915,33887,0.28
7916,31139,0.6574333853925554
7917,112084,0.36
7918,8319,0.25
7919,29781,0.22
7920,76364,0.1
7921,4285,0.22
7922,30510,0.6879944332192204
7923,32009,0.26
7924,3853,0.21
7925,95116,0.04
7926,54875,0.7024997009086346
7927,19164,0.7517547952262292
7928,25608,0.2736505932627259
7929,26776,0.06
7930,13963,0.2
7931,59152,0.08
7932,101394,0.33
7933,78989,0.21
7934,2669,0.3
7935,17217,0.24
7936,21471,0.27
7937,114396,0.3
7938,77848,0.27
7939,2408,0.23828070175438598
7940,6795,0.31
7941,49000,0.28
7942,53748,0.3
7943,65521,0.19
7944,57709,0.33
7945,39147,0.282
7946,83013,0.24
7947,87316,0.8457951945355597
7948,10358,0.26
7949,10062,0.21
7950,37164,0.5345824677740459
7951,67149,0.28
7952,112050,0.21
7953,723,0.24
7954,84036,0.29
7955,92841,0.21
7956,25312,0.08
7957,107793,0.21
7958,82509,0.23
7959,49260,0.29738694977561037
7960,110019,0.3165041518110797
7961,77201,0.25
7962,8888,0.17
7963,111669,0.17
7964,36434,0.8016548798422711
7965,8355,0.2502171729681814
7966,91791,0.2
7967,10288,0.28
7968,71047,0.21
7969,22701,0.22
7970,69027,0.5658684711404199
7971,110531,0.23
7972,50165,0.36
7973,45141,0.3
7974,76127,0.25
7975,107258,0.8074620881663229
7976,13536,0.4151800144300143
7977,27335,0.3
7978,61061,0.33224337223043043
7979,101069,0.9073162876490548
7980,86387,0.3
7981,14416,0.35
7982,6166,0.32
7983,48554,0.27
7984,17234,0.33
7985,99054,0.9073162876490548
7986,61160,0.7024997009086346
7987,34994,0.57602346105529
7988,102960,0.44035186592851355
7989,72168,0.21
7990,57764,0.3595606657286202
7991,38787,0.2
7992,103350,0.6514684368668864
7993,65587,0.31
7994,18818,0.24
7995,45011,0.24
7996,32208,0.21
7997,45101,0.28
7998,56215,0.1
7999,21717,0.17
8000,113415,0.2779001297850061
8001,7773,0.26
8002,33252,0.7415137606796547
8003,37744,0.27
8004,39267,0.32
8005,98210,0.15
8006,11417,0.3916956136229623
8007,51525,0.3
8008,77195,0.21
8009,36077,0.27
8010,38932,0.12
8011,23579,0.49775771369818395
8012,74310,0.15
8013,35228,0.33224337223043043
8014,87428,0.31
8015,20660,0.4911165246865001
8016,13280,0.31
8017,50248,0.22
8018,79306,0.3
8019,74959,0.49626280269721645
8020,19858,0.6252534799651673
8021,588,0.24
8022,2936,0.06
8023,10521,0.3379268407291214
8024,79504,0.26
8025,58678,0.23
8026,13971,0.7481294549412314
8027,41373,0.3
8028,31160,0.3054576171951389
8029,115286,0.32
8030,22928,0.778920261971505
8031,47551,0.22
8032,88028,0.21584599045548056
8033,43124,0.15
8034,91668,0.8331601874669974
8035,26200,0.22
8036,102223,0.17
8037,79044,0.8331601874669974
8038,78207,0.26
8039,27629,0.06
8040,65970,0.2
8041,108540,0.15
8042,53701,0.28
8043,111295,0.19
8044,105323,0.57602346105529
8045,10234,0.25
8046,21131,0.28
8047,27909,0.26
8048,114867,0.23
8049,61743,0.33
8050,78840,0.28
8051,46672,0.2611111183793985
8052,41793,0.778920261971505
8053,38980,0.22
8054,39647,0.2611111183793985
8055,108039,0.804737389751532
8056,27198,0.3
8057,54877,0.57602346105529
8058,88998,0.8087014454974942
8059,66621,0.48
8060,71128,0.6063580061789815
8061,104888,0.28
8062,69348,0.5658684711404199
8063,47496,0.57602346105529
8064,8130,0.25
8065,98257,0.25
8066,111023,0.21
8067,3230,0.2421428571428571
8068,111657,0.24
8069,6819,0.24
8070,15311,0.3
8071,81445,0.3595606657286202
8072,27311,0.24
8073,103387,0.11
8074,38914,0.14
8075,104478,0.3713762139346507
8076,61646,0.22
8077,21552,0.26
8078,37643,0.39
8079,99773,0.6514684368668864
8080,77735,0.26
8081,109103,0.31
8082,55558,0.34
8083,94352,0.6879944332192204
8084,76630,0.21
8085,68590,0.7024997009086346
8086,69494,0.29
8087,96530,0.28
8088,91371,0.2
8089,20810,0.27
8090,9443,0.27
8091,58047,0.29
8092,6092,0.8057366775589005
8093,19579,0.12
8094,23099,0.22
8095,20474,0.42
8096,103863,0.7415137606796547
8097,24702,0.26
8098,111180,0.17
8099,66324,0.1
8100,109143,0.25
8101,24744,0.2611111183793985
8102,111677,0.6514684368668864
8103,87120,0.42324999999999996
8104,18717,0.2833333333333333
8105,7916,0.21
8106,51064,0.28
8107,33955,0.31
8108,50824,0.6879944332192204
8109,19705,0.45547356828193836
8110,75960,0.21
8111,30177,0.22
8112,14491,0.31645013654079623
8113,36153,0.5098901818657562
8114,36008,0.18
8115,2576,0.19
8116,1515,0.24
8117,91225,0.34
8118,33973,0.37
8119,30015,0.27
8120,115560,0.21
8121,62150,0.33
8122,111308,0.21
8123,30339,0.7415137606796547
8124,86688,0.29
8125,107773,0.3724012754292784
8126,30749,0.22
8127,39474,0.7929835529609893
8128,39748,0.21
8129,6173,0.26
8130,9220,0.23828070175438598
8131,13247,0.28
8132,6237,0.17
8133,23188,0.37
8134,63490,0.2672180728297719
8135,105887,0.21
8136,63009,0.26
8137,40399,0.22
8138,714,0.23
8139,85255,0.11
8140,63591,0.24
8141,40220,0.3
8142,21858,0.13
8143,86825,0.28
8144,78586,0.34
8145,62020,0.3780528001594719
8146,83125,0.24
8147,12281,0.6987114098478523
8148,38805,0.2611111183793985
8149,36117,0.08
8150,26144,0.2779001297850061
8151,78300,0.49626280269721645
8152,56085,0.8484012324895833
8153,67495,0.27
8154,30284,0.22
8155,108095,0.26
8156,24149,0.3434759716750337
8157,30588,0.26
8158,11206,0.25
8159,26859,0.23
8160,105363,0.21
8161,4312,0.11
8162,2091,0.24
8163,40687,0.04
8164,19747,0.24
8165,30024,0.6879944332192204
8166,48585,0.28
8167,89991,0.22
8168,98444,0.33
8169,24310,0.57602346105529
8170,63631,0.2
8171,94173,0.14
8172,111063,0.27
8173,94679,0.686711125185392
8174,102841,0.21
8175,105051,0.6514684368668864
8176,63997,0.5170727146631315
8177,4927,0.28
8178,35407,0.22
8179,44188,0.16
8180,21799,0.16
8181,65923,0.28
8182,25316,0.15
8183,58284,0.26
8184,92766,0.39
8185,4416,0.3329504657104964
8186,91536,0.24
8187,72056,0.33224337223043043
8188,110629,0.5799705977303526
8189,41468,0.21
8190,64291,0.13
8191,61851,0.37
8192,79882,0.28
8193,23917,0.6063580061789815
8194,50569,0.28
8195,24053,0.3804562384774892
8196,57292,0.23
8197,64346,0.22
8198,58900,0.14
8199,55565,0.47
8200,109632,0.38
8201,113792,0.895686343352608
8202,111351,0.2923230518274556
8203,59856,0.24
8204,26009,0.25
8205,54123,0.26
8206,84866,0.18
8207,63854,0.26
8208,108052,0.23
8209,40134,0.27
8210,56437,0.3048363735289757
8211,43861,0.8094490423084325
8212,48215,0.21
8213,12477,0.19
8214,103205,0.25
8215,19394,0.25
8216,29049,0.27
8217,3659,0.26
8218,15463,0.22
8219,64710,0.29
8220,63334,0.14
8221,43964,0.2611111183793985
8222,84681,0.778920261971505
8223,17670,0.20666666666666667
8224,112439,0.29
8225,34235,0.26
8226,66789,0.7024997009086346
8227,98502,0.25
8228,45697,0.31
8229,64385,0.25
8230,95776,0.09
8231,27609,0.19
8232,60728,0.7024997009086346
8233,28605,0.2
8234,103301,0.36
8235,75495,0.35
8236,114795,0.2
8237,10940,0.13
8238,70198,0.11
8239,102005,0.31
8240,89069,0.21
8241,45637,0.3
8242,3727,0.29950197808316326
8243,39678,0.3
8244,28593,0.27
8245,113194,0.25
8246,61421,0.213125892987996
8247,87985,0.14
8248,113776,0.13
8249,53030,0.28
8250,34510,0.22
8251,43311,0.28
8252,100032,0.28908145122531176
8253,115353,0.23
8254,49554,0.7024997009086346
8255,101578,0.2
8256,115673,0.06
8257,19420,0.344865478662292
8258,91208,0.29542118743406626
8259,11274,0.25
8260,19931,0.22
8261,44819,0.22
8262,108099,0.3405263157894737
8263,52587,0.15
8264,32253,0.6879944332192204
8265,88856,0.2
8266,69292,0.7024997009086346
8267,70594,0.21106571196018278
8268,30121,0.31
8269,2024,0.25
8270,81849,0.57602346105529
8271,31616,0.15
8272,65942,0.21
8273,98376,0.9073162876490548
8274,49774,0.26
8275,113364,0.8002701290515217
8276,71637,0.25293732567047406
8277,35152,0.32
8278,780,0.1
8279,82285,0.24
8280,64009,0.28
8281,13234,0.22
8282,103375,0.3
8283,105570,0.22
8284,1374,0.2
8285,113645,0.2779001297850061
8286,82717,0.29
8287,87656,0.2
8288,68432,0.3
8289,66373,0.22
8290,16116,0.48
8291,99688,0.06
8292,3289,0.34
8293,82000,0.26
8294,57971,0.38
8295,97734,0.34
8296,40962,0.8094490423084325
8297,54827,0.25293732567047406
8298,22352,0.22
8299,48541,0.27
8300,6425,0.32
8301,97576,0.23
8302,49093,0.5098901818657562
8303,96309,0.21
8304,106535,0.3724012754292784
8305,33369,0.19
8306,53163,0.15
8307,65238,0.26
8308,32035,0.22
8309,112175,0.25
8310,104544,0.8074620881663229
8311,72876,0.21
8312,9763,0.3
8313,633,0.48
8314,11557,0.26
8315,93376,0.18
8316,29174,0.6879944332192204
8317,59972,0.5105917597187313
8318,86484,0.28
8319,4589,0.24796069590298245
8320,13590,0.16
8321,81371,0.31
8322,487,0.19
8323,346,0.28
8324,18973,0.18
8325,58953,0.1
8326,44985,0.6606477235506313
8327,74021,0.29
8328,73292,0.3733333333333333
8329,13584,0.3
8330,95524,0.21
8331,41635,0.25293732567047406
8332,10710,0.24
8333,32019,0.3
8334,29526,0.2
8335,86765,0.21
8336,83403,0.3142893084856641
8337,73148,0.14
8338,62341,0.4911165246865001
8339,49615,0.36
8340,78490,0.17
8341,34332,0.33224337223043043
8342,19790,0.28
8343,105853,0.3
8344,83006,0.16
8345,77159,0.28
8346,21441,0.344865478662292
8347,23977,0.37
8348,83733,0.24
8349,3694,0.28
8350,23173,0.23
8351,24879,0.2
8352,93452,0.27
8353,31208,0.22
8354,35302,0.22
8355,76014,0.7024997009086346
8356,65386,0.3
8357,40794,0.5849729117232857
8358,103700,0.28
8359,8854,0.21
8360,111025,0.06
8361,60140,0.6879944332192204
8362,34761,0.21
8363,113405,0.22
8364,66290,0.22
8365,94827,0.844755567144862
8366,70854,0.5658684711404199
8367,35280,0.6879944332192204
8368,65267,0.16
8369,32485,0.29
8370,45451,0.3062866491761945
8371,46836,0.28
8372,83997,0.22
8373,108092,0.29285605710579565
8374,36603,0.6574333853925554
8375,74991,0.27
8376,58745,0.29
8377,93681,0.21106571196018278
8378,21058,0.29
8379,20759,0.29
8380,94422,0.25
8381,17915,0.45
8382,114784,0.24
8383,9582,0.15
8384,80846,0.28
8385,62450,0.38
8386,107768,0.29618368733128664
8387,47533,0.17
8388,67838,0.57602346105529
8389,59649,0.3125
8390,29573,0.2
8391,79260,0.2
8392,14844,0.23
8393,74445,0.24095238095238095
8394,2839,0.32
8395,92259,0.44035186592851355
8396,92781,0.11
8397,1095,0.28
8398,26947,0.26
8399,93415,0.47156611085503913
8400,92479,0.29285605710579565
8401,38520,0.26
8402,68130,0.33
8403,9416,0.21
8404,49188,0.2
8405,36519,0.3
8406,71533,0.33
8407,86040,0.4911165246865001
8408,99744,0.32
8409,64482,0.25
8410,21325,0.52
8411,47827,0.21
8412,3780,0.24
8413,87802,0.8087014454974942
8414,22202,0.37
8415,2074,0.24
8416,71951,0.26
8417,80629,0.8457951945355597
8418,41081,0.24
8419,38361,0.19
8420,99633,0.2672180728297719
8421,63954,0.19
8422,113551,0.28
8423,73941,0.27
8424,17642,0.6318115649917043
8425,54213,0.21
8426,18768,0.39547356828193836
8427,15437,0.21
8428,43537,0.23
8429,78964,0.24
8430,115455,0.28
8431,42366,0.14
8432,76443,0.24
8433,98452,0.8074620881663229
8434,34328,0.3054576171951389
8435,83183,0.26
8436,84072,0.4911165246865001
8437,104443,0.28
8438,93351,0.6514684368668864
8439,81868,0.16
8440,44126,0.16
8441,15836,0.05
8442,76497,0.28
8443,8231,0.17
8444,44166,0.26
8445,85105,0.12
8446,44532,0.2736505932627259
8447,73221,0.33
8448,64534,0.24
8449,54266,0.6574333853925554
8450,8862,0.32
8451,66833,0.8087014454974942
8452,113511,0.27
8453,35770,0.7024997009086346
8454,38897,0.3434759716750337
8455,109974,0.8074620881663229
8456,85086,0.2877141931938705
8457,41125,0.27
8458,27233,0.27
8459,17415,0.5347797811423604
8460,29978,0.6879944332192204
8461,86398,0.7024997009086346
8462,9935,0.23
8463,43342,0.18
8464,112397,0.61
8465,99244,0.3
8466,61486,0.25293732567047406
8467,51598,0.7024997009086346
8468,60907,0.33
8469,5194,0.13
8470,79267,0.23
8471,76052,0.2672180728297719
8472,14501,0.22
8473,100838,0.2
8474,92993,0.8087014454974942
8475,7007,0.11
8476,26536,0.3
8477,94131,0.26
8478,84753,0.22
8479,87965,0.28
8480,58818,0.28
8481,42161,0.22
8482,34875,0.22
8483,34216,0.31
8484,29551,0.27
8485,114954,0.21
8486,35473,0.2
8487,5824,0.3
8488,62521,0.8457951945355597
8489,34102,0.22
8490,7400,0.27
8491,3700,0.24
8492,58337,0.6970637908450266
8493,111624,0.25
8494,109488,0.16
8495,83301,0.27
8496,42652,0.22
8497,80397,0.31
8498,37772,0.3
8499,83157,0.22
8500,20798,0.09
8501,12276,0.38806475468975465
8502,38719,0.08
8503,108320,0.804737389751532
8504,114431,0.7491207553686823
8505,36586,0.778920261971505
8506,46490,0.22
8507,37358,0.3434759716750337
8508,47627,0.34
8509,36246,0.7024997009086346
8510,57194,0.38
8511,65508,0.22
8512,93424,0.25
8513,87671,0.35
8514,48347,0.22
8515,63908,0.05
8516,65917,0.2
8517,109653,0.28
8518,82616,0.21
8519,39035,0.19
8520,111957,0.31
8521,83010,0.14
8522,82401,0.21
8523,84145,0.27
8524,61369,0.21
8525,33028,0.31
8526,5115,0.22
8527,77675,0.24
8528,41747,0.3
8529,33002,0.27
8530,102095,0.27
8531,56225,0.778920261971505
8532,32577,0.27
8533,79319,0.21
8534,85799,0.663121287281579
8535,25539,0.27
8536,79682,0.8087014454974942
8537,76546,0.22
8538,23324,0.29
8539,44717,0.2
8540,15749,0.48
8541,44366,0.19
8542,40177,0.25
8543,99775,0.28
8544,41258,0.22
8545,71286,0.57602346105529
8546,52385,0.22
8547,5208,0.26
8548,86503,0.2
8549,9461,0.28
8550,45584,0.28
8551,8900,0.29569984820821593
8552,72911,0.4
8553,28472,0.3
8554,78022,0.29
8555,67643,0.27
8556,74615,0.26
8557,107000,0.27
8558,14292,0.33
8559,9750,0.27
8560,94183,0.40569492300158616
8561,15883,0.3
8562,53319,0.3048363735289757
8563,86089,0.31
8564,8245,0.25
8565,41502,0.3048363735289757
8566,45940,0.28
8567,59890,0.24
8568,10109,0.33
8569,65770,0.28
8570,8571,0.27
8571,12402,0.3
8572,15405,0.24
8573,19951,0.27
8574,81273,0.29
8575,57827,0.6961258235367476
8576,24152,0.28
8577,77165,0.33224337223043043
8578,84915,0.28
8579,80109,0.31
8580,55218,0.28
8581,97616,0.22
8582,87327,0.3
8583,93996,0.28
8584,15673,0.48
8585,47508,0.22
8586,105934,0.22
8587,19743,0.29
8588,11044,0.21
8589,24775,0.26
8590,72091,0.14
8591,44792,0.27
8592,2515,0.24
8593,16861,0.09
8594,30259,0.31
8595,8749,0.24
8596,73778,0.44035186592851355
8597,59191,0.6879944332192204
8598,64803,0.29
8599,52454,0.28
8600,61912,0.28
8601,97605,0.28908145122531176
8602,43399,0.22
8603,72639,0.28
8604,105209,0.21
8605,5224,0.25
8606,49598,0.22
8607,49695,0.29738694977561037
8608,103370,0.27
8609,74075,0.8087014454974942
8610,25229,0.27
8611,18016,0.41
8612,56684,0.22
8613,21193,0.14
8614,27528,0.3
8615,33081,0.21
8616,84520,0.4911165246865001
8617,24185,0.19
8618,22844,0.27
8619,90887,0.25
8620,115129,0.22
8621,80847,0.23
8622,46859,0.13
8623,80104,0.25
8624,112395,0.29
8625,10808,0.2512857142857143
8626,26078,0.34
8627,55583,0.07
8628,58130,0.21584599045548056
8629,75567,0.34
8630,100505,0.25
8631,33500,0.3
8632,17348,0.26
8633,26836,0.25
8634,101336,0.43249015313620975
8635,62962,0.32
8636,3398,0.24
8637,55232,0.19
8638,29825,0.22
8639,113697,0.31
8640,52173,0.18
8641,57116,0.21
8642,20668,0.27
8643,7887,0.27
8644,14184,0.53
8645,74852,0.16
8646,44805,0.27
8647,103810,0.29
8648,50466,0.2877141931938705
8649,110885,0.32
8650,35973,0.27
8651,38528,0.22
8652,55967,0.8331601874669974
8653,36841,0.9437447063281852
8654,109398,0.21
8655,41384,0.22
8656,86594,0.18
8657,15585,0.48
8658,67504,0.34
8659,36844,0.25
8660,47809,0.09
8661,99328,0.29
8662,8033,0.24
8663,92421,0.7491207553686823
8664,44873,0.26
8665,113152,0.804737389751532
8666,46642,0.778920261971505
8667,39554,0.22
8668,4504,0.28
8669,25413,0.2611111183793985
8670,45786,0.29
8671,55342,0.3054576171951389
8672,1659,0.3185
8673,2005,0.26
8674,64258,0.22
8675,42748,0.3434759716750337
8676,50124,0.6879944332192204
8677,54039,0.8016548798422711
8678,15292,0.14
8679,25473,0.3
8680,65829,0.29
8681,114743,0.22
8682,66308,0.33
8683,100438,0.6514684368668864
8684,102483,0.9073162876490548
8685,78158,0.25
8686,98338,0.21
8687,3763,0.19
8688,31056,0.9061748683050006
8689,9296,0.05
8690,111678,0.27
8691,79078,0.28
8692,114273,0.26
8693,3034,0.28
8694,88584,0.35
8695,111699,0.29
8696,81543,0.2
8697,111328,0.09
8698,69916,0.3
8699,104401,0.3713762139346507
8700,28500,0.3675527950310559
8701,114566,0.6879944332192204
8702,108767,0.33
8703,25360,0.34
8704,27634,0.4292550505050506
8705,110343,0.3
8706,54682,0.04
8707,44450,0.1
8708,62529,0.26
8709,42254,0.22
8710,77533,0.28
8711,47625,0.31
8712,79920,0.3
8713,36328,0.32
8714,87964,0.57602346105529
8715,87735,0.7491207553686823
8716,17875,0.06
8717,56637,0.28
8718,64513,0.28
8719,8005,0.18
8720,13860,0.8910448991181913
8721,63652,0.19
8722,27176,0.26
8723,38677,0.26
8724,34048,0.28
8725,15847,0.09
8726,18048,0.26
8727,17939,0.17
8728,98496,0.18
8729,111102,0.21
8730,5876,0.23142857142857143
8731,2324,0.28
8732,53837,0.22
8733,106006,0.21
8734,114992,0.16
8735,66550,0.2
8736,51975,0.32
8737,79985,0.26
8738,4112,0.13
8739,9157,0.3634331947722041
8740,71301,0.21106571196018278
8741,32872,0.26
8742,47918,0.29
8743,69884,0.5658684711404199
8744,89984,0.6060437791111741
8745,69886,0.5668692303155257
8746,57668,0.6879944332192204
8747,84831,0.4531794040040778
8748,95485,0.26
8749,97596,0.27
8750,11932,0.38
8751,28514,0.25
8752,102975,0.21
8753,43089,0.22
8754,3947,0.27
8755,22157,0.26
8756,85321,0.28
8757,13696,0.29041044843077246
8758,41731,0.5105917597187313
8759,88676,0.26
8760,49155,0.15
8761,46846,0.22
8762,96398,0.21
8763,39472,0.22
8764,89163,0.29285605710579565
8765,14133,0.25
8766,19236,0.3151205882352941
8767,91330,0.2814568078776256
8768,83656,0.24
8769,4606,0.19
8770,114535,0.22
8771,74317,0.28
8772,16239,0.23
8773,79743,0.19
8774,75194,0.26
8775,18122,0.29
8776,63766,0.15
8777,49760,0.25293732567047406
8778,104039,0.8002701290515217
8779,31057,0.778920261971505
8780,60264,0.3
8781,72836,0.3
8782,108717,0.28
8783,37225,0.15
8784,54262,0.6879944332192204
8785,66041,0.22
8786,33195,0.27
8787,24417,0.3434759716750337
8788,12549,0.11
8789,79742,0.29
8790,20397,0.5244735543846716
8791,95433,0.43249015313620975
8792,99237,0.2
8793,35478,0.3
8794,28524,0.2736505932627259
8795,52035,0.6879944332192204
8796,1207,0.21
8797,57032,0.25
8798,87747,0.9039408732770348
8799,42747,0.23
8800,56959,0.18
8801,90754,0.21
8802,22580,0.6092044951764513
8803,76124,0.25
8804,26864,0.21
8805,2256,0.26
8806,48902,0.33
8807,53790,0.3
8808,100335,0.28
8809,84158,0.29
8810,47821,0.19
8811,40255,0.21
8812,79896,0.25
8813,77443,0.22
8814,76792,0.26
8815,13602,0.17
8816,89108,0.686711125185392
8817,112410,0.43091532760561035
8818,8301,0.26
8819,99816,0.210625
8820,59161,0.8087014454974942
8821,113082,0.23
8822,33512,0.22
8823,43517,0.22
8824,32739,0.31
8825,5970,0.5023486477495499
8826,53925,0.6879944332192204
8827,23479,0.15
8828,2361,0.33262792762792764
8829,21140,0.29
8830,45593,0.25
8831,106542,0.3724012754292784
8832,49244,0.29
8833,101306,0.3
8834,75717,0.29
8835,12967,0.24
8836,35671,0.6879944332192204
8837,95487,0.21
8838,103023,0.11
8839,76594,0.29285605710579565
8840,27874,0.19
8841,67049,0.33427777777777784
8842,34976,0.22
8843,29712,0.26
8844,50480,0.6574333853925554
8845,104140,0.27
8846,108505,0.08
8847,27313,0.5098901818657562
8848,48980,0.21
8849,26774,0.4031051372347387
8850,86882,0.23
8851,74960,0.29
8852,28871,0.22
8853,22158,0.18
8854,10925,0.4830053831157081
8855,45367,0.3
8856,87882,0.9039408732770348
8857,38016,0.29
8858,38817,0.27
8859,92531,0.27
8860,62269,0.27
8861,11160,0.29
8862,49732,0.22
8863,5530,0.08
8864,83146,0.2672180728297719
8865,42119,0.28
8866,25588,0.5170727146631315
8867,26048,0.2611111183793985
8868,14644,0.29041044843077246
8869,36013,0.3647174508339557
8870,77496,0.49626280269721645
8871,66642,0.29
8872,34520,0.33
8873,93425,0.8087014454974942
8874,56601,0.29
8875,57492,0.21106571196018278
8876,15004,0.3
8877,81083,0.57602346105529
8878,106118,0.33
8879,98771,0.35
8880,113074,0.33
8881,37739,0.26
8882,70712,0.21
8883,92571,0.21
8884,20451,0.778920261971505
8885,39782,0.25
8886,1725,0.24
8887,27495,0.8881061273158657
8888,75115,0.8331601874669974
8889,37264,0.3
8890,24098,0.6063580061789815
8891,13743,0.18
8892,51459,0.17
8893,60099,0.5198333333333333
8894,110077,0.28
8895,23883,0.6101676512722123
8896,103557,0.6514684368668864
8897,18970,0.34
8898,63308,0.35
8899,8400,0.3916956136229623
8900,52089,0.3
8901,87393,0.26
8902,36636,0.06
8903,7191,0.21
8904,85793,0.21106571196018278
8905,50070,0.6879944332192204
8906,92437,0.28908145122531176
8907,66837,0.28
8908,71179,0.29
8909,52179,0.3054576171951389
8910,89826,0.8087014454974942
8911,47349,0.31
8912,88250,0.32
8913,88254,0.2
8914,33261,0.5098901818657562
8915,114209,0.17
8916,87739,0.49626280269721645
8917,61467,0.28
8918,4341,0.25
8919,89011,0.36633867133905085
8920,11539,0.15
8921,89054,0.4911165246865001
8922,20813,0.16
8923,40540,0.31
8924,13450,0.5609906131776496
8925,48537,0.2672180728297719
8926,20921,0.17
8927,194,0.22
8928,30294,0.33
8929,102086,0.26
8930,85383,0.23
8931,2093,0.3396875
8932,67918,0.29738694977561037
8933,92883,0.25
8934,87579,0.8087014454974942
8935,101038,0.14
8936,54671,0.3
8937,111321,0.26
8938,76542,0.27
8939,55628,0.2
8940,74210,0.15
8941,77798,0.39
8942,56399,0.14
8943,33200,0.29
8944,45820,0.23076923076923075
8945,90358,0.2902117207222417
8946,3449,0.5193505410231796
8947,39849,0.6101676512722123
8948,85803,0.44035186592851355
8949,22268,0.21
8950,101115,0.08
8951,79054,0.14
8952,45847,0.33
8953,4259,0.24
8954,75867,0.3
8955,54680,0.21106571196018278
8956,18077,0.12
8957,25623,0.3
8958,105244,0.28
8959,83234,0.25
8960,107141,0.29
8961,99010,0.33
8962,39025,0.2611111183793985
8963,106629,0.2752059837865456
8964,68945,0.6063580061789815
8965,104238,0.21
8966,65596,0.28
8967,43077,0.27
8968,12282,0.23
8969,104410,0.804737389751532
8970,57229,0.36
8971,28484,0.21
8972,32124,0.3384336462965311
8973,104016,0.48
8974,43866,0.36
8975,33819,0.34
8976,64523,0.28
8977,43929,0.33
8978,51178,0.22
8979,48787,0.3
8980,37840,0.3
8981,62553,0.3
8982,27808,0.22
8983,79499,0.640589310994999
8984,110463,0.36
8985,57894,0.29738694977561037
8986,95748,0.17
8987,4955,0.25
8988,28148,0.21
8989,32203,0.25
8990,10281,0.39
8991,104995,0.26
8992,111017,0.29
8993,51157,0.8044329605846217
8994,4448,0.11
8995,53704,0.29
8996,29281,0.25293732567047406
8997,45555,0.5952890834207484
8998,86317,0.44035186592851355
8999,98341,0.36
9000,42106,0.5952890834207484
9001,64708,0.3
9002,63488,0.2
9003,55728,0.5098901818657562
9004,84587,0.8094490423084325
9005,40544,0.24
9006,36206,0.6879944332192204
9007,110300,0.21
9008,30816,0.22
9009,40841,0.21
9010,108104,0.21
9011,40214,0.2611111183793985
9012,7244,0.25
9013,52158,0.5098901818657562
9014,109760,0.22
9015,37115,0.23
9016,71785,0.8087014454974942
9017,51034,0.36
9018,54449,0.31
9019,72952,0.28
9020,61312,0.7024997009086346
9021,68343,0.27
9022,15006,0.3
9023,85151,0.32
9024,62052,0.21
9025,55588,0.38
9026,22080,0.2611111183793985
9027,34080,0.6879944332192204
9028,14810,0.5347797811423604
9029,18177,0.7606405173421392
9030,102461,0.29
9031,114300,0.27
9032,17913,0.19
9033,84009,0.33
9034,69,0.36321695082719274
9035,32365,0.26
9036,56429,0.8087014454974942
9037,8882,0.08
9038,60469,0.27
9039,45264,0.6063580061789815
9040,48529,0.44035186592851355
9041,107638,0.28
9042,50474,0.6879944332192204
9043,56528,0.31
9044,64498,0.2
9045,77465,0.36
9046,7068,0.21
9047,28264,0.12
9048,67500,0.2752059837865456
9049,83882,0.32
9050,74304,0.26
9051,44028,0.32
9052,66748,0.27
9053,99587,0.6514684368668864
9054,106828,0.3713762139346507
9055,106123,0.28
9056,26207,0.3
9057,16039,0.18
9058,76916,0.25
9059,74818,0.22
9060,108820,0.27
9061,77277,0.28
9062,107471,0.14
9063,81290,0.22
9064,52321,0.25
9065,75505,0.21106571196018278
9066,28710,0.6574333853925554
9067,103844,0.804737389751532
9068,71246,0.2672180728297719
9069,37497,0.6053765993562714
9070,53893,0.26
9071,58664,0.6879944332192204
9072,43066,0.26
9073,89691,0.47156611085503913
9074,35743,0.27
9075,62745,0.28
9076,16006,0.22
9077,5293,0.26
9078,77882,0.21
9079,13639,0.32
9080,63569,0.28
9081,95435,0.3
9082,40919,0.28
9083,2513,0.34
9084,113321,0.08
9085,47277,0.7517547952262292
9086,49160,0.778920261971505
9087,27891,0.18
9088,96303,0.07
9089,107182,0.33
9090,30519,0.4911165246865001
9091,44743,0.14
9092,80640,0.2672180728297719
9093,107173,0.2877141931938705
9094,17703,0.4444432786374646
9095,20797,0.22
9096,44919,0.36
9097,35921,0.3
9098,61512,0.21
9099,66787,0.08
9100,68285,0.8457951945355597
9101,9113,0.5023486477495499
9102,111588,0.17
9103,42561,0.7405317013283446
9104,109435,0.18
9105,42311,0.35
9106,106960,0.5799705977303526
9107,48886,0.7024997009086346
9108,89656,0.2672180728297719
9109,63236,0.28
9110,51317,0.27
9111,9565,0.11
9112,61277,0.2672180728297719
9113,114648,0.28
9114,86370,0.2
9115,105542,0.3
9116,14107,0.4444432786374646
9117,83319,0.24
9118,87869,0.47156611085503913
9119,82094,0.26
9120,34531,0.7024997009086346
9121,68066,0.28
9122,38352,0.36
9123,10960,0.24505659075224295
9124,56683,0.21
9125,109267,0.19
9126,33359,0.31
9127,16923,0.3025424035211683
9128,48460,0.7024997009086346
9129,69237,0.6063580061789815
9130,57873,0.4911165246865001
9131,40956,0.4911165246865001
9132,2544,0.28
9133,29428,0.18
9134,66390,0.29712558860906485
9135,61858,0.21
9136,105346,0.29
9137,10509,0.24
9138,111620,0.28
9139,1433,0.21
9140,37138,0.24
9141,84052,0.22
9142,27509,0.4911165246865001
9143,93835,0.33
9144,25161,0.29
9145,18865,0.32
9146,80780,0.5455326939251731
9147,10278,0.2714285714285714
9148,49924,0.31
9149,92980,0.33
9150,89313,0.3
9151,98001,0.28
9152,39355,0.3
9153,15621,0.46
9154,33837,0.21
9155,11271,0.21
9156,31483,0.31
9157,76098,0.49626280269721645
9158,94883,0.6879944332192204
9159,63589,0.26
9160,40000,0.2611111183793985
9161,102035,0.4905952380952381
9162,92280,0.3
9163,70921,0.22
9164,110840,0.21106571196018278
9165,92502,0.21
9166,32393,0.3
9167,19978,0.42
9168,75428,0.28
9169,48303,0.18
9170,42581,0.09
9171,1419,0.18
9172,51660,0.8881061273158657
9173,87401,0.7024997009086346
9174,19735,0.3
9175,77033,0.22
9176,91221,0.29
9177,71705,0.21
9178,53074,0.34
9179,81491,0.24
9180,100034,0.6060437791111741
9181,32932,0.21
9182,2464,0.13
9183,25453,0.18
9184,43012,0.27
9185,41570,0.27
9186,27819,0.28
9187,79710,0.26
9188,16925,0.26
9189,88854,0.57602346105529
9190,60486,0.6063580061789815
9191,69022,0.24
9192,40690,0.24
9193,98143,0.3
9194,109289,0.315
9195,69210,0.8087014454974942
9196,68376,0.36
9197,107665,0.21
9198,539,0.39
9199,82338,0.2
9200,6258,0.28
9201,83205,0.28
9202,70625,0.7024997009086346
9203,74458,0.33
9204,81756,0.663121287281579
9205,9207,0.17
9206,285,0.25333333333333335
9207,48077,0.26
9208,74158,0.13
9209,109383,0.14
9210,43639,0.15
9211,78942,0.24
9212,99486,0.686711125185392
9213,93475,0.34
9214,115400,0.3
9215,85416,0.24
9216,17226,0.02
9217,8601,0.24
9218,72024,0.06
9219,24213,0.33
9220,53063,0.3
9221,34752,0.15
9222,32789,0.3
9223,43591,0.28
9224,56532,0.33
9225,73553,0.8331601874669974
9226,39134,0.22
9227,65893,0.24
9228,57187,0.26
9229,101898,0.21
9230,83851,0.21106571196018278
9231,32367,0.7415137606796547
9232,74803,0.26
9233,93986,0.57602346105529
9234,109834,0.26
9235,12401,0.3
9236,103147,0.19
9237,99669,0.2672180728297719
9238,54001,0.21
9239,15839,0.533504542114656
9240,85258,0.29542118743406626
9241,11516,0.34
9242,26134,0.2611111183793985
9243,14098,0.25374237641917524
9244,15651,0.53
9245,105963,0.27
9246,27395,0.5345824677740459
9247,36632,0.22
9248,81285,0.19
9249,71591,0.44035186592851355
9250,87918,0.34
9251,70644,0.7024997009086346
9252,115606,0.26
9253,48785,0.3
9254,100227,0.36104092501642404
9255,78440,0.25
9256,34123,0.33755102040816326
9257,32211,0.19
9258,24255,0.37
9259,9860,0.6149245499523553
9260,22930,0.22
9261,67581,0.6063580061789815
9262,109798,0.36
9263,113382,0.37
9264,106453,0.18
9265,106820,0.3
9266,83369,0.27
9267,45912,0.7929835529609893
9268,39309,0.57602346105529
9269,101271,0.2
9270,39363,0.28
9271,73564,0.213125892987996
9272,57670,0.28
9273,9073,0.4911165246865001
9274,60694,0.21106571196018278
9275,18431,0.23
9276,18375,0.19
9277,97634,0.213125892987996
9278,70485,0.26
9279,16065,0.25
9280,73451,0.44035186592851355
9281,61653,0.28
9282,79256,0.33
9283,79346,0.19
9284,41611,0.2736505932627259
9285,59802,0.3054576171951389
9286,27949,0.35
9287,23725,0.25
9288,27104,0.6879944332192204
9289,53101,0.28
9290,95084,0.3595606657286202
9291,99619,0.33
9292,55132,0.29
9293,110326,0.32
9294,41978,0.09
9295,10215,0.23142857142857143
9296,55514,0.5264166666666666
9297,107441,0.28
9298,4831,0.22
9299,18677,0.2575
9300,16136,0.27
9301,10809,0.25
9302,97790,0.21
9303,73416,0.34
9304,99061,0.21
9305,99764,0.6514684368668864
9306,113416,0.26
9307,71773,0.44035186592851355
9308,31932,0.31
9309,64686,0.5152896825396828
9310,24518,0.778920261971505
9311,109713,0.3
9312,8761,0.21
9313,79480,0.17
9314,114363,0.21
9315,37774,0.3
9316,84428,0.31
9317,82923,0.8457951945355597
9318,68122,0.31
9319,89211,0.36048119675414403
9320,85545,0.24
9321,98673,0.17
9322,80698,0.4911165246865001
9323,14456,0.25
9324,95789,0.4251838111498381
9325,32588,0.22
9326,37705,0.26
9327,57332,0.13
9328,53590,0.02
9329,24633,0.23
9330,27029,0.31
9331,79791,0.6879944332192204
9332,7666,0.25
9333,68958,0.21106571196018278
9334,100954,0.29
9335,111876,0.29
9336,31778,0.26
9337,30058,0.3
9338,681,0.34
9339,14051,0.3785
9340,99683,0.21106571196018278
9341,66901,0.28
9342,40552,0.21
9343,65750,0.28
9344,80945,0.28
9345,104504,0.4292550505050506
9346,99079,0.28
9347,53814,0.21106571196018278
9348,95607,0.3763124205678637
9349,108175,0.1
9350,90661,0.24
9351,79563,0.28
9352,91108,0.12
9353,56262,0.8457951945355597
9354,52759,0.6879944332192204
9355,59969,0.7405317013283446
9356,95754,0.26
9357,39599,0.14
9358,39249,0.26
9359,51820,0.37
9360,11145,0.9060996957069837
9361,65157,0.3
9362,40891,0.24
9363,114719,0.24
9364,3368,0.19
9365,24663,0.29
9366,97461,0.6060437791111741
9367,79667,0.8074620881663229
9368,22192,0.26
9369,33601,0.29
9370,13653,0.27
9371,393,0.23
9372,4094,0.4830053831157081
9373,88420,0.8087014454974942
9374,30400,0.6879944332192204
9375,92380,0.3
9376,108966,0.39583333333333326
9377,113371,0.36
9378,100721,0.2923230518274556
9379,40037,0.25
9380,16637,0.19
9381,115372,0.9039408732770348
9382,113840,0.8331601874669974
9383,51162,0.26
9384,25052,0.57602346105529
9385,99978,0.31570863451286013
9386,95136,0.16
9387,92249,0.29
9388,5425,0.33
9389,8482,0.24
9390,112359,0.6574333853925554
9391,47357,0.19
9392,113786,0.23
9393,26547,0.6574333853925554
9394,95661,0.33
9395,47431,0.3384336462965311
9396,76649,0.44035186592851355
9397,83739,0.5658684711404199
9398,33475,0.06
9399,104595,0.804737389751532
9400,29431,0.32
9401,18413,0.24
9402,104780,0.26
9403,28226,0.03
9404,86007,0.22
9405,5762,0.13
9406,74402,0.28
9407,96961,0.22
9408,64017,0.28
9409,55902,0.8484012324895833
9410,75136,0.21
9411,91773,0.29542118743406626
9412,40483,0.19
9413,82499,0.26
9414,95598,0.6514684368668864
9415,88235,0.44035186592851355
9416,30106,0.6879944332192204
9417,9092,0.27
9418,33316,0.26
9419,2002,0.29
9420,18845,0.37
9421,6649,0.1
9422,18873,0.25
9423,66609,0.19
9424,6553,0.22
9425,11568,0.32416666666666666
9426,60058,0.8457951945355597
9427,67856,0.26
9428,58488,0.29
9429,96441,0.1
9430,68086,0.4
9431,17741,0.5347797811423604
9432,68693,0.39
9433,45817,0.36
9434,70117,0.21106571196018278
9435,113887,0.22
9436,27081,0.22
9437,38771,0.29
9438,10950,0.23828070175438598
9439,2360,0.26
9440,15611,0.21
9441,8851,0.24505659075224295
9442,82488,0.28
9443,87988,0.8087014454974942
9444,114134,0.38
9445,15557,0.07
9446,9166,0.1
9447,92293,0.21
9448,67058,0.27
9449,17701,0.22
9450,70727,0.2672180728297719
9451,92701,0.5020588542209693
9452,14518,0.38
9453,100309,0.9039408732770348
9454,100057,0.26
9455,6079,0.08
9456,23796,0.2736505932627259
9457,115016,0.7415137606796547
9458,101642,0.24
9459,55502,0.14
9460,31946,0.37
9461,68176,0.19
9462,32366,0.5098901818657562
9463,110036,0.1
9464,87599,0.21
9465,107456,0.6514684368668864
9466,58833,0.38
9467,112154,0.29285605710579565
9468,88266,0.28
9469,1906,0.31
9470,42229,0.3
9471,45222,0.2736505932627259
9472,88638,0.19
9473,115051,0.17
9474,74109,0.24
9475,15264,0.2
9476,4960,0.12
9477,64358,0.27
9478,89319,0.33224337223043043
9479,114379,0.7415137606796547
9480,52029,0.8087014454974942
9481,111600,0.21
9482,52919,0.29
9483,73472,0.31
9484,51285,0.8331601874669974
9485,75667,0.25
9486,18679,0.3
9487,68012,0.38
9488,8350,0.27
9489,82806,0.5658684711404199
9490,81029,0.21106571196018278
9491,6516,0.35
9492,72,0.23
9493,34597,0.21
9494,10711,0.26
9495,85331,0.22
9496,11252,0.26
9497,78533,0.3
9498,38502,0.844755567144862
9499,15987,0.22
9500,20751,0.22
9501,33707,0.29
9502,89420,0.3
9503,7086,0.3379268407291214
9504,48020,0.3
9505,45050,0.27
9506,19998,0.24
9507,69513,0.44035186592851355
9508,11610,0.23828070175438598
9509,13311,0.24
9510,95307,0.26
9511,71431,0.8087014454974942
9512,71904,0.844755567144862
9513,81816,0.28
9514,41980,0.2611111183793985
9515,10317,0.23828070175438598
9516,19430,0.7405317013283446
9517,77886,0.8016548798422711
9518,64162,0.26
9519,5430,0.29
9520,32266,0.6574333853925554
9521,3529,0.284
9522,105709,0.804737389751532
9523,85005,0.3360039682539682
9524,43001,0.26
9525,5808,0.33
9526,17458,0.12
9527,101478,0.3
9528,34771,0.6063580061789815
9529,96721,0.27
9530,60434,0.21
9531,100631,0.3595606657286202
9532,41560,0.2611111183793985
9533,68394,0.8087014454974942
9534,100318,0.28
9535,42579,0.27
9536,32569,0.25
9537,4836,0.5023486477495499
9538,107022,0.25
9539,37603,0.26
9540,100855,0.6185082824926071
9541,56007,0.420547215722297
9542,31106,0.6879944332192204
9543,7138,0.19
9544,12654,0.48
9545,54969,0.4911165246865001
9546,106681,0.804737389751532
9547,44430,0.31
9548,15111,0.24
9549,76921,0.22
9550,47640,0.2611111183793985
9551,57791,0.6879944332192204
9552,21957,0.26
9553,30169,0.26
9554,3211,0.21
9555,33844,0.15
9556,1689,0.27
9557,38649,0.21
9558,81607,0.3
9559,71412,0.47156611085503913
9560,71235,0.28
9561,91130,0.6060437791111741
9562,87226,0.12
9563,54933,0.25
9564,12174,0.23405357142857142
9565,18146,0.15
9566,88661,0.2814568078776256
9567,86390,0.19
9568,42196,0.26
9569,76482,0.28
9570,86749,0.34
9571,50388,0.14
9572,102583,0.4905952380952381
9573,2502,0.2421428571428571
9574,80885,0.25
9575,68232,0.21584599045548056
9576,13784,0.35
9577,50445,0.57602346105529
9578,7230,0.22
9579,101517,0.28
9580,115916,0.30943861705025505
9581,69982,0.778920261971505
9582,13962,0.31
9583,75379,0.29
9584,40711,0.235
9585,92732,0.28908145122531176
9586,83998,0.2672180728297719
9587,55963,0.14
9588,84039,0.14
9589,39251,0.34
9590,95907,0.47156611085503913
9591,8136,0.1
9592,64108,0.27
9593,21045,0.22
9594,58622,0.28
9595,50278,0.28
9596,94140,0.3
9597,102404,0.6514684368668864
9598,82849,0.26
9599,95906,0.6060437791111741
9600,66289,0.28
9601,52688,0.29
9602,37576,0.21
9603,13714,0.26
9604,80706,0.33
9605,48170,0.26
9606,82768,0.23
9607,42871,0.2611111183793985
9608,67706,0.19
9609,85747,0.21106571196018278
9610,19828,0.489939631047358
9611,99446,0.6514684368668864
9612,70589,0.47156611085503913
9613,11192,0.28
9614,41627,0.94
9615,87878,0.25
9616,1275,0.21
9617,55478,0.24
9618,88686,0.37
9619,49923,0.27
9620,5088,0.23828070175438598
9621,32640,0.26
9622,69441,0.23
9623,40447,0.11
9624,5165,0.41651984126984126
9625,15894,0.48
9626,74406,0.21
9627,74582,0.26
9628,31217,0.25
9629,68692,0.26
9630,72227,0.21106571196018278
9631,15038,0.3
9632,112362,0.61
9633,100217,0.7491207553686823
9634,103950,0.21
9635,9745,0.6040860070012546
9636,16845,0.23
9637,70724,0.21
9638,75714,0.36
9639,22173,0.28
9640,99769,0.17
9641,23467,0.24
9642,53209,0.615037864917606
9643,114765,0.38
9644,103206,0.25
9645,13523,0.24
9646,107902,0.29618368733128664
9647,29633,0.6879944332192204
9648,437,0.22
9649,32677,0.29
9650,41701,0.3
9651,70421,0.29
9652,91039,0.25
9653,47423,0.29
9654,62137,0.21
9655,54540,0.21106571196018278
9656,113641,0.3
9657,99292,0.26
9658,65285,0.3
9659,57953,0.3
9660,12388,0.3
9661,68062,0.44035186592851355
9662,13181,0.24
9663,956,0.24
9664,16469,0.3
9665,25569,0.26
9666,81779,0.29
9667,11381,0.26
9668,67870,0.07
9669,29044,0.25293732567047406
9670,3133,0.5684948229082645
9671,69231,0.3
9672,53885,0.22
9673,48041,0.21106571196018278
9674,66913,0.27
9675,77870,0.28
9676,114691,0.21
9677,76480,0.213125892987996
9678,96490,0.21
9679,98205,0.6514684368668864
9680,10647,0.24
9681,114760,0.26
9682,26966,0.27
9683,26906,0.22
9684,11708,0.558851204837557
9685,55543,0.6879944332192204
9686,53270,0.33
9687,61224,0.51
9688,76577,0.19
9689,21136,0.29
9690,101526,0.5658684711404199
9691,110401,0.27
9692,38965,0.3999673937173938
9693,39581,0.32
9694,24164,0.29
9695,42519,0.28
9696,106357,0.640589310994999
9697,67331,0.27
9698,34430,0.26
9699,72376,0.25
9700,44006,0.3
9701,65951,0.11
9702,4707,0.25
9703,93501,0.41
9704,34835,0.31
9705,43353,0.23
9706,24484,0.2611111183793985
9707,30701,0.26
9708,77000,0.24
9709,77665,0.2
9710,101684,0.32
9711,53693,0.7024997009086346
9712,88539,0.8331601874669974
9713,4083,0.27
9714,82638,0.27
9715,107138,0.31
9716,69281,0.5170727146631315
9717,75435,0.21
9718,17183,0.23
9719,97804,0.31
9720,40467,0.13
9721,106980,0.31
9722,101157,0.24
9723,20272,0.29
9724,25091,0.12
9725,72231,0.3
9726,35540,0.07
9727,15623,0.2
9728,11459,0.2833333333333333
9729,70010,0.8457951945355597
9730,25561,0.2611111183793985
9731,91024,0.24
9732,91671,0.2
9733,98916,0.28
9734,165,0.15
9735,89912,0.25
9736,114744,0.04
9737,28562,0.29
9738,86981,0.24
9739,54183,0.42640208607459895
9740,81552,0.8457951945355597
9741,105361,0.6514684368668864
9742,18789,0.26
9743,111799,0.27
9744,52987,0.09
9745,83290,0.663121287281579
9746,5838,0.26
9747,102908,0.19
9748,93269,0.33
9749,5580,0.34
9750,55097,0.28
9751,56815,0.6970637908450266
9752,13424,0.29
9753,38572,0.7405317013283446
9754,89341,0.28
9755,11804,0.7606405173421392
9756,10258,0.1
9757,10205,0.25
9758,63510,0.21
9759,34245,0.27
9760,55551,0.4251838111498381
9761,88298,0.32436199342825844
9762,74117,0.29542118743406626
9763,66203,0.22
9764,1958,0.28
9765,41457,0.29
9766,7390,0.26
9767,42786,0.1
9768,52594,0.21
9769,97023,0.32
9770,113484,0.3
9771,106579,0.2807012478432212
9772,115355,0.2975589937410899
9773,88413,0.25
9774,98385,0.19
9775,54424,0.29
9776,4137,0.21
9777,33778,0.26
9778,3946,0.1
9779,74360,0.28
9780,38491,0.3
9781,65797,0.28
9782,22558,0.27
9783,77897,0.21
9784,5820,0.28
9785,93759,0.3
9786,6133,0.22
9787,57644,0.34
9788,26866,0.27
9789,43955,0.5067736252258745
9790,34427,0.8044329605846217
9791,21361,0.22
9792,66060,0.28
9793,35593,0.29
9794,110324,0.26
9795,7647,0.4830053831157081
9796,78397,0.26
9797,97661,0.25
9798,52882,0.21
9799,12687,0.6318115649917043
9800,63981,0.28
9801,79942,0.49626280269721645
9802,29505,0.6879944332192204
9803,25773,0.2611111183793985
9804,82590,0.17
9805,42612,0.2736505932627259
9806,53963,0.23
9807,35323,0.23
9808,6903,0.21
9809,104795,0.6060437791111741
9810,100315,0.26
9811,113379,0.29
9812,58199,0.2672180728297719
9813,77438,0.23
9814,113995,0.8002701290515217
9815,8649,0.19
9816,83314,0.12
9817,8920,0.2714285714285714
9818,20094,0.26
9819,18190,0.31
9820,65694,0.22
9821,49521,0.7024997009086346
9822,63852,0.29
9823,11341,0.24
9824,16988,0.22
9825,14320,0.22
9826,44578,0.31
9827,57093,0.33
9828,367,0.27
9829,47137,0.23
9830,68614,0.29
9831,56737,0.6063580061789815
9832,1991,0.25
9833,112207,0.26
9834,36331,0.49626280269721645
9835,62672,0.36
9836,38302,0.25
9837,109674,0.25
9838,111662,0.29
9839,89450,0.8087014454974942
9840,35794,0.26
9841,57514,0.33899285004789426
9842,33615,0.6879944332192204
9843,95715,0.21
9844,55458,0.22
9845,73839,0.26
9846,13067,0.31
9847,40749,0.09
9848,40241,0.7024997009086346
9849,63170,0.25
9850,11205,0.2606523131581182
9851,49784,0.28
9852,68726,0.16
9853,25475,0.36
9854,6484,0.26
9855,61497,0.3384336462965311
9856,22479,0.21
9857,81924,0.22
9858,70708,0.28
9859,115178,0.3
9860,17639,0.39
9861,5062,0.3891471861471862
9862,62660,0.26
9863,3718,0.3310020987784145
9864,13764,0.27
9865,66348,0.28
9866,109176,0.27
9867,70545,0.08
9868,92119,0.25
9869,101402,0.3
9870,102295,0.5020588542209693
9871,11005,0.24
9872,109409,0.29
9873,48876,0.3054576171951389
9874,108869,0.26
9875,8994,0.29950197808316326
9876,51072,0.3
9877,92850,0.23
9878,109540,0.8002701290515217
9879,51327,0.4911165246865001
9880,85004,0.12
9881,7341,0.24
9882,52262,0.26
9883,74025,0.33899285004789426
9884,90259,0.21
9885,21161,0.30125
9886,91718,0.33134820528628567
9887,25193,0.21
9888,74892,0.3
9889,54615,0.19
9890,26155,0.26
9891,92981,0.8025734585058774
9892,84505,0.3
9893,102084,0.22
9894,2008,0.21
9895,54922,0.15
9896,102989,0.19
9897,40643,0.23
9898,6482,0.24
9899,43039,0.03
9900,1927,0.25
9901,20461,0.6063580061789815
9902,61237,0.29738694977561037
9903,82494,0.28
9904,28860,0.4911165246865001
9905,106171,0.36
9906,83030,0.3
9907,51476,0.4
9908,28550,0.27
9909,25049,0.24
9910,72562,0.22
9911,41274,0.27
9912,49816,0.18
9913,56569,0.22
9914,85997,0.2
9915,33985,0.17
9916,90447,0.26
9917,45942,0.22
9918,100845,0.28
9919,90518,0.8087014454974942
9920,2083,0.23
9921,91055,0.9039408732770348
9922,23671,0.25
9923,51489,0.49626280269721645
9924,12159,0.32
9925,92516,0.2102967032967033
9926,53526,0.21
9927,87569,0.26
9928,104048,0.26
9929,102243,0.3
9930,39473,0.26
9931,30896,0.4911165246865001
9932,55827,0.36
9933,109229,0.44357790630422206
9934,1149,0.39
9935,32762,0.2
9936,84053,0.27
9937,8267,0.2714285714285714
9938,86282,0.34
9939,58475,0.8331601874669974
9940,68042,0.2553333333333333
9941,46926,0.27
9942,36059,0.29
9943,67931,0.778920261971505
9944,69769,0.5658684711404199
9945,75048,0.7024997009086346
9946,67544,0.33899285004789426
9947,21301,0.13
9948,55043,0.16
9949,72600,0.8331601874669974
9950,7040,0.28
9951,52615,0.25
9952,48043,0.24
9953,6952,0.32
9954,101933,0.6060437791111741
9955,52465,0.21
9956,31542,0.33224337223043043
9957,94653,0.22
9958,58559,0.21
9959,62977,0.14
9960,5892,0.4830053831157081
9961,5419,0.21
9962,94979,0.28
9963,90814,0.5658684711404199
9964,111276,0.12
9965,70985,0.29
9966,32523,0.23
9967,18453,0.23
9968,98863,0.28908145122531176
9969,35359,0.28
9970,92975,0.22
9971,85569,0.24
9972,25447,0.2736505932627259
9973,95509,0.25
9974,70197,0.19
9975,20573,0.31
9976,43234,0.19
9977,107765,0.28
9978,70609,0.44035186592851355
9979,20520,0.23
9980,85937,0.21
9981,94782,0.8074620881663229
9982,106765,0.804737389751532
9983,58677,0.6606477235506313
9984,12333,0.17
9985,109076,0.28
9986,43112,0.29
9987,84962,0.21
9988,7093,0.24796069590298245
9989,28117,0.03
9990,46318,0.25293732567047406
9991,32304,0.5455326939251731
9992,44552,0.24
9993,45653,0.23
9994,28636,0.34
9995,91724,0.2902117207222417
9996,5723,0.25
9997,90937,0.2814568078776256
9998,12070,0.32
9999,27280,0.2736505932627259
10000,24818,0.2611111183793985
10001,85033,0.29542118743406626
10002,75261,0.24
10003,104835,0.2
10004,102997,0.29
10005,97850,0.21
10006,19857,0.24
10007,59399,0.42
10008,58164,0.8087014454974942
10009,114628,0.22
10010,83713,0.32
10011,108689,0.26
10012,53125,0.3054576171951389
10013,56688,0.3
10014,80545,0.44035186592851355
10015,13604,0.5775446743647739
10016,62261,0.27
10017,41550,0.29
10018,40754,0.19
10019,13131,0.29041044843077246
10020,98561,0.21
10021,84381,0.26
10022,41376,0.3
10023,92617,0.2
10024,65067,0.27
10025,101928,0.2505
10026,54818,0.26
10027,114014,0.3
10028,38752,0.14
10029,41830,0.19
10030,105074,0.26
10031,2065,0.21
10032,95436,0.26
10033,51387,0.24
10034,67567,0.7024997009086346
10035,96654,0.71
10036,70227,0.8331601874669974
10037,69576,0.2
10038,52126,0.5098901818657562
10039,85061,0.16
10040,17153,0.24
10041,52190,0.28
10042,1001,0.3618664046504301
10043,86699,0.21
10044,4551,0.2714285714285714
10045,84297,0.25
10046,8857,0.25
10047,74999,0.29
10048,104579,0.28
10049,100134,0.2672180728297719
10050,31892,0.27
10051,9695,0.11
10052,48527,0.21
10053,63828,0.28
10054,36526,0.3
10055,89126,0.24
10056,49383,0.22
10057,56626,0.21
10058,53471,0.21
10059,24534,0.29
10060,83113,0.21
10061,29063,0.5098901818657562
10062,77351,0.29
10063,40116,0.27725
10064,66346,0.23
10065,57817,0.22
10066,101316,0.43249015313620975
10067,14613,0.24285714285714285
10068,46139,0.17
10069,99193,0.21106571196018278
10070,24235,0.44
10071,47033,0.3
10072,16568,0.26
10073,49120,0.28
10074,38732,0.15
10075,50932,0.34
10076,61641,0.28
10077,112110,0.21106571196018278
10078,86639,0.44035186592851355
10079,72640,0.28
10080,99786,0.6514684368668864
10081,106873,0.8074620881663229
10082,34838,0.22
10083,52979,0.31
10084,43624,0.2
10085,74710,0.28
10086,16656,0.12
10087,16868,0.24
10088,9054,0.18
10089,31459,0.28
10090,76904,0.24
10091,103881,0.17
10092,88144,0.6060437791111741
10093,23083,0.778920261971505
10094,34069,0.24
10095,71547,0.31
10096,371,0.13
10097,17411,0.21
10098,13064,0.3
10099,10097,0.23
10100,15822,0.25
10101,95268,0.25
10102,111084,0.7415137606796547
10103,56056,0.28
10104,67616,0.7024997009086346
10105,12095,0.31
10106,97951,0.4905952380952381
10107,19453,0.22
10108,36154,0.36
10109,12346,0.29041044843077246
10110,44324,0.11
10111,71129,0.44035186592851355
10112,110065,0.3
10113,97039,0.8074620881663229
10114,48285,0.28
10115,83663,0.28
10116,30343,0.34
10117,59590,0.27
10118,86764,0.2902117207222417
10119,17638,0.24
10120,63079,0.21
10121,46002,0.30485270461020425
10122,49967,0.3782589900529063
10123,67228,0.3633333333333333
10124,47648,0.32
10125,108500,0.33
10126,84492,0.2672180728297719
10127,90192,0.6060437791111741
10128,41954,0.21
10129,90319,0.22
10130,19237,0.33755102040816326
10131,47182,0.28
10132,112289,0.21
10133,3854,0.25
10134,20255,0.3511638543363016
10135,87050,0.29285605710579565
10136,57100,0.37
10137,17995,0.3
10138,95611,0.3595606657286202
10139,25897,0.09
10140,3909,0.23
10141,93955,0.8074620881663229
10142,4446,0.5731669077843564
10143,110912,0.7415137606796547
10144,39680,0.6606477235506313
10145,34651,0.49626280269721645
10146,20517,0.7024997009086346
10147,39360,0.24
10148,84283,0.213125892987996
10149,8638,0.29
10150,660,0.3379268407291214
10151,16181,0.24
10152,12554,0.24
10153,23630,0.27
10154,94468,0.4925
10155,1364,0.22
10156,37099,0.3
10157,45528,0.22
10158,94052,0.28
10159,95930,0.22
10160,55156,0.6879944332192204
10161,52895,0.21
10162,102408,0.15
10163,37051,0.27
10164,58356,0.36
10165,4095,0.4830053831157081
10166,17219,0.3
10167,52496,0.08
10168,109293,0.3
10169,66153,0.24
10170,80544,0.33
10171,25564,0.22
10172,88821,0.4251838111498381
10173,22681,0.25
10174,23219,0.26
10175,56788,0.21
10176,109973,0.25
10177,27560,0.3
10178,79445,0.3
10179,50002,0.29738694977561037
10180,58656,0.3
10181,59075,0.28
10182,8273,0.3501203934953936
10183,111417,0.2
10184,108925,0.29957730692552864
10185,71210,0.21
10186,23596,0.22
10187,5212,0.23828070175438598
10188,110283,0.3
10189,29767,0.27
10190,26030,0.31
10191,76876,0.26
10192,53877,0.14
10193,90648,0.7491207553686823
10194,32728,0.22
10195,29188,0.28
10196,28697,0.27
10197,38336,0.57602346105529
10198,75001,0.25
10199,52314,0.22
10200,60760,0.28
10201,35567,0.78
10202,40506,0.06
10203,7526,0.22
10204,32831,0.16
10205,14410,0.26
10206,75263,0.21
10207,24601,0.07
10208,73032,0.33
10209,34951,0.6879944332192204
10210,42055,0.12
10211,57314,0.22
10212,73710,0.27
10213,13620,0.3
10214,84884,0.11
10215,64059,0.22
10216,2249,0.25
10217,27580,0.21
10218,89314,0.9039408732770348
10219,47851,0.3
10220,59784,0.8484012324895833
10221,83914,0.34
10222,36,0.26
10223,49205,0.22
10224,20074,0.24
10225,92339,0.9616670447958974
10226,78370,0.57602346105529
10227,65816,0.23
10228,79610,0.22
10229,7340,0.3329504657104964
10230,58030,0.21106571196018278
10231,11074,0.11
10232,31187,0.34
10233,48710,0.13
10234,21388,0.13
10235,17270,0.32
10236,108384,0.2
10237,84678,0.2
10238,19760,0.22
10239,67667,0.6060437791111741
10240,9645,0.22
10241,38064,0.17
10242,88593,0.5
10243,30653,0.21952136456069715
10244,110723,0.22
10245,38700,0.2
10246,58480,0.27
10247,110134,0.2
10248,18335,0.48
10249,4284,0.2421428571428571
10250,68416,0.2
10251,109711,0.28
10252,76872,0.09
10253,42817,0.34
10254,6,0.22
10255,58472,0.2
10256,30956,0.28
10257,81395,0.2902117207222417
10258,103129,0.12
10259,54005,0.7024997009086346
10260,57285,0.35
10261,17565,0.41
10262,5302,0.29
10263,5844,0.2
10264,58458,0.8331601874669974
10265,22617,0.22
10266,15901,0.3
10267,71902,0.57602346105529
10268,30733,0.3
10269,98200,0.6060437791111741
10270,48374,0.34
10271,11688,0.24
10272,57284,0.31
10273,55463,0.2
10274,71019,0.27
10275,82112,0.8484012324895833
10276,50987,0.34
10277,80242,0.08
10278,45535,0.21
10279,1613,0.27
10280,18037,0.25
10281,86603,0.4
10282,77056,0.6879944332192204
10283,73166,0.27
10284,89633,0.45
10285,8243,0.22
10286,104431,0.08
10287,80187,0.3
10288,22780,0.406
10289,76897,0.44035186592851355
10290,66511,0.2
10291,61152,0.3048363735289757
10292,76980,0.22
10293,73415,0.39
10294,18175,0.35462482918007915
10295,28840,0.31
10296,17159,0.15
10297,104448,0.7415137606796547
10298,24655,0.5105917597187313
10299,41124,0.21
10300,85880,0.28
10301,45889,0.18
10302,1910,0.3
10303,91889,0.25
10304,59900,0.22
10305,40182,0.33
10306,18585,0.38
10307,99693,0.21
10308,50225,0.2
10309,98712,0.4911165246865001
10310,11276,0.26
10311,95869,0.04
10312,72651,0.24
10313,86741,0.57602346105529
10314,48003,0.33224337223043043
10315,7643,0.23
10316,114008,0.28
10317,7641,0.2714285714285714
10318,62568,0.6961258235367476
10319,32115,0.15
10320,6082,0.27
10321,94803,0.57602346105529
10322,50634,0.23
10323,72208,0.57602346105529
10324,88689,0.19
10325,111381,0.21106571196018278
10326,22584,0.48
10327,97987,0.09
10328,73530,0.2
10329,85301,0.26
10330,58564,0.29
10331,112485,0.31
10332,52891,0.6574333853925554
10333,5909,0.26
10334,60218,0.43
10335,86313,0.41
10336,90443,0.686711125185392
10337,80388,0.2
10338,78416,0.6060437791111741
10339,36508,0.29
10340,46421,0.22
10341,33395,0.22
10342,87056,0.25
10343,81510,0.28
10344,8328,0.33
10345,98779,0.27
10346,73906,0.5020588542209693
10347,61620,0.21106571196018278
10348,43271,0.3595606657286202
10349,96867,0.33
10350,48628,0.38
10351,85945,0.25
10352,113587,0.35
10353,32530,0.09
10354,11603,0.32
10355,41602,0.23
10356,50600,0.6879944332192204
10357,36825,0.06
10358,95759,0.8087014454974942
10359,36210,0.23
10360,64050,0.21
10361,7699,0.19
10362,46698,0.73
10363,70664,0.29738694977561037
10364,65365,0.28
10365,105535,0.3713762139346507
10366,59149,0.31
10367,75098,0.2
10368,28387,0.6606477235506313
10369,60446,0.21
10370,81547,0.2
10371,88105,0.24
10372,24978,0.26
10373,49518,0.7024997009086346
10374,31808,0.31
10375,20689,0.3595606657286202
10376,98683,0.5799705977303526
10377,88545,0.26
10378,65016,0.29
10379,48369,0.26
10380,100087,0.45711449793839437
10381,13948,0.3400119047619048
10382,88223,0.28
10383,53464,0.9061748683050006
10384,111930,0.21
10385,31492,0.19
10386,41718,0.21
10387,4861,0.21
10388,42224,0.23
10389,17890,0.32
10390,53674,0.31
10391,7586,0.25
10392,60580,0.25
10393,14270,0.27
10394,41105,0.3
10395,100334,0.29
10396,111248,0.15
10397,77262,0.24
10398,25788,0.2
10399,105283,0.25
10400,104455,0.26
10401,92065,0.23
10402,36807,0.3
10403,69684,0.8331601874669974
10404,107211,0.21
10405,90095,0.33224337223043043
10406,29472,0.7415137606796547
10407,31719,0.31
10408,106839,0.31
10409,21719,0.2611111183793985
10410,1218,0.06
10411,10452,0.1
10412,59902,0.2
10413,42351,0.2611111183793985
10414,42060,0.25293732567047406
10415,9326,0.11
10416,81766,0.22
10417,49574,0.49626280269721645
10418,7471,0.28
10419,109956,0.22
10420,21191,0.3
10421,82096,0.34
10422,48462,0.06
10423,62202,0.32
10424,15852,0.26
10425,39215,0.57602346105529
10426,104728,0.43091532760561035
10427,12057,0.16
10428,47700,0.27
10429,62843,0.26
10430,46553,0.26
10431,33068,0.31
10432,115143,0.21
10433,61815,0.28
10434,80487,0.27
10435,91141,0.2672180728297719
10436,4229,0.23
10437,51331,0.26
10438,78167,0.49626280269721645
10439,104457,0.6060437791111741
10440,50708,0.67
10441,4714,0.11
10442,76518,0.29
10443,11715,0.25
10444,65695,0.28
10445,63642,0.14
10446,80189,0.21
10447,73412,0.21106571196018278
10448,60281,0.05
10449,52164,0.22
10450,64069,0.25
10451,42208,0.2633333333333333
10452,100493,0.28908145122531176
10453,28694,0.2736505932627259
10454,97884,0.36
10455,95174,0.25
10456,98733,0.18
10457,39112,0.15
10458,109214,0.1
10459,66426,0.27
10460,8122,0.26
10461,70532,0.27
10462,24375,0.21
10463,115180,0.21
10464,34688,0.29
10465,87487,0.14
10466,101071,0.686711125185392
10467,51212,0.28
10468,82774,0.09
10469,64666,0.22
10470,115816,0.6060437791111741
10471,54841,0.12
10472,76526,0.8087014454974942
10473,70017,0.4911165246865001
10474,8249,0.1
10475,102618,0.30035621847553995
10476,108206,0.26
10477,17336,0.3208022322985699
10478,89412,0.22
10479,42247,0.5170727146631315
10480,93704,0.31
10481,7477,0.17
10482,822,0.24
10483,10557,0.21
10484,64824,0.2
10485,43429,0.26
10486,28300,0.3
10487,2725,0.5
10488,110311,0.33
10489,49305,0.2
10490,1917,0.29569984820821593
10491,88742,0.29
10492,66831,0.29
10493,112380,0.21
10494,62086,0.28
10495,82752,0.2672180728297719
10496,65665,0.22
10497,77449,0.21
10498,87099,0.24467172122499256
10499,86290,0.27
10500,53644,0.21
10501,4702,0.2695
10502,55669,0.3048363735289757
10503,71643,0.24
10504,54488,0.778920261971505
10505,10266,0.23
10506,56319,0.25
10507,82696,0.33224337223043043
10508,97507,0.5658684711404199
10509,5044,0.26
10510,89296,0.25
10511,52685,0.3054576171951389
10512,38479,0.6063580061789815
10513,88365,0.29
10514,101534,0.5105917597187313
10515,65503,0.29
10516,111060,0.18
10517,55681,0.42066666666666663
10518,38217,0.35
10519,11364,0.2
10520,55369,0.22
10521,30271,0.31
10522,99295,0.3196825396825397
10523,94245,0.3
10524,50953,0.844755567144862
10525,35484,0.28
10526,70392,0.22
10527,3573,0.27
10528,94469,0.686711125185392
10529,102160,0.25
10530,88807,0.44035186592851355
10531,78243,0.21106571196018278
10532,52632,0.31
10533,11898,0.32
10534,90474,0.9616670447958974
10535,51216,0.32
10536,52936,0.21
10537,102652,0.21
10538,99613,0.06
10539,46914,0.57602346105529
10540,44634,0.26
10541,16741,0.21
10542,58759,0.8331601874669974
10543,10462,0.18
10544,64115,0.28
10545,81610,0.17
10546,29676,0.6879944332192204
10547,47425,0.27
10548,55440,0.35
10549,92808,0.3
10550,78741,0.26
10551,23611,0.26
10552,37871,0.29
10553,2194,0.28
10554,50683,0.3595606657286202
10555,97985,0.43249015313620975
10556,86942,0.24
10557,81495,0.38
10558,103372,0.2
10559,5632,0.26
10560,89622,0.6060437791111741
10561,4084,0.34
10562,93956,0.22
10563,76529,0.21584599045548056
10564,61346,0.25
10565,103034,0.26
10566,11147,0.23828070175438598
10567,76663,0.26
10568,92296,0.28
10569,76064,0.28
10570,55064,0.38
10571,115067,0.28
10572,80668,0.3
10573,90454,0.8087014454974942
10574,62940,0.3651904761904762
10575,107169,0.19
10576,70618,0.27
10577,2575,0.558851204837557
10578,62463,0.28
10579,72667,0.33
10580,112388,0.29
10581,58796,0.3
10582,109235,0.36
10583,61591,0.26
10584,4231,0.3246067676812677
10585,96487,0.25
10586,66170,0.37
10587,108486,0.7415137606796547
10588,39274,0.2611111183793985
10589,50915,0.57602346105529
10590,47727,0.22
10591,113462,0.895686343352608
10592,46393,0.2
10593,92820,0.09
10594,66106,0.22
10595,12412,0.19
10596,84796,0.31
10597,11502,0.3
10598,11578,0.28
10599,42388,0.31
10600,54315,0.7024997009086346
10601,70553,0.6060437791111741
10602,34271,0.22
10603,26797,0.29
10604,21038,0.07
10605,3295,0.24
10606,9760,0.21
10607,97580,0.27
10608,8047,0.17
10609,83186,0.21
10610,110613,0.27
10611,88054,0.29
10612,95114,0.686711125185392
10613,81359,0.15
10614,79087,0.22
10615,73999,0.2672180728297719
10616,54494,0.3595606657286202
10617,10601,0.08
10618,43543,0.26
10619,106470,0.29285605710579565
10620,38812,0.26
10621,93209,0.40569492300158616
10622,55027,0.21
10623,4844,0.7024997009086346
10624,51403,0.22
10625,5805,0.23828070175438598
10626,64367,0.07
10627,56542,0.2
10628,44365,0.32
10629,62871,0.6606477235506313
10630,61464,0.26
10631,48094,0.2
10632,93175,0.4531794040040778
10633,42538,0.22
10634,14136,0.19
10635,38762,0.26
10636,59478,0.8094490423084325
10637,82960,0.28
10638,69064,0.22
10639,81831,0.21
10640,33579,0.3
10641,13145,0.23
10642,103551,0.2
10643,25970,0.25
10644,33808,0.7415137606796547
10645,104284,0.7415137606796547
10646,11518,0.16
10647,15060,0.24
10648,92225,0.21
10649,11658,0.21
10650,108458,0.26
10651,108643,0.3
10652,69601,0.15
10653,17846,0.13
10654,70281,0.2
10655,102451,0.33769480519480516
10656,92060,0.4911165246865001
10657,5898,0.26
10658,75376,0.37
10659,11163,0.24
10660,56393,0.3
10661,74416,0.15
10662,31895,0.31
10663,60316,0.7024997009086346
10664,48546,0.21
10665,64769,0.28
10666,38261,0.29
10667,74319,0.2672180728297719
10668,66032,0.28
10669,42869,0.24
10670,105060,0.43249015313620975
10671,95698,0.22
10672,29876,0.29
10673,62437,0.8087014454974942
10674,12658,0.3165832815740585
10675,105506,0.33
10676,89722,0.36633867133905085
10677,79432,0.29
10678,46118,0.24
10679,10530,0.21
10680,19914,0.21
10681,61642,0.6970637908450266
10682,36651,0.2611111183793985
10683,19972,0.23
10684,34243,0.22
10685,84706,0.8457951945355597
10686,18761,0.33991666666666664
10687,105874,0.09
10688,42048,0.06
10689,74027,0.3
10690,76899,0.44035186592851355
10691,91414,0.44035186592851355
10692,25123,0.2611111183793985
10693,73277,0.2
10694,60146,0.47156611085503913
10695,59238,0.26
10696,28858,0.26
10697,15875,0.3526099469826501
10698,76203,0.2672180728297719
10699,83709,0.7672499240916899
10700,51696,0.23
10701,22577,0.29
10702,81433,0.23
10703,79268,0.24
10704,41106,0.3733333333333333
10705,102183,0.686711125185392
10706,108700,0.5952890834207484
10707,75227,0.21106571196018278
10708,73768,0.32
10709,12465,0.26
10710,76629,0.28
10711,98660,0.25
10712,73751,0.29
10713,2601,0.30333333333333334
10714,107272,0.23
10715,3504,0.25
10716,12152,0.6987114098478523
10717,43774,0.27
10718,53094,0.21
10719,78978,0.27
10720,25867,0.24
10721,45911,0.28
10722,45831,0.06
10723,1332,0.21
10724,105254,0.27
10725,22823,0.7024997009086346
10726,88707,0.34
10727,90304,0.21584599045548056
10728,42525,0.26
10729,72606,0.21
10730,26202,0.3
10731,3549,0.27
10732,24962,0.23
10733,39676,0.22
10734,114631,0.2975589937410899
10735,60714,0.7024997009086346
10736,49937,0.31
10737,96201,0.3
10738,34153,0.21
10739,54748,0.6879944332192204
10740,75193,0.25
10741,38428,0.31
10742,43323,0.27
10743,113761,0.22
10744,79414,0.07
10745,2706,0.2421428571428571
10746,44883,0.21
10747,60819,0.2672180728297719
10748,34995,0.21
10749,88824,0.4911165246865001
10750,86214,0.6961258235367476
10751,109473,0.3
10752,76567,0.21
10753,59267,0.25
10754,58952,0.13
10755,81715,0.36
10756,40495,0.255625
10757,59615,0.23
10758,110592,0.9039408732770348
10759,97957,0.640589310994999
10760,66236,0.13
10761,56386,0.26
10762,26232,0.29
10763,101340,0.22
10764,81492,0.2672180728297719
10765,73494,0.44035186592851355
10766,39333,0.25
10767,104529,0.26
10768,89535,0.25
10769,62010,0.6606477235506313
10770,31732,0.26
10771,109477,0.3
10772,114798,0.21
10773,46833,0.29
10774,36568,0.19
10775,94810,0.22
10776,63028,0.21
10777,25160,0.2611111183793985
10778,88471,0.8087014454974942
10779,99396,0.21
10780,25528,0.27
10781,5902,0.27
10782,2595,0.25
10783,47040,0.23
10784,52827,0.25
10785,13105,0.22
10786,115924,0.21106571196018278
10787,18765,0.23
10788,13912,0.45
10789,79543,0.4911165246865001
10790,108514,0.28
10791,9100,0.21
10792,94930,0.57602346105529
10793,25876,0.27
10794,76210,0.24
10795,56332,0.8087014454974942
10796,1624,0.382
10797,112641,0.3
10798,39484,0.27
10799,81810,0.3
10800,115477,0.6574333853925554
10801,54318,0.2
10802,37243,0.2611111183793985
10803,22875,0.27
10804,42564,0.2736505932627259
10805,9698,0.25
10806,113933,0.31
10807,32501,0.18
10808,3008,0.2
10809,91790,0.2672180728297719
10810,43192,0.06
10811,41950,0.28
10812,23698,0.13
10813,45263,0.2
10814,18875,0.31
10815,81786,0.21106571196018278
10816,49799,0.28
10817,42007,0.3
10818,775,0.18
10819,71195,0.21
10820,52299,0.08
10821,83549,0.24
10822,71332,0.8087014454974942
10823,48805,0.27
10824,13716,0.15
10825,65731,0.21
10826,14417,0.25
10827,20997,0.29
10828,46710,0.9061748683050006
10829,114308,0.29285605710579565
10830,72841,0.27
10831,10919,0.26
10832,45232,0.3
10833,32416,0.7415137606796547
10834,24077,0.18
10835,55287,0.3
10836,47049,0.2
10837,9551,0.28
10838,110766,0.13
10839,51408,0.3
10840,33412,0.7415137606796547
10841,15236,0.19
10842,22153,0.2611111183793985
10843,66432,0.28
10844,57296,0.15
10845,3734,0.22
10846,55238,0.37
10847,24293,0.21333333333333332
10848,64484,0.23
10849,28044,0.22
10850,44067,0.4911165246865001
10851,6318,0.33515181012485556
10852,26292,0.26
10853,85108,0.29
10854,22275,0.37
10855,8287,0.33
10856,78007,0.14
10857,22554,0.29
10858,103255,0.16
10859,35218,0.15
10860,75711,0.26
10861,19294,0.27
10862,12052,0.22
10863,114877,0.27
10864,58376,0.37
10865,54739,0.4911165246865001
10866,4273,0.21
10867,45505,0.3
10868,50215,0.31
10869,7813,0.21
10870,67466,0.44035186592851355
10871,101439,0.5799705977303526
10872,103589,0.895686343352608
10873,87267,0.2
10874,67425,0.3
10875,10392,0.27558823529411763
10876,18338,0.21
10877,67781,0.06
10878,87175,0.28
10879,58971,0.21584599045548056
10880,3,0.3
10881,66132,0.05
10882,101232,0.3
10883,92250,0.19
10884,22672,0.5849729117232857
10885,70224,0.5658684711404199
10886,103227,0.27
10887,80429,0.663121287281579
10888,91761,0.8087014454974942
10889,63998,0.21
10890,7694,0.25
10891,97868,0.12
10892,16017,0.3526099469826501
10893,57318,0.6063580061789815
10894,39893,0.29
10895,90715,0.2752059837865456
10896,22329,0.25
10897,18896,0.7024997009086346
10898,57309,0.29
10899,16683,0.29041044843077246
10900,68052,0.2
10901,104690,0.29
10902,10744,0.4830053831157081
10903,7407,0.22
10904,35018,0.11
10905,67756,0.2
10906,115706,0.1
10907,115414,0.21
10908,26964,0.6574333853925554
10909,104109,0.30943861705025505
10910,73856,0.27
10911,13695,0.24
10912,18224,0.23
10913,97407,0.7491207553686823
10914,111965,0.24
10915,80743,0.25
10916,33413,0.43091532760561035
10917,93668,0.38
10918,48694,0.2
10919,100860,0.13
10920,100152,0.6514684368668864
10921,91841,0.08
10922,53488,0.21
10923,3062,0.12
10924,67612,0.8087014454974942
10925,69049,0.35
10926,115214,0.26
10927,26414,0.2736505932627259
10928,82756,0.16
10929,44417,0.7301219512195122
10930,45655,0.38
10931,64888,0.22
10932,114758,0.26
10933,42149,0.2
10934,107933,0.28
10935,20731,0.24
10936,74796,0.21
10937,75188,0.27
10938,26950,0.33
10939,29133,0.29
10940,52355,0.25
10941,89575,0.6060437791111741
10942,112348,0.19
10943,92916,0.33
10944,113611,0.28
10945,68611,0.29542118743406626
10946,2778,0.26
10947,96817,0.6060437791111741
10948,39825,0.2
10949,11816,0.25
10950,85497,0.3142893084856641
10951,2051,0.23
10952,56403,0.26
10953,85836,0.09
10954,90944,0.21
10955,51380,0.6879944332192204
10956,40245,0.26
10957,75866,0.26
10958,4678,0.28
10959,70191,0.6060437791111741
10960,112369,0.31
10961,60920,0.33
10962,51923,0.3
10963,34989,0.27
10964,43441,0.26
10965,72947,0.44035186592851355
10966,109656,0.6514684368668864
10967,58424,0.34
10968,1652,0.17
10969,78801,0.29
10970,68606,0.44035186592851355
10971,100292,0.12
10972,85711,0.26
10973,28648,0.26
10974,87131,0.21
10975,23464,0.25
10976,27120,0.31
10977,40216,0.4315613275613277
10978,60901,0.21
10979,115420,0.28
10980,80746,0.44035186592851355
10981,2463,0.24
10982,65874,0.2
10983,76285,0.2672180728297719
10984,44244,0.27
10985,31185,0.3
10986,104100,0.18
10987,41357,0.37
10988,75201,0.21
10989,2695,0.22
10990,42362,0.29
10991,26821,0.8881061273158657
10992,86482,0.5595
10993,12078,0.3685
10994,75850,0.22
10995,22016,0.29333333333333333
10996,59964,0.25
10997,65171,0.22
10998,39896,0.29
10999,43812,0.19
11000,37209,0.3
11001,20561,0.28
11002,70743,0.2672180728297719
11003,15145,0.26
11004,28190,0.29
11005,43357,0.33224337223043043
11006,25457,0.26
11007,61412,0.27
11008,76117,0.21
11009,36620,0.31
11010,38532,0.22
11011,95518,0.9073162876490548
11012,47949,0.213125892987996
11013,26448,0.19
11014,70228,0.14
11015,15544,0.26238596491228067
11016,98029,0.18
11017,84105,0.29
11018,103827,0.21
11019,90617,0.6961258235367476
11020,115972,0.08
11021,60408,0.21
11022,24577,0.26
11023,21155,0.22
11024,99203,0.6514684368668864
11025,86021,0.25
11026,51791,0.7024997009086346
11027,103815,0.17
11028,10577,0.19
11029,60102,0.3
11030,9810,0.26
11031,42035,0.26
11032,35868,0.4531794040040778
11033,52694,0.07
11034,86042,0.13
11035,93036,0.25
11036,54924,0.4911165246865001
11037,47001,0.29
11038,82617,0.8087014454974942
11039,86128,0.5952890834207484
11040,93129,0.16
11041,6651,0.28
11042,11476,0.31
11043,83683,0.24
11044,22365,0.26
11045,84386,0.2672180728297719
11046,50241,0.16
11047,78154,0.31
11048,24094,0.14
11049,53614,0.3434759716750337
11050,113955,0.29
11051,93685,0.27
11052,38296,0.25
11053,63031,0.8087014454974942
11054,112539,0.21
11055,41580,0.2611111183793985
11056,19561,0.6606477235506313
11057,46029,0.25
11058,63462,0.09
11059,58922,0.25293732567047406
11060,7896,0.2611111183793985
11061,88874,0.33224337223043043
11062,22026,0.34
11063,62136,0.6063580061789815
11064,15690,0.21
11065,111419,0.28
11066,107438,0.28
11067,49029,0.6574333853925554
11068,37131,0.17
11069,45728,0.22
11070,105355,0.21
11071,21261,0.22
11072,105959,0.9039408732770348
11073,83056,0.21
11074,87141,0.7491207553686823
11075,16041,0.23
11076,29696,0.6879944332192204
11077,106351,0.6092044951764513
11078,79171,0.2
11079,57390,0.15
11080,82793,0.16
11081,115054,0.26
11082,26444,0.26
11083,81370,0.27
11084,32998,0.27
11085,115346,0.21
11086,21706,0.3511638543363016
11087,100561,0.40569492300158616
11088,104030,0.804737389751532
11089,21532,0.08
11090,113547,0.28
11091,89884,0.18
11092,13529,0.23
11093,90660,0.17
11094,68830,0.22
11095,75906,0.28
11096,24370,0.26
11097,10130,0.21
11098,13167,0.18
11099,71859,0.28830446142884764
11100,10887,0.08
11101,31749,0.23
11102,79761,0.2902117207222417
11103,85676,0.26
11104,69206,0.7024997009086346
11105,74626,0.3
11106,103757,0.08
11107,83425,0.17
11108,75831,0.22
11109,88999,0.28
11110,70624,0.5455326939251731
11111,55983,0.23
11112,60015,0.28
11113,1353,0.23
11114,24058,0.27
11115,3371,0.26
11116,52837,0.8016548798422711
11117,61899,0.34
11118,29578,0.21
11119,65798,0.25
11120,105354,0.21
11121,21289,0.27
11122,55633,0.26
11123,29553,0.29
11124,58198,0.28
11125,82597,0.3
11126,20235,0.26
11127,78048,0.7024997009086346
11128,96982,0.5658684711404199
11129,59540,0.778920261971505
11130,8602,0.1
11131,88129,0.31
11132,51181,0.22
11133,105985,0.22
11134,104066,0.28
11135,59602,0.41650000000000004
11136,19402,0.26
11137,55326,0.5455326939251731
11138,18919,0.19
11139,92021,0.21
11140,39787,0.21
11141,109399,0.3
11142,59830,0.13
11143,44834,0.48229605538656534
11144,48334,0.28
11145,12615,0.33
11146,111790,0.21
11147,89064,0.24
11148,43828,0.873162570735478
11149,1422,0.07
11150,100543,0.25
11151,17290,0.27
11152,47491,0.15
11153,35121,0.27
11154,69779,0.8087014454974942
11155,13915,0.5703660881495761
11156,96879,0.28
11157,83466,0.21
11158,39948,0.26
11159,62290,0.22
11160,50917,0.57602346105529
11161,16321,0.22
11162,25258,0.29
11163,45426,0.6606477235506313
11164,45898,0.13
11165,46709,0.7415137606796547
11166,36590,0.94
11167,18538,0.29
11168,91709,0.29
11169,98810,0.3
11170,105057,0.7415137606796547
11171,22550,0.26
11172,14983,0.29
11173,42020,0.21
11174,7279,0.3
11175,44246,0.26
11176,39617,0.2611111183793985
11177,63095,0.34
11178,60632,0.2
11179,113847,0.26
11180,87236,0.17
11181,101435,0.6514684368668864
11182,106169,0.2
11183,101378,0.21
11184,55587,0.29738694977561037
11185,83603,0.4251838111498381
11186,16034,0.32
11187,78841,0.14
11188,15841,0.44
11189,82121,0.26
11190,79527,0.57602346105529
11191,16260,0.22
11192,7829,0.3
11193,39608,0.36
11194,105637,0.5876191917918387
11195,97735,0.23
11196,31048,0.15
11197,91366,0.28
11198,64919,0.27
11199,64719,0.19
11200,50778,0.83
11201,96900,0.16
11202,69161,0.28
11203,112925,0.2923230518274556
11204,70041,0.28
11205,11455,0.28
11206,15252,0.22
11207,57756,0.02
11208,103220,0.2
11209,54967,0.22
11210,90224,0.21
11211,43045,0.3
11212,37308,0.32
11213,47737,0.25
11214,78740,0.22
11215,54094,0.23
11216,23861,0.28
11217,14497,0.13
11218,6078,0.21
11219,36799,0.22
11220,109694,0.24
11221,93369,0.9039408732770348
11222,18412,0.7748906681210539
11223,92946,0.21
11224,44360,0.42640208607459895
11225,7677,0.23828070175438598
11226,79816,0.7024997009086346
11227,33868,0.19
11228,39750,0.6063580061789815
11229,76860,0.29
11230,30756,0.32
11231,101903,0.04
11232,7934,0.28
11233,5404,0.26
11234,95807,0.7491207553686823
11235,27717,0.26
11236,2919,0.27
11237,75803,0.26
11238,7328,0.06
11239,33300,0.29
11240,65363,0.19
11241,70979,0.21
11242,49601,0.23
11243,52670,0.2672180728297719
11244,102146,0.21
11245,23557,0.29
11246,63635,0.27
11247,3228,0.22
11248,43514,0.5170727146631315
11249,112670,0.3025
11250,79520,0.3595606657286202
11251,112338,0.21
11252,31315,0.42301428121191526
11253,62331,0.26
11254,92364,0.8087014454974942
11255,79146,0.28
11256,101668,0.24
11257,85424,0.1
11258,85655,0.2672180728297719
11259,34942,0.31
11260,40914,0.99
11261,113880,0.7415137606796547
11262,15460,0.18
11263,45338,0.3434759716750337
11264,26432,0.29
11265,106859,0.6514684368668864
11266,111627,0.29
11267,65182,0.28
11268,97209,0.29
11269,97435,0.26
11270,43356,0.27
11271,84672,0.25293732567047406
11272,82275,0.24
11273,50757,0.57602346105529
11274,20768,0.16
11275,59023,0.19
11276,15829,0.38
11277,24253,0.26
11278,91534,0.33899285004789426
11279,94986,0.21
11280,94959,0.08
11281,28916,0.33
11282,3273,0.25
11283,80607,0.7024997009086346
11284,17364,0.24
11285,23356,0.7024997009086346
11286,80812,0.28
11287,20302,0.17
11288,90802,0.3
11289,10126,0.24
11290,52612,0.8094490423084325
11291,57392,0.22
11292,84245,0.44035186592851355
11293,46012,0.22
11294,16832,0.4
11295,105719,0.08
11296,57910,0.32
11297,3311,0.2714285714285714
11298,46901,0.31
11299,38578,0.18
11300,111692,0.34
11301,10286,0.28
11302,61657,0.21
11303,109250,0.28
11304,107989,0.36
11305,29504,0.6879944332192204
11306,7721,0.21
11307,105822,0.18
11308,16246,0.23
11309,62389,0.21
11310,11457,0.23
11311,102985,0.22
11312,59743,0.22
11313,77479,0.15
11314,55755,0.3
11315,76704,0.44035186592851355
11316,18629,0.28
11317,92001,0.29
11318,106215,0.23
11319,71852,0.8087014454974942
11320,63974,0.28
11321,76466,0.778920261971505
11322,3539,0.28
11323,19711,0.33
11324,74365,0.7024997009086346
11325,100201,0.3763124205678637
11326,18635,0.22
11327,46391,0.3
11328,43957,0.29
11329,26132,0.21
11330,66858,0.21
11331,68080,0.6022267206811008
11332,92670,0.5020588542209693
11333,34485,0.8016548798422711
11334,26017,0.3
11335,105999,0.21
11336,113780,0.09
11337,38119,0.6606477235506313
11338,77492,0.15
11339,111190,0.3165041518110797
11340,44860,0.4911165246865001
11341,84248,0.3
11342,74595,0.24
11343,78822,0.28
11344,45187,0.2611111183793985
11345,69312,0.2672180728297719
11346,57905,0.5098901818657562
11347,25779,0.22
11348,80061,0.18
11349,3510,0.22
11350,43661,0.22
11351,36945,0.29
11352,2836,0.28
11353,102306,0.21584599045548056
11354,11656,0.23
11355,37498,0.1
11356,8561,0.12
11357,75628,0.33
11358,26471,0.31
11359,41107,0.49775771369818395
11360,108798,0.9106379870737048
11361,77522,0.43
11362,88953,0.7491207553686823
11363,10113,0.21
11364,88458,0.686711125185392
11365,33756,0.21952136456069715
11366,21265,0.3
11367,25617,0.2611111183793985
11368,77335,0.3
11369,74166,0.33
11370,56251,0.6574333853925554
11371,114070,0.21
11372,46512,0.31
11373,107841,0.45711449793839437
11374,43926,0.17
11375,4582,0.08
11376,9717,0.24
11377,50476,0.04
11378,47176,0.13
11379,42017,0.26
11380,72466,0.21
11381,26624,0.2736505932627259
11382,15712,0.27
11383,37546,0.2736505932627259
11384,62849,0.4
11385,100344,0.22
11386,6656,0.24
11387,83219,0.23
11388,42662,0.17
11389,74918,0.24
11390,40575,0.23
11391,35136,0.42977272727272725
11392,25929,0.01
11393,70771,0.8331601874669974
11394,9160,0.23
11395,11809,0.22
11396,17958,0.3165832815740585
11397,15011,0.3
11398,105080,0.21
11399,115642,0.24
11400,5417,0.25
11401,110351,0.28
11402,110965,0.21
11403,69819,0.21
11404,28528,0.19
11405,45429,0.25293732567047406
11406,91785,0.2672180728297719
11407,64001,0.22
11408,88237,0.26
11409,101216,0.15
11410,76493,0.36
11411,104113,0.21
11412,67316,0.28830446142884764
11413,61378,0.25
11414,79798,0.686711125185392
11415,59547,0.8087014454974942
11416,103675,0.7415137606796547
11417,54321,0.22
11418,52968,0.3
11419,92040,0.33
11420,52572,0.2672180728297719
11421,39192,0.26
11422,70223,0.29542118743406626
11423,55844,0.7024997009086346
11424,10197,0.28
11425,23648,0.25
11426,74996,0.4911165246865001
11427,20832,0.5343011611023996
11428,100608,0.22116666666666668
11429,51134,0.23
11430,114271,0.21
11431,87450,0.15
11432,6268,0.26
11433,40239,0.22
11434,22089,0.45547356828193836
11435,7059,0.24
11436,85520,0.2672180728297719
11437,41305,0.29
11438,2286,0.6153506030652572
11439,14093,0.7756446436943324
11440,63625,0.3
11441,111092,0.6060131120247898
11442,110720,0.3
11443,65347,0.28
11444,94328,0.24
11445,110190,0.13
11446,55406,0.22
11447,20826,0.3
11448,81161,0.5658684711404199
11449,9925,0.28
11450,13951,0.6371495846544332
11451,114983,0.27
11452,98349,0.22
11453,33387,0.7024997009086346
11454,73411,0.21106571196018278
11455,3496,0.26
11456,46802,0.28
11457,106987,0.21
11458,102811,0.2505
11459,16278,0.7647093730601477
11460,43773,0.29
11461,21428,0.5244735543846716
11462,21298,0.27
11463,74370,0.2672180728297719
11464,62874,0.35111669438744175
11465,102406,0.21
11466,71119,0.7024997009086346
11467,33315,0.27
11468,59673,0.32
11469,69689,0.5668692303155257
11470,25007,0.28
11471,49950,0.26
11472,97366,0.24
11473,77148,0.34
11474,41679,0.26
11475,5440,0.19
11476,13109,0.22
11477,71418,0.26
11478,92918,0.26
11479,87125,0.23
11480,27452,0.28
11481,21775,0.29
11482,11491,0.2
11483,53666,0.2672180728297719
11484,86569,0.33
11485,58377,0.35
11486,62142,0.3
11487,4577,0.4830053831157081
11488,73874,0.2752059837865456
11489,19842,0.22
11490,101887,0.21
11491,63696,0.22
11492,66316,0.26
11493,114484,0.6879944332192204
11494,45267,0.27
11495,67039,0.8087014454974942
11496,5159,0.26
11497,110422,0.23
11498,369,0.28
11499,35245,0.25293732567047406
11500,29086,0.6879944332192204
11501,11713,0.28
11502,40490,0.25
11503,67185,0.28
11504,25689,0.3
11505,85759,0.31
11506,105265,0.28
11507,94215,0.03
11508,91349,0.29285605710579565
11509,65523,0.26
11510,106759,0.33899285004789426
11511,28368,0.29
11512,88095,0.22
11513,72280,0.29542118743406626
11514,43118,0.22
11515,2805,0.2714285714285714
11516,86680,0.26
11517,112071,0.28
11518,56630,0.8087014454974942
11519,44801,0.57602346105529
11520,62369,0.21584599045548056
11521,42866,0.27
11522,114649,0.28
11523,77051,0.35
11524,107427,0.804737389751532
11525,21617,0.6079218852149509
11526,111303,0.37
11527,29292,0.28
11528,102344,0.27
11529,114598,0.26
11530,25772,0.28
11531,61026,0.2902117207222417
11532,613,0.21
11533,14278,0.7606405173421392
11534,101895,0.37
11535,76131,0.0
11536,1292,0.24
11537,64355,0.25
11538,98734,0.2672180728297719
11539,11863,0.15
11540,7543,0.32
11541,47328,0.29
11542,16941,0.35
11543,18196,0.25
11544,8954,0.22
11545,22629,0.21
11546,31560,0.3
11547,10539,0.23142857142857143
11548,19510,0.7024997009086346
11549,65552,0.28
11550,47412,0.2736505932627259
11551,33702,0.26
11552,70473,0.14
11553,68630,0.8087014454974942
11554,35759,0.49626280269721645
11555,44835,0.28
11556,111514,0.3
11557,25093,0.29
11558,5582,0.23828070175438598
11559,114479,0.9039408732770348
11560,89186,0.29
11561,38508,0.3
11562,81189,0.3595606657286202
11563,36874,0.18
11564,78668,0.37
11565,20730,0.32
11566,57470,0.6063580061789815
11567,10334,0.26
11568,109093,0.25
11569,63140,0.5170727146631315
11570,92277,0.21
11571,26853,0.26
11572,110227,0.4911165246865001
11573,53070,0.1
11574,80526,0.22
11575,23174,0.21
11576,4810,0.2714285714285714
11577,60474,0.26
11578,16867,0.3526099469826501
11579,92528,0.29542118743406626
11580,20342,0.5067736252258745
11581,39872,0.22
11582,13703,0.4830053831157081
11583,115906,0.27
11584,69603,0.213125892987996
11585,39014,0.33899285004789426
11586,8204,0.21
11587,104792,0.27
11588,74221,0.6970637908450266
11589,75659,0.7024997009086346
11590,31770,0.3054576171951389
11591,7579,0.3501203934953936
11592,106715,0.7415137606796547
11593,55020,0.31
11594,103605,0.804737389751532
11595,37979,0.23
11596,78423,0.28
11597,67737,0.28
11598,96208,0.21
11599,90672,0.25
11600,34465,0.778920261971505
11601,114517,0.31
11602,13520,0.22
11603,41567,0.33
11604,97174,0.3733333333333333
11605,8662,0.2
11606,100843,0.38
11607,106619,0.37
11608,98742,0.26
11609,22002,0.2
11610,105875,0.26
11611,88346,0.26
11612,86968,0.34
11613,112667,0.25
11614,106572,0.17
11615,107398,0.28
11616,4653,0.26
11617,89017,0.26
11618,96256,0.5658684711404199
11619,69546,0.27
11620,71620,0.3
11621,21351,0.26
11622,65563,0.23
11623,85630,0.25
11624,2499,0.27
11625,63593,0.25
11626,24537,0.27
11627,29328,0.6879944332192204
11628,39922,0.29911736974729275
11629,69368,0.2672180728297719
11630,24359,0.29
11631,82097,0.35
11632,105771,0.9039408732770348
11633,102265,0.29
11634,89415,0.47156611085503913
11635,13085,0.32
11636,62784,0.27
11637,88247,0.11
11638,56373,0.34
11639,45195,0.38046875
11640,30048,0.24
11641,97337,0.28
11642,48124,0.21
11643,26156,0.778920261971505
11644,65089,0.25
11645,16131,0.22
11646,70495,0.8881061273158657
11647,69577,0.6092044951764513
11648,88743,0.47156611085503913
11649,71638,0.28
11650,33805,0.33224337223043043
11651,60203,0.6063580061789815
11652,11819,0.27
11653,46014,0.29
11654,29351,0.5170727146631315
11655,46294,0.21
11656,100135,0.26
11657,98069,0.16
11658,63676,0.28
11659,83139,0.3595606657286202
11660,45754,0.26
11661,61739,0.26
11662,62800,0.9106379870737048
11663,12694,0.25
11664,112658,0.25
11665,86881,0.24
11666,16669,0.22
11667,89096,0.28
11668,5599,0.16
11669,6864,0.2714285714285714
11670,56702,0.31771494639478665
11671,95657,0.686711125185392
11672,71151,0.19
11673,17590,0.7647093730601477
11674,47333,0.35111669438744175
11675,66174,0.15
11676,24872,0.31
11677,79565,0.3
11678,111538,0.6574333853925554
11679,113368,0.31
11680,45649,0.35
11681,16976,0.7647093730601477
11682,40276,0.28
11683,32976,0.28
11684,62221,0.7024997009086346
11685,36475,0.3
11686,50678,0.3
11687,68255,0.21106571196018278
11688,85155,0.28
11689,96523,0.5658684711404199
11690,85671,0.295
11691,114655,0.26
11692,73758,0.35
11693,23148,0.37
11694,26880,0.27
11695,2245,0.21
11696,34756,0.3062866491761945
11697,17444,0.22
11698,67758,0.21106571196018278
11699,60458,0.32
11700,86609,0.28
11701,8046,0.17
11702,115979,0.08
11703,9993,0.07
11704,58498,0.33
11705,6775,0.23
11706,85263,0.26
11707,37568,0.2736505932627259
11708,63494,0.3
11709,5551,0.28
11710,12646,0.27
11711,75661,0.28
11712,90812,0.25
11713,52738,0.21
11714,103004,0.21
11715,63199,0.27
11716,71389,0.57602346105529
11717,68552,0.2
11718,35212,0.3054576171951389
11719,59092,0.31
11720,115857,0.21106571196018278
11721,2816,0.25
11722,109242,0.6514684368668864
11723,107241,0.26
11724,41039,0.7024997009086346
11725,78128,0.22
11726,50523,0.17
11727,31774,0.23
11728,29605,0.1
11729,21469,0.26
11730,61871,0.24
11731,28278,0.19
11732,92897,0.3
11733,47441,0.24
11734,43875,0.3
11735,47854,0.28
11736,91613,0.31
11737,72102,0.26
11738,7911,0.21
11739,46186,0.2611111183793985
11740,32252,0.2
11741,76738,0.32
11742,94088,0.21
11743,41546,0.28
11744,5613,0.23
11745,10874,0.28
11746,114863,0.18
11747,22321,0.24
11748,3241,0.29
11749,46193,0.34
11750,99711,0.23760818498476272
11751,89718,0.8087014454974942
11752,87940,0.2814568078776256
11753,115479,0.640589310994999
11754,108950,0.29
11755,21317,0.2
11756,40484,0.1
11757,88176,0.6060437791111741
11758,92987,0.26
11759,85493,0.26
11760,45711,0.24
11761,2067,0.2695
11762,93087,0.2
11763,111258,0.4911165246865001
11764,19846,0.36048119675414403
11765,78683,0.21
11766,1954,0.24
11767,74813,0.32633116883116886
11768,94541,0.36633867133905085
11769,36065,0.33224337223043043
11770,113220,0.31
11771,25947,0.33
11772,24470,0.26
11773,111868,0.23
11774,11108,0.2
11775,25,0.24
11776,89723,0.33224337223043043
11777,33127,0.28
11778,59123,0.8331601874669974
11779,32880,0.6147421971928614
11780,52211,0.24
11781,28835,0.15
11782,23919,0.21
11783,59767,0.19
11784,49978,0.6879944332192204
11785,1627,0.21
11786,54457,0.2743404752824607
11787,115637,0.24
11788,26117,0.34
11789,2216,0.24
11790,49962,0.28
11791,70552,0.57602346105529
11792,2815,0.25
11793,112277,0.31
11794,90537,0.43
11795,109277,0.21
11796,80249,0.44035186592851355
11797,14097,0.7756446436943324
11798,46266,0.3
11799,93434,0.8074620881663229
11800,27501,0.3
11801,93616,0.8087014454974942
11802,60487,0.21
11803,19086,0.32
11804,50870,0.26
11805,26828,0.4911165246865001
11806,70222,0.26
11807,16859,0.48
11808,88659,0.686711125185392
11809,1350,0.24505659075224295
11810,23969,0.26
11811,32965,0.35
11812,32066,0.6574333853925554
11813,20196,0.33
11814,106827,0.36104092501642404
11815,104565,0.27
11816,45791,0.29
11817,105389,0.804737389751532
11818,47081,0.33
11819,54629,0.26
11820,95515,0.17
11821,95357,0.6970637908450266
11822,69435,0.18
11823,92625,0.8087014454974942
11824,3380,0.21
11825,75793,0.26
11826,46248,0.2611111183793985
11827,16095,0.24
11828,32477,0.23
11829,28492,0.8094490423084325
11830,39692,0.2
11831,80960,0.2
11832,35161,0.1
11833,109215,0.27
11834,53456,0.33224337223043043
11835,24954,0.29
11836,34463,0.5098901818657562
11837,21613,0.28
11838,98024,0.5658684711404199
11839,89394,0.686711125185392
11840,8048,0.25
11841,95166,0.31
11842,7587,0.27
11843,87242,0.21
11844,32447,0.14
11845,80688,0.44035186592851355
11846,84022,0.26
11847,2807,0.25
11848,102905,0.6574333853925554
11849,47776,0.2
11850,113304,0.21
11851,5593,0.35
11852,93055,0.28
11853,71537,0.28
11854,94462,0.21
11855,37166,0.7415137606796547
11856,23433,0.29
11857,111307,0.28
11858,111690,0.8074620881663229
11859,4463,0.407563492063492
11860,26634,0.2736505932627259
11861,45438,0.778920261971505
11862,78809,0.2
11863,46621,0.2736505932627259
11864,107203,0.19
11865,49046,0.21
11866,40526,0.19
11867,78295,0.25
11868,83092,0.44035186592851355
11869,39337,0.7024997009086346
11870,113305,0.3
11871,71730,0.4911165246865001
11872,79526,0.27
11873,56740,0.22
11874,104095,0.2
11875,87321,0.06
11876,94872,0.04
11877,65352,0.3
11878,82796,0.26
11879,65685,0.28
11880,16535,0.3307564102564103
11881,67720,0.57602346105529
11882,27711,0.27
11883,24241,0.2611111183793985
11884,14128,0.23
11885,72276,0.44035186592851355
11886,83654,0.24
11887,50378,0.489939631047358
11888,21565,0.22
11889,38602,0.23
11890,8077,0.4957261904761905
11891,53174,0.16
11892,49891,0.19
11893,62026,0.27
11894,85498,0.44035186592851355
11895,770,0.3526099469826501
11896,99330,0.12
11897,8528,0.27
11898,5515,0.27
11899,108933,0.2
11900,100738,0.28
11901,64197,0.22
11902,83767,0.34
11903,78876,0.21
11904,23352,0.31
11905,69144,0.28
11906,56258,0.35
11907,83827,0.3
11908,90742,0.8087014454974942
11909,92150,0.25
11910,34802,0.6879944332192204
11911,51365,0.26
11912,50197,0.27
11913,18541,0.21
11914,80994,0.27
11915,105513,0.21
11916,49240,0.21584599045548056
11917,18817,0.25
11918,9069,0.24
11919,95339,0.22
11920,82869,0.57602346105529
11921,66797,0.28
11922,57997,0.2
11923,39087,0.36475175478116645
11924,17043,0.39589430211283755
11925,107540,0.23
11926,75403,0.34
11927,104058,0.11
11928,1640,0.25
11929,83408,0.8457951945355597
11930,21579,0.57602346105529
11931,115636,0.26
11932,101363,0.6514684368668864
11933,68145,0.2672180728297719
11934,102715,0.28
11935,29262,0.8016548798422711
11936,86927,0.24
11937,33116,0.3
11938,86615,0.7024997009086346
11939,27531,0.29
11940,42675,0.5455326939251731
11941,105326,0.804737389751532
11942,30359,0.6574333853925554
11943,93486,0.2814568078776256
11944,18023,0.22
11945,2059,0.28
11946,69767,0.6060437791111741
11947,92912,0.33
11948,53978,0.21
11949,7016,0.2833333333333333
11950,54371,0.14
11951,44300,0.36
11952,82200,0.29
11953,81782,0.8484012324895833
11954,63087,0.37
11955,109212,0.19
11956,102032,0.6879944332192204
11957,39383,0.29911736974729275
11958,106748,0.33
11959,57248,0.21
11960,66035,0.28
11961,15548,0.24
11962,74628,0.2672180728297719
11963,85849,0.7024997009086346
11964,2530,0.25
11965,99009,0.36
11966,32255,0.9437447063281852
11967,41756,0.27
11968,97624,0.25076923076923074
11969,36482,0.6574333853925554
11970,102372,0.4911165246865001
11971,102807,0.8025734585058774
11972,16043,0.26
11973,21491,0.3
11974,16385,0.5775446743647739
11975,6577,0.22
11976,103165,0.42
11977,25393,0.21952136456069715
11978,84603,0.2
11979,42539,0.2
11980,86816,0.22
11981,70958,0.44035186592851355
11982,98281,0.28908145122531176
11983,66271,0.34
11984,61702,0.24
11985,111005,0.27
11986,31320,0.39
11987,55545,0.28
11988,52488,0.3
11989,59042,0.06
11990,59832,0.2
11991,78101,0.21
11992,34782,0.4
11993,75712,0.7024997009086346
11994,392,0.27
11995,52885,0.6879944332192204
11996,37755,0.2611111183793985
11997,35414,0.5098901818657562
11998,8774,0.19
11999,23859,0.31
12000,9453,0.27
12001,46071,0.26
12002,84596,0.31
12003,15762,0.21
12004,108707,0.29
12005,64774,0.16
12006,48198,0.25
12007,115966,0.26
12008,113318,0.27
12009,27954,0.03
12010,55112,0.18
12011,59501,0.29
12012,100163,0.14
12013,88416,0.44035186592851355
12014,80325,0.21
12015,1456,0.26
12016,95265,0.28
12017,73369,0.21106571196018278
12018,801,0.26
12019,71831,0.25
12020,54935,0.3048363735289757
12021,55799,0.26
12022,67413,0.44035186592851355
12023,8173,0.25
12024,90342,0.57602346105529
12025,57152,0.8331601874669974
12026,78738,0.44035186592851355
12027,50164,0.57602346105529
12028,79783,0.27
12029,77478,0.19
12030,115605,0.40569492300158616
12031,107266,0.6060437791111741
12032,37932,0.7024997009086346
12033,46171,0.2
12034,114356,0.17
12035,15310,0.26
12036,26800,0.22
12037,62483,0.26
12038,55047,0.9027926995314074
12039,40930,0.42066666666666663
12040,50380,0.3
12041,86146,0.25
12042,55092,0.22
12043,10409,0.22
12044,46956,0.22
12045,106402,0.29957730692552864
12046,78657,0.13
12047,98202,0.26
12048,84924,0.2
12049,51127,0.23
12050,17245,0.25
12051,50457,0.6879944332192204
12052,14067,0.25
12053,12040,0.28
12054,79663,0.21
12055,5800,0.3618664046504301
12056,84957,0.2
12057,43642,0.22
12058,40150,0.21
12059,70602,0.18
12060,15305,0.22
12061,23568,0.5067736252258745
12062,17171,0.16
12063,48877,0.19
12064,24381,0.27
12065,109028,0.21
12066,67240,0.8457951945355597
12067,8153,0.09
12068,71662,0.44035186592851355
12069,85888,0.23
12070,101158,0.31
12071,102633,0.21106571196018278
12072,10383,0.24796069590298245
12073,61991,0.29712558860906485
12074,46697,0.26
12075,107686,0.21
12076,74604,0.3
12077,90430,0.26
12078,74632,0.28
12079,103963,0.3124115245115245
12080,75688,0.22
12081,6999,0.4830053831157081
12082,48723,0.21
12083,103898,0.6514684368668864
12084,32441,0.25293732567047406
12085,94362,0.13
12086,17651,0.13
12087,43706,0.26
12088,83490,0.2
12089,83952,0.47156611085503913
12090,49528,0.19
12091,114965,0.31
12092,50606,0.27
12093,21891,0.49775771369818395
12094,68978,0.7024997009086346
12095,70986,0.6970637908450266
12096,91816,0.5658684711404199
12097,67476,0.33
12098,37489,0.22
12099,77154,0.19
12100,48996,0.3
12101,60908,0.6961258235367476
12102,77204,0.21
12103,96070,0.6060437791111741
12104,11631,0.21
12105,105598,0.3724012754292784
12106,72750,0.3
12107,24447,0.25
12108,91977,0.57602346105529
12109,40520,0.23
12110,97362,0.27
12111,46130,0.22
12112,83510,0.26
12113,12443,0.24
12114,112096,0.2
12115,66501,0.25
12116,24981,0.19
12117,20712,0.23
12118,15382,0.2
12119,85170,0.2672180728297719
12120,54248,0.5098901818657562
12121,54438,0.22
12122,111471,0.32
12123,91418,0.7517547952262292
12124,10054,0.29
12125,8384,0.18
12126,78250,0.15
12127,68911,0.7024997009086346
12128,57908,0.21584599045548056
12129,55296,0.38
12130,38945,0.32
12131,75231,0.26
12132,30290,0.27
12133,69083,0.21
12134,53325,0.31
12135,20204,0.25
12136,41700,0.19
12137,50899,0.22
12138,18498,0.19
12139,21149,0.3
12140,70360,0.25
12141,83203,0.37
12142,66982,0.57602346105529
12143,15980,0.35
12144,69185,0.15
12145,113043,0.27
12146,72727,0.5528333333333334
12147,88013,0.27
12148,101857,0.26
12149,12796,0.32
12150,32788,0.17
12151,51827,0.26
12152,98823,0.18
12153,56271,0.8457951945355597
12154,47179,0.21
12155,90012,0.21
12156,114762,0.21
12157,91587,0.14
12158,64253,0.26
12159,13171,0.640945660240844
12160,12677,0.31
12161,31045,0.3
12162,59906,0.7024997009086346
12163,95414,0.22
12164,35940,0.6879944332192204
12165,76302,0.8087014454974942
12166,84430,0.3
12167,78011,0.37
12168,44055,0.23
12169,43428,0.29
12170,37441,0.21
12171,32776,0.22
12172,19695,0.3
12173,66780,0.14
12174,37183,0.778920261971505
12175,67566,0.3535364357864358
12176,89424,0.2672180728297719
12177,38665,0.25
12178,75991,0.4911165246865001
12179,38305,0.27
12180,53842,0.29
12181,44598,0.33
12182,77949,0.4911165246865001
12183,57902,0.27
12184,59995,0.24
12185,107728,0.29
12186,40472,0.24
12187,43651,0.27
12188,46905,0.26
12189,25589,0.25
12190,39823,0.6063580061789815
12191,60723,0.29738694977561037
12192,83167,0.36
12193,22282,0.23
12194,58520,0.6879944332192204
12195,76696,0.7461666666666666
12196,112788,0.07
12197,98418,0.17
12198,17287,0.2
12199,111302,0.28
12200,57381,0.26
12201,25801,0.3
12202,46887,0.28
12203,49545,0.6879944332192204
12204,47291,0.4031051372347387
12205,55235,0.6606477235506313
12206,24212,0.27
12207,81276,0.2
12208,10272,0.3618664046504301
12209,82033,0.24
12210,109184,0.05
12211,67154,0.27
12212,12981,0.45500000000000007
12213,45590,0.31
12214,49129,0.3595606657286202
12215,11257,0.24505659075224295
12216,15837,0.26
12217,91102,0.686711125185392
12218,94545,0.22
12219,64846,0.27
12220,19471,0.26
12221,11392,0.24
12222,84947,0.778920261971505
12223,14166,0.31
12224,43919,0.3
12225,5280,0.26
12226,73347,0.3
12227,44514,0.29
12228,107240,0.18
12229,62038,0.22
12230,89923,0.27
12231,38791,0.22
12232,6495,0.2421428571428571
12233,66352,0.29
12234,105877,0.21
12235,44460,0.29
12236,9244,0.27
12237,87674,0.8087014454974942
12238,51159,0.11
12239,56658,0.19
12240,39436,0.2611111183793985
12241,90426,0.22
12242,87398,0.2758333333333333
12243,90553,0.18
12244,55484,0.28
12245,101554,0.28
12246,72563,0.33224337223043043
12247,28989,0.34
12248,9928,0.23828070175438598
12249,2058,0.5193505410231796
12250,48873,0.7517547952262292
12251,115028,0.23
12252,96560,0.31
12253,63881,0.26
12254,88006,0.25
12255,84376,0.44035186592851355
12256,72548,0.24
12257,86047,0.6961258235367476
12258,105668,0.22
12259,3120,0.26
12260,86592,0.6060437791111741
12261,29741,0.6879944332192204
12262,84340,0.8094490423084325
12263,113340,0.28
12264,30791,0.09
12265,70440,0.6060437791111741
12266,54879,0.26
12267,12242,0.25
12268,33542,0.25
12269,63966,0.31
12270,41173,0.29
12271,35005,0.18
12272,8517,0.4830053831157081
12273,20033,0.4511638543363016
12274,34921,0.6879944332192204
12275,99064,0.28
12276,75942,0.27
12277,89400,0.686711125185392
12278,90019,0.686711125185392
12279,109053,0.6514684368668864
12280,35632,0.6879944332192204
12281,57004,0.6879944332192204
12282,63297,0.5280102424812745
12283,33731,0.3
12284,73773,0.2813028032345489
12285,58003,0.3
12286,66819,0.29
12287,44545,0.4911165246865001
12288,106172,0.5658684711404199
12289,61891,0.21
12290,79270,0.53
12291,61270,0.21
12292,96206,0.27
12293,50482,0.22
12294,54936,0.26
12295,63931,0.27
12296,98356,0.16
12297,109672,0.3
12298,22259,0.39547356828193836
12299,74643,0.27
12300,4517,0.11
12301,12991,0.31
12302,30426,0.22
12303,10799,0.21
12304,81223,0.27
12305,3863,0.28
12306,56853,0.28
12307,29460,0.778920261971505
12308,52247,0.6574333853925554
12309,20611,0.3
12310,27234,0.3
12311,69719,0.22
12312,72113,0.2672180728297719
12313,10421,0.23
12314,64422,0.05
12315,108438,0.3713762139346507
12316,57034,0.2
12317,82296,0.26
12318,66508,0.25
12319,1591,0.3595606657286202
12320,22745,0.28
12321,47738,0.22
12322,83847,0.28
12323,13770,0.36048119675414403
12324,54679,0.17
12325,31493,0.6606477235506313
12326,77089,0.6606477235506313
12327,38735,0.3
12328,70145,0.29
12329,51490,0.6606477235506313
12330,52216,0.28
12331,4820,0.27
12332,3420,0.22
12333,26659,0.49775771369818395
12334,69324,0.34
12335,70783,0.29
12336,74661,0.21106571196018278
12337,100105,0.21
12338,65855,0.19
12339,5714,0.26
12340,4620,0.17
12341,79009,0.21952136456069715
12342,574,0.29
12343,43778,0.25
12344,101133,0.28
12345,66561,0.19
12346,110876,0.5658684711404199
12347,42212,0.22
12348,14554,0.7647093730601477
12349,75691,0.24
12350,4027,0.25
12351,91686,0.28
12352,42709,0.2611111183793985
12353,66326,0.28104660881121046
12354,112746,0.22
12355,69645,0.3595606657286202
12356,82438,0.43142857142857144
12357,72724,0.57602346105529
12358,75665,0.31
12359,70214,0.09
12360,40573,0.24
12361,69976,0.21106571196018278
12362,71583,0.16
12363,11152,0.2606523131581182
12364,23602,0.31
12365,48796,0.6879944332192204
12366,54080,0.21
12367,32497,0.3
12368,13699,0.22
12369,65388,0.28
12370,21013,0.3
12371,30033,0.16
12372,110983,0.2
12373,8818,0.26
12374,42138,0.2
12375,65132,0.28
12376,19663,0.26
12377,113652,0.11
12378,98930,0.3
12379,4192,0.15
12380,61915,0.22
12381,56478,0.27
12382,15904,0.7756446436943324
12383,114538,0.24
12384,112509,0.35
12385,11670,0.26
12386,2356,0.09
12387,97075,0.213125892987996
12388,40525,0.305
12389,1293,0.24
12390,76202,0.2814568078776256
12391,21543,0.42
12392,18167,0.35
12393,106769,0.2634490510786567
12394,27165,0.4031051372347387
12395,89981,0.29
12396,35320,0.6879944332192204
12397,103154,0.21
12398,58371,0.21
12399,46303,0.26
12400,36460,0.57602346105529
12401,84633,0.22
12402,35905,0.37
12403,75796,0.14
12404,44521,0.24
12405,2840,0.21
12406,107655,0.21
12407,91028,0.3025
12408,90709,0.21
12409,72538,0.27
12410,69897,0.32
12411,112173,0.18
12412,15184,0.31990954534215477
12413,20404,0.11
12414,4842,0.2502171729681814
12415,28724,0.26
12416,87296,0.8025734585058774
12417,3834,0.22
12418,81397,0.29
12419,31042,0.18
12420,25146,0.2611111183793985
12421,103341,0.3
12422,101823,0.32
12423,3885,0.23
12424,8500,0.21
12425,27879,0.5098901818657562
12426,97591,0.21
12427,82133,0.36
12428,86023,0.21
12429,38206,0.32
12430,81668,0.18
12431,114777,0.37
12432,75715,0.27
12433,56895,0.29
12434,96888,0.28
12435,27907,0.3
12436,107586,0.11
12437,31444,0.19
12438,114717,0.30333333333333334
12439,114781,0.08
12440,112781,0.3
12441,68264,0.28
12442,23284,0.28
12443,49565,0.6879944332192204
12444,61276,0.29
12445,26691,0.778920261971505
12446,100901,0.29
12447,15447,0.24
12448,5091,0.26
12449,107094,0.6060437791111741
12450,84766,0.8457951945355597
12451,21211,0.33103448275862063
12452,110678,0.26
12453,84346,0.2902117207222417
12454,53301,0.33224337223043043
12455,91482,0.5658684711404199
12456,42406,0.39
12457,64206,0.28
12458,39660,0.23
12459,70633,0.18
12460,64154,0.28
12461,88772,0.36633867133905085
12462,92138,0.4
12463,38565,0.29
12464,55541,0.3
12465,52485,0.21
12466,22445,0.27
12467,90485,0.3276190476190476
12468,473,0.39589430211283755
12469,97810,0.8074620881663229
12470,46392,0.18
12471,52423,0.8016548798422711
12472,18721,0.46180454754171424
12473,30744,0.6879944332192204
12474,69791,0.21584599045548056
12475,96249,0.42
12476,62001,0.37160569985569986
12477,74266,0.21
12478,56490,0.25
12479,111889,0.3
12480,101073,0.19
12481,74795,0.25
12482,46007,0.27
12483,41418,0.26
12484,21145,0.06
12485,35238,0.1
12486,87481,0.27
12487,464,0.29
12488,51378,0.18
12489,73632,0.44035186592851355
12490,57945,0.21
12491,58317,0.47156611085503913
12492,57485,0.8331601874669974
12493,60008,0.28
12494,18099,0.34
12495,115851,0.08
12496,88103,0.6970637908450266
12497,101613,0.28
12498,42360,0.27
12499,7577,0.3
12500,6226,0.31
12501,114623,0.5799705977303526
12502,34468,0.3
12503,30181,0.25293732567047406
12504,38934,0.27
12505,31701,0.28
12506,54305,0.28
12507,69314,0.27
12508,98259,0.6514684368668864
12509,44019,0.25
12510,30442,0.4
12511,71732,0.34
12512,40732,0.26
12513,48136,0.29
12514,31510,0.24
12515,96889,0.8087014454974942
12516,58276,0.2672180728297719
12517,100497,0.6060437791111741
12518,7921,0.14
12519,101481,0.33
12520,39753,0.21
12521,26302,0.26
12522,80499,0.26
12523,65849,0.25
12524,11244,0.3634331947722041
12525,43583,0.8016548798422711
12526,36699,0.26
12527,58387,0.21
12528,104980,0.21
12529,64109,0.15
12530,13833,0.6371495846544332
12531,6562,0.13
12532,103288,0.2
12533,59038,0.26
12534,39386,0.27
12535,94160,0.3
12536,63670,0.32716666666666666
12537,111916,0.47
12538,26173,0.2611111183793985
12539,32224,0.7415137606796547
12540,96706,0.19
12541,115522,0.26
12542,74594,0.26
12543,29806,0.31
12544,637,0.6987114098478523
12545,56776,0.16
12546,82047,0.22
12547,52655,0.29
12548,77233,0.21
12549,377,0.26
12550,96056,0.28
12551,92954,0.2672180728297719
12552,97874,0.23
12553,23880,0.6574333853925554
12554,49399,0.6879944332192204
12555,11320,0.08
12556,60273,0.5098901818657562
12557,9856,0.2714285714285714
12558,24556,0.27
12559,105216,0.21
12560,34306,0.6879944332192204
12561,60397,0.18
12562,107992,0.21
12563,109472,0.16
12564,16758,0.23
12565,70652,0.14
12566,83921,0.29542118743406626
12567,46324,0.22
12568,24843,0.34
12569,110159,0.26
12570,40476,0.25
12571,101193,0.2
12572,23920,0.15
12573,80987,0.28
12574,96937,0.21
12575,21983,0.28
12576,100650,0.5876191917918387
12577,15630,0.33
12578,44887,0.27
12579,52180,0.6879944332192204
12580,33286,0.11
12581,83208,0.29542118743406626
12582,47356,0.27
12583,38434,0.2611111183793985
12584,112786,0.3
12585,62797,0.22
12586,89370,0.2
12587,54809,0.3
12588,98706,0.36
12589,66360,0.27
12590,95846,0.3713762139346507
12591,114871,0.42854166666666665
12592,79484,0.44035186592851355
12593,39194,0.08
12594,15565,0.23
12595,100188,0.32
12596,28355,0.29
12597,76211,0.28
12598,95950,0.47156611085503913
12599,89493,0.686711125185392
12600,5901,0.19
12601,41869,0.22
12602,18302,0.25
12603,94744,0.24
12604,14390,0.7756446436943324
12605,18086,0.19
12606,63114,0.8087014454974942
12607,10483,0.21
12608,90620,0.2672180728297719
12609,43071,0.2736505932627259
12610,16848,0.3307564102564103
12611,59417,0.18
12612,106971,0.11
12613,51730,0.25985915492957745
12614,44590,0.21
12615,59779,0.19
12616,15215,0.25
12617,60216,0.3
12618,38557,0.26
12619,48799,0.31
12620,74136,0.3
12621,83015,0.29
12622,71222,0.22
12623,36262,0.6032484614923382
12624,114242,0.7415137606796547
12625,98458,0.28
12626,42015,0.7024997009086346
12627,79304,0.32
12628,74250,0.29
12629,9653,0.24
12630,86008,0.21
12631,12755,0.22
12632,81754,0.35246323529411766
12633,87243,0.29
12634,18712,0.22
12635,18929,0.22
12636,52538,0.27
12637,112487,0.804737389751532
12638,78991,0.2
12639,87115,0.4911165246865001
12640,10678,0.25
12641,107960,0.43091532760561035
12642,783,0.21
12643,83109,0.3
12644,23308,0.25
12645,115443,0.27
12646,30674,0.6879944332192204
12647,102438,0.29
12648,21170,0.21
12649,42142,0.1
12650,69030,0.22
12651,34757,0.33899285004789426
12652,32004,0.24
12653,66143,0.47
12654,23132,0.28
12655,83402,0.24
12656,38343,0.28
12657,83137,0.41438275613275616
12658,106491,0.23
12659,112331,0.26
12660,40898,0.2633333333333333
12661,105742,0.15
12662,26479,0.2611111183793985
12663,84595,0.29
12664,109410,0.22
12665,4246,0.07
12666,93928,0.21
12667,34070,0.31
12668,92186,0.23
12669,45145,0.35535714285714287
12670,108051,0.271
12671,34473,0.22
12672,87787,0.8087014454974942
12673,19640,0.33547356828193836
12674,112043,0.3165041518110797
12675,78676,0.32
12676,88808,0.6970637908450266
12677,52775,0.33224337223043043
12678,38438,0.2611111183793985
12679,31965,0.5337472564381157
12680,79781,0.27
12681,15312,0.22
12682,115419,0.31
12683,46584,0.3
12684,8656,0.22
12685,8334,0.28
12686,31347,0.778920261971505
12687,46835,0.25
12688,98856,0.2
12689,98431,0.15
12690,13009,0.32959992784992787
12691,82666,0.2752059837865456
12692,35616,0.34
12693,69964,0.23
12694,47091,0.27
12695,816,0.3
12696,87307,0.49626280269721645
12697,32025,0.6574333853925554
12698,32595,0.3
12699,26639,0.31
12700,58188,0.2672180728297719
12701,48067,0.6574333853925554
12702,111618,0.5774999999999999
12703,88918,0.8087014454974942
12704,36550,0.34
12705,14778,0.22
12706,73110,0.19
12707,13757,0.25
12708,38457,0.32
12709,41053,0.22
12710,99269,0.3
12711,1331,0.21
12712,89594,0.25
12713,22760,0.3
12714,63941,0.19
12715,48842,0.4911165246865001
12716,69823,0.44035186592851355
12717,33758,0.15
12718,100058,0.36
12719,77736,0.26
12720,32278,0.4911165246865001
12721,20654,0.29
12722,58334,0.26
12723,94664,0.21
12724,113940,0.23
12725,86654,0.28
12726,26915,0.4911165246865001
12727,88531,0.29285605710579565
12728,31674,0.57602346105529
12729,114506,0.7415137606796547
12730,103422,0.3
12731,53129,0.27
12732,103105,0.8002701290515217
12733,19292,0.26
12734,113034,0.27
12735,5360,0.24
12736,39684,0.6606477235506313
12737,51673,0.33
12738,15789,0.24
12739,35439,0.13
12740,93631,0.2
12741,108138,0.16
12742,50713,0.33224337223043043
12743,66733,0.29
12744,37018,0.3
12745,50908,0.8016548798422711
12746,31752,0.2
12747,63838,0.24
12748,25866,0.2611111183793985
12749,99007,0.18
12750,68459,0.5658684711404199
12751,92921,0.8087014454974942
12752,47751,0.19
12753,18084,0.48
12754,90499,0.19285714285714284
12755,84876,0.22
12756,109431,0.08
12757,21680,0.2611111183793985
12758,25018,0.22
12759,79208,0.45711449793839437
12760,91269,0.06
12761,27816,0.31570863451286013
12762,42370,0.8881061273158657
12763,10669,0.09
12764,88616,0.57602346105529
12765,64674,0.32
12766,59950,0.8457951945355597
12767,82044,0.30485270461020425
12768,53989,0.27
12769,4040,0.21
12770,47747,0.3
12771,76413,0.5952890834207484
12772,15129,0.33
12773,91002,0.27
12774,14260,0.26
12775,110752,0.25
12776,45792,0.27
12777,48006,0.6574333853925554
12778,114889,0.2975589937410899
12779,8937,0.23
12780,40599,0.23
12781,47535,0.2
12782,66034,0.22
12783,57335,0.28
12784,65811,0.26
12785,52344,0.31
12786,59349,0.5098901818657562
12787,11668,0.23
12788,88991,0.686711125185392
12789,99807,0.21106571196018278
12790,37824,0.22
12791,93968,0.29
12792,6308,0.2502171729681814
12793,86381,0.21
12794,15629,0.24
12795,75706,0.24
12796,48104,0.3
12797,10492,0.25
12798,15322,0.2
12799,35843,0.24
12800,97710,0.8025734585058774
12801,49945,0.28
12802,24602,0.22
12803,8155,0.25
12804,77660,0.28
12805,95724,0.28
12806,112675,0.4
12807,88462,0.37
12808,92351,0.22
12809,3382,0.18
12810,33931,0.1
12811,31035,0.12
12812,93614,0.4911165246865001
12813,70165,0.2672180728297719
12814,110412,0.6060437791111741
12815,29571,0.21
12816,16093,0.37
12817,61334,0.26
12818,109381,0.36
12819,92459,0.8025734585058774
12820,108185,0.6022267206811008
12821,6596,0.25
12822,5692,0.44
12823,1696,0.22
12824,94605,0.21
12825,107499,0.2
12826,39037,0.28
12827,66164,0.29
12828,73611,0.21
12829,109468,0.26
12830,83977,0.2902117207222417
12831,72087,0.6961258235367476
12832,68989,0.26
12833,65828,0.24
12834,83519,0.3595606657286202
12835,99570,0.22
12836,22659,0.13
12837,109735,0.26
12838,101179,0.24
12839,52516,0.21
12840,8463,0.18
12841,106243,0.15
12842,47735,0.2611111183793985
12843,96776,0.3
12844,12161,0.27
12845,30318,0.23
12846,105905,0.28
12847,109984,0.7415137606796547
12848,27842,0.3
12849,37413,0.7024997009086346
12850,51533,0.36
12851,60657,0.5170727146631315
12852,101573,0.9073162876490548
12853,77834,0.36
12854,1811,0.23
12855,21318,0.34
12856,46809,0.33
12857,89992,0.2814568078776256
12858,72748,0.29
12859,5074,0.31
12860,43484,0.29
12861,56565,0.778920261971505
12862,62501,0.3
12863,88835,0.8331601874669974
12864,97927,0.19
12865,101327,0.29957730692552864
12866,60962,0.18
12867,107724,0.21
12868,5913,0.11
12869,29486,0.28
12870,63662,0.26
12871,74208,0.3
12872,57572,0.26
12873,33993,0.21
12874,13538,0.22
12875,108622,0.09
12876,1509,0.28
12877,17864,0.28
12878,33058,0.21
12879,7891,0.14
12880,16266,0.22
12881,101440,0.29285605710579565
12882,64088,0.3
12883,100636,0.21
12884,3710,0.5023486477495499
12885,72535,0.22
12886,46256,0.22
12887,58112,0.22
12888,88925,0.35
12889,113850,0.8331601874669974
12890,54609,0.21
12891,10022,0.14
12892,82181,0.8484012324895833
12893,112891,0.06
12894,94359,0.33
12895,58008,0.3
12896,62978,0.3
12897,62509,0.05
12898,110215,0.3
12899,70166,0.57602346105529
12900,88724,0.9039408732770348
12901,106141,0.5658684711404199
12902,36253,0.49626280269721645
12903,72031,0.21
12904,94147,0.25
12905,38638,0.12
12906,6613,0.13
12907,97226,0.5658684711404199
12908,102890,0.21
12909,55416,0.21584599045548056
12910,99179,0.21
12911,72188,0.44035186592851355
12912,60967,0.27
12913,105027,0.43249015313620975
12914,99342,0.3
12915,48652,0.25
12916,6954,0.2502171729681814
12917,12628,0.25
12918,18616,0.3311638543363016
12919,97952,0.28
12920,95229,0.43249015313620975
12921,79631,0.3595606657286202
12922,111745,0.9039408732770348
12923,114025,0.31
12924,57220,0.6574333853925554
12925,73066,0.7024997009086346
12926,54468,0.28
12927,31348,0.2589202388169106
12928,13694,0.7647093730601477
12929,87373,0.19
12930,112329,0.33
12931,86302,0.6060437791111741
12932,75133,0.26
12933,26814,0.21
12934,21869,0.3
12935,4982,0.21
12936,63753,0.28
12937,62944,0.27
12938,25663,0.3
12939,59582,0.47156611085503913
12940,67526,0.2902117207222417
12941,19751,0.24
12942,89892,0.2672180728297719
12943,11416,0.21
12944,30620,0.3
12945,80892,0.21
12946,12841,0.23
12947,54146,0.16
12948,112053,0.4911165246865001
12949,82102,0.2
12950,87764,0.3
12951,15745,0.26
12952,24902,0.26
12953,87137,0.4911165246865001
12954,61190,0.27
12955,37629,0.27
12956,4644,0.25
12957,11327,0.31
12958,50294,0.22
12959,24893,0.35
12960,10783,0.24
12961,64411,0.21
12962,48769,0.2
12963,69417,0.21
12964,97808,0.19
12965,114966,0.36
12966,100053,0.17
12967,19165,0.27
12968,22518,0.22
12969,60346,0.5668692303155257
12970,40775,0.33233333333333337
12971,107157,0.27
12972,98443,0.33
12973,67805,0.15
12974,67428,0.3
12975,59215,0.32
12976,24932,0.29
12977,99968,0.28
12978,14863,0.24
12979,89291,0.47156611085503913
12980,24020,0.27
12981,9743,0.23828070175438598
12982,95346,0.32
12983,10571,0.13
12984,57425,0.34
12985,32172,0.22
12986,38238,0.22
12987,77973,0.21
12988,13866,0.24
12989,103742,0.33
12990,114306,0.05
12991,26520,0.3
12992,60831,0.7
12993,2215,0.27
12994,14258,0.24
12995,88748,0.28
12996,34316,0.7024997009086346
12997,100824,0.31
12998,2950,0.2714285714285714
12999,35682,0.3
13000,35576,0.3
13001,114589,0.07
13002,90023,0.2672180728297719
13003,18009,0.22
13004,105580,0.13
13005,114349,0.28
13006,56276,0.31
13007,100784,0.33
13008,1496,0.32
13009,97367,0.23
13010,102052,0.15
13011,12125,0.48
13012,9798,0.23
13013,48449,0.3
13014,56777,0.8457951945355597
13015,72890,0.18
13016,6703,0.24
13017,47104,0.2
13018,73023,0.43
13019,49801,0.22
13020,76964,0.33
13021,110168,0.27
13022,11388,0.26
13023,80964,0.24
13024,65439,0.25
13025,48231,0.34
13026,81053,0.21
13027,110878,0.32
13028,79063,0.19
13029,67600,0.04
13030,25169,0.2736505932627259
13031,3638,0.25
13032,46194,0.33
13033,37004,0.08
13034,19253,0.31
13035,71797,0.44035186592851355
13036,43495,0.6879944332192204
13037,61482,0.6970637908450266
13038,22601,0.5244735543846716
13039,51683,0.57602346105529
13040,49232,0.24
13041,89893,0.37
13042,32056,0.43091532760561035
13043,42468,0.2
13044,66437,0.33
13045,78760,0.44035186592851355
13046,41523,0.16
13047,100492,0.09
13048,83480,0.22
13049,105510,0.804737389751532
13050,50345,0.2
13051,28738,0.8881061273158657
13052,75769,0.25293732567047406
13053,22056,0.26
13054,102427,0.5020588542209693
13055,85670,0.2
13056,80094,0.2
13057,60349,0.8457951945355597
13058,96119,0.25
13059,9399,0.33
13060,86907,0.8457951945355597
13061,86989,0.21
13062,14105,0.28
13063,9560,0.12
13064,64672,0.12
13065,11006,0.25
13066,53215,0.33
13067,73170,0.3
13068,83868,0.5658684711404199
13069,55476,0.5162471139971141
13070,25377,0.29
13071,30654,0.19
13072,98988,0.3
13073,17490,0.28
13074,91338,0.2752059837865456
13075,76564,0.778920261971505
13076,66365,0.22
13077,29991,0.489939631047358
13078,19273,0.5539999999999999
13079,74691,0.3
13080,60463,0.5020588542209693
13081,49139,0.29738694977561037
13082,44530,0.24
13083,69567,0.28830446142884764
13084,58724,0.5098901818657562
13085,59472,0.8331601874669974
13086,108807,0.24
13087,17847,0.3
13088,10290,0.26
13089,44165,0.22
13090,21460,0.33
13091,115894,0.22
13092,18357,0.21
13093,20395,0.7080409372790756
13094,11978,0.24
13095,108556,0.36
13096,67977,0.9437447063281852
13097,86534,0.28
13098,29908,0.6879944332192204
13099,170,0.26
13100,17770,0.28
13101,61426,0.19
13102,18754,0.7405317013283446
13103,88251,0.26
13104,57634,0.11
13105,105106,0.28
13106,83773,0.21
13107,88869,0.21106571196018278
13108,5082,0.25
13109,57319,0.26
13110,9581,0.2502171729681814
13111,56633,0.27
13112,3169,0.27
13113,75655,0.32
13114,82513,0.6879944332192204
13115,52767,0.62
13116,23656,0.2611111183793985
13117,27056,0.26
13118,54806,0.3
13119,16252,0.4770710678210677
13120,100936,0.6060437791111741
13121,37087,0.27
13122,3094,0.26
13123,107332,0.12
13124,49016,0.29738694977561037
13125,4647,0.25
13126,71455,0.3
13127,79876,0.9039408732770348
13128,17051,0.48
13129,107618,0.28
13130,83107,0.7024997009086346
13131,107156,0.21
13132,76261,0.21
13133,58844,0.3
13134,87949,0.26
13135,55743,0.28
13136,19124,0.33
13137,112425,0.3
13138,38070,0.06
13139,62482,0.21106571196018278
13140,9331,0.24796069590298245
13141,46496,0.26
13142,69177,0.37
13143,64722,0.29
13144,21009,0.45547356828193836
13145,100856,0.3451190476190476
13146,65396,0.27
13147,59932,0.7024997009086346
13148,71826,0.3
13149,53281,0.36
13150,57803,0.26
13151,112553,0.36
13152,38048,0.27
13153,73766,0.22
13154,106337,0.22
13155,24314,0.57602346105529
13156,95990,0.2672180728297719
13157,80225,0.213125892987996
13158,26361,0.25293732567047406
13159,53955,0.08
13160,96324,0.3
13161,46616,0.2611111183793985
13162,2175,0.5193505410231796
13163,16337,0.21
13164,82480,0.25
13165,84775,0.23
13166,72723,0.27
13167,11312,0.25
13168,85544,0.25
13169,30565,0.13
13170,89372,0.21106571196018278
13171,94779,0.36
13172,40997,0.2611111183793985
13173,112040,0.11
13174,107323,0.2
13175,86308,0.2
13176,40066,0.23
13177,40083,0.3
13178,64909,0.3
13179,29903,0.1
13180,71790,0.8087014454974942
13181,85277,0.8094490423084325
13182,53780,0.6879944332192204
13183,22109,0.26
13184,81722,0.28
13185,66305,0.28
13186,72309,0.44035186592851355
13187,43720,0.2736505932627259
13188,49384,0.29
13189,95137,0.07
13190,16811,0.38
13191,71093,0.2
13192,23234,0.22
13193,26364,0.2736505932627259
13194,10300,0.25666666666666665
13195,87374,0.4911165246865001
13196,86897,0.21
13197,89497,0.4363095238095238
13198,39570,0.25
13199,77010,0.29
13200,41395,0.2611111183793985
13201,108459,0.14
13202,114789,0.24
13203,18054,0.24
13204,33889,0.7415137606796547
13205,91924,0.8087014454974942
13206,59669,0.8457951945355597
13207,50182,0.3595606657286202
13208,52376,0.6879944332192204
13209,99156,0.29
13210,71287,0.8331601874669974
13211,15824,0.48
13212,50587,0.57602346105529
13213,17316,0.48
13214,16753,0.19
13215,29865,0.33
13216,5161,0.23828070175438598
13217,2603,0.1
13218,107526,0.22
13219,58807,0.28
13220,28360,0.6574333853925554
13221,77494,0.28
13222,69812,0.3
13223,46021,0.2
13224,84395,0.21
13225,13125,0.3685
13226,73935,0.2814568078776256
13227,31651,0.27
13228,55179,0.7024997009086346
13229,10997,0.26
13230,94906,0.6879944332192204
13231,79229,0.27
13232,78871,0.4
13233,5402,0.25
13234,82887,0.22
13235,90278,0.33
13236,87110,0.21
13237,12585,0.3063636363636364
13238,40903,0.3048363735289757
13239,13010,0.12
13240,56504,0.26
13241,35494,0.22
13242,30560,0.24
13243,55613,0.7024997009086346
13244,49482,0.28
13245,52352,0.31
13246,63411,0.21
13247,87724,0.29
13248,90397,0.29
13249,39857,0.23
13250,20243,0.26
13251,31435,0.21
13252,86095,0.07
13253,33782,0.28
13254,88846,0.33899285004789426
13255,23886,0.29
13256,72728,0.8087014454974942
13257,110479,0.29
13258,90849,0.9616670447958974
13259,26875,0.36
13260,113679,0.5224557364380512
13261,61561,0.24
13262,46583,0.2611111183793985
13263,17506,0.22
13264,24989,0.2611111183793985
13265,76711,0.44035186592851355
13266,4017,0.28
13267,21876,0.31
13268,31244,0.27
13269,45054,0.7517547952262292
13270,91328,0.3
13271,99947,0.6514684368668864
13272,94801,0.26
13273,100296,0.29
13274,51754,0.99
13275,92805,0.25
13276,66893,0.6060437791111741
13277,11753,0.21
13278,6248,0.32
13279,49116,0.7024997009086346
13280,45258,0.25
13281,86894,0.23
13282,50891,0.18
13283,73246,0.2813028032345489
13284,53466,0.2672180728297719
13285,42056,0.26
13286,43617,0.24
13287,67212,0.6961258235367476
13288,12033,0.4985545731779656
13289,4800,0.4748841409654498
13290,26830,0.6879944332192204
13291,110204,0.8002701290515217
13292,114402,0.16
13293,13864,0.3931940700808626
13294,72509,0.23
13295,67018,0.26
13296,16167,0.48
13297,78392,0.21
13298,77130,0.16
13299,98142,0.9039408732770348
13300,79024,0.41
13301,77864,0.28
13302,35703,0.28
13303,108050,0.640589310994999
13304,78034,0.13
13305,92895,0.29
13306,50470,0.22
13307,2213,0.29
13308,90939,0.16
13309,112097,0.28
13310,64410,0.22
13311,50204,0.6879944332192204
13312,109669,0.22
13313,10662,0.25
13314,79661,0.25
13315,41319,0.2611111183793985
13316,2931,0.2421428571428571
13317,26620,0.26
13318,93367,0.22
13319,58129,0.29
13320,70591,0.21
13321,91765,0.21
13322,75612,0.28
13323,36284,0.11
13324,15752,0.25222222222222224
13325,57228,0.3780528001594719
13326,51415,0.6063580061789815
13327,103794,0.25
13328,64010,0.28
13329,113163,0.27
13330,104000,0.21
13331,76448,0.663121287281579
13332,78575,0.03
13333,37575,0.6879944332192204
13334,20626,0.22
13335,46773,0.23
13336,74247,0.28
13337,107145,0.28
13338,42750,0.6063580061789815
13339,68655,0.2672180728297719
13340,20170,0.7024997009086346
13341,52855,0.33
13342,109380,0.15
13343,12016,0.48
13344,93679,0.16
13345,93461,0.3713762139346507
13346,36038,0.49775771369818395
13347,65184,0.39
13348,43606,0.22
13349,56182,0.19
13350,66264,0.23
13351,110533,0.16
13352,90804,0.3595606657286202
13353,51604,0.31
13354,1432,0.15
13355,38478,0.28
13356,722,0.25
13357,41455,0.57602346105529
13358,20627,0.22
13359,55507,0.6879944332192204
13360,20946,0.28
13361,83956,0.6063580061789815
13362,114403,0.12
13363,6946,0.09
13364,104001,0.22
13365,100590,0.6060437791111741
13366,77783,0.21584599045548056
13367,30320,0.7415137606796547
13368,70716,0.8094490423084325
13369,24010,0.2
13370,50291,0.6879944332192204
13371,49678,0.6879944332192204
13372,21978,0.18
13373,41822,0.27
13374,25188,0.2611111183793985
13375,97932,0.33
13376,13168,0.28
13377,53009,0.21
13378,57173,0.29
13379,61691,0.49626280269721645
13380,102923,0.29
13381,548,0.26
13382,28071,0.13
13383,43309,0.22
13384,69799,0.44035186592851355
13385,66703,0.03
13386,114490,0.3
13387,15504,0.19
13388,72372,0.25
13389,13706,0.25
13390,31710,0.25
13391,115235,0.28
13392,100998,0.21
13393,104336,0.21
13394,73621,0.34
13395,29131,0.6879944332192204
13396,99302,0.2
13397,67424,0.33
13398,20330,0.26
13399,88833,0.09
13400,99259,0.21
13401,90122,0.25
13402,7457,0.25
13403,54788,0.19
13404,2189,0.3916956136229623
13405,28102,0.26
13406,13533,0.22
13407,106434,0.26
13408,66705,0.2
13409,68375,0.57602346105529
13410,102711,0.3
13411,80896,0.778920261971505
13412,77920,0.3
13413,85200,0.26
13414,67968,0.34
13415,73590,0.44035186592851355
13416,99850,0.2
13417,109658,0.26
13418,16622,0.5590650541895373
13419,208,0.28
13420,76905,0.24467172122499256
13421,14601,0.35462482918007915
13422,60841,0.5668692303155257
13423,17621,0.24
13424,77491,0.33
13425,113186,0.6574333853925554
13426,33650,0.778920261971505
13427,68483,0.21584599045548056
13428,35420,0.96
13429,108218,0.31
13430,12417,0.3
13431,102212,0.09
13432,31937,0.27
13433,73725,0.44035186592851355
13434,87530,0.3595606657286202
13435,9619,0.1
13436,24469,0.19
13437,30888,0.6879944332192204
13438,36188,0.33224337223043043
13439,92679,0.13
13440,99567,0.27
13441,57016,0.26
13442,65837,0.28
13443,92782,0.7405317013283446
13444,79821,0.29
13445,75233,0.23
13446,50517,0.21
13447,87196,0.29
13448,96317,0.57602346105529
13449,63879,0.25
13450,26394,0.57602346105529
13451,16864,0.22
13452,90196,0.31
13453,47116,0.06
13454,81136,0.27
13455,75901,0.24
13456,1519,0.3
13457,66359,0.28
13458,35369,0.3
13459,103659,0.21
13460,11900,0.4770710678210677
13461,82460,0.29
13462,90371,0.686711125185392
13463,30928,0.3
13464,18315,0.04
13465,58771,0.2902117207222417
13466,102571,0.30943861705025505
13467,36066,0.2
13468,46903,0.26
13469,94984,0.2672180728297719
13470,22742,0.26
13471,113302,0.25
13472,74899,0.26
13473,78129,0.25
13474,2774,0.27
13475,59273,0.3054576171951389
13476,70502,0.28830446142884764
13477,4918,0.21
13478,109270,0.21
13479,12756,0.26
13480,97707,0.19
13481,59302,0.3054576171951389
13482,14058,0.22
13483,35117,0.31
13484,64681,0.15
13485,20789,0.24
13486,110017,0.21
13487,107343,0.27
13488,14663,0.46180454754171424
13489,78031,0.3048363735289757
13490,35660,0.6879944332192204
13491,72794,0.24
13492,49752,0.28
13493,61192,0.21
13494,91442,0.4191082251082252
13495,6016,0.23828070175438598
13496,96466,0.57602346105529
13497,15429,0.23
13498,115283,0.28
13499,98,0.22
13500,74589,0.26
13501,111579,0.25
13502,88454,0.43249015313620975
13503,97849,0.5658684711404199
13504,109703,0.21
13505,30235,0.25
13506,54105,0.26
13507,48929,0.57602346105529
13508,42154,0.2611111183793985
13509,9351,0.09
13510,92532,0.5658684711404199
13511,49331,0.3733333333333333
13512,51458,0.35
13513,107160,0.21
13514,113966,0.5020588542209693
13515,112564,0.895686343352608
13516,75291,0.37
13517,104408,0.6514684368668864
13518,95429,0.3
13519,75832,0.22
13520,554,0.07
13521,97355,0.3
13522,96825,0.26
13523,54884,0.24
13524,88868,0.21106571196018278
13525,40791,0.22
13526,72445,0.21106571196018278
13527,86557,0.38
13528,42580,0.2736505932627259
13529,37864,0.27
13530,47161,0.26
13531,33257,0.7415137606796547
13532,44558,0.2611111183793985
13533,4375,0.28
13534,85942,0.8457951945355597
13535,69488,0.3
13536,26309,0.29
13537,34195,0.6574333853925554
13538,20650,0.3
13539,4725,0.5023486477495499
13540,12243,0.21
13541,81670,0.04
13542,52692,0.28
13543,74528,0.21
13544,25234,0.2
13545,86233,0.3780528001594719
13546,73008,0.47156611085503913
13547,66186,0.29
13548,91838,0.57602346105529
13549,45654,0.38
13550,106594,0.3
13551,79174,0.3
13552,82726,0.26
13553,77732,0.6879944332192204
13554,97237,0.22
13555,301,0.28
13556,109496,0.8002701290515217
13557,39346,0.29911736974729275
13558,67074,0.3
13559,43721,0.29
13560,68143,0.12
13561,29734,0.21
13562,89847,0.24
13563,41899,0.34
13564,43195,0.29
13565,76726,0.24
13566,35451,0.26
13567,108134,0.9580312522587274
13568,85647,0.3
13569,91138,0.26
13570,36856,0.3
13571,38971,0.22
13572,85526,0.4911165246865001
13573,109256,0.2752059837865456
13574,46353,0.23
13575,91104,0.8484012324895833
13576,21279,0.57602346105529
13577,9822,0.45
13578,77020,0.21106571196018278
13579,2995,0.28
13580,84396,0.8457951945355597
13581,40417,0.16
13582,14017,0.25
13583,46590,0.07
13584,62751,0.5170727146631315
13585,100230,0.4911165246865001
13586,76626,0.35
13587,40965,0.29
13588,45775,0.4031051372347387
13589,27159,0.21
13590,57357,0.8087014454974942
13591,91115,0.9073162876490548
13592,85790,0.25293732567047406
13593,98518,0.42
13594,114681,0.22
13595,52789,0.26
13596,43969,0.2611111183793985
13597,105886,0.21
13598,43568,0.43
13599,76618,0.19
13600,57595,0.24
13601,9894,0.21
13602,100639,0.8025734585058774
13603,19205,0.2
13604,12202,0.27
13605,110973,0.3
13606,40633,0.21
13607,106914,0.6514684368668864
13608,82875,0.5658684711404199
13609,43972,0.2611111183793985
13610,32091,0.25
13611,34722,0.7024997009086346
13612,108236,0.3
13613,75416,0.14
13614,56833,0.33224337223043043
13615,7703,0.26
13616,20873,0.25
13617,113550,0.27
13618,70858,0.21106571196018278
13619,106920,0.3
13620,62972,0.213125892987996
13621,59783,0.2
13622,206,0.22
13623,57840,0.34
13624,76616,0.3
13625,25715,0.3
13626,96877,0.22
13627,48378,0.21
13628,81310,0.27
13629,44579,0.31
13630,7794,0.25
13631,5348,0.21
13632,29463,0.24
13633,26689,0.29
13634,15798,0.7756446436943324
13635,66746,0.22
13636,60569,0.17
13637,83321,0.27
13638,114316,0.25
13639,104153,0.33
13640,109854,0.03
13641,26358,0.16
13642,113787,0.9127730381907577
13643,54209,0.6879944332192204
13644,99126,0.28
13645,112753,0.3
13646,65767,0.2
13647,10199,0.22
13648,58840,0.24
13649,47442,0.35
13650,91675,0.8331601874669974
13651,3239,0.22
13652,65240,0.21
13653,74147,0.24
13654,51969,0.28
13655,107353,0.28
13656,76013,0.778920261971505
13657,4663,0.15
13658,26208,0.24
13659,86469,0.44035186592851355
13660,62421,0.19
13661,3294,0.2714285714285714
13662,48161,0.21
13663,112352,0.31
13664,44050,0.42301428121191526
13665,95390,0.31
13666,7863,0.26
13667,66648,0.28
13668,34907,0.2
13669,1586,0.09
13670,84559,0.8087014454974942
13671,106970,0.28
13672,54904,0.6879944332192204
13673,1281,0.28
13674,51372,0.7024997009086346
13675,93298,0.6060437791111741
13676,94031,0.29
13677,52782,0.19
13678,72291,0.31
13679,27421,0.2736505932627259
13680,110070,0.26
13681,69385,0.21
13682,110661,0.31
13683,100076,0.24
13684,34689,0.6879944332192204
13685,6753,0.34
13686,58272,0.49626280269721645
13687,14428,0.34
13688,84874,0.21
13689,51004,0.3
13690,776,0.22
13691,1102,0.36
13692,98477,0.6514684368668864
13693,36681,0.5098901818657562
13694,100588,0.28
13695,8135,0.1
13696,58814,0.21
13697,101455,0.34
13698,75023,0.26
13699,48647,0.8457951945355597
13700,108422,0.3196825396825397
13701,53451,0.23
13702,35690,0.27
13703,66000,0.36
13704,109349,0.03
13705,107569,0.22
13706,23286,0.26
13707,101963,0.29
13708,115470,0.2828571428571428
13709,79817,0.21
13710,29909,0.7415137606796547
13711,94915,0.31
13712,67716,0.6060437791111741
13713,32596,0.6574333853925554
13714,85344,0.3
13715,10506,0.3
13716,66148,0.27
13717,29766,0.26
13718,31101,0.28
13719,6026,0.19
13720,68720,0.29
13721,11316,0.28
13722,20091,0.16
13723,98213,0.21
13724,105337,0.21
13725,21249,0.3
13726,92783,0.39
13727,106004,0.09
13728,7466,0.19
13729,17374,0.44
13730,57716,0.27
13731,75679,0.778920261971505
13732,77074,0.23
13733,26647,0.1
13734,73963,0.25293732567047406
13735,89431,0.28
13736,71707,0.27
13737,34883,0.3
13738,42746,0.28
13739,48415,0.3
13740,73591,0.44035186592851355
13741,55547,0.9437447063281852
13742,5739,0.4830053831157081
13743,63275,0.3
13744,10624,0.25
13745,87982,0.23
13746,102560,0.34
13747,98101,0.16
13748,1105,0.25
13749,19194,0.29
13750,24074,0.33
13751,110905,0.29618368733128664
13752,110724,0.455
13753,30685,0.7415137606796547
13754,50984,0.7024997009086346
13755,38822,0.31
13756,112136,0.28
13757,97785,0.43249015313620975
13758,46027,0.22
13759,86877,0.12
13760,92279,0.21106571196018278
13761,19944,0.3
13762,112385,0.804737389751532
13763,56086,0.6961258235367476
13764,6684,0.25
13765,72338,0.22
13766,79537,0.26
13767,106580,0.21
13768,113060,0.6574333853925554
13769,69876,0.21
13770,91127,0.9073162876490548
13771,104493,0.8074620881663229
13772,3481,0.3
13773,29207,0.3986839868026415
13774,96082,0.28
13775,21685,0.3434759716750337
13776,28386,0.23
13777,70314,0.4911165246865001
13778,103396,0.804737389751532
13779,59833,0.29
13780,83387,0.25
13781,67404,0.32416666666666666
13782,58026,0.6879944332192204
13783,94436,0.28
13784,103279,0.32770001186827274
13785,114155,0.3
13786,36979,0.7024997009086346
13787,86866,0.16
13788,27195,0.22
13789,82630,0.4531794040040778
13790,32157,0.25
13791,23565,0.23
13792,76026,0.25
13793,69671,0.34
13794,97654,0.9073162876490548
13795,31465,0.6574333853925554
13796,77876,0.3481578947368421
13797,95882,0.26
13798,34801,0.07
13799,27249,0.31570863451286013
13800,53611,0.29738694977561037
13801,10269,0.31
13802,86773,0.21
13803,18684,0.30125
13804,50202,0.25
13805,105034,0.4911165246865001
13806,99884,0.2672180728297719
13807,20491,0.28
13808,72071,0.3
13809,56547,0.21
13810,52570,0.4911165246865001
13811,84111,0.37
13812,23951,0.7415137606796547
13813,105196,0.3317956181395856
13814,24220,0.29
13815,103470,0.6514684368668864
13816,44322,0.11
13817,29017,0.6879944332192204
13818,4345,0.21
13819,682,0.23
13820,55295,0.21
13821,28994,0.5098901818657562
13822,11434,0.26
13823,29239,0.6574333853925554
13824,9404,0.24
13825,73179,0.21
13826,44872,0.27
13827,102478,0.1
13828,73720,0.29285605710579565
13829,14921,0.32
13830,113237,0.35236544011544013
13831,9666,0.3618664046504301
13832,96159,0.27
13833,95954,0.21
13834,55362,0.33224337223043043
13835,21130,0.2
13836,32607,0.26
13837,88100,0.29
13838,83544,0.21
13839,64718,0.26
13840,17860,0.32
13841,112104,0.23
13842,66577,0.24
13843,14800,0.3627069340235728
13844,73505,0.26
13845,72824,0.44035186592851355
13846,24867,0.3
13847,12446,0.15
13848,105702,0.3724012754292784
13849,11430,0.25
13850,93719,0.2
13851,53945,0.21
13852,51626,0.6574333853925554
13853,83428,0.24
13854,41633,0.3
13855,100095,0.28
13856,84892,0.21
13857,70982,0.25
13858,31069,0.25293732567047406
13859,84227,0.21
13860,97334,0.17
13861,15251,0.2
13862,38391,0.32
13863,107589,0.27
13864,61443,0.26
13865,55695,0.6879944332192204
13866,101451,0.21
13867,92785,0.2672180728297719
13868,96559,0.33
13869,5422,0.27
13870,80516,0.29
13871,18913,0.23
13872,66431,0.28
13873,76311,0.3
13874,95367,0.5098901818657562
13875,38388,0.57602346105529
13876,31449,0.4911165246865001
13877,3951,0.28
13878,3039,0.32
13879,53868,0.57602346105529
13880,112491,0.21
13881,7389,0.28
13882,29802,0.43091532760561035
13883,21253,0.26
13884,69966,0.22
13885,104267,0.40569492300158616
13886,40073,0.14
13887,45239,0.29
13888,100913,0.25
13889,8600,0.25
13890,32519,0.7415137606796547
13891,49266,0.6606477235506313
13892,29921,0.7415137606796547
13893,50102,0.28
13894,68844,0.29542118743406626
13895,63971,0.13
13896,111940,0.17
13897,240,0.1
13898,51503,0.28
13899,86535,0.11
13900,90774,0.23
13901,1879,0.24
13902,102296,0.5020588542209693
13903,3787,0.33
13904,77600,0.2672180728297719
13905,34036,0.3
13906,110675,0.15
13907,64862,0.22
13908,29595,0.6646033527294247
13909,59837,0.28
13910,38921,0.26
13911,49869,0.33224337223043043
13912,31237,0.7415137606796547
13913,21742,0.25
13914,98386,0.26
13915,103339,0.3
13916,102189,0.2672180728297719
13917,28359,0.26
13918,85873,0.32
13919,94286,0.32
13920,57713,0.22
13921,13303,0.24
13922,99729,0.3
13923,69464,0.3
13924,21971,0.5103032829598749
13925,81820,0.8571666666666666
13926,16411,0.25
13927,64727,0.2
13928,91893,0.2
13929,67000,0.28
13930,53356,0.6574333853925554
13931,44210,0.22
13932,108325,0.2814568078776256
13933,80336,0.3
13934,35382,0.6574333853925554
13935,107652,0.6514684368668864
13936,17965,0.2
13937,88549,0.2
13938,71430,0.09
13939,36289,0.26
13940,48725,0.888471962188229
13941,24279,0.2
13942,41,0.24
13943,94280,0.09
13944,58149,0.21
13945,35925,0.26
13946,103883,0.21
13947,81427,0.21
13948,45566,0.17
13949,12409,0.21
13950,6062,0.22
13951,73057,0.26
13952,87729,0.2814568078776256
13953,37632,0.24
13954,97971,0.28
13955,66175,0.31
13956,113424,0.26
13957,58183,0.33224337223043043
13958,68638,0.27
13959,64195,0.29
13960,15595,0.25
13961,112478,0.26
13962,91054,0.29
13963,94896,0.26
13964,65454,0.2
13965,68602,0.44035186592851355
13966,82478,0.8331601874669974
13967,56213,0.2779001297850061
13968,20676,0.778920261971505
13969,68270,0.29
13970,81140,0.21
13971,5880,0.24
13972,1510,0.28
13973,104337,0.7517547952262292
13974,74023,0.16
13975,89731,0.33
13976,68737,0.44035186592851355
13977,91674,0.26
13978,71770,0.44035186592851355
13979,102540,0.22
13980,29053,0.3
13981,82142,0.29
13982,30180,0.3
13983,93135,0.57602346105529
13984,72393,0.8087014454974942
13985,76589,0.3
13986,31659,0.28
13987,67997,0.34
13988,101798,0.3
13989,56255,0.7024997009086346
13990,103488,0.01
13991,99653,0.27287579664907846
13992,77959,0.25293732567047406
13993,89511,0.3
13994,30321,0.27
13995,2670,0.27
13996,108998,0.1
13997,40679,0.21
13998,69135,0.21106571196018278
13999,64854,0.29
14000,108336,0.2
14001,48566,0.24
14002,79354,0.19
14003,60054,0.21106571196018278
14004,85777,0.27
14005,114166,0.29
14006,84720,0.33
14007,45402,0.27
14008,26513,0.42640208607459895
14009,61301,0.778920261971505
14010,21600,0.27
14011,54628,0.7024997009086346
14012,90090,0.25
14013,8795,0.08
14014,79296,0.28
14015,97618,0.2672180728297719
14016,109567,0.17
14017,64581,0.23
14018,6605,0.6149245499523553
14019,42834,0.22
14020,31786,0.4911165246865001
14021,35193,0.24
14022,98426,0.686711125185392
14023,114778,0.27
14024,7753,0.25
14025,114583,0.29
14026,33520,0.49775771369818395
14027,36449,0.3
14028,110728,0.8025734585058774
14029,98620,0.43249015313620975
14030,76535,0.2
14031,60796,0.27
14032,53894,0.21106571196018278
14033,97224,0.6060437791111741
14034,24054,0.22
14035,44740,0.25
14036,110518,0.21106571196018278
14037,20343,0.3
14038,9394,0.25
14039,59559,0.09
14040,98602,0.35
14041,77903,0.2
14042,38102,0.16
14043,77359,0.29
14044,103421,0.29
14045,69486,0.21
14046,37511,0.31
14047,19780,0.42
14048,103440,0.21
14049,46976,0.27
14050,110609,0.4531794040040778
14051,2829,0.28
14052,36050,0.37
14053,84147,0.27
14054,84262,0.19
14055,15414,0.24
14056,55340,0.6879944332192204
14057,20360,0.3
14058,66341,0.28
14059,87992,0.3
14060,61772,0.09
14061,65861,0.25
14062,85597,0.06
14063,61652,0.28
14064,50346,0.28
14065,42424,0.3
14066,94019,0.8074620881663229
14067,98781,0.33
14068,60917,0.21
14069,33344,0.08
14070,41310,0.24
14071,28004,0.6574333853925554
14072,92352,0.28908145122531176
14073,48317,0.34666666666666673
14074,34915,0.31
14075,108360,0.6060437791111741
14076,74898,0.31
14077,45399,0.26
14078,44816,0.2736505932627259
14079,87542,0.26
14080,38789,0.42640208607459895
14081,115206,0.32
14082,45039,0.07
14083,51857,0.21
14084,79705,0.32
14085,42632,0.3
14086,57297,0.13
14087,12207,0.6987114098478523
14088,101725,0.12
14089,101591,0.17
14090,1751,0.21
14091,97863,0.29
14092,39460,0.12
14093,73094,0.28830446142884764
14094,23189,0.26
14095,2302,0.28
14096,21083,0.22
14097,49072,0.31
14098,80718,0.96
14099,85433,0.21
14100,49698,0.27
14101,101718,0.12
14102,85149,0.36
14103,114748,0.26
14104,12862,0.3
14105,23090,0.32
14106,35838,0.57602346105529
14107,46277,0.22
14108,33391,0.29
14109,6505,0.21
14110,114436,0.8074620881663229
14111,91155,0.26
14112,103618,0.24
14113,72399,0.28
14114,67769,0.2814568078776256
14115,32386,0.36
14116,94263,0.14
14117,5034,0.21
14118,28217,0.6879944332192204
14119,54267,0.21106571196018278
14120,70962,0.57602346105529
14121,84055,0.2672180728297719
14122,34511,0.31
14123,25678,0.4031051372347387
14124,40189,0.22
14125,27458,0.6574333853925554
14126,62189,0.67
14127,55078,0.33
14128,90659,0.2672180728297719
14129,41143,0.26
14130,106785,0.28
14131,14055,0.3
14132,62488,0.26
14133,65926,0.22
14134,85653,0.44035186592851355
14135,68085,0.42
14136,102555,0.07
14137,111481,0.28
14138,112229,0.804737389751532
14139,92760,0.2672180728297719
14140,13251,0.25
14141,10918,0.57602346105529
14142,84337,0.57602346105529
14143,95471,0.23
14144,44844,0.07
14145,3030,0.22
14146,17170,0.33
14147,47610,0.21
14148,110564,0.21
14149,58515,0.22
14150,5514,0.3310020987784145
14151,19724,0.5343011611023996
14152,11150,0.26
14153,64212,0.2
14154,82099,0.21106571196018278
14155,101998,0.24
14156,36019,0.5098901818657562
14157,89727,0.21
14158,18010,0.24
14159,87282,0.31
14160,98574,0.07
14161,61425,0.3048363735289757
14162,102688,0.24
14163,67746,0.26
14164,99599,0.6514684368668864
14165,96896,0.3
14166,10428,0.21
14167,105142,0.18
14168,25532,0.2736505932627259
14169,78990,0.33899285004789426
14170,8393,0.31
14171,50488,0.06
14172,115413,0.25
14173,61916,0.26
14174,53244,0.3048363735289757
14175,98498,0.3
14176,34621,0.778920261971505
14177,80701,0.23
14178,55889,0.8087014454974942
14179,95377,0.21
14180,14158,0.1
14181,66048,0.2
14182,101155,0.31
14183,64245,0.25
14184,27359,0.15
14185,64110,0.2
14186,43395,0.27
14187,45987,0.2611111183793985
14188,27653,0.25
14189,16775,0.23
14190,29736,0.26
14191,71750,0.27
14192,63279,0.26
14193,76286,0.3
14194,61186,0.29738694977561037
14195,104198,0.13
14196,29238,0.26
14197,77507,0.99
14198,20901,0.16
14199,89226,0.18
14200,49843,0.31
14201,65549,0.2
14202,82456,0.5280102424812745
14203,11340,0.16
14204,40733,0.27
14205,23721,0.22
14206,34396,0.4251838111498381
14207,30113,0.25
14208,78354,0.22
14209,108564,0.6514684368668864
14210,82573,0.26
14211,61638,0.37
14212,4320,0.27
14213,40768,0.6606477235506313
14214,43162,0.32
14215,40970,0.22
14216,94092,0.2
14217,52005,0.47156611085503913
14218,73845,0.31
14219,35765,0.16
14220,98572,0.2
14221,98792,0.21
14222,103263,0.4911165246865001
14223,76086,0.16
14224,7484,0.06
14225,29990,0.5098901818657562
14226,57914,0.35
14227,48966,0.16
14228,24120,0.23
14229,8813,0.09
14230,89286,0.2
14231,87885,0.6060437791111741
14232,83176,0.2672180728297719
14233,2753,0.25
14234,110206,0.895686343352608
14235,4712,0.25
14236,114258,0.15
14237,111230,0.3
14238,25134,0.2
14239,114174,0.22
14240,89563,0.9039408732770348
14241,87154,0.7491207553686823
14242,101085,0.686711125185392
14243,78748,0.15
14244,59586,0.6063580061789815
14245,78477,0.27
14246,32711,0.3048363735289757
14247,28771,0.28
14248,28556,0.21
14249,63301,0.22
14250,59713,0.27
14251,108132,0.3
14252,6269,0.2502171729681814
14253,43885,0.2736505932627259
14254,24934,0.3
14255,107348,0.21
14256,91481,0.5658684711404199
14257,54236,0.3
14258,38344,0.8016548798422711
14259,17229,0.57
14260,2930,0.2421428571428571
14261,37142,0.6063580061789815
14262,88219,0.24
14263,8959,0.21
14264,46157,0.26
14265,77125,0.21
14266,64297,0.26
14267,67179,0.26
14268,93404,0.25
14269,2482,0.2714285714285714
14270,103307,0.33
14271,109609,0.21
14272,58000,0.36
14273,21699,0.07
14274,106341,0.18
14275,166,0.3395378094128095
14276,79381,0.2
14277,24516,0.26
14278,16375,0.28
14279,11736,0.08
14280,13206,0.22
14281,99218,0.2923230518274556
14282,40782,0.5849729117232857
14283,59031,0.14
14284,79402,0.8074620881663229
14285,40461,0.23
14286,16842,0.4444432786374646
14287,12926,0.25
14288,104192,0.3724012754292784
14289,49897,0.3595606657286202
14290,68924,0.28
14291,67169,0.844755567144862
14292,9330,0.35
14293,43550,0.27
14294,115233,0.25
14295,40957,0.3595606657286202
14296,11673,0.33
14297,92412,0.24
14298,2823,0.23
14299,55934,0.6574333853925554
14300,94310,0.13
14301,78667,0.28
14302,87844,0.26
14303,31941,0.3434759716750337
14304,68067,0.57602346105529
14305,37872,0.28
14306,14824,0.35
14307,30931,0.19
14308,79481,0.18
14309,77749,0.32
14310,34002,0.28
14311,91235,0.3595606657286202
14312,83282,0.44035186592851355
14313,9234,0.24
14314,41134,0.27
14315,93411,0.21
14316,105828,0.26
14317,2344,0.22
14318,59071,0.24
14319,91179,0.57602346105529
14320,7306,0.3379268407291214
14321,96680,0.26
14322,12191,0.2459294117647059
14323,30913,0.8094490423084325
14324,80699,0.4911165246865001
14325,76463,0.2672180728297719
14326,73498,0.44035186592851355
14327,92345,0.21
14328,3238,0.5193505410231796
14329,16323,0.1
14330,101687,0.8074620881663229
14331,54159,0.5098901818657562
14332,106460,0.43091532760561035
14333,85668,0.8094490423084325
14334,70699,0.22
14335,39462,0.28
14336,17145,0.22
14337,24218,0.3
14338,19855,0.41
14339,103425,0.7415137606796547
14340,50094,0.31
14341,67732,0.24
14342,46398,0.2736505932627259
14343,72812,0.22
14344,76216,0.25
14345,91227,0.3763124205678637
14346,47924,0.6879944332192204
14347,12561,0.08
14348,44494,0.26
14349,45225,0.57602346105529
14350,31350,0.28
14351,82539,0.27
14352,85223,0.2672180728297719
14353,112576,0.804737389751532
14354,83932,0.27
14355,19767,0.31
14356,1559,0.23828070175438598
14357,25870,0.2736505932627259
14358,26183,0.28
14359,58629,0.6574333853925554
14360,70863,0.22
14361,90570,0.25
14362,29746,0.3
14363,16815,0.28
14364,11651,0.24505659075224295
14365,64034,0.21
14366,14975,0.31
14367,77289,0.26
14368,36197,0.15
14369,46949,0.43
14370,97306,0.27
14371,91731,0.21
14372,94852,0.6879944332192204
14373,3373,0.23
14374,63685,0.2
14375,40931,0.24
14376,56422,0.26
14377,20306,0.22
14378,1961,0.2421428571428571
14379,83501,0.22
14380,101745,0.2672180728297719
14381,3768,0.14
14382,41203,0.22
14383,103061,0.21
14384,91358,0.8087014454974942
14385,113985,0.28
14386,50161,0.21
14387,105410,0.23
14388,71479,0.22
14389,93712,0.25
14390,34042,0.22
14391,102224,0.21
14392,53019,0.29738694977561037
14393,41277,0.5455326939251731
14394,103550,0.6514684368668864
14395,41111,0.24
14396,67435,0.25
14397,76651,0.44035186592851355
14398,105112,0.28
14399,78191,0.21
14400,2196,0.27
14401,99680,0.35
14402,15439,0.17
14403,31423,0.26
14404,41342,0.42640208607459895
14405,43529,0.873162570735478
14406,100248,0.23
14407,110117,0.27
14408,52857,0.28
14409,32093,0.6063580061789815
14410,114477,0.22
14411,56862,0.6879944332192204
14412,47156,0.22
14413,51733,0.3054576171951389
14414,40228,0.57602346105529
14415,91495,0.21
14416,16579,0.23
14417,87057,0.33
14418,105093,0.804737389751532
14419,80390,0.8484012324895833
14420,46867,0.2
14421,26850,0.26
14422,69597,0.26
14423,77337,0.22
14424,38938,0.22
14425,109106,0.37
14426,99183,0.36633867133905085
14427,71008,0.2
14428,44782,0.22
14429,96633,0.21
14430,106040,0.23
14431,12858,0.28
14432,34232,0.6063580061789815
14433,3056,0.21
14434,37646,0.2736505932627259
14435,7078,0.15
14436,21040,0.21
14437,85963,0.26
14438,25331,0.2611111183793985
14439,43536,0.11
14440,83055,0.7024997009086346
14441,102281,0.4911165246865001
14442,49088,0.6032484614923382
14443,75918,0.21
14444,83564,0.04
14445,19472,0.7024997009086346
14446,115027,0.21
14447,45740,0.17
14448,62163,0.21106571196018278
14449,1864,0.29333333333333333
14450,73700,0.44035186592851355
14451,72189,0.29
14452,73587,0.38
14453,59901,0.8044329605846217
14454,74107,0.51
14455,11893,0.25
14456,98394,0.6514684368668864
14457,113449,0.44583333333333336
14458,43184,0.27
14459,30382,0.6574333853925554
14460,38445,0.12
14461,58061,0.6879944332192204
14462,46669,0.23
14463,70891,0.21
14464,85343,0.27
14465,113826,0.27
14466,16564,0.27
14467,65504,0.33
14468,62888,0.27
14469,31571,0.12
14470,71063,0.33
14471,15567,0.45061174495970013
14472,7698,0.24
14473,3731,0.26
14474,63995,0.22
14475,37109,0.22
14476,102914,0.43249015313620975
14477,24566,0.22
14478,97640,0.3763124205678637
14479,32244,0.3
14480,66073,0.22
14481,30390,0.6574333853925554
14482,111505,0.28
14483,108825,0.23
14484,95150,0.25
14485,23554,0.26
14486,40707,0.325
14487,92167,0.8087014454974942
14488,104864,0.21
14489,67194,0.29
14490,55015,0.26
14491,56513,0.6879944332192204
14492,70523,0.57602346105529
14493,15952,0.6558400683910702
14494,40429,0.17
14495,81030,0.2779001297850061
14496,8868,0.25
14497,68852,0.44035186592851355
14498,78333,0.26
14499,15490,0.15
14500,8159,0.21
14501,90534,0.6060437791111741
14502,22185,0.33
14503,86479,0.44035186592851355
14504,97619,0.2
14505,96393,0.9073162876490548
14506,83277,0.21
14507,31257,0.27
14508,105386,0.24
14509,88658,0.31
14510,111221,0.29
14511,79720,0.3
14512,53529,0.4911165246865001
14513,64542,0.27
14514,33473,0.23
14515,102080,0.9039408732770348
14516,44875,0.26
14517,32445,0.23
14518,107065,0.28
14519,111990,0.26
14520,580,0.5347797811423604
14521,80119,0.26
14522,108428,0.5799705977303526
14523,84656,0.2814568078776256
14524,24965,0.27
14525,105704,0.21
14526,4681,0.23
14527,79493,0.5658684711404199
14528,63014,0.21
14529,23449,0.2
14530,36025,0.5098901818657562
14531,54618,0.29
14532,71036,0.8087014454974942
14533,5390,0.28
14534,74978,0.7024997009086346
14535,72076,0.27
14536,99234,0.23
14537,1025,0.28
14538,26683,0.28
14539,71123,0.15
14540,32832,0.26
14541,61542,0.32
14542,23535,0.27
14543,70457,0.25
14544,76182,0.21
14545,63048,0.26
14546,50219,0.21106571196018278
14547,52832,0.24
14548,92751,0.7491207553686823
14549,309,0.19
14550,69440,0.26
14551,71293,0.08
14552,77874,0.33899285004789426
14553,19662,0.21
14554,15281,0.21866666666666665
14555,113384,0.29
14556,5600,0.26
14557,8878,0.1
14558,9342,0.28
14559,110755,0.21
14560,27477,0.27
14561,56411,0.18
14562,28493,0.21
14563,14708,0.21
14564,30826,0.3
14565,14794,0.25
14566,92239,0.9616670447958974
14567,83517,0.23
14568,15799,0.4444432786374646
14569,99818,0.28104660881121046
14570,87707,0.8087014454974942
14571,114105,0.23
14572,29205,0.26
14573,106861,0.27
14574,94763,0.29
14575,90733,0.34
14576,85351,0.28
14577,48803,0.25
14578,38446,0.5952890834207484
14579,11096,0.17
14580,55842,0.49626280269721645
14581,67773,0.31
14582,37612,0.16
14583,66674,0.24
14584,31601,0.7415137606796547
14585,109621,0.15
14586,15055,0.24
14587,17680,0.19
14588,83024,0.18
14589,39457,0.3
14590,60702,0.21
14591,39023,0.23
14592,30684,0.28
14593,41979,0.36048119675414403
14594,34608,0.5455326939251731
14595,38975,0.22
14596,33959,0.8094490423084325
14597,113696,0.29
14598,86108,0.33
14599,42269,0.2611111183793985
14600,12294,0.3
14601,34893,0.18
14602,17356,0.22
14603,84130,0.44035186592851355
14604,113360,0.27
14605,94304,0.23
14606,40644,0.21
14607,18827,0.22
14608,12761,0.24
14609,31137,0.6574333853925554
14610,24043,0.26
14611,98194,0.3124115245115245
14612,78472,0.31
14613,26408,0.38
14614,47385,0.3
14615,61968,0.29
14616,80943,0.28
14617,95462,0.213125892987996
14618,7192,0.17
14619,68481,0.33899285004789426
14620,100815,0.22
14621,75251,0.22
14622,42136,0.37
14623,109782,0.29
14624,108241,0.6514684368668864
14625,108487,0.8074620881663229
14626,109725,0.22
14627,77313,0.25
14628,52231,0.57602346105529
14629,18437,0.3526099469826501
14630,88883,0.3595606657286202
14631,83651,0.4251838111498381
14632,56288,0.25
14633,68212,0.28
14634,94925,0.25
14635,101284,0.6514684368668864
14636,95543,0.32
14637,88696,0.31
14638,89297,0.2672180728297719
14639,80728,0.14
14640,54115,0.26
14641,18999,0.22
14642,38855,0.22
14643,51499,0.35
14644,54535,0.15
14645,103170,0.26
14646,17496,0.22
14647,53650,0.6574333853925554
14648,74186,0.2814568078776256
14649,7784,0.7929835529609893
14650,75932,0.37
14651,11770,0.44
14652,28034,0.2
14653,108551,0.29
14654,18021,0.34
14655,89787,0.27
14656,50837,0.27
14657,79338,0.32
14658,74841,0.22
14659,49748,0.27
14660,110740,0.3804642647908094
14661,10535,0.23828070175438598
14662,8346,0.28
14663,62232,0.2672180728297719
14664,213,0.22
14665,79183,0.8331601874669974
14666,35072,0.38
14667,9634,0.5023486477495499
14668,48164,0.22
14669,83119,0.27
14670,88091,0.44035186592851355
14671,19424,0.06
14672,13978,0.22
14673,48709,0.26
14674,113437,0.3
14675,91767,0.13
14676,92076,0.19
14677,104681,0.6060437791111741
14678,112447,0.35
14679,26684,0.23
14680,18130,0.26
14681,54832,0.6606477235506313
14682,16391,0.25
14683,51963,0.3
14684,102293,0.5020588542209693
14685,97938,0.28
14686,73984,0.8457951945355597
14687,70651,0.16
14688,94663,0.22
14689,9816,0.33
14690,60821,0.7024997009086346
14691,89134,0.8087014454974942
14692,37039,0.6606477235506313
14693,75296,0.26
14694,87077,0.49626280269721645
14695,89589,0.23
14696,101943,0.640589310994999
14697,28398,0.4911165246865001
14698,15802,0.29
14699,32578,0.3
14700,55171,0.22
14701,27712,0.23
14702,32341,0.21
14703,24270,0.26
14704,71141,0.44035186592851355
14705,69634,0.44035186592851355
14706,86678,0.3
14707,26137,0.29
14708,50978,0.18
14709,70265,0.26
14710,81881,0.21
14711,70973,0.21
14712,78090,0.3
14713,98395,0.44
14714,68639,0.21106571196018278
14715,39711,0.22
14716,89142,0.33
14717,105134,0.27
14718,41694,0.26
14719,99371,0.3
14720,12718,0.24
14721,56216,0.6574333853925554
14722,4561,0.19
14723,39453,0.27
14724,98296,0.20208189033189028
14725,15297,0.26
14726,35741,0.5098901818657562
14727,14584,0.18
14728,38843,0.3420833333333333
14729,47255,0.8016548798422711
14730,9768,0.26
14731,30418,0.21
14732,83312,0.08
14733,52722,0.28
14734,19821,0.49626280269721645
14735,66228,0.21
14736,92920,0.3733333333333333
14737,96960,0.03
14738,73042,0.2813028032345489
14739,28889,0.27
14740,115433,0.09
14741,44702,0.3
14742,7892,0.25
14743,7363,0.23828070175438598
14744,70400,0.22
14745,2124,0.26
14746,6692,0.2714285714285714
14747,68763,0.44035186592851355
14748,105608,0.22
14749,59583,0.6606477235506313
14750,71052,0.23
14751,48016,0.2
14752,67733,0.36773583580162517
14753,67539,0.27
14754,65369,0.51
14755,30917,0.31
14756,12382,0.23405357142857142
14757,99560,0.22
14758,61470,0.21
14759,109459,0.29
14760,77157,0.22
14761,44924,0.3
14762,34613,0.22
14763,56444,0.47156611085503913
14764,90956,0.8087014454974942
14765,67461,0.21
14766,110249,0.3
14767,15491,0.15
14768,89014,0.22
14769,115192,0.21
14770,20559,0.36
14771,107708,0.21
14772,65644,0.28
14773,25911,0.26
14774,100252,0.25
14775,98304,0.27
14776,8519,0.12
14777,24640,0.26
14778,43809,0.4911165246865001
14779,91272,0.36
14780,115861,0.2975589937410899
14781,82429,0.21
14782,47087,0.873162570735478
14783,104257,0.3
14784,59816,0.28
14785,77623,0.3
14786,6898,0.24
14787,12206,0.640945660240844
14788,71721,0.29285605710579565
14789,12302,0.26
14790,5932,0.17
14791,42104,0.29
14792,87740,0.6060437791111741
14793,9779,0.7731311617068628
14794,89149,0.22
14795,13086,0.22
14796,898,0.25
14797,78362,0.35
14798,14684,0.5347797811423604
14799,52942,0.6063580061789815
14800,88900,0.6970637908450266
14801,7432,0.31
14802,84674,0.21
14803,38728,0.27
14804,8670,0.23828070175438598
14805,105455,0.3
14806,75900,0.3
14807,55113,0.2
14808,108408,0.21
14809,54426,0.25
14810,72787,0.34
14811,63207,0.5020588542209693
14812,69572,0.8087014454974942
14813,27544,0.2736505932627259
14814,39057,0.25
14815,45567,0.38
14816,57672,0.25
14817,46120,0.28
14818,79581,0.272
14819,94899,0.8025734585058774
14820,96193,0.29
14821,635,0.21
14822,35626,0.27
14823,94656,0.4531794040040778
14824,28487,0.31
14825,11792,0.29
14826,103627,0.25
14827,99867,0.29
14828,1259,0.5023486477495499
14829,25077,0.08
14830,96329,0.29
14831,49446,0.22
14832,89995,0.29
14833,63872,0.22
14834,5359,0.24
14835,49666,0.22
14836,63499,0.23
14837,25354,0.26
14838,4920,0.23
14839,713,0.27
14840,55341,0.3
14841,112712,0.27
14842,51137,0.13
14843,72218,0.3
14844,49527,0.92
14845,85070,0.44035186592851355
14846,65358,0.19
14847,6807,0.25
14848,2130,0.24
14849,3739,0.23
14850,53212,0.26
14851,16013,0.32
14852,69590,0.47156611085503913
14853,112724,0.21
14854,67669,0.33
14855,12501,0.25
14856,59554,0.28
14857,32015,0.25293732567047406
14858,103130,0.31
14859,112161,0.19
14860,114103,0.21
14861,58381,0.21
14862,99026,0.4905952380952381
14863,24648,0.27
14864,55061,0.22
14865,52931,0.25293732567047406
14866,11634,0.28
14867,3644,0.407563492063492
14868,50709,0.26
14869,66644,0.24
14870,53249,0.6879944332192204
14871,1238,0.34
14872,89837,0.28
14873,78071,0.25
14874,67059,0.57602346105529
14875,110795,0.07
14876,28848,0.6879944332192204
14877,73762,0.21
14878,59959,0.22
14879,93430,0.36633867133905085
14880,51175,0.3
14881,73776,0.26
14882,20657,0.09
14883,71372,0.29285605710579565
14884,104783,0.27
14885,3221,0.22
14886,110222,0.27
14887,43961,0.26
14888,49632,0.7024997009086346
14889,68697,0.2814568078776256
14890,98944,0.21
14891,99951,0.19
14892,21097,0.35
14893,94816,0.6574333853925554
14894,79390,0.05
14895,17793,0.19
14896,88872,0.32
14897,80145,0.44035186592851355
14898,40740,0.12
14899,36384,0.22
14900,104948,0.640589310994999
14901,51609,0.2
14902,71147,0.328071367358132
14903,90577,0.2779001297850061
14904,40009,0.3
14905,85883,0.26
14906,26425,0.9027926995314074
14907,106423,0.5799705977303526
14908,29339,0.23
14909,50253,0.3048363735289757
14910,92081,0.28
14911,43936,0.8881061273158657
14912,17857,0.23
14913,82525,0.6961258235367476
14914,52015,0.22
14915,52149,0.4911165246865001
14916,50994,0.21
14917,102031,0.32
14918,68895,0.22
14919,31954,0.6879944332192204
14920,55956,0.4
14921,103208,0.8002701290515217
14922,50440,0.778920261971505
14923,15881,0.5590650541895373
14924,102531,0.22
14925,35150,0.6879944332192204
14926,12673,0.22
14927,2900,0.27
14928,52867,0.21
14929,17200,0.29
14930,105761,0.640589310994999
14931,21648,0.27
14932,24022,0.57602346105529
14933,45634,0.26
14934,105441,0.24
14935,115363,0.32
14936,47609,0.27
14937,10575,0.45705952380952375
14938,12674,0.41
14939,9172,0.21
14940,86514,0.2
14941,37829,0.6606477235506313
14942,63578,0.3
14943,58087,0.26
14944,21210,0.84
14945,87979,0.3
14946,69169,0.778920261971505
14947,88688,0.37
14948,31878,0.19
14949,71356,0.29285605710579565
14950,79008,0.3
14951,13292,0.22
14952,98382,0.03
14953,70287,0.4911165246865001
14954,101918,0.19
14955,3587,0.25
14956,34821,0.7024997009086346
14957,76181,0.22
14958,82015,0.2
14959,44703,0.23
14960,22388,0.5244735543846716
14961,104885,0.1
14962,113365,0.8002701290515217
14963,77796,0.22
14964,52874,0.21
14965,88489,0.686711125185392
14966,11356,0.27
14967,106227,0.21
14968,89936,0.22
14969,15575,0.26
14970,3709,0.26
14971,90528,0.17
14972,23331,0.25
14973,41120,0.26
14974,32500,0.17
14975,47757,0.31
14976,96094,0.17
14977,58385,0.8331601874669974
14978,113531,0.21
14979,51231,0.26
14980,76691,0.663121287281579
14981,68691,0.16
14982,18031,0.32
14983,112130,0.21
14984,108756,0.5658684711404199
14985,36452,0.07
14986,12753,0.19
14987,96076,0.3
14988,109910,0.14
14989,42814,0.4911165246865001
14990,27569,0.2736505932627259
14991,5701,0.2714285714285714
14992,36409,0.42640208607459895
14993,40649,0.27376190476190476
14994,38579,0.6063580061789815
14995,96781,0.5658684711404199
14996,58961,0.19
14997,49454,0.33
14998,86463,0.29
14999,60077,0.22
15000,44005,0.3
15001,72250,0.31
15002,98917,0.28
15003,69255,0.6970637908450266
15004,37972,0.29
15005,44337,0.23
15006,33982,0.33224337223043043
15007,49572,0.7024997009086346
15008,80131,0.29
15009,56627,0.22
15010,91637,0.3
15011,99976,0.33
15012,58335,0.42
15013,3005,0.27
15014,81109,0.31
15015,8535,0.04
15016,69866,0.14
15017,7903,0.23
15018,109414,0.6060437791111741
15019,110152,0.16
15020,80053,0.28
15021,85841,0.2
15022,47128,0.31
15023,112237,0.6574333853925554
15024,42865,0.1
15025,23949,0.1
15026,70175,0.21
15027,80907,0.31
15028,55990,0.6574333853925554
15029,83881,0.08
15030,48138,0.22
15031,3459,0.26
15032,26091,0.2611111183793985
15033,82939,0.21
15034,31251,0.57602346105529
15035,56947,0.36
15036,58599,0.8087014454974942
15037,27010,0.5280102424812745
15038,7864,0.24
15039,97669,0.6060437791111741
15040,72506,0.21
15041,25672,0.23
15042,87839,0.25
15043,84644,0.2672180728297719
15044,104057,0.28
15045,81570,0.27
15046,82221,0.6060437791111741
15047,44029,0.15
15048,7993,0.24
15049,78699,0.28
15050,55189,0.23
15051,110731,0.37
15052,85929,0.28
15053,15678,0.4
15054,83118,0.26
15055,83229,0.57602346105529
15056,71782,0.42640208607459895
15057,106596,0.05
15058,33192,0.778920261971505
15059,28298,0.31
15060,58984,0.28
15061,63391,0.21
15062,15390,0.2
15063,7397,0.25
15064,70997,0.21
15065,12893,0.13
15066,73463,0.19
15067,106860,0.3
15068,107298,0.09
15069,57669,0.3
15070,25985,0.26
15071,103769,0.26
15072,90588,0.4911165246865001
15073,108602,0.20208189033189028
15074,77562,0.6970637908450266
15075,84318,0.4531794040040778
15076,78654,0.35
15077,102065,0.24
15078,60101,0.28
15079,71345,0.19
15080,39869,0.27
15081,6038,0.13
15082,54192,0.33
15083,52508,0.21106571196018278
15084,61465,0.21
15085,115230,0.26
15086,109593,0.14
15087,86075,0.57602346105529
15088,12291,0.533504542114656
15089,57290,0.28
15090,18785,0.27
15091,32183,0.6879944332192204
15092,110984,0.5658684711404199
15093,72070,0.21
15094,65850,0.16
15095,41056,0.45
15096,19443,0.30325
15097,17459,0.22
15098,66820,0.47487199015492676
15099,55388,0.22
15100,87871,0.31
15101,97609,0.19
15102,77741,0.26
15103,59395,0.8457951945355597
15104,32468,0.5098901818657562
15105,115383,0.25
15106,2850,0.27
15107,7263,0.24505659075224295
15108,109934,0.21
15109,52368,0.12
15110,6846,0.5559330273363108
15111,40109,0.32
15112,23117,0.11
15113,114241,0.36
15114,100961,0.17
15115,92097,0.8881061273158657
15116,90826,0.8087014454974942
15117,41261,0.26
15118,71308,0.2
15119,112517,0.34
15120,10101,0.26
15121,25851,0.31
15122,95668,0.14
15123,2814,0.28
15124,47961,0.31
15125,108724,0.29
15126,62917,0.6961258235367476
15127,33343,0.5098901818657562
15128,18495,0.9446575693987246
15129,87000,0.3
15130,62809,0.19
15131,35030,0.25293732567047406
15132,49503,0.7024997009086346
15133,111428,0.1
15134,107171,0.24
15135,2181,0.17
15136,45312,0.27
15137,51161,0.21
15138,1336,0.24
15139,105988,0.29
15140,74030,0.21106571196018278
15141,52949,0.05
15142,51149,0.8016548798422711
15143,67521,0.3
15144,87670,0.420547215722297
15145,82682,0.24
15146,114547,0.22
15147,19529,0.29333333333333333
15148,84025,0.3
15149,79141,0.3595606657286202
15150,101771,0.17
15151,99778,0.21
15152,47686,0.26
15153,55040,0.28
15154,19675,0.24
15155,13305,0.4985545731779656
15156,1516,0.23
15157,24980,0.25
15158,91223,0.24
15159,61919,0.27
15160,52748,0.29
15161,12550,0.25
15162,67590,0.2779001297850061
15163,18461,0.23
15164,86889,0.29
15165,79,0.29
15166,11294,0.15
15167,56076,0.28
15168,82816,0.3795414430340901
15169,109715,0.3804642647908094
15170,26407,0.2736505932627259
15171,48962,0.06
15172,15072,0.33
15173,113252,0.27
15174,100880,0.13
15175,84063,0.5455326939251731
15176,67253,0.328071367358132
15177,92958,0.44035186592851355
15178,114269,0.2
15179,110793,0.12
15180,86621,0.44035186592851355
15181,9298,0.29333333333333333
15182,89162,0.21
15183,108716,0.3165041518110797
15184,49880,0.31
15185,46252,0.29
15186,105684,0.11
15187,61589,0.28
15188,66321,0.27
15189,64541,0.1
15190,16955,0.22
15191,80135,0.5658684711404199
15192,58390,0.36
15193,21935,0.39547356828193836
15194,40832,0.24
15195,9045,0.06
15196,35650,0.28
15197,8390,0.27
15198,1005,0.24
15199,70587,0.22
15200,89996,0.29
15201,75440,0.29285605710579565
15202,15759,0.4743253968253969
15203,71385,0.44035186592851355
15204,69462,0.28
15205,19936,0.3
15206,2962,0.33
15207,90547,0.5658684711404199
15208,15572,0.23
15209,30112,0.31
15210,46658,0.25
15211,72545,0.21
15212,41137,0.07
15213,105132,0.33899285004789426
15214,52799,0.34
15215,22917,0.37
15216,58209,0.21584599045548056
15217,58113,0.1
15218,60401,0.19
15219,100530,0.18
15220,99122,0.28
15221,51480,0.43
15222,110189,0.8002701290515217
15223,36108,0.2
15224,21231,0.4911165246865001
15225,83323,0.17
15226,61774,0.46
15227,53143,0.27
15228,78685,0.28
15229,85267,0.21
15230,36118,0.6032484614923382
15231,59929,0.8094490423084325
15232,65715,0.15
15233,12724,0.3185
15234,52433,0.26
15235,95337,0.9073162876490548
15236,95919,0.37022727272727274
15237,93072,0.21
15238,58769,0.22
15239,35490,0.27
15240,62771,0.25
15241,23045,0.33
15242,52384,0.33
15243,60152,0.49626280269721645
15244,113241,0.21
15245,28151,0.28
15246,48411,0.22
15247,14238,0.21
15248,34247,0.6574333853925554
15249,72541,0.2
15250,108710,0.43249015313620975
15251,109957,0.3
15252,6470,0.24
15253,67637,0.2
15254,104542,0.804737389751532
15255,56191,0.6879944332192204
15256,62664,0.26
15257,36240,0.49626280269721645
15258,40989,0.23
15259,63545,0.27
15260,17589,0.48
15261,1504,0.24
15262,39624,0.33
15263,31790,0.6574333853925554
15264,107218,0.24
15265,46624,0.22
15266,100987,0.3317956181395856
15267,38322,0.3595606657286202
15268,57656,0.7024997009086346
15269,18119,0.7647093730601477
15270,55412,0.27
15271,59858,0.34
15272,85421,0.27
15273,100503,0.25
15274,91651,0.28
15275,92596,0.8087014454974942
15276,66313,0.29
15277,20502,0.44547356828193835
15278,12068,0.4985545731779656
15279,7913,0.25
15280,93834,0.21
15281,58760,0.213125892987996
15282,114344,0.28
15283,55884,0.5020588542209693
15284,12172,0.34
15285,7456,0.26
15286,84897,0.33
15287,4751,0.41865617788001513
15288,88070,0.2
15289,64745,0.22
15290,53232,0.95
15291,99765,0.07
15292,95764,0.29
15293,13535,0.48
15294,5609,0.29
15295,105800,0.5658684711404199
15296,96694,0.36
15297,65691,0.22
15298,108849,0.28
15299,15241,0.255
15300,39240,0.8016548798422711
15301,109807,0.25
15302,61537,0.19
15303,70989,0.21106571196018278
15304,110280,0.15
15305,27795,0.31570863451286013
15306,44918,0.26
15307,11548,0.26
15308,34336,0.778920261971505
15309,59598,0.28
15310,3341,0.26
15311,4321,0.26
15312,45245,0.25
15313,80788,0.26
15314,55303,0.3054576171951389
15315,33147,0.28
15316,109633,0.16
15317,15722,0.27
15318,58936,0.6879944332192204
15319,57417,0.2
15320,63818,0.2
15321,53438,0.21
15322,109942,0.2
15323,37356,0.27
15324,66628,0.22
15325,1647,0.2
15326,65819,0.28
15327,86677,0.3
15328,33765,0.2
15329,2661,0.33262792762792764
15330,29093,0.24
15331,51972,0.2
15332,84508,0.21
15333,106854,0.21
15334,71742,0.21
15335,102142,0.26
15336,61870,0.32
15337,68634,0.26
15338,31357,0.5345824677740459
15339,40425,0.21
15340,97400,0.29
15341,84103,0.29542118743406626
15342,16961,0.29
15343,37811,0.32
15344,108683,0.25
15345,95193,0.8025734585058774
15346,115871,0.7415137606796547
15347,57344,0.22
15348,56155,0.21
15349,56067,0.6574333853925554
15350,39537,0.29
15351,102061,0.2672180728297719
15352,101932,0.24
15353,44527,0.27
15354,79575,0.8016548798422711
15355,2554,0.19
15356,34564,0.3
15357,38734,0.27
15358,43190,0.873162570735478
15359,79674,0.3595606657286202
15360,92405,0.31
15361,11849,0.22
15362,50521,0.26
15363,9010,0.23828070175438598
15364,83316,0.25
15365,45492,0.32
15366,54821,0.29
15367,6813,0.21
15368,12162,0.22
15369,3482,0.29950197808316326
15370,79367,0.29285605710579565
15371,33471,0.6574333853925554
15372,52705,0.21
15373,35416,0.778920261971505
15374,85492,0.23
15375,64338,0.27
15376,18469,0.22
15377,63115,0.57602346105529
15378,69053,0.8331601874669974
15379,90962,0.8484012324895833
15380,112214,0.3
15381,85868,0.7024997009086346
15382,112822,0.24
15383,3473,0.9116666666666666
15384,63447,0.7024997009086346
15385,3066,0.25
15386,42838,0.27
15387,110725,0.36
15388,42635,0.4911165246865001
15389,94029,0.25
15390,40280,0.16
15391,26886,0.25293732567047406
15392,79202,0.25
15393,60884,0.8087014454974942
15394,98789,0.27
15395,87717,0.6185082824926071
15396,12993,0.558851204837557
15397,102390,0.25
15398,62264,0.21
15399,59803,0.29
15400,88992,0.19
15401,45452,0.22
15402,13946,0.21
15403,6697,0.24
15404,63918,0.26
15405,32727,0.6606477235506313
15406,2328,0.24
15407,39564,0.2611111183793985
15408,87938,0.23
15409,94485,0.25076923076923074
15410,93760,0.6514684368668864
15411,36164,0.3
15412,89340,0.4
15413,91090,0.1
15414,57401,0.29
15415,12492,0.23
15416,97629,0.19
15417,103727,0.19
15418,36003,0.49626280269721645
15419,91853,0.33
15420,23405,0.3
15421,74204,0.3
15422,83948,0.5658684711404199
15423,71538,0.44035186592851355
15424,35699,0.22
15425,39790,0.24
15426,14563,0.24
15427,56079,0.8331601874669974
15428,55136,0.5098901818657562
15429,44225,0.19
15430,56681,0.27
15431,47031,0.09
15432,52708,0.57602346105529
15433,80827,0.21
15434,56922,0.3048363735289757
15435,90987,0.17
15436,22391,0.38
15437,75798,0.8331601874669974
15438,15632,0.25
15439,110434,0.6060437791111741
15440,10766,0.27
15441,111835,0.7415137606796547
15442,41253,0.3062866491761945
15443,49834,0.31
15444,68305,0.21106571196018278
15445,73176,0.21
15446,1399,0.2714285714285714
15447,96163,0.5658684711404199
15448,26161,0.31
15449,12816,0.19
15450,69851,0.35
15451,75383,0.8331601874669974
15452,109816,0.18
15453,71199,0.22
15454,67480,0.21
15455,2359,0.22
15456,47043,0.26
15457,31381,0.19
15458,53856,0.8044329605846217
15459,92132,0.25
15460,11158,0.2606523131581182
15461,84946,0.28
15462,55001,0.49626280269721645
15463,38695,0.2
15464,64921,0.34
15465,6474,0.27
15466,82612,0.6961258235367476
15467,57829,0.29738694977561037
15468,87721,0.8087014454974942
15469,7742,0.33
15470,100477,0.8074620881663229
15471,45557,0.2
15472,113395,0.28
15473,83652,0.37
15474,95411,0.14
15475,73319,0.21
15476,73953,0.16
15477,67102,0.26
15478,57324,0.21
15479,61449,0.23
15480,56320,0.23
15481,35672,0.2
15482,102384,0.8457951945355597
15483,26537,0.28
15484,104731,0.6060437791111741
15485,51843,0.27
15486,110618,0.42
15487,95348,0.6970637908450266
15488,29141,0.23
15489,103562,0.22
15490,98767,0.21
15491,17001,0.25
15492,50169,0.6063580061789815
15493,71837,0.28
15494,3438,0.28
15495,46766,0.2736505932627259
15496,5524,0.16
15497,30898,0.2876257219969326
15498,82198,0.27
15499,91306,0.4292550505050506
15500,56083,0.1
15501,41856,0.27
15502,98068,0.22
15503,65647,0.16
15504,17858,0.22
15505,70058,0.6606477235506313
15506,52602,0.29285605710579565
15507,65913,0.27
15508,68180,0.27
15509,107205,0.28
15510,81449,0.13
15511,106017,0.19
15512,115801,0.27
15513,45128,0.3733333333333333
15514,20150,0.26
15515,12806,0.24
15516,86541,0.22
15517,83178,0.17
15518,94162,0.2672180728297719
15519,32686,0.31
15520,59353,0.33224337223043043
15521,74772,0.22
15522,71413,0.21
15523,27962,0.22
15524,42739,0.9061748683050006
15525,31950,0.26
15526,103775,0.21106571196018278
15527,27713,0.2736505932627259
15528,57571,0.33224337223043043
15529,87218,0.09
15530,93892,0.6514684368668864
15531,24762,0.3434759716750337
15532,50419,0.57602346105529
15533,94045,0.21
15534,14244,0.35462482918007915
15535,51482,0.3054576171951389
15536,54204,0.8044329605846217
15537,16963,0.3067242206412115
15538,108322,0.29
15539,59298,0.28104660881121046
15540,20455,0.24
15541,28518,0.778920261971505
15542,78914,0.15
15543,58763,0.6268865526745055
15544,37088,0.26
15545,52,0.23
15546,70003,0.23
15547,11258,0.21
15548,78548,0.26
15549,89685,0.3
15550,81714,0.35
15551,35888,0.778920261971505
15552,95209,0.08
15553,76066,0.34
15554,4414,0.25
15555,113952,0.27
15556,74564,0.3
15557,42785,0.26
15558,39605,0.98
15559,83399,0.27
15560,72933,0.21
15561,15697,0.5590650541895373
15562,86378,0.44035186592851355
15563,54704,0.29
15564,17840,0.23
15565,114028,0.38616666666666666
15566,59358,0.8457951945355597
15567,81116,0.14
15568,79614,0.8016548798422711
15569,84015,0.36
15570,84086,0.2672180728297719
15571,64481,0.37
15572,54872,0.17
15573,27144,0.42640208607459895
15574,115309,0.15
15575,3074,0.22
15576,38061,0.15
15577,66042,0.09
15578,28136,0.31570863451286013
15579,71761,0.09
15580,20014,0.22
15581,114067,0.3
15582,41352,0.1
15583,65125,0.35
15584,97739,0.9073162876490548
15585,98832,0.28
15586,109951,0.3
15587,31133,0.22
15588,90984,0.3
15589,54108,0.6879944332192204
15590,111608,0.28
15591,76907,0.28
15592,87193,0.31
15593,64417,0.3
15594,13587,0.27
15595,29319,0.24
15596,219,0.25
15597,26677,0.2736505932627259
15598,12779,0.39662898765509774
15599,111395,0.5658684711404199
15600,77752,0.2
15601,112137,0.21
15602,82856,0.21
15603,29184,0.3
15604,93494,0.32
15605,106136,0.27
15606,55595,0.6879944332192204
15607,58774,0.21
15608,15647,0.09
15609,20500,0.30857142857142855
15610,49390,0.29
15611,3595,0.24
15612,1319,0.21
15613,25132,0.2
15614,60601,0.35
15615,73360,0.21
15616,51357,0.37
15617,44570,0.29
15618,47577,0.22
15619,50623,0.12
15620,21733,0.7024997009086346
15621,63747,0.29712558860906485
15622,29222,0.27
15623,97481,0.3763124205678637
15624,59135,0.21
15625,84987,0.26
15626,23364,0.17
15627,27424,0.8094490423084325
15628,2786,0.24
15629,13996,0.33
15630,54257,0.27
15631,58684,0.23
15632,63043,0.29
15633,68961,0.7024997009086346
15634,46535,0.22
15635,9484,0.17
15636,109594,0.28
15637,18595,0.9169856849199615
15638,25822,0.26
15639,58176,0.2672180728297719
15640,16743,0.34
15641,50845,0.22
15642,22085,0.6988580207313696
15643,30412,0.17
15644,42777,0.57602346105529
15645,107608,0.30943861705025505
15646,56687,0.2779001297850061
15647,72604,0.21
15648,26823,0.31
15649,97527,0.4905952380952381
15650,18056,0.3
15651,104075,0.29
15652,91729,0.8484012324895833
15653,115358,0.6879944332192204
15654,44127,0.29
15655,61195,0.2
15656,87644,0.24
15657,80015,0.3
15658,101949,0.9073162876490548
15659,63628,0.25
15660,16646,0.24
15661,12704,0.6987114098478523
15662,102361,0.31
15663,113274,0.28
15664,85244,0.22
15665,53290,0.3
15666,22884,0.35
15667,57659,0.22
15668,87908,0.3
15669,65605,0.22
15670,38167,0.3
15671,30200,0.5585799079145132
15672,43547,0.2611111183793985
15673,97982,0.2814568078776256
15674,28029,0.5455326939251731
15675,26758,0.33
15676,33191,0.42324999999999996
15677,37912,0.26
15678,85961,0.26
15679,151,0.26
15680,43226,0.31
15681,37582,0.25
15682,104863,0.28
15683,60002,0.29
15684,71877,0.29
15685,41185,0.31
15686,69956,0.27
15687,59750,0.17
15688,5449,0.16
15689,95132,0.9073162876490548
15690,6559,0.13
15691,28988,0.28
15692,65,0.24
15693,40162,0.18
15694,38868,0.27
15695,26,0.2
15696,11128,0.06
15697,84794,0.28
15698,114654,0.24
15699,35758,0.3
15700,47601,0.28
15701,110122,0.22
15702,58362,0.33224337223043043
15703,64638,0.23
15704,46108,0.3782589900529063
15705,77900,0.7024997009086346
15706,53245,0.28
15707,26540,0.4911165246865001
15708,89510,0.21106571196018278
15709,91698,0.21
15710,113926,0.28
15711,79357,0.3713762139346507
15712,79956,0.57602346105529
15713,85947,0.21106571196018278
15714,20105,0.33
15715,49706,0.32
15716,61658,0.6970637908450266
15717,54295,0.26
15718,47375,0.57602346105529
15719,115669,0.26
15720,18353,0.26
15721,89819,0.33
15722,105393,0.24
15723,13006,0.21
15724,63853,0.29542118743406626
15725,73703,0.49626280269721645
15726,10029,0.28
15727,28702,0.22
15728,73608,0.21
15729,83766,0.28
15730,101013,0.30943861705025505
15731,103112,0.21
15732,62974,0.26
15733,14433,0.3525
15734,96384,0.26
15735,100220,0.5799705977303526
15736,104805,0.26
15737,75232,0.26
15738,84686,0.44035186592851355
15739,29885,0.27
15740,114261,0.13
15741,66334,0.26
15742,11512,0.09
15743,48434,0.22
15744,4655,0.23
15745,76890,0.2
15746,78742,0.23
15747,61170,0.32
15748,22649,0.3
15749,50109,0.28
15750,95901,0.2
15751,10124,0.25
15752,22602,0.3511638543363016
15753,96970,0.686711125185392
15754,27467,0.6879944332192204
15755,60043,0.3
15756,35066,0.25
15757,17092,0.29
15758,35435,0.26
15759,69737,0.21106571196018278
15760,115747,0.21
15761,2034,0.21
15762,4801,0.33
15763,415,0.43
15764,108563,0.22
15765,26628,0.4911165246865001
15766,63149,0.2672180728297719
15767,65835,0.28
15768,68171,0.3
15769,69319,0.6060437791111741
15770,15422,0.2
15771,64735,0.28
15772,29661,0.22
15773,24034,0.3
15774,5439,0.26
15775,57747,0.07
15776,19633,0.4511638543363016
15777,81472,0.2672180728297719
15778,63580,0.28
15779,57777,0.19
15780,64857,0.19
15781,58347,0.21
15782,30246,0.6879944332192204
15783,95653,0.6060437791111741
15784,113215,0.15
15785,60322,0.844755567144862
15786,50453,0.37
15787,8235,0.28
15788,39714,0.21
15789,59065,0.25
15790,11484,0.23
15791,5954,0.28
15792,107300,0.27
15793,96351,0.26
15794,105645,0.27
15795,25634,0.26
15796,14715,0.12
15797,76977,0.200625
15798,44363,0.31
15799,31151,0.05
15800,99878,0.29
15801,91553,0.44035186592851355
15802,10000,0.25
15803,16530,0.23
15804,101139,0.2
15805,42936,0.2
15806,81104,0.8457951945355597
15807,74393,0.22
15808,84988,0.7491207553686823
15809,53211,0.6879944332192204
15810,67879,0.25
15811,4761,0.22
15812,26682,0.28
15813,84405,0.21
15814,34008,0.7415137606796547
15815,48440,0.42640208607459895
15816,725,0.26
15817,108791,0.28
15818,24134,0.29
15819,37118,0.26
15820,31966,0.22
15821,27564,0.6879944332192204
15822,13443,0.24
15823,84629,0.6060437791111741
15824,55249,0.7024997009086346
15825,101267,0.3
15826,93105,0.21584599045548056
15827,243,0.27
15828,22832,0.3
15829,87298,0.21106571196018278
15830,68791,0.27
15831,83907,0.24
15832,58173,0.26
15833,80117,0.9477251457732712
15834,12428,0.4830053831157081
15835,46086,0.23
15836,52549,0.2672180728297719
15837,86771,0.08
15838,7886,0.22
15839,102162,0.44035186592851355
15840,51109,0.24
15841,20637,0.42547356828193833
15842,99356,0.25
15843,9486,0.28
15844,52955,0.6879944332192204
15845,96803,0.33
15846,65729,0.2
15847,55672,0.42640208607459895
15848,1057,0.25
15849,103741,0.8025734585058774
15850,71879,0.44035186592851355
15851,58526,0.26
15852,37704,0.21
15853,60314,0.31
15854,113355,0.362833805083805
15855,6645,0.27
15856,60078,0.6574333853925554
15857,94388,0.47156611085503913
15858,25483,0.33
15859,104164,0.6514684368668864
15860,57836,0.32
15861,18397,0.32
15862,57542,0.8484012324895833
15863,52059,0.7405317013283446
15864,25640,0.28
15865,54647,0.07
15866,98641,0.32
15867,45059,0.57602346105529
15868,11607,0.3574308487761173
15869,70824,0.21
15870,32502,0.6879944332192204
15871,102895,0.3
15872,64148,0.29
15873,13641,0.3379268407291214
15874,74709,0.27
15875,19929,0.22
15876,84057,0.25
15877,29495,0.24
15878,52001,0.26
15879,91085,0.3
15880,2784,0.25
15881,26912,0.14
15882,64209,0.25
15883,10166,0.21
15884,51940,0.6879944332192204
15885,56548,0.2
15886,33118,0.6574333853925554
15887,5423,0.22
15888,22967,0.3
15889,13401,0.558851204837557
15890,46463,0.3
15891,75237,0.29
15892,34787,0.27138245169676045
15893,22220,0.25
15894,13041,0.3
15895,226,0.09
15896,69618,0.21
15897,36159,0.6574333853925554
15898,51901,0.25293732567047406
15899,76043,0.07
15900,1503,0.23
15901,73139,0.24
15902,28185,0.33899285004789426
15903,73316,0.29
15904,25992,0.04
15905,106366,0.19
15906,11996,0.16
15907,28158,0.28
15908,51983,0.29
15909,109364,0.12
15910,411,0.31
15911,79625,0.28
15912,52903,0.15
15913,16097,0.24
15914,98847,0.17
15915,42107,0.27
15916,111711,0.5658684711404199
15917,73951,0.2672180728297719
15918,31890,0.22
15919,102041,0.9073162876490548
15920,66064,0.28
15921,40099,0.3
15922,39933,0.22
15923,101766,0.28
15924,75745,0.663121287281579
15925,31912,0.22
15926,6219,0.21
15927,89216,0.2672180728297719
15928,96830,0.8087014454974942
15929,73279,0.3
15930,59301,0.778920261971505
15931,65207,0.18
15932,19870,0.7024997009086346
15933,28866,0.31
15934,70126,0.26
15935,12948,0.2714285714285714
15936,71575,0.47156611085503913
15937,72938,0.29
15938,46098,0.2736505932627259
15939,18682,0.485735927292601
15940,86244,0.21
15941,104797,0.25
15942,80065,0.21
15943,32973,0.14
15944,19442,0.06
15945,82673,0.28
15946,49219,0.23
15947,68252,0.22
15948,67239,0.21
15949,5709,0.3618664046504301
15950,15493,0.12
15951,29823,0.26
15952,26325,0.2611111183793985
15953,32506,0.27
15954,35307,0.5098901818657562
15955,9961,0.5023486477495499
15956,2099,0.16
15957,12977,0.19
15958,108516,0.29
15959,61523,0.778920261971505
15960,6015,0.24
15961,42189,0.22
15962,4141,0.11
15963,89312,0.8016548798422711
15964,64004,0.17
15965,531,0.32
15966,73043,0.26
15967,9509,0.25
15968,91604,0.3733333333333333
15969,39069,0.26
15970,106852,0.29618368733128664
15971,6073,0.19
15972,52152,0.27
15973,107563,0.29
15974,89104,0.2672180728297719
15975,114061,0.6574333853925554
15976,78443,0.27
15977,25310,0.5280102424812745
15978,74928,0.21106571196018278
15979,16144,0.23
15980,67147,0.8087014454974942
15981,103614,0.39272601010101005
15982,30954,0.29
15983,75619,0.21
15984,74386,0.26
15985,90113,0.24
15986,67700,0.52
15987,11609,0.21
15988,17175,0.7096057641352574
15989,47540,0.4911165246865001
15990,26791,0.6574333853925554
15991,12308,0.25
15992,78770,0.25
15993,84912,0.29
15994,56647,0.6879944332192204
15995,86013,0.8457951945355597
15996,17686,0.37
15997,38837,0.23
15998,77723,0.29285605710579565
15999,110314,0.28
16000,80633,0.28
16001,95772,0.26
16002,115065,0.23
16003,75409,0.21106571196018278
16004,18061,0.48
16005,49229,0.28
16006,98953,0.21106571196018278
16007,85178,0.31
16008,26075,0.34
16009,51215,0.7024997009086346
16010,80609,0.18
16011,2171,0.22
16012,114255,0.8331601874669974
16013,30757,0.22
16014,76430,0.19
16015,60822,0.213125892987996
16016,95616,0.2814568078776256
16017,44726,0.27
16018,20497,0.25293732567047406
16019,88832,0.21
16020,93053,0.29
16021,18936,0.27
16022,45630,0.29
16023,68133,0.8087014454974942
16024,13444,0.48
16025,60833,0.2672180728297719
16026,27595,0.34
16027,80738,0.24
16028,35297,0.34
16029,76783,0.28
16030,105811,0.6060437791111741
16031,87581,0.16
16032,5128,0.23
16033,78926,0.23
16034,69142,0.2
16035,87158,0.25
16036,37566,0.6063580061789815
16037,51047,0.23
16038,12496,0.34
16039,59532,0.778920261971505
16040,90951,0.2
16041,44097,0.36
16042,90479,0.27
16043,114769,0.29
16044,57927,0.29
16045,109517,0.32
16046,114638,0.33
16047,14872,0.23
16048,105708,0.26
16049,97679,0.5658684711404199
16050,4545,0.22
16051,67610,0.17
16052,13797,0.46180454754171424
16053,76045,0.21
16054,28129,0.57602346105529
16055,8715,0.23
16056,30055,0.09
16057,105758,0.23
16058,85714,0.25
16059,106464,0.3
16060,94037,0.23
16061,68671,0.2672180728297719
16062,102927,0.08
16063,73730,0.6063580061789815
16064,103152,0.24
16065,109033,0.26
16066,36381,0.21
16067,22269,0.29
16068,47107,0.26
16069,40582,0.19
16070,41653,0.25293732567047406
16071,97021,0.5799705977303526
16072,114425,0.14
16073,108048,0.14
16074,85913,0.3142893084856641
16075,33358,0.43091532760561035
16076,105332,0.24
16077,96590,0.28
16078,99897,0.26
16079,94176,0.2672180728297719
16080,109228,0.28
16081,63760,0.26
16082,80211,0.29
16083,382,0.22
16084,9285,0.27
16085,17050,0.34
16086,41772,0.42640208607459895
16087,66995,0.8031486295608586
16088,84011,0.2
16089,81866,0.3
16090,6693,0.28
16091,115018,0.28
16092,24733,0.3
16093,97510,0.43249015313620975
16094,64974,0.25
16095,66869,0.29
16096,48974,0.6063580061789815
16097,28470,0.6574333853925554
16098,92665,0.9616670447958974
16099,41135,0.8094490423084325
16100,91490,0.5658684711404199
16101,50199,0.27
16102,25116,0.22
16103,68653,0.33899285004789426
16104,54496,0.49626280269721645
16105,104574,0.22
16106,9673,0.25
16107,50337,0.21
16108,59641,0.49626280269721645
16109,51416,0.7024997009086346
16110,58902,0.6574333853925554
16111,59398,0.26
16112,104658,0.13
16113,31068,0.13
16114,51531,0.29
16115,44652,0.17
16116,82536,0.3
16117,74554,0.26
16118,10763,0.22
16119,70754,0.26
16120,29307,0.25
16121,64568,0.23
16122,73902,0.07
16123,104546,0.23
16124,57007,0.07
16125,102881,0.29
16126,3921,0.15
16127,40031,0.3
16128,108372,0.28
16129,27570,0.26
16130,13175,0.26
16131,16717,0.23
16132,84843,0.33
16133,50469,0.29
16134,79279,0.23
16135,102227,0.9073162876490548
16136,33194,0.5952890834207484
16137,70470,0.26
16138,95472,0.29
16139,9114,0.2421428571428571
16140,34716,0.6574333853925554
16141,104233,0.18
16142,33700,0.27
16143,106559,0.5732897175952641
16144,40570,0.26
16145,112943,0.7415137606796547
16146,18657,0.1
16147,43025,0.27
16148,53762,0.21584599045548056
16149,32606,0.07
16150,15081,0.3
16151,86455,0.21
16152,114696,0.27
16153,67999,0.49775771369818395
16154,35984,0.26
16155,59928,0.33224337223043043
16156,65702,0.3
16157,96714,0.2814568078776256
16158,82574,0.24
16159,33647,0.24
16160,9219,0.24796069590298245
16161,33952,0.3062866491761945
16162,107918,0.24
16163,102453,0.26
16164,59265,0.3048363735289757
16165,962,0.24
16166,75128,0.23
16167,11957,0.4985545731779656
16168,110477,0.26
16169,23547,0.22
16170,39745,0.3595606657286202
16171,13518,0.3124041124307211
16172,114326,0.29
16173,72065,0.17
16174,64706,0.31
16175,29660,0.25
16176,61967,0.38
16177,18795,0.15
16178,86598,0.28
16179,88845,0.6961258235367476
16180,60403,0.21106571196018278
16181,47537,0.2736505932627259
16182,100962,0.36
16183,98806,0.36
16184,44240,0.6879944332192204
16185,57790,0.6879944332192204
16186,66474,0.22
16187,6185,0.27
16188,39305,0.34
16189,110832,0.25
16190,71463,0.34
16191,99158,0.23760818498476272
16192,104003,0.31
16193,25191,0.28
16194,37244,0.6879944332192204
16195,57870,0.32
16196,19669,0.6063580061789815
16197,6387,0.23
16198,101399,0.32
16199,114266,0.24
16200,87867,0.29
16201,15985,0.19
16202,9176,0.26
16203,75927,0.6060437791111741
16204,11159,0.38
16205,38640,0.778920261971505
16206,72480,0.21
16207,104064,0.01
16208,74798,0.27
16209,20513,0.09
16210,4064,0.23828070175438598
16211,104212,0.3782589900529063
16212,42466,0.27
16213,19444,0.16
16214,26315,0.31
16215,113894,0.30943861705025505
16216,79843,0.9106379870737048
16217,95770,0.3
16218,50940,0.7024997009086346
16219,58304,0.43
16220,26041,0.29
16221,57217,0.34
16222,24968,0.23
16223,45469,0.29
16224,71035,0.7024997009086346
16225,66997,0.6060437791111741
16226,93921,0.26
16227,96664,0.3
16228,50299,0.6879944332192204
16229,23465,0.18
16230,91362,0.33899285004789426
16231,47717,0.5455326939251731
16232,85782,0.7024997009086346
16233,32952,0.4911165246865001
16234,1675,0.11
16235,92115,0.21
16236,54116,0.6879944332192204
16237,94259,0.21
16238,59650,0.3
16239,64019,0.12
16240,81452,0.26
16241,29756,0.7415137606796547
16242,84577,0.30485270461020425
16243,48501,0.2672180728297719
16244,35294,0.7024997009086346
16245,79660,0.21
16246,8722,0.25
16247,72937,0.35
16248,22145,0.22
16249,14026,0.25
16250,75425,0.26
16251,36413,0.28
16252,89746,0.27
16253,103942,0.32770001186827274
16254,30957,0.6879944332192204
16255,21585,0.09
16256,35722,0.6879944332192204
16257,4490,0.25
16258,50710,0.67
16259,58934,0.15
16260,10687,0.15
16261,104977,0.3
16262,4241,0.26
16263,31205,0.26
16264,82966,0.21
16265,67585,0.34
16266,107449,0.3
16267,104380,0.8074620881663229
16268,111565,0.2752059837865456
16269,53007,0.19
16270,3161,0.19
16271,25098,0.2611111183793985
16272,74590,0.21
16273,20794,0.5011638543363016
16274,52925,0.06
16275,4355,0.19
16276,101677,0.6060437791111741
16277,33410,0.23
16278,102490,0.29
16279,15660,0.3516666666666666
16280,25545,0.29
16281,106066,0.25
16282,80021,0.489939631047358
16283,84125,0.2752059837865456
16284,53388,0.06
16285,79571,0.5658684711404199
16286,2727,0.25
16287,71074,0.22
16288,25283,0.21
16289,105264,0.28
16290,12028,0.3
16291,53240,0.25293732567047406
16292,66016,0.28
16293,114939,0.21
16294,48832,0.22
16295,20499,0.29
16296,100877,0.28
16297,93139,0.28
16298,25055,0.06
16299,85925,0.21
16300,78483,0.2
16301,31515,0.25
16302,32669,0.778920261971505
16303,88053,0.22
16304,114422,0.21
16305,59752,0.2
16306,56167,0.22
16307,52585,0.2672180728297719
16308,80164,0.28
16309,94187,0.5876191917918387
16310,111775,0.5658684711404199
16311,14699,0.26
16312,22941,0.2
16313,32807,0.2
16314,72706,0.3595606657286202
16315,9174,0.14
16316,14227,0.25
16317,47323,0.14
16318,51238,0.29
16319,49770,0.29
16320,27141,0.26
16321,92675,0.29
16322,65088,0.26
16323,1934,0.19
16324,63566,0.22
16325,90372,0.5658684711404199
16326,4640,0.22
16327,79733,0.4531794040040778
16328,1796,0.3165832815740585
16329,94053,0.8087014454974942
16330,114463,0.3
16331,11506,0.23
16332,69048,0.6063580061789815
16333,98964,0.45711449793839437
16334,42953,0.2
16335,64016,0.22
16336,32194,0.09
16337,62456,0.8484012324895833
16338,10214,0.23142857142857143
16339,99177,0.8074620881663229
16340,49192,0.23
16341,42199,0.15
16342,8619,0.45461743753306927
16343,86805,0.48
16344,106995,0.19
16345,1074,0.14
16346,81605,0.21
16347,70825,0.25
16348,66202,0.3535364357864358
16349,66624,0.26
16350,110145,0.33
16351,60381,0.5952890834207484
16352,23101,0.3
16353,65199,0.23
16354,101489,0.640589310994999
16355,4953,0.22
16356,86492,0.2
16357,10913,0.4
16358,63893,0.23
16359,97684,0.2878517038517038
16360,93800,0.21
16361,87145,0.778920261971505
16362,99196,0.2672180728297719
16363,24852,0.33
16364,16562,0.23
16365,87955,0.8087014454974942
16366,12332,0.25
16367,43448,0.27
16368,65209,0.28
16369,92377,0.32
16370,76973,0.19
16371,53652,0.21
16372,87222,0.778920261971505
16373,64487,0.3
16374,86473,0.28
16375,80878,0.27
16376,93091,0.48
16377,43554,0.26
16378,99615,0.6514684368668864
16379,12972,0.29
16380,95001,0.2
16381,29285,0.5098901818657562
16382,20538,0.3
16383,17914,0.35
16384,75509,0.29
16385,34156,0.31
16386,63150,0.25
16387,11440,0.23
16388,104912,0.21
16389,89651,0.4251838111498381
16390,40415,0.23
16391,95047,0.26
16392,95439,0.26
16393,4541,0.2714285714285714
16394,49713,0.33224337223043043
16395,17167,0.502225998807394
16396,74060,0.3062866491761945
16397,11811,0.22
16398,3108,0.25
16399,27864,0.16
16400,13263,0.19
16401,58131,0.28245238095238095
16402,6113,0.15
16403,11469,0.21
16404,74849,0.4
16405,82067,0.4911165246865001
16406,41538,0.27
16407,72953,0.21
16408,29227,0.31
16409,101888,0.26
16410,3942,0.4830053831157081
16411,37048,0.23
16412,11177,0.25
16413,112151,0.3
16414,48073,0.29542118743406626
16415,94456,0.6063580061789815
16416,7338,0.24505659075224295
16417,59541,0.21
16418,57665,0.6961258235367476
16419,108440,0.21106571196018278
16420,37746,0.22
16421,9640,0.21
16422,10816,0.27
16423,19070,0.14
16424,26012,0.14
16425,69686,0.3
16426,5976,0.14
16427,94349,0.36633867133905085
16428,103317,0.6514684368668864
16429,21979,0.29
16430,62528,0.3
16431,77832,0.19
16432,114801,0.28
16433,55785,0.6879944332192204
16434,89481,0.33224337223043043
16435,103471,0.16
16436,28841,0.778920261971505
16437,9343,0.06
16438,47082,0.22
16439,105286,0.804737389751532
16440,5029,0.25
16441,74260,0.29
16442,25957,0.3
16443,70318,0.21106571196018278
16444,25471,0.2736505932627259
16445,26999,0.25
16446,67183,0.27
16447,3261,0.21
16448,103448,0.13
16449,45091,0.2736505932627259
16450,52854,0.5098901818657562
16451,19532,0.3
16452,58603,0.29
16453,55855,0.6879944332192204
16454,75978,0.21
16455,50410,0.49626280269721645
16456,27613,0.28
16457,109487,0.3804642647908094
16458,42287,0.27
16459,10835,0.3
16460,40075,0.2611111183793985
16461,88359,0.28
16462,60394,0.3
16463,96782,0.7491207553686823
16464,56017,0.6970637908450266
16465,20979,0.7024997009086346
16466,80574,0.3
16467,93961,0.15
16468,113715,0.2975589937410899
16469,25045,0.2
16470,26515,0.12
16471,115261,0.28
16472,57838,0.33
16473,28943,0.37
16474,52475,0.29
16475,12952,0.4985545731779656
16476,103443,0.3
16477,19512,0.35
16478,96157,0.2877141931938705
16479,48451,0.24
16480,20190,0.49626280269721645
16481,21209,0.06
16482,81519,0.23
16483,42347,0.27
16484,96191,0.2
16485,42515,0.6606477235506313
16486,77641,0.31
16487,44538,0.37
16488,102067,0.5658684711404199
16489,46334,0.22
16490,26927,0.21
16491,26660,0.25
16492,43907,0.27
16493,103006,0.22
16494,108574,0.6514684368668864
16495,40184,0.28
16496,115963,0.28
16497,40232,0.27
16498,88647,0.2672180728297719
16499,10698,0.14
16500,81980,0.32
16501,71062,0.8094490423084325
16502,71026,0.6063580061789815
16503,26022,0.26
16504,20815,0.31
16505,112472,0.2
16506,66167,0.27
16507,107685,0.3
16508,51406,0.22
16509,42728,0.29
16510,61694,0.8087014454974942
16511,72195,0.6970637908450266
16512,33468,0.29
16513,87174,0.7024997009086346
16514,37177,0.28
16515,24206,0.2
16516,67226,0.57602346105529
16517,44622,0.7517547952262292
16518,15459,0.25
16519,10758,0.21
16520,106373,0.11
16521,77613,0.14
16522,17970,0.22
16523,63359,0.8087014454974942
16524,83104,0.07
16525,84484,0.5658684711404199
16526,107556,0.28
16527,92440,0.25
16528,103546,0.25
16529,65275,0.28
16530,84933,0.21
16531,95904,0.31
16532,22461,0.22
16533,68094,0.18
16534,90651,0.21
16535,13849,0.25
16536,82139,0.3
16537,38926,0.37
16538,108620,0.3
16539,13592,0.23
16540,31673,0.57602346105529
16541,100240,0.6060437791111741
16542,56654,0.25
16543,86757,0.6060437791111741
16544,92121,0.21
16545,108762,0.6514684368668864
16546,12020,0.31216541890169425
16547,82489,0.21106571196018278
16548,25611,0.39
16549,79800,0.3595606657286202
16550,105287,0.7415137606796547
16551,44046,0.2611111183793985
16552,51774,0.3
16553,115243,0.21
16554,39270,0.22
16555,18354,0.29
16556,33566,0.23
16557,102705,0.47156611085503913
16558,105759,0.49134710732466025
16559,33820,0.23
16560,12919,0.24
16561,68022,0.29
16562,9881,0.22
16563,29201,0.16
16564,113197,0.804737389751532
16565,104743,0.3
16566,69558,0.25
16567,9971,0.26
16568,61676,0.332
16569,71329,0.33899285004789426
16570,61988,0.213125892987996
16571,38221,0.37
16572,85316,0.3
16573,39530,0.6606477235506313
16574,14786,0.23
16575,41795,0.7080409372790756
16576,96932,0.5658684711404199
16577,49723,0.31
16578,48079,0.22
16579,4162,0.25
16580,50129,0.26
16581,80488,0.3
16582,26815,0.33
16583,67946,0.34
16584,33581,0.26
16585,28704,0.57602346105529
16586,94684,0.4531794040040778
16587,82900,0.31
16588,19923,0.26
16589,33203,0.6574333853925554
16590,866,0.21
16591,50531,0.6879944332192204
16592,115557,0.43091532760561035
16593,114604,0.24
16594,25993,0.27
16595,36510,0.3
16596,80022,0.21106571196018278
16597,7368,0.22
16598,82449,0.31
16599,49663,0.3
16600,39026,0.23
16601,29829,0.28
16602,48681,0.28
16603,71172,0.8087014454974942
16604,102054,0.29
16605,99628,0.09
16606,32250,0.27
16607,12987,0.34
16608,84079,0.2
16609,48119,0.22
16610,58367,0.21584599045548056
16611,91377,0.22
16612,7346,0.22
16613,52894,0.6879944332192204
16614,90215,0.26
16615,37718,0.2611111183793985
16616,69498,0.27
16617,22409,0.2
16618,26673,0.21
16619,8373,0.21
16620,34649,0.09
16621,108664,0.21
16622,94700,0.25
16623,22325,0.3
16624,28673,0.15
16625,42791,0.34
16626,46506,0.3
16627,114170,0.7405317013283446
16628,53860,0.29285605710579565
16629,83261,0.41438275613275616
16630,63219,0.26
16631,37349,0.39
16632,78301,0.28
16633,44054,0.22
16634,60350,0.3
16635,5190,0.22
16636,95056,0.28
16637,100440,0.11
16638,32326,0.9027926995314074
16639,34012,0.36
16640,50415,0.4185714285714286
16641,8936,0.24
16642,73249,0.3
16643,68806,0.29
16644,57925,0.18
16645,115507,0.6514684368668864
16646,69270,0.14
16647,35432,0.33899285004789426
16648,112176,0.31
16649,6543,0.26
16650,31050,0.18
16651,24191,0.778920261971505
16652,4305,0.27
16653,60201,0.35
16654,29084,0.6574333853925554
16655,104535,0.3
16656,6383,0.25
16657,14448,0.36
16658,71727,0.7024997009086346
16659,16345,0.24
16660,8085,0.25
16661,11530,0.21
16662,83785,0.08
16663,104562,0.804737389751532
16664,89301,0.22
16665,66229,0.28
16666,42064,0.9437447063281852
16667,22755,0.29
16668,87472,0.8087014454974942
16669,8634,0.1
16670,81074,0.2672180728297719
16671,4268,0.14
16672,5116,0.07
16673,88062,0.29
16674,22781,0.21
16675,13718,0.26
16676,53857,0.39
16677,104280,0.08
16678,76367,0.36
16679,35403,0.6606477235506313
16680,70330,0.29
16681,105974,0.25
16682,72780,0.8087014454974942
16683,79092,0.31
16684,58233,0.28
16685,16276,0.33
16686,28849,0.6606477235506313
16687,32095,0.27
16688,99598,0.21106571196018278
16689,3890,0.26
16690,23598,0.57602346105529
16691,17810,0.26
16692,10544,0.17
16693,87566,0.3595606657286202
16694,56464,0.5020588542209693
16695,72778,0.29
16696,60591,0.23
16697,46205,0.2
16698,50900,0.3001960784313725
16699,109385,0.8025734585058774
16700,53272,0.6032484614923382
16701,98128,0.26
16702,31344,0.18
16703,38790,0.29
16704,73237,0.28
16705,68479,0.49626280269721645
16706,52068,0.1
16707,108601,0.8074620881663229
16708,106979,0.23
16709,105925,0.7415137606796547
16710,82561,0.6879944332192204
16711,50206,0.6879944332192204
16712,24467,0.26
16713,112542,0.22
16714,22992,0.28
16715,31324,0.6879944332192204
16716,95374,0.19
16717,17179,0.36
16718,99941,0.27
16719,73740,0.29285605710579565
16720,65350,0.15
16721,32886,0.7415137606796547
16722,113140,0.15
16723,17776,0.16
16724,23510,0.5280102424812745
16725,73097,0.22
16726,56402,0.22
16727,66478,0.28
16728,18398,0.26
16729,99272,0.26
16730,108287,0.21
16731,107056,0.32
16732,3462,0.09
16733,80016,0.2
16734,55427,0.25
16735,9164,0.24
16736,99994,0.686711125185392
16737,14641,0.23
16738,53796,0.3
16739,59782,0.2
16740,29357,0.09
16741,66783,0.29
16742,59133,0.32
16743,113093,0.41
16744,24061,0.22
16745,59173,0.27
16746,39083,0.24
16747,69667,0.34
16748,25454,0.26
16749,54167,0.3
16750,21490,0.28
16751,55176,0.57602346105529
16752,67501,0.8087014454974942
16753,65498,0.22
16754,2438,0.21
16755,99347,0.28908145122531176
16756,77368,0.31
16757,59704,0.28
16758,65782,0.27
16759,90693,0.5658684711404199
16760,56465,0.26
16761,30734,0.5170727146631315
16762,28410,0.18
16763,93730,0.5658684711404199
16764,50664,0.24
16765,860,0.23828070175438598
16766,35453,0.19
16767,34589,0.31
16768,101196,0.21
16769,101611,0.640589310994999
16770,75065,0.18
16771,98460,0.9073162876490548
16772,6051,0.23
16773,88976,0.57602346105529
16774,59432,0.22
16775,100138,0.22333333333333333
16776,10390,0.25
16777,82277,0.05
16778,92507,0.26
16779,107811,0.3165041518110797
16780,82491,0.26
16781,16002,0.21
16782,2946,0.22
16783,9322,0.24
16784,39693,0.2611111183793985
16785,53573,0.3
16786,1481,0.6987114098478523
16787,77129,0.42301428121191526
16788,80702,0.778920261971505
16789,55007,0.28
16790,60426,0.3
16791,46400,0.22
16792,54572,0.6574333853925554
16793,60328,0.8255481863587981
16794,53575,0.36
16795,16027,0.22
16796,112201,0.26
16797,32213,0.7415137606796547
16798,115600,0.21
16799,29561,0.6574333853925554
16800,82079,0.11
16801,52203,0.2
16802,21926,0.26
16803,7136,0.26
16804,107754,0.21
16805,36740,0.28
16806,40637,0.25
16807,25263,0.4911165246865001
16808,107779,0.31
16809,70376,0.5658684711404199
16810,83556,0.21
16811,112936,0.6574333853925554
16812,40360,0.19
16813,65305,0.27
16814,25026,0.26
16815,57098,0.8087014454974942
16816,16737,0.32
16817,92704,0.28908145122531176
16818,41248,0.27
16819,97077,0.42
16820,67419,0.18
16821,67369,0.21
16822,187,0.19
16823,39659,0.4251838111498381
16824,104077,0.23
16825,41114,0.2611111183793985
16826,112537,0.34
16827,17922,0.48
16828,72140,0.33224337223043043
16829,77793,0.19
16830,54189,0.27
16831,13756,0.26
16832,107386,0.29957730692552864
16833,71024,0.36
16834,22889,0.27
16835,67953,0.21
16836,53792,0.2672180728297719
16837,17607,0.26
16838,62576,0.09
16839,38450,0.24
16840,104789,0.3724012754292784
16841,47130,0.42640208607459895
16842,54402,0.31
16843,101367,0.21
16844,50820,0.6879944332192204
16845,47899,0.28
16846,18916,0.27
16847,51280,0.23
16848,18588,0.18
16849,106764,0.17
16850,30937,0.5067736252258745
16851,106082,0.3
16852,54987,0.7405317013283446
16853,103787,0.28
16854,25543,0.57602346105529
16855,11761,0.28
16856,108117,0.25
16857,13226,0.29
16858,57991,0.21
16859,23871,0.2611111183793985
16860,6973,0.18
16861,90164,0.31
16862,4405,0.21
16863,21569,0.26
16864,84313,0.28
16865,17463,0.23
16866,6517,0.21
16867,80507,0.3
16868,69179,0.4911165246865001
16869,110286,0.27
16870,38272,0.2
16871,44896,0.3
16872,58310,0.17
16873,14056,0.19
16874,28930,0.6879944332192204
16875,18421,0.30333333333333334
16876,37926,0.22
16877,98491,0.25
16878,83757,0.2
16879,28437,0.18
16880,44981,0.3857142857142857
16881,66446,0.29
16882,56937,0.8331601874669974
16883,19880,0.36048119675414403
16884,79823,0.8457951945355597
16885,96277,0.8484012324895833
16886,107265,0.28
16887,43992,0.23
16888,42801,0.873162570735478
16889,26905,0.21
16890,59239,0.24
16891,3378,0.24
16892,33983,0.6879944332192204
16893,28061,0.6574333853925554
16894,85302,0.2866666666666667
16895,26198,0.3
16896,22966,0.37
16897,12941,0.22
16898,13986,0.3
16899,67715,0.4292550505050506
16900,109328,0.35
16901,103543,0.34
16902,61762,0.21
16903,27611,0.27
16904,38793,0.29
16905,76072,0.32
16906,44781,0.25
16907,10080,0.2714285714285714
16908,8336,0.22
16909,100099,0.21
16910,24964,0.4031051372347387
16911,52709,0.21
16912,79361,0.213125892987996
16913,100005,0.22
16914,34358,0.22
16915,108749,0.32
16916,57630,0.23
16917,46087,0.24
16918,34663,0.19
16919,94783,0.2672180728297719
16920,47279,0.3
16921,99905,0.686711125185392
16922,47079,0.26
16923,18547,0.23
16924,85547,0.21
16925,18208,0.09
16926,68581,0.2752059837865456
16927,934,0.5731669077843564
16928,108660,0.28
16929,59574,0.6879944332192204
16930,61621,0.27
16931,72058,0.26
16932,33275,0.6574333853925554
16933,747,0.27
16934,114481,0.6879944332192204
16935,37909,0.7024997009086346
16936,103917,0.24
16937,93307,0.8331601874669974
16938,31508,0.6606477235506313
16939,90381,0.13
16940,54450,0.33224337223043043
16941,75924,0.8087014454974942
16942,40007,0.49626280269721645
16943,90901,0.21
16944,105256,0.3633333333333333
16945,78160,0.11
16946,41128,0.28
16947,804,0.28
16948,87768,0.08
16949,107074,0.3
16950,64467,0.19
16951,106400,0.24
16952,99945,0.29
16953,46529,0.26
16954,14882,0.28
16955,14870,0.4444432786374646
16956,8476,0.18
16957,89561,0.6060437791111741
16958,107684,0.2
16959,77635,0.5658684711404199
16960,57933,0.16
16961,15560,0.27
16962,90345,0.23
16963,13390,0.48
16964,61178,0.21
16965,69012,0.27
16966,8771,0.15
16967,33134,0.6879944332192204
16968,97520,0.25
16969,2937,0.24
16970,41394,0.22
16971,44218,0.6879944332192204
16972,68551,0.21106571196018278
16973,35537,0.27
16974,49575,0.23
16975,102980,0.13
16976,64694,0.3
16977,56884,0.2
16978,108555,0.25
16979,54688,0.27
16980,57730,0.23
16981,66888,0.6060437791111741
16982,21753,0.29
16983,12064,0.23
16984,68313,0.57602346105529
16985,63083,0.21
16986,77324,0.7024997009086346
16987,89807,0.29
16988,50458,0.7024997009086346
16989,50780,0.22
16990,96447,0.3
16991,6196,0.22
16992,100725,0.3804642647908094
16993,11207,0.23
16994,22648,0.5011638543363016
16995,42021,0.23
16996,196,0.33
16997,98231,0.2672180728297719
16998,73340,0.8331601874669974
16999,60978,0.28
17000,10461,0.2714285714285714
17001,95822,0.2752059837865456
17002,59051,0.31
17003,52935,0.29738694977561037
17004,23933,0.14
17005,21509,0.19466666666666668
17006,42773,0.27
17007,6122,0.22
17008,68622,0.2752059837865456
17009,109340,0.13
17010,63454,0.29
17011,3265,0.25
17012,12774,0.22
17013,113539,0.4531794040040778
17014,110089,0.08
17015,30201,0.5585799079145132
17016,32134,0.6574333853925554
17017,36948,0.29
17018,80398,0.21
17019,7371,0.25
17020,110135,0.18
17021,33361,0.07
17022,94526,0.29
17023,16379,0.22
17024,71087,0.25
17025,115877,0.27
17026,25699,0.2736505932627259
17027,104877,0.32770001186827274
17028,77143,0.29
17029,32682,0.3
17030,7441,0.3
17031,38207,0.39
17032,56166,0.07
17033,40406,0.6606477235506313
17034,63732,0.11
17035,71219,0.3780528001594719
17036,65629,0.04
17037,97241,0.213125892987996
17038,43856,0.29
17039,108954,0.26
17040,22730,0.11
17041,90767,0.5658684711404199
17042,59584,0.4
17043,2115,0.28
17044,99757,0.1
17045,68408,0.44035186592851355
17046,33482,0.4911165246865001
17047,52967,0.31
17048,15307,0.2
17049,30981,0.09
17050,103113,0.31
17051,37381,0.33
17052,13386,0.25
17053,64556,0.08
17054,3297,0.24
17055,61736,0.8087014454974942
17056,56951,0.22
17057,76341,0.3
17058,35465,0.2
17059,52619,0.2102967032967033
17060,90218,0.3
17061,20086,0.1
17062,100139,0.26
17063,46366,0.37
17064,19741,0.19
17065,19079,0.26
17066,103064,0.29
17067,25006,0.37
17068,83461,0.25
17069,41268,0.21
17070,35462,0.28
17071,64012,0.22
17072,12420,0.37
17073,92356,0.36
17074,31824,0.22
17075,2079,0.27
17076,48758,0.9675729051828534
17077,104679,0.18
17078,51740,0.3
17079,70762,0.06
17080,18049,0.3511638543363016
17081,15192,0.23
17082,115980,0.804737389751532
17083,47820,0.28
17084,30861,0.6574333853925554
17085,34248,0.19
17086,31189,0.28
17087,108174,0.28
17088,41953,0.7929835529609893
17089,112998,0.21
17090,52206,0.33224337223043043
17091,62152,0.26
17092,103715,0.804737389751532
17093,28891,0.2
17094,40940,0.4911165246865001
17095,6945,0.19
17096,76547,0.24
17097,68393,0.5658684711404199
17098,77927,0.24
17099,81819,0.21106571196018278
17100,55261,0.31
17101,110048,0.21
17102,5112,0.4476242891095831
17103,72289,0.27
17104,88258,0.26
17105,35953,0.3
17106,51211,0.13
17107,88541,0.28
17108,51142,0.57602346105529
17109,33043,0.21
17110,99392,0.29
17111,23001,0.16
17112,65885,0.2
17113,21691,0.29
17114,62328,0.28
17115,82242,0.07
17116,53367,0.31
17117,104799,0.3830820845820846
17118,23285,0.7024997009086346
17119,58267,0.21106571196018278
17120,19068,0.22
17121,97447,0.26
17122,16099,0.31
17123,101152,0.3
17124,111430,0.06
17125,75303,0.3062866491761945
17126,56741,0.21106571196018278
17127,3563,0.18
17128,61308,0.8457951945355597
17129,38076,0.24
17130,17761,0.19
17131,27091,0.08
17132,35421,0.2
17133,6570,0.15
17134,328,0.31
17135,63726,0.23
17136,74872,0.3
17137,49338,0.39
17138,91446,0.07
17139,72662,0.24
17140,84285,0.2672180728297719
17141,15306,0.23
17142,40104,0.25
17143,42402,0.2
17144,69134,0.33
17145,80201,0.47156611085503913
17146,111873,0.11
17147,10226,0.04
17148,42862,0.2
17149,70903,0.21
17150,71083,0.8087014454974942
17151,84353,0.2672180728297719
17152,70339,0.47156611085503913
17153,30880,0.31
17154,47739,0.29
17155,85770,0.3
17156,103725,0.38
17157,7259,0.3
17158,75268,0.25
17159,73106,0.26
17160,13571,0.4985545731779656
17161,87920,0.8087014454974942
17162,24748,0.22
17163,20603,0.26
17164,6149,0.2714285714285714
17165,32834,0.25
17166,3049,0.12
17167,99529,0.3713762139346507
17168,83503,0.44035186592851355
17169,32702,0.27
17170,36751,0.1
17171,49966,0.31
17172,9370,0.24
17173,95849,0.09
17174,7817,0.5023486477495499
17175,61857,0.31
17176,34987,0.6879944332192204
17177,27738,0.2
17178,65652,0.28
17179,10363,0.24796069590298245
17180,87173,0.21
17181,87638,0.44035186592851355
17182,39518,0.25
17183,8141,0.09
17184,16155,0.34
17185,53467,0.3
17186,64606,0.28
17187,71986,0.31
17188,61618,0.26
17189,91290,0.44035186592851355
17190,64521,0.26
17191,59825,0.15
17192,61442,0.35
17193,81093,0.3
17194,94371,0.33224337223043043
17195,75338,0.29
17196,75084,0.15
17197,71604,0.21
17198,48634,0.26
17199,26002,0.2779001297850061
17200,54880,0.42301428121191526
17201,77393,0.27
17202,21950,0.3434759716750337
17203,50184,0.7672499240916899
17204,61380,0.57602346105529
17205,10995,0.09
17206,57661,0.33224337223043043
17207,41366,0.3
17208,25426,0.26
17209,112666,0.28
17210,106174,0.2
17211,6853,0.07
17212,47293,0.2611111183793985
17213,43858,0.28
17214,12379,0.3165832815740585
17215,91047,0.3595606657286202
17216,54476,0.6879944332192204
17217,114701,0.28
17218,75319,0.28
17219,62175,0.25293732567047406
17220,78755,0.6879944332192204
17221,20152,0.28
17222,68494,0.44035186592851355
17223,8049,0.27
17224,32212,0.2
17225,69265,0.27
17226,86373,0.30166666666666664
17227,72039,0.37
17228,45365,0.26
17229,40685,0.24
17230,24845,0.2
17231,51552,0.2
17232,101464,0.21106571196018278
17233,63036,0.26
17234,59726,0.47156611085503913
17235,89513,0.8087014454974942
17236,22285,0.22
17237,12210,0.27
17238,16128,0.28
17239,31825,0.5952890834207484
17240,106340,0.6514684368668864
17241,40027,0.27
17242,96696,0.6060437791111741
17243,58737,0.23
17244,58004,0.5668692303155257
17245,40596,0.21
17246,42611,0.29
17247,100726,0.21106571196018278
17248,97745,0.4089848484848485
17249,30288,0.31
17250,63741,0.27
17251,53791,0.21106571196018278
17252,73211,0.29542118743406626
17253,19189,0.25
17254,1560,0.26
17255,29036,0.28
17256,44216,0.33224337223043043
17257,70167,0.31
17258,80926,0.23
17259,23079,0.37
17260,82364,0.34
17261,50939,0.3
17262,26738,0.19
17263,53152,0.25
17264,31877,0.26
17265,106522,0.28
17266,108053,0.29
17267,19425,0.32
17268,49475,0.3
17269,4347,0.27
17270,78771,0.19
17271,64030,0.29
17272,13410,0.21
17273,38918,0.26
17274,25344,0.21952136456069715
17275,52928,0.21
17276,53323,0.21952136456069715
17277,103195,0.17
17278,111340,0.3713762139346507
17279,93858,0.26
17280,95643,0.26
17281,30715,0.15
17282,30651,0.6879944332192204
17283,100952,0.02
17284,23858,0.2611111183793985
17285,66657,0.23
17286,62560,0.26
17287,88438,0.31
17288,96556,0.26
17289,23316,0.25
17290,32582,0.7415137606796547
17291,108914,0.22
17292,111209,0.27
17293,9006,0.23
17294,4738,0.2714285714285714
17295,115919,0.31
17296,30322,0.25
17297,89741,0.8087014454974942
17298,13487,0.22
17299,45210,0.17
17300,98098,0.5658684711404199
17301,57771,0.7024997009086346
17302,43908,0.29
17303,28018,0.3
17304,46784,0.26
17305,5717,0.25
17306,86355,0.7024997009086346
17307,65499,0.29
17308,87848,0.22
17309,72021,0.25
17310,38810,0.3
17311,12436,0.7647093730601477
17312,86041,0.8484012324895833
17313,33602,0.22
17314,97709,0.22
17315,19154,0.844755567144862
17316,51680,0.29
17317,33243,0.3
17318,107301,0.29
17319,94458,0.6879944332192204
17320,18733,0.04
17321,83859,0.25
17322,51396,0.34
17323,113503,0.27
17324,25599,0.22
17325,106934,0.18
17326,43156,0.21
17327,54458,0.34
17328,32067,0.6879944332192204
17329,64601,0.26
17330,78810,0.6879944332192204
17331,26172,0.5455326939251731
17332,101947,0.12
17333,21766,0.2611111183793985
17334,74288,0.26
17335,114143,0.21
17336,99406,0.6514684368668864
17337,33963,0.28
17338,96868,0.25
17339,31756,0.26
17340,5611,0.24
17341,63341,0.26
17342,102502,0.27
17343,94264,0.29
17344,5398,0.06
17345,63521,0.19
17346,20297,0.30485270461020425
17347,66066,0.24
17348,26569,0.26
17349,15446,0.2
17350,78455,0.26
17351,100175,0.31
17352,80546,0.16
17353,18725,0.22
17354,105885,0.21
17355,48224,0.7024997009086346
17356,6143,0.17
17357,49291,0.33
17358,41303,0.09
17359,113251,0.33
17360,64216,0.29712558860906485
17361,62218,0.22
17362,58411,0.49626280269721645
17363,52791,0.21
17364,14143,0.26
17365,49122,0.23
17366,100441,0.28
17367,10606,0.29333333333333333
17368,91694,0.8087014454974942
17369,78769,0.35
17370,16286,0.7929835529609893
17371,98285,0.26
17372,87297,0.21
17373,5908,0.25
17374,4334,0.28
17375,106014,0.21
17376,24450,0.35
17377,47073,0.284
17378,77155,0.3
17379,91854,0.5658684711404199
17380,113146,0.31
17381,89217,0.6961258235367476
17382,47184,0.26
17383,43261,0.16
17384,48432,0.29542118743406626
17385,73573,0.2
17386,47662,0.16
17387,3593,0.24505659075224295
17388,66663,0.28
17389,25080,0.26
17390,96315,0.24
17391,104812,0.23
17392,81870,0.34
17393,6835,0.09
17394,18073,0.4444432786374646
17395,19658,0.27
17396,62164,0.21
17397,4127,0.28
17398,85663,0.25
17399,37666,0.3
17400,57743,0.33
17401,64236,0.19
17402,50386,0.16
17403,81321,0.28
17404,18440,0.3
17405,90007,0.25
17406,54158,0.26
17407,23817,0.19
17408,9675,0.21
17409,21156,0.3048363735289757
17410,61866,0.29
17411,46984,0.4911165246865001
17412,39439,0.2611111183793985
17413,97361,0.21
17414,11743,0.26
17415,103174,0.19
17416,98190,0.26
17417,26998,0.21
17418,90579,0.686711125185392
17419,91827,0.29
17420,81695,0.21
17421,2867,0.24505659075224295
17422,35250,0.6574333853925554
17423,11547,0.13
17424,33390,0.2
17425,68583,0.8087014454974942
17426,48488,0.29
17427,93040,0.21106571196018278
17428,35020,0.7024997009086346
17429,68184,0.22
17430,16004,0.24
17431,99571,0.1
17432,46273,0.29
17433,3116,0.23142857142857143
17434,20224,0.3
17435,38440,0.07
17436,28449,0.6879944332192204
17437,101292,0.07
17438,6680,0.26
17439,54443,0.21
17440,18168,0.26
17441,38004,0.31
17442,80660,0.21
17443,7303,0.27
17444,19932,0.32
17445,4279,0.22
17446,109917,0.08
17447,28225,0.18
17448,11046,0.22
17449,108454,0.3713762139346507
17450,96641,0.6060437791111741
17451,21076,0.3151205882352941
17452,14020,0.24
17453,72747,0.22
17454,84393,0.6574333853925554
17455,114383,0.7415137606796547
17456,109808,0.26
17457,106294,0.22
17458,51964,0.19
17459,95551,0.28
17460,36653,0.29
17461,73723,0.33
17462,102783,0.8457951945355597
17463,104856,0.27
17464,81204,0.29
17465,111061,0.37
17466,99125,0.6514684368668864
17467,63429,0.24
17468,2686,0.23
17469,91566,0.23
17470,11009,0.27
17471,90293,0.8331601874669974
17472,86070,0.43212606837606843
17473,59517,0.28
17474,9391,0.2714285714285714
17475,49564,0.6879944332192204
17476,74489,0.49626280269721645
17477,70361,0.09
17478,96707,0.21106571196018278
17479,82983,0.26
17480,60929,0.5098901818657562
17481,18866,0.27
17482,15130,0.3
17483,28477,0.4031051372347387
17484,104965,0.14
17485,73653,0.28
17486,5336,0.14
17487,85401,0.24
17488,100468,0.22
17489,46440,0.22
17490,103114,0.13
17491,92961,0.23
17492,63486,0.29
17493,102699,0.25
17494,84260,0.8087014454974942
17495,30611,0.25
17496,33337,0.3
17497,17584,0.5609906131776496
17498,73101,0.5455326939251731
17499,67256,0.4
17500,97777,0.29
17501,67188,0.44035186592851355
17502,38476,0.21
17503,90470,0.33
17504,103857,0.804737389751532
17505,106471,0.3
17506,6103,0.22
17507,56553,0.3054576171951389
17508,40795,0.12
17509,97673,0.21106571196018278
17510,56346,0.6970637908450266
17511,33220,0.31
17512,64958,0.26
17513,271,0.3329504657104964
17514,43175,0.08
17515,17828,0.36
17516,5807,0.34008333333333324
17517,76239,0.7024997009086346
17518,84728,0.21
17519,75700,0.8331601874669974
17520,59581,0.3
17521,28982,0.57602346105529
17522,50541,0.26
17523,59322,0.1
17524,88672,0.26
17525,91906,0.21
17526,99074,0.28
17527,99427,0.640589310994999
17528,9407,0.27
17529,58681,0.2
17530,14689,0.32
17531,38854,0.22
17532,20658,0.344865478662292
17533,109665,0.640589310994999
17534,54154,0.3782589900529063
17535,55792,0.3054576171951389
17536,113908,0.27
17537,67538,0.3
17538,1307,0.28
17539,102456,0.2752059837865456
17540,68815,0.778920261971505
17541,62526,0.26
17542,79157,0.21
17543,46828,0.22
17544,27490,0.22
17545,63892,0.19
17546,36204,0.17
17547,78113,0.14
17548,13372,0.52
17549,19153,0.3
17550,20777,0.12
17551,13474,0.26
17552,96596,0.26
17553,77531,0.19
17554,16221,0.25
17555,90488,0.2752059837865456
17556,86391,0.26
17557,13549,0.35
17558,39627,0.3733333333333333
17559,3427,0.19
17560,3591,0.27
17561,80274,0.7024997009086346
17562,35548,0.23
17563,49504,0.19
17564,22910,0.31
17565,113886,0.1
17566,27878,0.3
17567,113363,0.33483341043438736
17568,61239,0.7024997009086346
17569,62923,0.6961258235367476
17570,113315,0.21
17571,19227,0.4
17572,105821,0.3724012754292784
17573,64867,0.31
17574,61790,0.2
17575,81745,0.25
17576,64161,0.2
17577,65121,0.3
17578,70404,0.6060437791111741
17579,91311,0.29
17580,40737,0.19
17581,33165,0.09
17582,65501,0.22
17583,67273,0.44035186592851355
17584,24221,0.22
17585,34066,0.3
17586,18907,0.5011638543363016
17587,69492,0.25
17588,59030,0.26
17589,28926,0.19
17590,111049,0.205
17591,20629,0.14
17592,69920,0.24
17593,62050,0.7024997009086346
17594,100571,0.6149373873311048
17595,583,0.24
17596,4276,0.26
17597,31876,0.43091532760561035
17598,64331,0.3
17599,73163,0.27
17600,26730,0.26
17601,43512,0.27
17602,110177,0.17
17603,7851,0.26
17604,23355,0.27
17605,63749,0.19
17606,98433,0.36
17607,56782,0.26
17608,86915,0.2
17609,105185,0.21
17610,33933,0.23
17611,56333,0.33899285004789426
17612,3070,0.21
17613,27228,0.19
17614,60483,0.8087014454974942
17615,96320,0.30035621847553995
17616,57749,0.28
17617,101056,0.29285605710579565
17618,10625,0.25
17619,72111,0.2672180728297719
17620,107144,0.17
17621,37862,0.07
17622,1231,0.21
17623,8154,0.3
17624,13049,0.34
17625,49904,0.1
17626,28211,0.489939631047358
17627,53092,0.29
17628,102694,0.25
17629,107763,0.21
17630,82152,0.08
17631,113754,0.21
17632,66993,0.8457951945355597
17633,13615,0.7647093730601477
17634,24267,0.4911165246865001
17635,69148,0.19
17636,73510,0.24
17637,32374,0.34
17638,90936,0.33
17639,86852,0.27
17640,89249,0.28
17641,93828,0.3188940493630895
17642,87723,0.27
17643,102287,0.6063580061789815
17644,98430,0.6514684368668864
17645,112030,0.7491207553686823
17646,51575,0.6092044951764513
17647,89406,0.31
17648,88666,0.18
17649,72053,0.28
17650,112808,0.33
17651,106930,0.3713762139346507
17652,67104,0.19
17653,93711,0.686711125185392
17654,38845,0.24
17655,97821,0.16
17656,15537,0.23
17657,8224,0.2714285714285714
17658,98454,0.6514684368668864
17659,15071,0.7606405173421392
17660,36802,0.22
17661,49584,0.2
17662,105100,0.28
17663,102506,0.22
17664,40170,0.49626280269721645
17665,59249,0.28
17666,99409,0.5799705977303526
17667,76001,0.663121287281579
17668,71317,0.8087014454974942
17669,42944,0.2
17670,29677,0.6879944332192204
17671,73901,0.6063580061789815
17672,7402,0.09
17673,83693,0.3
17674,11623,0.31
17675,72450,0.7024997009086346
17676,56758,0.3595606657286202
17677,30327,0.31
17678,53097,0.19
17679,15291,0.19
17680,93402,0.2752059837865456
17681,58620,0.24
17682,69902,0.2672180728297719
17683,74549,0.19
17684,22277,0.28
17685,77229,0.21
17686,71967,0.29
17687,43228,0.2736505932627259
17688,14999,0.22
17689,36712,0.38
17690,107216,0.21
17691,5685,0.5023486477495499
17692,95196,0.21
17693,27496,0.32
17694,98123,0.3534753024753025
17695,58898,0.8087014454974942
17696,75127,0.22
17697,16911,0.3
17698,98028,0.18
17699,76164,0.663121287281579
17700,33377,0.3595606657286202
17701,114527,0.13
17702,34462,0.08
17703,76717,0.44035186592851355
17704,86950,0.2672180728297719
17705,86910,0.6060437791111741
17706,112549,0.804737389751532
17707,64809,0.25
17708,45772,0.27
17709,108996,0.04
17710,56169,0.2
17711,76041,0.28
17712,62861,0.19
17713,12265,0.25
17714,65029,0.22
17715,69409,0.8087014454974942
17716,106806,0.5799705977303526
17717,75197,0.17
17718,17220,0.25
17719,28686,0.26
17720,89205,0.2
17721,70805,0.8087014454974942
17722,73990,0.49626280269721645
17723,92931,0.29738694977561037
17724,115858,0.3
17725,23301,0.16
17726,32991,0.26
17727,5389,0.6988580207313696
17728,55807,0.29
17729,47562,0.25293732567047406
17730,102731,0.22
17731,95694,0.22
17732,21853,0.3
17733,54243,0.5280102424812745
17734,113803,0.29
17735,42666,0.26
17736,60887,0.33899285004789426
17737,52578,0.2672180728297719
17738,36250,0.2
17739,33087,0.17
17740,97368,0.3
17741,17931,0.25
17742,88072,0.33
17743,41325,0.49626280269721645
17744,45620,0.778920261971505
17745,15159,0.3
17746,679,0.28
17747,42609,0.28
17748,103374,0.29285605710579565
17749,70068,0.8331601874669974
17750,56507,0.33
17751,74888,0.25293732567047406
17752,766,0.3
17753,30748,0.31
17754,100613,0.8074620881663229
17755,77945,0.3
17756,31522,0.27
17757,72906,0.29542118743406626
17758,28089,0.3
17759,57282,0.23
17760,95864,0.27
17761,19638,0.39
17762,2442,0.28
17763,34684,0.27
17764,75481,0.3
17765,46739,0.22
17766,98794,0.9477251457732712
17767,62414,0.26
17768,33975,0.33224337223043043
17769,54485,0.14
17770,88678,0.42
17771,70784,0.44035186592851355
17772,63104,0.24
17773,77301,0.13
17774,113914,0.2
17775,62093,0.2672180728297719
17776,97715,0.22
17777,84872,0.21
17778,106080,0.23
17779,23689,0.15
17780,60878,0.888471962188229
17781,74712,0.25
17782,91016,0.44035186592851355
17783,57567,0.29
17784,11115,0.21
17785,54270,0.07
17786,98269,0.33
17787,89523,0.6970637908450266
17788,99459,0.32
17789,112602,0.27
17790,90885,0.28
17791,37299,0.5098901818657562
17792,86930,0.2672180728297719
17793,62000,0.8087014454974942
17794,107843,0.27
17795,110823,0.6514684368668864
17796,25821,0.32
17797,34184,0.19
17798,63802,0.28
17799,82967,0.6961258235367476
17800,3247,0.3
17801,107869,0.21
17802,44482,0.11
17803,49819,0.22
17804,25043,0.08
17805,99798,0.19
17806,40305,0.29
17807,2883,0.27
17808,85764,0.28
17809,96270,0.21
17810,24971,0.2611111183793985
17811,67243,0.18
17812,93646,0.34
17813,102062,0.28
17814,101156,0.3
17815,67861,0.57602346105529
17816,51471,0.6063580061789815
17817,9096,0.28
17818,55028,0.33224337223043043
17819,70094,0.26
17820,30098,0.33
17821,73368,0.42
17822,35155,0.21
17823,99591,0.21
17824,35027,0.28
17825,8461,0.14
17826,65164,0.25882352941176473
17827,27876,0.26
17828,9981,0.5023486477495499
17829,6682,0.21
17830,111000,0.25
17831,73817,0.7024997009086346
17832,109815,0.1
17833,11055,0.29333333333333333
17834,46695,0.26
17835,75746,0.7024997009086346
17836,18813,0.09
17837,55616,0.26
17838,19700,0.3311638543363016
17839,20930,0.26
17840,55404,0.21
17841,70355,0.9106379870737048
17842,51822,0.28
17843,58947,0.57602346105529
17844,45671,0.26
17845,15676,0.25
17846,28203,0.27
17847,31617,0.27
17848,59753,0.28
17849,28608,0.37
17850,93936,0.25
17851,101224,0.22
17852,35657,0.29
17853,77998,0.57602346105529
17854,88635,0.16
17855,45401,0.33
17856,43050,0.3
17857,39065,0.26
17858,12056,0.4830053831157081
17859,41771,0.28
17860,12,0.22
17861,27815,0.25293732567047406
17862,64457,0.08
17863,16115,0.22
17864,87425,0.21
17865,81286,0.2672180728297719
17866,8697,0.14
17867,83871,0.29
17868,70274,0.7024997009086346
17869,56445,0.28
17870,109057,0.25
17871,61683,0.21106571196018278
17872,18893,0.24
17873,68842,0.6060437791111741
17874,8834,0.26
17875,19152,0.12
17876,91302,0.7491207553686823
17877,77569,0.18
17878,85705,0.26
17879,99420,0.7491207553686823
17880,102684,0.6063580061789815
17881,90391,0.6060437791111741
17882,71781,0.8087014454974942
17883,43281,0.36
17884,24711,0.29
17885,75180,0.3
17886,11196,0.26
17887,99047,0.21584599045548056
17888,83571,0.28
17889,70091,0.29
17890,95208,0.28
17891,50806,0.21
17892,35078,0.5098901818657562
17893,56028,0.6879944332192204
17894,105108,0.29
17895,5379,0.25
17896,83023,0.5658684711404199
17897,97995,0.3
17898,99497,0.22
17899,108733,0.26
17900,51907,0.28
17901,5930,0.26
17902,6832,0.12
17903,58409,0.5952890834207484
17904,6434,0.23
17905,34562,0.25
17906,110278,0.5658684711404199
17907,11003,0.25
17908,1735,0.23
17909,58116,0.16
17910,30995,0.3
17911,19095,0.26
17912,37887,0.3
17913,12650,0.25
17914,63020,0.3276190476190476
17915,26278,0.2611111183793985
17916,107286,0.5105917597187313
17917,60600,0.19
17918,36205,0.19
17919,48009,0.21
17920,105601,0.6514684368668864
17921,60896,0.21
17922,24353,0.22
17923,33878,0.27
17924,12708,0.26
17925,20057,0.44547356828193835
17926,38467,0.22
17927,8534,0.26
17928,77548,0.19
17929,73570,0.29
17930,19362,0.16
17931,49551,0.7024997009086346
17932,53948,0.18
17933,56978,0.22
17934,47057,0.26
17935,47974,0.29
17936,9301,0.24
17937,100045,0.19
17938,16982,0.4368283027026809
17939,36037,0.22
17940,17809,0.34
17941,27005,0.6574333853925554
17942,111687,0.6514684368668864
17943,49776,0.22
17944,15801,0.25
17945,77045,0.32
17946,11752,0.2459294117647059
17947,3743,0.28
17948,58468,0.31
17949,50967,0.3
17950,15300,0.26
17951,14000,0.3
17952,83498,0.31
17953,115155,0.30943861705025505
17954,99981,0.3
17955,5616,0.26
17956,14756,0.14
17957,37680,0.21
17958,19268,0.362833805083805
17959,26384,0.32
17960,93076,0.3713762139346507
17961,79967,0.21
17962,90211,0.686711125185392
17963,91642,0.21584599045548056
17964,103287,0.06
17965,34439,0.2
17966,110375,0.2
17967,106033,0.21
17968,100790,0.3763124205678637
17969,113997,0.36
17970,39752,0.26
17971,39720,0.26
17972,214,0.28
17973,55373,0.29
17974,100524,0.686711125185392
17975,8337,0.21
17976,40529,0.305
17977,43431,0.27
17978,96663,0.33
17979,24591,0.09
17980,11941,0.28
17981,57887,0.4911165246865001
17982,44679,0.29
17983,10778,0.21
17984,77370,0.32
17985,36145,0.7024997009086346
17986,47046,0.22
17987,91995,0.34
17988,12792,0.24
17989,3046,0.27
17990,47926,0.489939631047358
17991,55259,0.57602346105529
17992,11226,0.28
17993,41596,0.2
17994,12166,0.28
17995,64788,0.26
17996,83060,0.19
17997,59284,0.29
17998,7289,0.15
17999,49611,0.778920261971505
18000,20566,0.6101676512722123
18001,57049,0.6574333853925554
18002,81217,0.31
18003,33504,0.7415137606796547
18004,20616,0.24
18005,76057,0.27
18006,62122,0.7774899907292298
18007,54190,0.18
18008,46331,0.14
18009,81717,0.31
18010,8844,0.21
18011,92847,0.32
18012,85801,0.29542118743406626
18013,21416,0.22
18014,26040,0.25
18015,92530,0.3
18016,57938,0.4
18017,99298,0.19
18018,65488,0.18
18019,93360,0.8331601874669974
18020,43100,0.15
18021,47067,0.3
18022,1003,0.09
18023,32623,0.11
18024,29789,0.31570863451286013
18025,111645,0.6970637908450266
18026,34044,0.4016666666666667
18027,89630,0.6961258235367476
18028,99019,0.27
18029,19799,0.12
18030,101605,0.9073162876490548
18031,105053,0.1
18032,65247,0.26
18033,78010,0.21
18034,52336,0.26
18035,46090,0.2611111183793985
18036,19530,0.27
18037,60319,0.31
18038,25951,0.2611111183793985
18039,81742,0.29
18040,67095,0.21584599045548056
18041,105569,0.3
18042,48593,0.3
18043,57797,0.25293732567047406
18044,94448,0.9106379870737048
18045,40179,0.26
18046,46351,0.2611111183793985
18047,31573,0.22
18048,5578,0.24
18049,86462,0.28
18050,82880,0.22
18051,63503,0.24
18052,6204,0.27
18053,30502,0.15
18054,34873,0.23
18055,24878,0.26
18056,91959,0.21
18057,96843,0.28
18058,54312,0.2
18059,55512,0.1
18060,30086,0.6879944332192204
18061,101009,0.43249015313620975
18062,44508,0.4911165246865001
18063,106518,0.3196825396825397
18064,19509,0.22
18065,91676,0.27
18066,97713,0.17
18067,88042,0.28
18068,105360,0.35
18069,75522,0.25
18070,47741,0.489939631047358
18071,114474,0.22
18072,1466,0.22
18073,78299,0.8331601874669974
18074,58532,0.3
18075,6503,0.14
18076,43502,0.29
18077,44340,0.4031051372347387
18078,114125,0.12
18079,4727,0.39
18080,17530,0.21
18081,57465,0.28
18082,27169,0.31
18083,23327,0.29
18084,86861,0.22
18085,48034,0.6879944332192204
18086,1530,0.17
18087,99301,0.21
18088,84799,0.2814568078776256
18089,108282,0.21
18090,105460,0.21
18091,39580,0.24
18092,21806,0.33
18093,52039,0.22
18094,59942,0.21
18095,14850,0.4
18096,66078,0.06
18097,48654,0.28
18098,12955,0.25
18099,13407,0.3
18100,114375,0.2923230518274556
18101,55899,0.8331601874669974
18102,42599,0.35
18103,13138,0.28
18104,73932,0.2672180728297719
18105,60892,0.8087014454974942
18106,42950,0.2736505932627259
18107,59229,0.5020588542209693
18108,101260,0.25
18109,54331,0.3
18110,43460,0.26
18111,85122,0.5020588542209693
18112,64883,0.25
18113,78564,0.31
18114,62889,0.19
18115,112630,0.2
18116,79974,0.1
18117,6232,0.25
18118,103380,0.32
18119,97206,0.2672180728297719
18120,40554,0.24
18121,67711,0.37
18122,102360,0.21106571196018278
18123,16432,0.22
18124,78686,0.6879944332192204
18125,84328,0.29
18126,34399,0.25
18127,79561,0.21
18128,29995,0.28
18129,78870,0.29
18130,41069,0.32605225178845515
18131,23454,0.22
18132,57761,0.24
18133,96718,0.29
18134,28314,0.2736505932627259
18135,61253,0.8457951945355597
18136,11627,0.13
18137,76083,0.27
18138,56328,0.19
18139,91647,0.29542118743406626
18140,7740,0.14
18141,81088,0.28
18142,99982,0.13
18143,66814,0.32
18144,41328,0.28
18145,78819,0.9437447063281852
18146,67441,0.23
18147,94978,0.640589310994999
18148,71702,0.27
18149,68363,0.18
18150,107767,0.21106571196018278
18151,74821,0.22
18152,55472,0.3
18153,67561,0.27
18154,18219,0.06
18155,87251,0.6060437791111741
18156,15889,0.25
18157,108209,0.804737389751532
18158,3432,0.24796069590298245
18159,48455,0.29
18160,30492,0.7415137606796547
18161,54521,0.34902407314907324
18162,46890,0.26
18163,32389,0.6879944332192204
18164,114787,0.36
18165,83067,0.44035186592851355
18166,82378,0.25293732567047406
18167,107507,0.21
18168,97264,0.9073162876490548
18169,33526,0.19
18170,41392,0.3
18171,44318,0.31
18172,48522,0.28
18173,20169,0.34
18174,80401,0.5658684711404199
18175,86718,0.5455326939251731
18176,33981,0.27
18177,52189,0.29
18178,9876,0.14
18179,8308,0.13
18180,53398,0.24
18181,15813,0.11
18182,24617,0.844755567144862
18183,101782,0.25
18184,33207,0.3
18185,102489,0.26
18186,60599,0.9477251457732712
18187,43287,0.08
18188,82584,0.27
18189,91752,0.30485270461020425
18190,69660,0.33
18191,36127,0.12
18192,38268,0.22
18193,37405,0.3
18194,71121,0.29911736974729275
18195,93246,0.29
18196,16051,0.22
18197,25693,0.27
18198,97877,0.29
18199,73677,0.29
18200,14664,0.36
18201,102758,0.27
18202,22840,0.39
18203,109898,0.33
18204,55029,0.28
18205,115839,0.27
18206,106703,0.23
18207,84170,0.21
18208,93487,0.37022727272727274
18209,75459,0.21
18210,81534,0.49626280269721645
18211,75592,0.25
18212,4156,0.25
18213,72834,0.2672180728297719
18214,66773,0.3595606657286202
18215,67046,0.28830446142884764
18216,68550,0.27
18217,27373,0.26
18218,1412,0.25
18219,30753,0.22
18220,84323,0.28
18221,69241,0.21
18222,100489,0.21
18223,6848,0.24
18224,99854,0.6060437791111741
18225,66398,0.28
18226,27603,0.5345824677740459
18227,48614,0.57602346105529
18228,46097,0.14
18229,44656,0.30333333333333334
18230,99117,0.28
18231,99521,0.3633333333333333
18232,23420,0.34
18233,14932,0.22
18234,44443,0.11
18235,78892,0.31
18236,80382,0.26
18237,54600,0.778920261971505
18238,27776,0.15
18239,88644,0.28
18240,112599,0.37
18241,87841,0.8331601874669974
18242,50747,0.29
18243,67527,0.22
18244,33904,0.33224337223043043
18245,44690,0.26
18246,66765,0.27
18247,40206,0.16
18248,22350,0.23
18249,76258,0.19
18250,36442,0.22
18251,6063,0.25
18252,107053,0.6514684368668864
18253,29636,0.22
18254,30789,0.22
18255,101755,0.22
18256,764,0.23
18257,17488,0.22
18258,51549,0.23
18259,3870,0.3916956136229623
18260,68205,0.28
18261,4200,0.08
18262,61387,0.6606477235506313
18263,7006,0.25
18264,27388,0.7517547952262292
18265,44636,0.3
18266,68860,0.17
18267,54068,0.21
18268,12758,0.2
18269,33159,0.5455326939251731
18270,16847,0.29
18271,3343,0.5023486477495499
18272,37077,0.27
18273,841,0.28
18274,89092,0.26
18275,100781,0.8074620881663229
18276,95778,0.213125892987996
18277,87261,0.29
18278,52653,0.3
18279,103780,0.23
18280,13119,0.18
18281,83475,0.44035186592851355
18282,55456,0.22
18283,36002,0.57602346105529
18284,60315,0.8457951945355597
18285,10692,0.21
18286,79564,0.21
18287,46720,0.26
18288,45024,0.27
18289,35094,0.33224337223043043
18290,33382,0.22
18291,29210,0.6574333853925554
18292,43977,0.37
18293,71383,0.5658684711404199
18294,102101,0.29
18295,38415,0.8016548798422711
18296,37712,0.6879944332192204
18297,98745,0.24
18298,20400,0.29
18299,4188,0.23
18300,80357,0.7491207553686823
18301,104345,0.23
18302,5737,0.08
18303,110616,0.27
18304,54475,0.31
18305,17874,0.29
18306,104128,0.8074620881663229
18307,22401,0.08
18308,74983,0.27
18309,47032,0.27
18310,28549,0.8094490423084325
18311,21547,0.22
18312,43435,0.49775771369818395
18313,57881,0.25333333333333335
18314,7473,0.23
18315,80219,0.04
18316,72324,0.21
18317,94261,0.09
18318,84857,0.24
18319,16685,0.3785
18320,16814,0.25
18321,35597,0.28
18322,5757,0.25
18323,63181,0.15
18324,74396,0.213125892987996
18325,49456,0.33
18326,57822,0.778920261971505
18327,35846,0.31
18328,90899,0.2
18329,71223,0.5658684711404199
18330,102559,0.8331601874669974
18331,34635,0.7024997009086346
18332,69448,0.29
18333,13892,0.16
18334,23520,0.18
18335,84098,0.3782589900529063
18336,84534,0.27
18337,78414,0.08
18338,104344,0.6961258235367476
18339,71157,0.2672180728297719
18340,104610,0.8074620881663229
18341,2276,0.28
18342,62075,0.47156611085503913
18343,112353,0.28
18344,74876,0.26
18345,64576,0.22
18346,108744,0.21106571196018278
18347,99045,0.19
18348,58543,0.33224337223043043
18349,69004,0.5455326939251731
18350,9920,0.21
18351,52047,0.16
18352,96519,0.22
18353,97184,0.9073162876490548
18354,12790,0.14
18355,79643,0.25
18356,103610,0.3
18357,40397,0.250625
18358,4394,0.07
18359,794,0.29
18360,4140,0.1
18361,24653,0.2611111183793985
18362,76426,0.2
18363,6069,0.21
18364,83615,0.3
18365,39188,0.3062866491761945
18366,24303,0.36
18367,17052,0.5283809523809524
18368,89926,0.33
18369,44569,0.34
18370,89110,0.27
18371,48595,0.7405317013283446
18372,87180,0.29712558860906485
18373,56389,0.17
18374,37640,0.29
18375,12968,0.6987114098478523
18376,98879,0.21
18377,10594,0.2833333333333333
18378,4472,0.29
18379,106216,0.5799705977303526
18380,87959,0.8025734585058774
18381,16435,0.19
18382,89308,0.3
18383,28767,0.31
18384,26765,0.22
18385,79482,0.663121287281579
18386,24846,0.28
18387,105255,0.4251838111498381
18388,70085,0.3933333333333333
18389,106888,0.844755567144862
18390,81827,0.29542118743406626
18391,59834,0.3
18392,60634,0.6879944332192204
18393,114512,0.22
18394,30571,0.27
18395,94241,0.07
18396,41563,0.24
18397,109695,0.6514684368668864
18398,109608,0.24
18399,67180,0.26
18400,99783,0.29
18401,77163,0.28
18402,114360,0.3
18403,28150,0.28
18404,20663,0.22
18405,72126,0.29285605710579565
18406,113464,0.6574333853925554
18407,81070,0.21
18408,112126,0.315
18409,48700,0.26
18410,107322,0.16
18411,72473,0.2672180728297719
18412,72179,0.29
18413,41600,0.22
18414,7367,0.25
18415,95065,0.29
18416,9610,0.24
18417,3740,0.29
18418,72593,0.44035186592851355
18419,32602,0.19
18420,36203,0.49626280269721645
18421,34402,0.32
18422,16096,0.24
18423,45823,0.49775771369818395
18424,36131,0.21
18425,26877,0.22
18426,51988,0.7024997009086346
18427,12221,0.23
18428,80029,0.2923230518274556
18429,13394,0.23
18430,82808,0.49626280269721645
18431,94358,0.686711125185392
18432,77198,0.29738694977561037
18433,26013,0.23
18434,53046,0.26
18435,100711,0.3
18436,63842,0.22
18437,108659,0.14
18438,105377,0.25
18439,92971,0.44035186592851355
18440,52510,0.2672180728297719
18441,64985,0.28
18442,60576,0.3
18443,32013,0.5337472564381157
18444,103189,0.3
18445,8289,0.29
18446,223,0.21
18447,28969,0.28
18448,29465,0.23
18449,20095,0.6063580061789815
18450,104711,0.8074620881663229
18451,36973,0.29
18452,99998,0.17
18453,32232,0.3
18454,105421,0.35
18455,55788,0.34
18456,104858,0.26
18457,91231,0.29
18458,26446,0.22
18459,106246,0.3
18460,21786,0.3511638543363016
18461,60519,0.21
18462,22667,0.22
18463,37620,0.22
18464,13752,0.25
18465,34145,0.22
18466,82340,0.28
18467,85077,0.44035186592851355
18468,21109,0.5684735682819383
18469,67364,0.21
18470,102449,0.3595606657286202
18471,43488,0.27
18472,34352,0.6063580061789815
18473,32624,0.25
18474,53678,0.778920261971505
18475,106249,0.24
18476,28701,0.31570863451286013
18477,90825,0.31
18478,11169,0.25
18479,93543,0.21
18480,34953,0.3
18481,110906,0.14
18482,19060,0.6063580061789815
18483,50570,0.8044329605846217
18484,1755,0.22
18485,70531,0.44035186592851355
18486,47314,0.29
18487,103673,0.24
18488,107844,0.804737389751532
18489,83670,0.5105917597187313
18490,96799,0.28
18491,113563,0.28
18492,28055,0.3
18493,14192,0.7756446436943324
18494,65330,0.28
18495,104602,0.21
18496,26330,0.22
18497,73425,0.8331601874669974
18498,40426,0.154
18499,67943,0.8087014454974942
18500,36616,0.15
18501,30489,0.5098901818657562
18502,65941,0.15
18503,104469,0.22
18504,43560,0.24
18505,26560,0.2
18506,104674,0.33
18507,36782,0.09
18508,101946,0.21
18509,94556,0.6063580061789815
18510,111497,0.24
18511,15112,0.24
18512,24678,0.22
18513,23618,0.22
18514,102473,0.16
18515,8948,0.25
18516,114499,0.27
18517,49651,0.22
18518,59139,0.21
18519,61934,0.26
18520,42924,0.26
18521,107313,0.640589310994999
18522,25406,0.57602346105529
18523,30569,0.57602346105529
18524,47284,0.26
18525,50344,0.22
18526,77193,0.16
18527,107719,0.26
18528,4642,0.25
18529,1969,0.2714285714285714
18530,22678,0.32
18531,39769,0.3
18532,107676,0.2
18533,6947,0.25
18534,78539,0.29
18535,37146,0.2611111183793985
18536,109989,0.26
18537,74049,0.21
18538,64876,0.2
18539,23569,0.29
18540,98535,0.9073162876490548
18541,59741,0.33224337223043043
18542,66085,0.14
18543,82252,0.3142893084856641
18544,52166,0.34
18545,19628,0.7024997009086346
18546,70565,0.12
18547,78541,0.16
18548,21113,0.7024997009086346
18549,17331,0.09
18550,61911,0.22
18551,114714,0.28
18552,50232,0.18
18553,104670,0.33899285004789426
18554,111073,0.27
18555,43900,0.22
18556,55067,0.33
18557,7172,0.25
18558,43497,0.24
18559,17216,0.25
18560,29021,0.31
18561,7895,0.27
18562,83784,0.3
18563,42895,0.03
18564,8309,0.2502171729681814
18565,7723,0.26
18566,20394,0.778920261971505
18567,50954,0.35535714285714287
18568,81892,0.37
18569,20596,0.36
18570,76806,0.52
18571,60858,0.2672180728297719
18572,77715,0.28
18573,71227,0.2672180728297719
18574,35342,0.3
18575,11441,0.21
18576,26497,0.36
18577,79936,0.21
18578,56091,0.24
18579,92694,0.8087014454974942
18580,84695,0.28
18581,2649,0.21
18582,113419,0.07
18583,63393,0.29
18584,50585,0.5170727146631315
18585,44182,0.34
18586,72454,0.29911736974729275
18587,79439,0.21
18588,52130,0.29
18589,64237,0.35
18590,56211,0.47156611085503913
18591,73537,0.09
18592,100898,0.28
18593,56300,0.3535364357864358
18594,2105,0.29
18595,106955,0.12
18596,55190,0.19
18597,77058,0.09
18598,110543,0.3
18599,75650,0.22
18600,15342,0.37
18601,22387,0.2611111183793985
18602,59606,0.28
18603,108278,0.29189584892557885
18604,38307,0.5952890834207484
18605,86630,0.21
18606,74031,0.7311904761904762
18607,99212,0.11
18608,38421,0.778920261971505
18609,59694,0.23
18610,13800,0.6558400683910702
18611,22908,0.16
18612,108880,0.29
18613,78907,0.26
18614,114746,0.29189584892557885
18615,99437,0.11
18616,22139,0.3511638543363016
18617,94756,0.8087014454974942
18618,92882,0.8331601874669974
18619,61528,0.21106571196018278
18620,78882,0.22
18621,1124,0.12
18622,16201,0.23
18623,59640,0.28
18624,92338,0.3
18625,39751,0.2611111183793985
18626,4421,0.28
18627,93573,0.11
18628,54616,0.23
18629,7818,0.5023486477495499
18630,2628,0.26
18631,2076,0.32
18632,82679,0.5658684711404199
18633,1599,0.26
18634,91448,0.25
18635,59303,0.25293732567047406
18636,4626,0.25
18637,87068,0.22
18638,45336,0.3434759716750337
18639,37715,0.13
18640,35847,0.6879944332192204
18641,13475,0.22
18642,81174,0.3
18643,692,0.4916575091575093
18644,55862,0.24
18645,70872,0.34
18646,7020,0.23
18647,97991,0.8025734585058774
18648,44820,0.22
18649,10440,0.24
18650,83855,0.32
18651,64068,0.28
18652,31580,0.22
18653,56726,0.37079999999999996
18654,17595,0.3678333333333333
18655,51300,0.28
18656,11951,0.22
18657,51783,0.8044329605846217
18658,59604,0.28
18659,31999,0.26
18660,68353,0.3
18661,73201,0.19
18662,6487,0.21
18663,56831,0.21
18664,50838,0.33
18665,113445,0.24
18666,86242,0.21
18667,71167,0.6060437791111741
18668,67265,0.4
18669,69885,0.7024997009086346
18670,7496,0.26
18671,15945,0.29
18672,78401,0.22
18673,60466,0.3048363735289757
18674,102527,0.44035186592851355
18675,85760,0.45
18676,14444,0.5590650541895373
18677,83810,0.14
18678,72426,0.21
18679,86934,0.8484012324895833
18680,101929,0.3
18681,115418,0.21
18682,103462,0.4144895382395382
18683,88877,0.9039408732770348
18684,114689,0.21
18685,25087,0.26
18686,13348,0.4748841409654498
18687,75384,0.21
18688,57917,0.3054576171951389
18689,114646,0.21
18690,91756,0.34
18691,112693,0.16
18692,101215,0.18
18693,78344,0.27
18694,80693,0.26
18695,85499,0.21
18696,84576,0.21106571196018278
18697,114555,0.8331601874669974
18698,23639,0.23
18699,1312,0.24
18700,57257,0.3
18701,4894,0.15
18702,39703,0.22
18703,27633,0.3
18704,2176,0.26
18705,78855,0.14
18706,111680,0.25
18707,60707,0.34
18708,21463,0.22
18709,50162,0.3
18710,61872,0.27
18711,84702,0.21106571196018278
18712,94050,0.33
18713,5013,0.23
18714,71466,0.7024997009086346
18715,108030,0.8074620881663229
18716,86069,0.44035186592851355
18717,24920,0.43091532760561035
18718,81635,0.28
18719,46525,0.2611111183793985
18720,94239,0.2672180728297719
18721,88963,0.3
18722,59356,0.8457951945355597
18723,56222,0.36
18724,58728,0.15
18725,658,0.17
18726,64756,0.28
18727,82362,0.3595606657286202
18728,6329,0.22
18729,102601,0.26
18730,103848,0.23
18731,67780,0.26
18732,85174,0.21
18733,69459,0.3
18734,99992,0.29
18735,22945,0.43
18736,35460,0.22
18737,96514,0.4381624041105804
18738,62686,0.8457951945355597
18739,89445,0.22
18740,89179,0.3
18741,34560,0.14
18742,9555,0.2502171729681814
18743,67698,0.28830446142884764
18744,48270,0.09
18745,70415,0.44035186592851355
18746,45996,0.16
18747,707,0.33515181012485556
18748,29516,0.25293732567047406
18749,92224,0.12
18750,106897,0.21
18751,85708,0.7024997009086346
18752,97905,0.24
18753,15309,0.22
18754,88787,0.29
18755,9807,0.27
18756,8423,0.23142857142857143
18757,735,0.26
18758,89521,0.8087014454974942
18759,67195,0.26
18760,45967,0.22
18761,11412,0.22
18762,100997,0.3317956181395856
18763,19023,0.17
18764,15663,0.26
18765,3004,0.25
18766,102392,0.11
18767,44544,0.35
18768,6429,0.25
18769,72299,0.3
18770,31446,0.23
18771,21997,0.21
18772,7460,0.25
18773,50495,0.6879944332192204
18774,98582,0.43249015313620975
18775,53187,0.7024997009086346
18776,75584,0.663121287281579
18777,10590,0.25
18778,75606,0.778920261971505
18779,115168,0.21
18780,66947,0.778920261971505
18781,49884,0.28
18782,3171,0.2
18783,18833,0.23
18784,51457,0.28
18785,9767,0.23
18786,43015,0.18
18787,104086,0.3
18788,58372,0.6574333853925554
18789,107950,0.26
18790,29246,0.31
18791,113807,0.21
18792,51952,0.7537738095238095
18793,20845,0.33
18794,104229,0.9073162876490548
18795,86618,0.33333333333333326
18796,24259,0.4911165246865001
18797,98204,0.26
18798,41835,0.19
18799,60924,0.28
18800,111900,0.31
18801,80790,0.21
18802,14018,0.3040193712768709
18803,97964,0.17
18804,25418,0.2736505932627259
18805,50133,0.26
18806,41864,0.7929835529609893
18807,23487,0.2611111183793985
18808,45693,0.38
18809,65603,0.29
18810,53217,0.22
18811,72997,0.5952890834207484
18812,53612,0.5455326939251731
18813,113991,0.8457951945355597
18814,63292,0.18
18815,51803,0.3833333333333333
18816,79290,0.28
18817,59327,0.05
18818,22400,0.27
18819,7189,0.24
18820,99476,0.18
18821,105364,0.8484012324895833
18822,74223,0.3
18823,50990,0.3054576171951389
18824,28606,0.21
18825,111498,0.26
18826,39916,0.32
18827,42697,0.07
18828,79452,0.34
18829,114839,0.23
18830,30725,0.6879944332192204
18831,95610,0.3595606657286202
18832,22246,0.24
18833,93907,0.23
18834,58870,0.31
18835,93841,0.07
18836,100249,0.23
18837,59026,0.3811111111111111
18838,42216,0.24
18839,14003,0.3
18840,99076,0.31
18841,2116,0.26
18842,93111,0.22
18843,42318,0.18
18844,38500,0.18
18845,21551,0.22
18846,38259,0.57602346105529
18847,92116,0.21
18848,86382,0.21
18849,107140,0.26
18850,98551,0.22
18851,31296,0.6646033527294247
18852,94929,0.640589310994999
18853,115594,0.18
18854,13301,0.22
18855,45468,0.23
18856,14521,0.17
18857,54149,0.29738694977561037
18858,72837,0.23
18859,83063,0.24
18860,1813,0.22
18861,81784,0.3
18862,37314,0.31
18863,21721,0.3511638543363016
18864,88662,0.28
18865,17912,0.6371495846544332
18866,45162,0.29
18867,85324,0.28
18868,99346,0.31
18869,88504,0.29542118743406626
18870,60212,0.8087014454974942
18871,91303,0.15
18872,112342,0.6574333853925554
18873,89466,0.3
18874,93431,0.21106571196018278
18875,1192,0.26
18876,10391,0.25
18877,70583,0.29285605710579565
18878,25524,0.2
18879,66219,0.33
18880,45595,0.29
18881,101467,0.6514684368668864
18882,77938,0.3595606657286202
18883,45138,0.6840494211014375
18884,191,0.27
18885,68453,0.29542118743406626
18886,47476,0.2611111183793985
18887,75430,0.21
18888,104129,0.31
18889,104685,0.6514684368668864
18890,48972,0.21
18891,441,0.25
18892,107837,0.26
18893,25783,0.27
18894,788,0.23
18895,57136,0.3
18896,12399,0.3
18897,25842,0.25
18898,109583,0.27
18899,33860,0.3
18900,58399,0.22
18901,90064,0.6961258235367476
18902,2322,0.25
18903,113764,0.22
18904,94278,0.31
18905,68880,0.5658684711404199
18906,94058,0.31
18907,18632,0.3
18908,30897,0.14
18909,23640,0.25
18910,17861,0.9500061902543829
18911,85414,0.778920261971505
18912,34957,0.6879944332192204
18913,20430,0.21
18914,38888,0.26
18915,68444,0.16
18916,65687,0.32
18917,113882,0.16
18918,87376,0.4911165246865001
18919,83231,0.3
18920,64878,0.22
18921,45962,0.57602346105529
18922,73750,0.27
18923,48399,0.28
18924,31495,0.22
18925,100270,0.28
18926,104250,0.28
18927,110364,0.6060437791111741
18928,42061,0.27
18929,44824,0.18
18930,70340,0.44035186592851355
18931,22021,0.29
18932,10176,0.22
18933,86874,0.25076923076923074
18934,50878,0.26
18935,114430,0.5098901818657562
18936,77818,0.4911165246865001
18937,25518,0.489939631047358
18938,9441,0.2714285714285714
18939,52146,0.31
18940,5442,0.21
18941,16713,0.25374237641917524
18942,43927,0.2736505932627259
18943,58363,0.25
18944,107965,0.640589310994999
18945,48936,0.22
18946,47794,0.33224337223043043
18947,76502,0.663121287281579
18948,47455,0.29
18949,75015,0.29
18950,85261,0.08
18951,67668,0.23
18952,53222,0.26
18953,98845,0.4089848484848485
18954,52710,0.23
18955,71478,0.8331601874669974
18956,21949,0.3434759716750337
18957,12472,0.1
18958,9084,0.23
18959,48183,0.6606477235506313
18960,91271,0.23760818498476272
18961,108243,0.2
18962,32460,0.05
18963,42451,0.21
18964,43906,0.26
18965,51931,0.27
18966,98153,0.3595606657286202
18967,11029,0.13
18968,75847,0.3435
18969,93460,0.17
18970,45800,0.23
18971,94558,0.3
18972,76926,0.6060437791111741
18973,61209,0.23
18974,1340,0.4857224179653792
18975,108617,0.28
18976,8408,0.3618664046504301
18977,115544,0.26
18978,90387,0.6961258235367476
18979,89287,0.21
18980,91797,0.26
18981,22077,0.22
18982,102971,0.21
18983,63046,0.5658684711404199
18984,13074,0.27
18985,75839,0.24
18986,33264,0.6879944332192204
18987,732,0.3
18988,57362,0.4
18989,43578,0.19
18990,20495,0.22
18991,115259,0.24
18992,109151,0.22
18993,28361,0.2736505932627259
18994,48688,0.28
18995,69760,0.31
18996,25445,0.25293732567047406
18997,74994,0.31
18998,76892,0.3
18999,5812,0.28
19000,104243,0.6060437791111741
19001,36309,0.29
19002,38234,0.23
19003,26780,0.22
19004,6296,0.29569984820821593
19005,110184,0.21
19006,52008,0.25125
19007,37938,0.23
19008,42026,0.2611111183793985
19009,25097,0.3434759716750337
19010,35153,0.57602346105529
19011,46104,0.28
19012,63532,0.2
19013,62831,0.26
19014,49690,0.5455326939251731
19015,27161,0.26
19016,91387,0.23
19017,50354,0.6879944332192204
19018,17597,0.4991156399416326
19019,66250,0.29
19020,32496,0.28
19021,92143,0.2
19022,44733,0.26
19023,21185,0.33547356828193836
19024,1286,0.26
19025,39151,0.22
19026,49282,0.27
19027,89943,0.22
19028,47276,0.2611111183793985
19029,47493,0.32
19030,54400,0.8094490423084325
19031,85298,0.33
19032,113723,0.6574333853925554
19033,39689,0.22
19034,2783,0.27
19035,11097,0.3
19036,3131,0.3
19037,60524,0.21
19038,25722,0.3
19039,86655,0.18
19040,67865,0.19
19041,114062,0.2
19042,73184,0.09
19043,112481,0.26
19044,99563,0.6060437791111741
19045,113555,0.27
19046,17262,0.32
19047,55740,0.25
19048,68808,0.21
19049,111055,0.23
19050,2358,0.32
19051,83694,0.27
19052,104158,0.26
19053,42243,0.27
19054,83338,0.31
19055,15635,0.29
19056,72845,0.25
19057,38032,0.31
19058,24096,0.26
19059,86973,0.07
19060,62674,0.19
19061,112303,0.3
19062,37318,0.28
19063,27512,0.22
19064,79083,0.8331601874669974
19065,49729,0.22
19066,110330,0.24
19067,55875,0.3
19068,89811,0.3025
19069,55163,0.18
19070,76130,0.21
19071,30326,0.28
19072,98786,0.27
19073,3152,0.23
19074,22804,0.11
19075,112649,0.26
19076,44415,0.18
19077,26543,0.2611111183793985
19078,65259,0.23
19079,110928,0.21
19080,66700,0.3
19081,85380,0.24
19082,56301,0.29
19083,2283,0.29
19084,38358,0.22
19085,93303,0.28
19086,22698,0.1
19087,27659,0.29
19088,92450,0.18
19089,67213,0.3725
19090,109412,0.3713762139346507
19091,74263,0.25
19092,91027,0.21106571196018278
19093,45197,0.24
19094,107935,0.804737389751532
19095,30986,0.13
19096,15044,0.3516666666666666
19097,17780,0.43375
19098,87040,0.26
19099,46910,0.1
19100,75108,0.21
19101,6245,0.23
19102,82614,0.32
19103,52253,0.26
19104,62532,0.3
19105,60976,0.21
19106,95682,0.22
19107,51451,0.778920261971505
19108,33494,0.34
19109,57652,0.3
19110,41591,0.21
19111,4468,0.28
19112,2491,0.23
19113,24568,0.26
19114,94372,0.21
19115,103875,0.12
19116,1343,0.26
19117,30282,0.33899285004789426
19118,75676,0.31
19119,87593,0.21
19120,65336,0.3
19121,16306,0.29
19122,10630,0.24
19123,105958,0.27
19124,61041,0.28
19125,20591,0.42547356828193833
19126,46045,0.4911165246865001
19127,108181,0.21
19128,16844,0.29
19129,102020,0.2672180728297719
19130,94428,0.6879944332192204
19131,78968,0.24467172122499256
19132,85368,0.49626280269721645
19133,3242,0.27
19134,84991,0.30883892068683566
19135,91667,0.7491207553686823
19136,115466,0.21
19137,100192,0.28
19138,33771,0.22
19139,82372,0.6060437791111741
19140,88713,0.24
19141,76646,0.26
19142,87052,0.2814568078776256
19143,70163,0.28
19144,35463,0.28
19145,88203,0.09
19146,97706,0.07
19147,100390,0.26
19148,115798,0.3633333333333333
19149,99350,0.33
19150,84607,0.8457951945355597
19151,15103,0.3
19152,66350,0.36
19153,21934,0.4911165246865001
19154,25971,0.25293732567047406
19155,8296,0.24
19156,27030,0.3
19157,36129,0.6879944332192204
19158,81044,0.29
19159,79050,0.6574333853925554
19160,66018,0.24
19161,71798,0.21
19162,58086,0.29
19163,65954,0.29
19164,57825,0.24
19165,27039,0.18
19166,74179,0.2
19167,3024,0.08
19168,75282,0.17
19169,63728,0.57
19170,41094,0.49775771369818395
19171,70379,0.6063580061789815
19172,30450,0.6879944332192204
19173,46825,0.22
19174,72175,0.4
19175,12984,0.4985545731779656
19176,28256,0.28
19177,59892,0.6574333853925554
19178,72182,0.8331601874669974
19179,67491,0.27
19180,61281,0.22
19181,73173,0.13
19182,69764,0.5658684711404199
19183,17017,0.27
19184,27937,0.28
19185,58245,0.3
19186,31292,0.19
19187,19092,0.5170727146631315
19188,107821,0.22
19189,87654,0.15
19190,113406,0.22
19191,93100,0.3384336462965311
19192,72844,0.25
19193,54891,0.28
19194,5646,0.26
19195,36358,0.8094490423084325
19196,22006,0.19
19197,102810,0.29
19198,37141,0.2611111183793985
19199,20296,0.22
19200,54624,0.6574333853925554
19201,60372,0.6961258235367476
19202,84032,0.8087014454974942
19203,38315,0.2611111183793985
19204,97258,0.22
19205,86018,0.16
19206,72765,0.28
19207,45152,0.28
19208,110223,0.24
19209,16875,0.9446621515736646
19210,863,0.37
19211,28326,0.29
19212,51868,0.5098901818657562
19213,62043,0.3
19214,9465,0.28
19215,38820,0.3
19216,17039,0.2459294117647059
19217,13045,0.12
19218,23740,0.3
19219,72237,0.21
19220,64283,0.32
19221,26902,0.28
19222,14424,0.37
19223,14572,0.28
19224,51340,0.36
19225,55172,0.18
19226,115003,0.27
19227,68543,0.8457951945355597
19228,45226,0.6063580061789815
19229,40204,0.778920261971505
19230,14257,0.34
19231,46475,0.22
19232,74550,0.29285605710579565
19233,97065,0.22
19234,73554,0.213125892987996
19235,28096,0.21
19236,63351,0.31
19237,66216,0.2
19238,115757,0.24
19239,77661,0.44035186592851355
19240,24170,0.3
19241,68317,0.25
19242,67063,0.26
19243,27516,0.31
19244,1309,0.4830053831157081
19245,33041,0.27
19246,79618,0.33899285004789426
19247,99870,0.29
19248,62986,0.29
19249,53461,0.26
19250,17412,0.27725
19251,67839,0.44035186592851355
19252,23746,0.21
19253,2281,0.21
19254,8382,0.18
19255,109162,0.28
19256,36181,0.94
19257,93000,0.21
19258,39895,0.28
19259,113200,0.29
19260,27187,0.29
19261,101493,0.25
19262,33978,0.4911165246865001
19263,28984,0.29
19264,112914,0.9127730381907577
19265,97186,0.2814568078776256
19266,13916,0.22
19267,62960,0.19
19268,88498,0.21
19269,18662,0.34
19270,27646,0.27
19271,25647,0.34
19272,61101,0.19
19273,65272,0.26
19274,46313,0.3
19275,84012,0.13
19276,47305,0.26
19277,13277,0.27
19278,35527,0.6879944332192204
19279,69436,0.5170727146631315
19280,15261,0.3442857142857143
19281,17510,0.34
19282,63636,0.28
19283,112715,0.21106571196018278
19284,115035,0.21
19285,100132,0.21
19286,82445,0.29
19287,62171,0.14
19288,96052,0.21
19289,86133,0.21
19290,114221,0.21
19291,14429,0.22
19292,59811,0.8087014454974942
19293,92019,0.5020588542209693
19294,14630,0.23
19295,107883,0.2
19296,72975,0.3
19297,94884,0.29
19298,15610,0.7606405173421392
19299,29714,0.22
19300,80787,0.29542118743406626
19301,115208,0.37
19302,7256,0.25
19303,8158,0.11
19304,83527,0.23
19305,73596,0.27
19306,23255,0.27
19307,112613,0.9127730381907577
19308,51816,0.7929835529609893
19309,45167,0.2611111183793985
19310,44014,0.25
19311,28590,0.25
19312,89472,0.4911165246865001
19313,13153,0.24
19314,107505,0.29
19315,2545,0.24
19316,85843,0.25
19317,105688,0.3804642647908094
19318,18182,0.22
19319,60478,0.16
19320,37532,0.26
19321,110396,0.6514684368668864
19322,91896,0.3
19323,98539,0.26
19324,110545,0.26
19325,80910,0.28
19326,88889,0.31
19327,58516,0.5668692303155257
19328,75286,0.24
19329,95592,0.22
19330,12471,0.5731669077843564
19331,67200,0.44035186592851355
19332,15203,0.33
19333,87136,0.6060437791111741
19334,90716,0.6961258235367476
19335,62941,0.3
19336,82615,0.19
19337,44199,0.22
19338,73702,0.26
19339,24969,0.33
19340,14626,0.7756446436943324
19341,31504,0.26
19342,70002,0.6060437791111741
19343,39307,0.29
19344,46682,0.25
19345,87284,0.31
19346,1434,0.45
19347,43910,0.22
19348,7569,0.28
19349,96438,0.2
19350,100632,0.3595606657286202
19351,104272,0.12
19352,53994,0.28
19353,91283,0.21584599045548056
19354,54777,0.38
19355,20884,0.35111669438744175
19356,82085,0.28
19357,43944,0.29
19358,57276,0.27
19359,73420,0.2
19360,80482,0.21
19361,42529,0.25
19362,56309,0.5668692303155257
19363,41814,0.29
19364,11473,0.28
19365,68492,0.2
19366,92551,0.28908145122531176
19367,68274,0.57602346105529
19368,35691,0.28
19369,8453,0.21
19370,6785,0.23142857142857143
19371,19291,0.28
19372,108722,0.25
19373,68175,0.8087014454974942
19374,15486,0.2884047619047619
19375,45641,0.37
19376,73383,0.2
19377,64031,0.08
19378,15873,0.22
19379,66784,0.38
19380,51787,0.7024997009086346
19381,27364,0.3
19382,51021,0.28
19383,91962,0.3595606657286202
19384,62896,0.8087014454974942
19385,11333,0.24
19386,86775,0.34
19387,47013,0.28
19388,33816,0.2
19389,42863,0.37
19390,26755,0.4
19391,20533,0.29
19392,40890,0.2
19393,99152,0.27
19394,44163,0.489939631047358
19395,106905,0.7415137606796547
19396,11740,0.24
19397,21822,0.29
19398,82271,0.2672180728297719
19399,83555,0.4250513053190004
19400,4837,0.41651984126984126
19401,43971,0.26
19402,1944,0.27
19403,5237,0.24
19404,37286,0.5345824677740459
19405,655,0.3
19406,20498,0.08
19407,3981,0.21
19408,84121,0.14
19409,60778,0.26
19410,1529,0.21
19411,75529,0.27
19412,96584,0.21
19413,31856,0.11
19414,45164,0.33
19415,115060,0.8331601874669974
19416,108010,0.21
19417,58712,0.19
19418,28175,0.28
19419,94799,0.686711125185392
19420,8166,0.25
19421,45554,0.27
19422,79465,0.8074620881663229
19423,23294,0.57602346105529
19424,83829,0.24
19425,105257,0.27
19426,20688,0.34
19427,115336,0.22
19428,73867,0.3
19429,19599,0.18
19430,13055,0.29
19431,106882,0.23
19432,41947,0.29
19433,7126,0.22
19434,104207,0.21
19435,57585,0.24
19436,96751,0.2
19437,90788,0.1
19438,5886,0.26
19439,52120,0.18
19440,106797,0.31
19441,52407,0.49775771369818395
19442,45243,0.34
19443,82325,0.27
19444,47844,0.28
19445,100783,0.7084602284842296
19446,29244,0.24
19447,47102,0.26
19448,27663,0.23
19449,11771,0.4985545731779656
19450,84457,0.29
19451,70761,0.2
19452,20336,0.22
19453,715,0.34
19454,62738,0.28
19455,51271,0.6879944332192204
19456,104162,0.28
19457,37550,0.32
19458,76845,0.29911736974729275
19459,51242,0.3
19460,25057,0.32
19461,64646,0.26
19462,51385,0.22
19463,53811,0.6574333853925554
19464,105135,0.09
19465,108711,0.37
19466,58121,0.6879944332192204
19467,90907,0.9039408732770348
19468,20827,0.22
19469,104224,0.26
19470,111444,0.23
19471,64383,0.29
19472,56476,0.3
19473,24524,0.2611111183793985
19474,27845,0.32
19475,40163,0.489939631047358
19476,90830,0.9616670447958974
19477,87232,0.1
19478,23574,0.13
19479,46115,0.26
19480,94188,0.23
19481,63317,0.2
19482,74534,0.21
19483,35291,0.13
19484,39596,0.2633333333333333
19485,23486,0.7024997009086346
19486,81047,0.4911165246865001
19487,93399,0.21
19488,83380,0.5658684711404199
19489,112686,0.21
19490,65446,0.35
19491,86247,0.7024997009086346
19492,46955,0.22
19493,87319,0.31
19494,24597,0.29
19495,62935,0.35
19496,29392,0.03
19497,102824,0.37
19498,50802,0.2251565239312028
19499,89526,0.4911165246865001
19500,30994,0.26
19501,76470,0.27
19502,92564,0.8484012324895833
19503,21399,0.1
19504,49224,0.2
19505,29115,0.6879944332192204
19506,59022,0.8457951945355597
19507,3877,0.2
19508,107838,0.31
19509,84546,0.29
19510,109011,0.33
19511,36221,0.22
19512,46666,0.3
19513,92721,0.8087014454974942
19514,19285,0.29
19515,110957,0.27
19516,32568,0.7415137606796547
19517,50895,0.6879944332192204
19518,3401,0.25
19519,19144,0.9477251457732712
19520,12803,0.25
19521,27979,0.19
19522,42619,0.3
19523,45769,0.22
19524,92145,0.16
19525,40953,0.31
19526,81404,0.3
19527,27297,0.12
19528,24796,0.22
19529,67274,0.188
19530,3259,0.24
19531,103024,0.04
19532,115925,0.3724012754292784
19533,65145,0.2
19534,45656,0.3
19535,39611,0.15
19536,86366,0.29285605710579565
19537,49094,0.24
19538,103841,0.22
19539,113878,0.34
19540,79972,0.2672180728297719
19541,107901,0.29
19542,14165,0.5055336222689921
19543,108544,0.29
19544,15388,0.25
19545,64024,0.2
19546,63017,0.21
19547,114339,0.22
19548,69477,0.5658684711404199
19549,83102,0.6961258235367476
19550,92765,0.28908145122531176
19551,85825,0.7024997009086346
19552,83026,0.09
19553,66109,0.19
19554,92942,0.22
19555,27404,0.6574333853925554
19556,43249,0.31
19557,72228,0.21
19558,14492,0.2
19559,66488,0.26
19560,22058,0.2611111183793985
19561,37892,0.255
19562,53361,0.24
19563,77095,0.28
19564,43307,0.6063580061789815
19565,92913,0.2505
19566,59384,0.27
19567,35998,0.7024997009086346
19568,54787,0.3054576171951389
19569,77380,0.21
19570,63742,0.25
19571,55668,0.38
19572,15670,0.24
19573,62802,0.5455326939251731
19574,36645,0.4911165246865001
19575,63321,0.06
19576,19104,0.32
19577,91919,0.22
19578,31862,0.3
19579,10252,0.27
19580,98915,0.3595606657286202
19581,63575,0.27
19582,71664,0.8331601874669974
19583,14968,0.25
19584,10837,0.24796069590298245
19585,79621,0.32
19586,110718,0.33899285004789426
19587,88560,0.47156611085503913
19588,26737,0.26
19589,64126,0.2
19590,72177,0.08
19591,14911,0.13
19592,17140,0.37692715024913176
19593,74681,0.4911165246865001
19594,75966,0.22
19595,34596,0.41888095238095246
19596,63539,0.778920261971505
19597,87668,0.9039408732770348
19598,36393,0.29738694977561037
19599,38233,0.3
19600,80276,0.25
19601,54229,0.29738694977561037
19602,88354,0.2814568078776256
19603,108176,0.27
19604,62281,0.27
19605,107923,0.22
19606,26889,0.25
19607,38,0.3400119047619048
19608,49617,0.19
19609,50522,0.28
19610,7764,0.26
19611,60727,0.19
19612,37020,0.18
19613,5988,0.23
19614,88887,0.6961258235367476
19615,77115,0.3595606657286202
19616,22468,0.26
19617,15551,0.25
19618,13365,0.25
19619,53286,0.57602346105529
19620,42574,0.26
19621,22304,0.29
19622,24710,0.21
19623,19075,0.27
19624,75507,0.21
19625,93081,0.47156611085503913
19626,69354,0.36
19627,111490,0.25
19628,111040,0.28
19629,55994,0.8457951945355597
19630,46703,0.22
19631,70423,0.2
19632,104399,0.25
19633,36401,0.3
19634,115684,0.12
19635,1212,0.22
19636,42030,0.2611111183793985
19637,70759,0.08
19638,98241,0.24
19639,112970,0.2902117207222417
19640,81089,0.34
19641,39566,0.27
19642,108306,0.32
19643,35165,0.23
19644,52261,0.29
19645,104936,0.19
19646,66158,0.27
19647,88313,0.57602346105529
19648,62361,0.32
19649,89397,0.37
19650,113404,0.6574333853925554
19651,44403,0.13
19652,65357,0.28
19653,25001,0.27
19654,39196,0.04
19655,55169,0.22
19656,101925,0.2505
19657,37433,0.22
19658,87332,0.7491207553686823
19659,105297,0.28104660881121046
19660,64247,0.28
19661,95334,0.3
19662,7427,0.26
19663,89289,0.3733333333333333
19664,91542,0.36
19665,90493,0.6060437791111741
19666,86195,0.7024997009086346
19667,115123,0.21
19668,59287,0.37181606015886304
19669,114911,0.35016807909604514
19670,28663,0.778920261971505
19671,81118,0.27
19672,24912,0.29
19673,2666,0.29
19674,65871,0.29
19675,63464,0.25
19676,75838,0.29
19677,65469,0.21
19678,103855,0.1
19679,108567,0.9039408732770348
19680,99832,0.6514684368668864
19681,23280,0.32
19682,46644,0.3
19683,18247,0.3063636363636364
19684,85649,0.29542118743406626
19685,9385,0.24
19686,63515,0.09
19687,85227,0.28
19688,37134,0.27
19689,16991,0.3
19690,74500,0.28830446142884764
19691,61361,0.21
19692,96395,0.22
19693,38619,0.2816666666666666
19694,77040,0.57602346105529
19695,4791,0.11
19696,66676,0.3
19697,100122,0.3
19698,26111,0.3
19699,85249,0.21
19700,91512,0.34
19701,91892,0.09
19702,29490,0.6879944332192204
19703,73736,0.2672180728297719
19704,96225,0.5658684711404199
19705,20600,0.22
19706,46200,0.2
19707,90386,0.54
19708,63754,0.07
19709,53135,0.15
19710,78244,0.5668692303155257
19711,81357,0.26
19712,54696,0.5098901818657562
19713,99224,0.21
19714,113863,0.08
19715,112877,0.34
19716,49915,0.26
19717,4780,0.29950197808316326
19718,82699,0.5658684711404199
19719,997,0.3
19720,97789,0.05
19721,91310,0.686711125185392
19722,72479,0.25
19723,115936,0.3724012754292784
19724,100544,0.6514684368668864
19725,77080,0.5668692303155257
19726,105343,0.3
19727,48574,0.29
19728,51839,0.26
19729,13970,0.2
19730,99468,0.28
19731,77298,0.6063580061789815
19732,11591,0.3916956136229623
19733,26204,0.22
19734,96895,0.34
19735,9435,0.6047186971146897
19736,18494,0.24
19737,3509,0.27
19738,38435,0.2
19739,70351,0.44035186592851355
19740,41155,0.26
19741,68894,0.24
19742,88916,0.6970637908450266
19743,106108,0.14
19744,25629,0.2779001297850061
19745,102974,0.2672180728297719
19746,50443,0.21
19747,14716,0.48
19748,81269,0.21
19749,12124,0.23
19750,55139,0.27
19751,88024,0.21
19752,66105,0.22
19753,97068,0.21
19754,78640,0.22
19755,82603,0.27
19756,12598,0.25
19757,21696,0.2611111183793985
19758,66582,0.28
19759,30515,0.23
19760,50564,0.25293732567047406
19761,62534,0.3
19762,65553,0.15
19763,45356,0.27
19764,102710,0.24467172122499256
19765,1413,0.3
19766,22195,0.09
19767,110116,0.25
19768,105215,0.32
19769,113841,0.28
19770,33238,0.36
19771,88955,0.11
19772,77307,0.3595606657286202
19773,71163,0.23
19774,14738,0.37
19775,65637,0.8881061273158657
19776,104435,0.21
19777,49725,0.2033333333333333
19778,4119,0.27
19779,93148,0.24
19780,11867,0.25
19781,60740,0.5952890834207484
19782,105301,0.6514684368668864
19783,114607,0.3
19784,7532,0.25
19785,106599,0.28
19786,12943,0.15
19787,23515,0.3
19788,90552,0.8087014454974942
19789,70632,0.23
19790,80808,0.7024997009086346
19791,104984,0.3
19792,74340,0.6606477235506313
19793,106786,0.29285605710579565
19794,63025,0.26
19795,51188,0.24
19796,74678,0.28
19797,83786,0.44035186592851355
19798,41239,0.5952890834207484
19799,52497,0.21584599045548056
19800,64373,0.13
19801,1670,0.3618664046504301
19802,28167,0.28
19803,31242,0.844755567144862
19804,33724,0.21
19805,16329,0.22
19806,72592,0.22
19807,12868,0.22
19808,40616,0.22
19809,111153,0.3
19810,9291,0.14
19811,71613,0.6063580061789815
19812,32459,0.2743404752824607
19813,106540,0.21
19814,21592,0.3
19815,12789,0.25
19816,39446,0.3
19817,71532,0.18
19818,83856,0.34
19819,92902,0.13
19820,11524,0.18
19821,23811,0.33
19822,31991,0.22
19823,33568,0.28
19824,2153,0.26
19825,23160,0.21
19826,2033,0.22
19827,78923,0.28
19828,5668,0.28
19829,92887,0.44035186592851355
19830,11363,0.23
19831,75933,0.2672180728297719
19832,88621,0.21
19833,68960,0.21
19834,110558,0.3
19835,65964,0.14
19836,19514,0.16
19837,40853,0.19
19838,45288,0.28
19839,95352,0.28
19840,59436,0.22
19841,87194,0.15
19842,46865,0.3
19843,84465,0.2779001297850061
19844,64018,0.21
19845,8113,0.23828070175438598
19846,59212,0.29
19847,65234,0.28
19848,23936,0.3
19849,57891,0.3
19850,63008,0.27
19851,82092,0.8094490423084325
19852,34555,0.18
19853,53900,0.9469707373219487
19854,109378,0.8074620881663229
19855,23987,0.27
19856,109500,0.28
19857,102569,0.686711125185392
19858,111617,0.27
19859,26505,0.27
19860,74891,0.24
19861,22342,0.22
19862,28316,0.6606477235506313
19863,97245,0.5658684711404199
19864,112056,0.28
19865,18924,0.08
19866,39456,0.26
19867,44104,0.15
19868,32658,0.26
19869,42829,0.19
19870,79091,0.22
19871,25308,0.5067736252258745
19872,32147,0.34
19873,59563,0.2
19874,96650,0.6060437791111741
19875,110224,0.27
19876,23980,0.15
19877,99576,0.28
19878,9098,0.21
19879,65883,0.1
19880,64627,0.22
19881,100765,0.28
19882,58091,0.27
19883,94918,0.3
19884,66480,0.25
19885,20679,0.28
19886,83838,0.21
19887,45802,0.2736505932627259
19888,24757,0.6032484614923382
19889,44497,0.8881061273158657
19890,88866,0.1
19891,73968,0.27
19892,45025,0.25
19893,8357,0.07
19894,84586,0.27
19895,38501,0.2611111183793985
19896,65205,0.22
19897,31378,0.5098901818657562
19898,76889,0.6060437791111741
19899,916,0.11
19900,54319,0.23
19901,8750,0.25
19902,94060,0.2752059837865456
19903,76954,0.778920261971505
19904,6020,0.28
19905,95762,0.26
19906,56949,0.09
19907,93493,0.27
19908,89022,0.25
19909,61430,0.21
19910,58328,0.844755567144862
19911,16886,0.24
19912,86518,0.33
19913,35244,0.28
19914,14275,0.24
19915,19307,0.27
19916,35196,0.29
19917,106224,0.45711449793839437
19918,45900,0.38
19919,9841,0.2714285714285714
19920,13575,0.4830053831157081
19921,33604,0.3
19922,80051,0.21
19923,101770,0.31
19924,79906,0.29
19925,77757,0.24
19926,64922,0.14
19927,52412,0.33224337223043043
19928,31354,0.21
19929,86238,0.33
19930,45645,0.26
19931,46257,0.16
19932,51662,0.14
19933,84899,0.21
19934,20936,0.7405317013283446
19935,7465,0.2502171729681814
19936,93824,0.6514684368668864
19937,56116,0.6879944332192204
19938,97916,0.22
19939,35366,0.22
19940,22519,0.16
19941,2532,0.24
19942,105472,0.28
19943,73103,0.34
19944,31409,0.19
19945,75952,0.778920261971505
19946,38044,0.42640208607459895
19947,54605,0.21106571196018278
19948,69006,0.6060437791111741
19949,81230,0.49775771369818395
19950,59156,0.28
19951,71408,0.8457951945355597
19952,80393,0.5020588542209693
19953,10060,0.16
19954,15674,0.533504542114656
19955,70390,0.2
19956,4851,0.28
19957,66318,0.22
19958,1784,0.14
19959,89666,0.2672180728297719
19960,65565,0.25
19961,64812,0.16
19962,23597,0.11
19963,55170,0.33224337223043043
19964,112668,0.43091532760561035
19965,59089,0.28
19966,57782,0.28
19967,24305,0.28
19968,13302,0.28
19969,35663,0.22
19970,41046,0.26
19971,46153,0.4031051372347387
19972,1007,0.5455326939251731
19973,114284,0.2975589937410899
19974,51386,0.31
19975,102261,0.12
19976,9018,0.25
19977,73622,0.29285605710579565
19978,71616,0.21
19979,109721,0.23
19980,47677,0.31
19981,58946,0.19
19982,32354,0.22
19983,81224,0.29
19984,22078,0.29
19985,78193,0.27
19986,51035,0.2
19987,29501,0.22
19988,59849,0.3054576171951389
19989,100372,0.28
19990,77302,0.21
19991,8713,0.35
19992,10370,0.11
19993,70456,0.57602346105529
19994,31147,0.7415137606796547
19995,79352,0.7491207553686823
19996,87188,0.34
19997,107591,0.21
19998,92592,0.26
19999,54554,0.35
20000,14892,0.32
20001,57208,0.29
20002,34311,0.18
20003,83003,0.21
20004,18113,0.19
20005,35519,0.26
20006,41833,0.33
20007,47509,0.21
20008,109392,0.3713762139346507
20009,76870,0.44035186592851355
20010,103805,0.28
20011,85264,0.32
20012,56523,0.7517547952262292
20013,2770,0.22
20014,79924,0.12
20015,39515,0.24
20016,98485,0.27
20017,40725,0.2
20018,36826,0.4911165246865001
20019,49787,0.36
20020,60113,0.28
20021,105085,0.804737389751532
20022,28974,0.2736505932627259
20023,59013,0.5098901818657562
20024,89465,0.09
20025,1269,0.35
20026,6801,0.21
20027,90549,0.25076923076923074
20028,93776,0.21
20029,76751,0.21106571196018278
20030,14765,0.22
20031,29010,0.24
20032,94423,0.25
20033,115558,0.29
20034,55768,0.34
20035,107555,0.43249015313620975
20036,58642,0.6970637908450266
20037,35653,0.31
20038,102984,0.29
20039,80882,0.3
20040,91293,0.7491207553686823
20041,46630,0.22
20042,27679,0.34
20043,58393,0.24
20044,111283,0.21
20045,97308,0.2672180728297719
20046,78558,0.21
20047,84998,0.12
20048,11734,0.4883531746031746
20049,78078,0.29
20050,68300,0.21106571196018278
20051,98237,0.3
20052,92759,0.9039408732770348
20053,43432,0.57602346105529
20054,93628,0.4531794040040778
20055,21966,0.27
20056,35144,0.31
20057,64340,0.19
20058,27806,0.27
20059,8363,0.26
20060,10988,0.25
20061,98693,0.28
20062,91000,0.21
20063,101017,0.26
20064,20705,0.2
20065,32358,0.6879944332192204
20066,81687,0.21
20067,54575,0.25
20068,11511,0.27
20069,31261,0.3
20070,25204,0.28
20071,31044,0.3054576171951389
20072,21154,0.18
20073,108887,0.21
20074,31654,0.7415137606796547
20075,72018,0.7024997009086346
20076,114530,0.27
20077,31857,0.3054576171951389
20078,8272,0.19
20079,21890,0.22
20080,73972,0.26
20081,88230,0.44035186592851355
20082,84547,0.21
20083,78377,0.24
20084,56820,0.31
20085,48550,0.32
20086,92828,0.23
20087,78218,0.28
20088,58566,0.8457951945355597
20089,70221,0.22
20090,25573,0.19
20091,103102,0.21
20092,43326,0.21
20093,86722,0.27
20094,40030,0.22
20095,67458,0.33
20096,49595,0.38
20097,111910,0.28
20098,83865,0.21106571196018278
20099,14802,0.25
20100,100602,0.28
20101,40012,0.27
20102,101893,0.2923230518274556
20103,61300,0.32
20104,88615,0.22
20105,54649,0.28
20106,7133,0.15
20107,87161,0.21
20108,113105,0.41
20109,46975,0.873162570735478
20110,15495,0.26
20111,47206,0.17
20112,4215,0.2
20113,56173,0.42301428121191526
20114,91018,0.22
20115,10555,0.26
20116,102110,0.47156611085503913
20117,22514,0.3
20118,12384,0.22
20119,47855,0.28
20120,59320,0.6961258235367476
20121,111343,0.28
20122,31748,0.19
20123,79095,0.24
20124,31832,0.6879944332192204
20125,6302,0.34
20126,70264,0.8087014454974942
20127,110500,0.3142893084856641
20128,16922,0.06
20129,84632,0.7024997009086346
20130,100887,0.19
20131,68875,0.19
20132,96113,0.06
20133,51290,0.778920261971505
20134,107376,0.31
20135,104072,0.18
20136,16342,0.22
20137,57635,0.28
20138,88941,0.44035186592851355
20139,67950,0.31
20140,83127,0.22
20141,71194,0.16
20142,73605,0.21584599045548056
20143,19910,0.24
20144,31043,0.22
20145,19467,0.29
20146,23690,0.16
20147,67578,0.8457951945355597
20148,66370,0.22
20149,50819,0.6879944332192204
20150,445,0.3526099469826501
20151,21068,0.28
20152,18647,0.7606405173421392
20153,40217,0.29
20154,62112,0.2
20155,94973,0.9073162876490548
20156,41341,0.3
20157,62785,0.29
20158,53931,0.07
20159,109811,0.26
20160,21932,0.14
20161,42491,0.13
20162,51046,0.28
20163,88802,0.22
20164,84236,0.18
20165,82305,0.29
20166,84172,0.37
20167,114048,0.7491207553686823
20168,7854,0.26
20169,31408,0.11
20170,109850,0.21
20171,81482,0.21
20172,63449,0.34
20173,80936,0.26
20174,100703,0.6514684368668864
20175,66722,0.29
20176,94716,0.6879944332192204
20177,43872,0.28
20178,106148,0.21
20179,83710,0.49626280269721645
20180,62084,0.29738694977561037
20181,59706,0.32
20182,29199,0.6879944332192204
20183,93149,0.213125892987996
20184,109935,0.47
20185,115057,0.43091532760561035
20186,119,0.28
20187,109575,0.6514684368668864
20188,63379,0.28
20189,37347,0.6879944332192204
20190,6518,0.06
20191,81628,0.28
20192,248,0.25
20193,16123,0.22
20194,72830,0.14
20195,48097,0.3
20196,104445,0.33
20197,102474,0.33
20198,100304,0.17
20199,106063,0.23
20200,82566,0.25293732567047406
20201,51888,0.28
20202,64905,0.18
20203,83524,0.31
20204,61365,0.26
20205,26387,0.22
20206,4099,0.26
20207,7983,0.26
20208,46010,0.36773583580162517
20209,31667,0.3054576171951389
20210,53727,0.21106571196018278
20211,96403,0.23
20212,10514,0.24
20213,72717,0.31
20214,85483,0.44035186592851355
20215,31250,0.6063580061789815
20216,103788,0.26
20217,110998,0.5135317460317461
20218,6427,0.43
20219,75066,0.3
20220,38319,0.26
20221,106270,0.40569492300158616
20222,110902,0.6961258235367476
20223,100627,0.3782589900529063
20224,4214,0.24
20225,985,0.262
20226,31907,0.23
20227,80650,0.4911165246865001
20228,22107,0.28
20229,92139,0.31
20230,59087,0.21
20231,1787,0.25
20232,110554,0.24
20233,103507,0.3713762139346507
20234,74377,0.33
20235,50722,0.26
20236,41901,0.3595606657286202
20237,59896,0.37
20238,104859,0.7415137606796547
20239,80360,0.3804562384774892
20240,15830,0.37
20241,101091,0.21
20242,112997,0.33
20243,61079,0.22
20244,91610,0.21
20245,55650,0.23
20246,8127,0.24
20247,9381,0.22
20248,1897,0.21
20249,50090,0.28
20250,93156,0.57602346105529
20251,39320,0.2
20252,11534,0.28
20253,880,0.08
20254,48586,0.8087014454974942
20255,97309,0.25
20256,2312,0.23
20257,31996,0.2
20258,43727,0.22
20259,63080,0.26
20260,53184,0.3
20261,100223,0.19
20262,63214,0.21
20263,39338,0.28
20264,55784,0.28
20265,106436,0.6514684368668864
20266,91852,0.57602346105529
20267,35249,0.22
20268,75420,0.24
20269,87939,0.3
20270,93057,0.12
20271,58379,0.23
20272,66710,0.28
20273,109296,0.22
20274,83347,0.26
20275,17775,0.24
20276,54110,0.97
20277,54498,0.5098901818657562
20278,16731,0.22
20279,42636,0.28
20280,62508,0.28
20281,90813,0.4292550505050506
20282,41148,0.3
20283,91873,0.28908145122531176
20284,90738,0.21
20285,50946,0.3
20286,70142,0.21106571196018278
20287,97000,0.06
20288,101154,0.25
20289,29694,0.17
20290,49358,0.6606477235506313
20291,73863,0.6063580061789815
20292,17248,0.26238596491228067
20293,55426,0.5098901818657562
20294,47298,0.35
20295,104837,0.12
20296,14115,0.46227380952380953
20297,9236,0.24
20298,69802,0.19
20299,56090,0.24
20300,35680,0.24
20301,58033,0.6961258235367476
20302,11215,0.17
20303,115933,0.3
20304,34532,0.24
20305,100517,0.5799705977303526
20306,23154,0.16
20307,97814,0.3317956181395856
20308,11721,0.21
20309,58604,0.27
20310,115052,0.54
20311,77188,0.3
20312,96437,0.8087014454974942
20313,18101,0.48
20314,40165,0.09
20315,53450,0.29
20316,53568,0.36
20317,57504,0.21
20318,61933,0.5668692303155257
20319,1842,0.22
20320,19306,0.26
20321,107658,0.54
20322,74403,0.27
20323,46498,0.15
20324,62479,0.3
20325,40056,0.07
20326,34940,0.22
20327,89098,0.26
20328,98095,0.25
20329,10916,0.24505659075224295
20330,65497,0.22
20331,76415,0.8331601874669974
20332,57106,0.2779001297850061
20333,1985,0.2
20334,8856,0.25
20335,26847,0.22
20336,4240,0.25
20337,112620,0.3724012754292784
20338,45944,0.19
20339,92718,0.21
20340,78138,0.21
20341,18477,0.29
20342,44434,0.2611111183793985
20343,73910,0.6063580061789815
20344,105671,0.2
20345,98642,0.15
20346,74997,0.25
20347,84640,0.2
20348,27991,0.29
20349,26234,0.26
20350,38346,0.27
20351,76998,0.33
20352,112850,0.6574333853925554
20353,93077,0.2505
20354,24753,0.16
20355,100888,0.27
20356,38683,0.14
20357,12184,0.25
20358,41096,0.24
20359,106904,0.29
20360,10181,0.31
20361,107428,0.28
20362,115752,0.6514684368668864
20363,52764,0.17
20364,37163,0.5345824677740459
20365,90153,0.36633867133905085
20366,80205,0.21
20367,70401,0.28
20368,61611,0.27
20369,73090,0.32
20370,69989,0.2672180728297719
20371,31359,0.22285714285714284
20372,62833,0.3
20373,76227,0.27
20374,18859,0.22
20375,34016,0.27
20376,41281,0.35
20377,81363,0.4251838111498381
20378,111197,0.33
20379,34435,0.37
20380,81548,0.26
20381,62400,0.27
20382,113463,0.31
20383,111183,0.5183333333333333
20384,12397,0.24
20385,101485,0.3633333333333333
20386,60166,0.28
20387,57273,0.18
20388,105523,0.3
20389,65711,0.28
20390,16026,0.33515181012485556
20391,41093,0.2611111183793985
20392,32844,0.42
20393,112869,0.21
20394,3423,0.34
20395,34646,0.33224337223043043
20396,94277,0.31
20397,29618,0.42301428121191526
20398,45926,0.38
20399,24089,0.31
20400,91968,0.32
20401,47054,0.33
20402,4043,0.25
20403,91120,0.33
20404,14965,0.5055336222689921
20405,16929,0.4991156399416326
20406,2481,0.25
20407,47896,0.17
20408,111730,0.3
20409,53131,0.22
20410,3455,0.28
20411,61212,0.6574333853925554
20412,19051,0.29
20413,48622,0.15
20414,38059,0.17
20415,46323,0.22
20416,37339,0.16
20417,102926,0.24
20418,98528,0.3713762139346507
20419,91670,0.3
20420,100740,0.6060437791111741
20421,795,0.7024997009086346
20422,101190,0.28
20423,24182,0.08
20424,115666,0.3
20425,43561,0.22
20426,88271,0.6060437791111741
20427,86709,0.2672180728297719
20428,68874,0.29
20429,7755,0.23
20430,13572,0.21
20431,14801,0.25
20432,19372,0.08
20433,70110,0.33
20434,73126,0.32
20435,8268,0.26
20436,1806,0.25
20437,45810,0.27
20438,31724,0.22
20439,14380,0.46180454754171424
20440,98366,0.36633867133905085
20441,79379,0.08
20442,49126,0.7024997009086346
20443,35809,0.3
20444,112571,0.22
20445,44737,0.6063580061789815
20446,2854,0.26
20447,39497,0.28
20448,27877,0.8016548798422711
20449,91498,0.23
20450,72950,0.8087014454974942
20451,75402,0.21
20452,23971,0.29
20453,26584,0.2736505932627259
20454,83336,0.29542118743406626
20455,79808,0.21
20456,38823,0.25293732567047406
20457,107185,0.24
20458,38246,0.18
20459,38714,0.26
20460,101843,0.25
20461,55093,0.33224337223043043
20462,35271,0.31
20463,12766,0.25
20464,36353,0.5528333333333334
20465,22545,0.29
20466,6916,0.22
20467,6314,0.23
20468,66838,0.29
20469,10099,0.17
20470,58029,0.21106571196018278
20471,21242,0.5644001218674852
20472,109687,0.6514684368668864
20473,16935,0.7218927753227318
20474,25476,0.27
20475,69824,0.778920261971505
20476,66325,0.22
20477,74092,0.21
20478,87799,0.8087014454974942
20479,57172,0.7024997009086346
20480,51328,0.27
20481,105136,0.8484012324895833
20482,72769,0.3
20483,72616,0.34
20484,55571,0.23
20485,84425,0.2
20486,19545,0.5609860949727397
20487,82331,0.2814568078776256
20488,92928,0.33
20489,98601,0.9073162876490548
20490,14841,0.2
20491,112798,0.5952890834207484
20492,78922,0.32
20493,105776,0.6514684368668864
20494,67532,0.5020588542209693
20495,10708,0.21
20496,52588,0.6063580061789815
20497,114418,0.8074620881663229
20498,84579,0.21106571196018278
20499,87198,0.19
20500,689,0.25
20501,12670,0.4830053831157081
20502,85531,0.26
20503,38865,0.25
20504,98083,0.22
20505,59106,0.6092044951764513
20506,59437,0.37
20507,95673,0.11
20508,11980,0.23
20509,79684,0.21
20510,11686,0.15
20511,48887,0.778920261971505
20512,103957,0.07
20513,63692,0.12
20514,107587,0.23
20515,72539,0.21
20516,5155,0.25
20517,4088,0.28
20518,82374,0.29
20519,12096,0.7606405173421392
20520,96683,0.2672180728297719
20521,17989,0.25
20522,85196,0.44035186592851355
20523,86495,0.33224337223043043
20524,31837,0.22
20525,30292,0.22
20526,25309,0.26
20527,52507,0.21
20528,27801,0.26
20529,12971,0.19
20530,9913,0.2
20531,79731,0.21
20532,51708,0.31
20533,100317,0.21
20534,100197,0.4
20535,51463,0.7565470187056207
20536,83202,0.24
20537,8990,0.29569984820821593
20538,73447,0.21
20539,76177,0.28
20540,31400,0.27
20541,83389,0.7024997009086346
20542,58790,0.489939631047358
20543,47369,0.26
20544,88191,0.32
20545,67246,0.25
20546,8317,0.2
20547,84082,0.9039408732770348
20548,68628,0.11
20549,111039,0.37
20550,37310,0.26
20551,86087,0.24
20552,65740,0.28
20553,44181,0.28
20554,63325,0.27
20555,62009,0.5020588542209693
20556,8174,0.21
20557,51281,0.21
20558,54114,0.33899285004789426
20559,10685,0.23828070175438598
20560,100694,0.3713762139346507
20561,94549,0.6970637908450266
20562,7949,0.24
20563,33379,0.7415137606796547
20564,113836,0.21
20565,61734,0.3
20566,11650,0.21
20567,96357,0.8457951945355597
20568,115934,0.2923230518274556
20569,105895,0.29285605710579565
20570,77133,0.28
20571,43887,0.14
20572,21285,0.35
20573,80492,0.26
20574,89254,0.25
20575,69702,0.29
20576,17021,0.25
20577,78003,0.37
20578,7108,0.2714285714285714
20579,45161,0.5067736252258745
20580,35163,0.3
20581,32839,0.22
20582,97036,0.2
20583,71037,0.3
20584,25218,0.2
20585,72891,0.21106571196018278
20586,70614,0.29712558860906485
20587,75216,0.42301428121191526
20588,101566,0.29957730692552864
20589,125,0.3
20590,34886,0.5098901818657562
20591,18806,0.3595606657286202
20592,5614,0.27
20593,3286,0.3
20594,18137,0.19
20595,27369,0.29
20596,38413,0.2611111183793985
20597,68,0.38
20598,73862,0.07
20599,108946,0.29957730692552864
20600,87181,0.27
20601,111833,0.18
20602,41354,0.26
20603,74169,0.34645979020979006
20604,50076,0.16
20605,79223,0.23
20606,80125,0.27
20607,71810,0.34
20608,78673,0.26
20609,5099,0.25
20610,4265,0.25
20611,60,0.24
20612,22713,0.26
20613,111247,0.21
20614,7362,0.32
20615,21924,0.25
20616,67576,0.23
20617,58144,0.21
20618,68710,0.2672180728297719
20619,2379,0.2714285714285714
20620,73385,0.17
20621,51650,0.42301428121191526
20622,48765,0.14
20623,48290,0.3
20624,32006,0.31
20625,56294,0.16
20626,83445,0.2672180728297719
20627,34604,0.6606477235506313
20628,50092,0.7024997009086346
20629,3129,0.24
20630,10232,0.22
20631,60438,0.3048363735289757
20632,11732,0.22
20633,53108,0.25
20634,64926,0.19
20635,112910,0.23
20636,36391,0.33224337223043043
20637,36462,0.6574333853925554
20638,75707,0.27
20639,47048,0.42640208607459895
20640,104666,0.31
20641,55083,0.489939631047358
20642,17442,0.22
20643,96079,0.21
20644,80947,0.29
20645,98445,0.9073162876490548
20646,18922,0.23
20647,92365,0.44035186592851355
20648,106452,0.09
20649,111816,0.13
20650,75476,0.8331601874669974
20651,93584,0.25
20652,87113,0.17
20653,50920,0.8044329605846217
20654,33186,0.6879944332192204
20655,22566,0.26
20656,41188,0.19
20657,64995,0.26
20658,81850,0.2672180728297719
20659,54695,0.05
20660,95277,0.26
20661,92012,0.17
20662,17521,0.2
20663,19138,0.29
20664,57698,0.12
20665,70649,0.25
20666,69098,0.14
20667,68835,0.29542118743406626
20668,54359,0.2733333333333333
20669,102704,0.4
20670,80447,0.29
20671,78107,0.27
20672,17047,0.3
20673,102916,0.21
20674,76252,0.27
20675,95900,0.3
20676,29784,0.21
20677,21048,0.778920261971505
20678,57275,0.18
20679,101808,0.3
20680,70543,0.4531794040040778
20681,100617,0.27
20682,115759,0.27
20683,2049,0.23
20684,37424,0.13
20685,43519,0.15
20686,25027,0.37
20687,20521,0.439452380952381
20688,31488,0.26
20689,25243,0.28
20690,31885,0.18
20691,2417,0.2421428571428571
20692,39961,0.22
20693,38856,0.3
20694,67598,0.57602346105529
20695,4199,0.08
20696,80691,0.26
20697,8683,0.32
20698,87743,0.33
20699,88932,0.23
20700,11067,0.25
20701,3200,0.19
20702,35131,0.28
20703,96603,0.36633867133905085
20704,3637,0.26
20705,110513,0.3
20706,21844,0.2611111183793985
20707,38689,0.26
20708,53723,0.25
20709,13110,0.25
20710,13895,0.6371495846544332
20711,48257,0.26
20712,35092,0.7929835529609893
20713,75121,0.24
20714,67056,0.29
20715,19573,0.26
20716,54445,0.2
20717,86694,0.26
20718,36163,0.21
20719,25363,0.27
20720,12146,0.3165832815740585
20721,15046,0.3316666666666667
20722,59447,0.8087014454974942
20723,40462,0.17
20724,87183,0.11
20725,57206,0.8331601874669974
20726,7750,0.23
20727,83901,0.21584599045548056
20728,105781,0.3595606657286202
20729,113099,0.1
20730,107062,0.2
20731,96285,0.23
20732,77544,0.44035186592851355
20733,109635,0.43091532760561035
20734,83130,0.7024997009086346
20735,31220,0.26
20736,75974,0.26
20737,71309,0.8331601874669974
20738,27315,0.2736505932627259
20739,99618,0.6060437791111741
20740,42957,0.23
20741,36758,0.23
20742,19493,0.61
20743,33403,0.3
20744,96574,0.5658684711404199
20745,36528,0.29
20746,11080,0.27
20747,91412,0.23
20748,107934,0.31
20749,35556,0.7024997009086346
20750,60860,0.6032484614923382
20751,96606,0.21
20752,106552,0.28
20753,28104,0.27
20754,56608,0.24
20755,79786,0.7024997009086346
20756,5966,0.24
20757,54453,0.28
20758,31417,0.26
20759,78426,0.33
20760,56414,0.6879944332192204
20761,73594,0.29
20762,95156,0.9106379870737048
20763,4591,0.26
20764,24773,0.19
20765,71089,0.22
20766,68338,0.27
20767,56443,0.778920261971505
20768,78867,0.26
20769,95456,0.6879944332192204
20770,60932,0.3
20771,32360,0.27
20772,39840,0.26
20773,11666,0.4883531746031746
20774,4549,0.45461743753306927
20775,88134,0.21
20776,55505,0.25
20777,54755,0.21
20778,53975,0.21
20779,76133,0.28
20780,6147,0.21
20781,31516,0.34
20782,9013,0.38
20783,100745,0.8074620881663229
20784,25847,0.19
20785,34077,0.28
20786,29646,0.13
20787,28620,0.24
20788,109153,0.28
20789,18623,0.7647093730601477
20790,108867,0.17
20791,45323,0.3595606657286202
20792,9633,0.25
20793,34334,0.36
20794,56900,0.3
20795,32541,0.26
20796,78282,0.34
20797,62697,0.3
20798,101063,0.37
20799,65105,0.28
20800,72310,0.8331601874669974
20801,43852,0.2611111183793985
20802,60260,0.14
20803,73334,0.6606477235506313
20804,20237,0.489939631047358
20805,81658,0.26
20806,52124,0.3
20807,84774,0.22
20808,14562,0.29
20809,100444,0.29
20810,75385,0.15
20811,63733,0.28
20812,39047,0.3
20813,103159,0.29618368733128664
20814,60745,0.6879944332192204
20815,72027,0.8457951945355597
20816,22691,0.23
20817,68773,0.22
20818,35264,0.36
20819,82776,0.5658684711404199
20820,104068,0.28
20821,93535,0.4531794040040778
20822,37976,0.16
20823,82569,0.6961258235367476
20824,5183,0.25
20825,16472,0.21
20826,62165,0.25
20827,72524,0.35
20828,37980,0.22
20829,104899,0.23
20830,66636,0.15
20831,71142,0.26
20832,80671,0.2
20833,13433,0.29
20834,97160,0.4911165246865001
20835,74738,0.213125892987996
20836,2869,0.27
20837,100424,0.31
20838,32737,0.4911165246865001
20839,68883,0.5658684711404199
20840,82920,0.24
20841,1342,0.22
20842,80335,0.28
20843,115254,0.2975589937410899
20844,90301,0.21
20845,42143,0.32
20846,93358,0.27287579664907846
20847,19309,0.29
20848,23145,0.28
20849,28112,0.26
20850,109065,0.2752059837865456
20851,66494,0.37
20852,39150,0.21
20853,106879,0.18
20854,49964,0.24
20855,460,0.08
20856,28533,0.29
20857,47852,0.19
20858,95275,0.8025734585058774
20859,66368,0.26
20860,48493,0.29
20861,27639,0.21
20862,91902,0.2
20863,85978,0.8087014454974942
20864,66737,0.26
20865,886,0.26
20866,80085,0.29
20867,81374,0.21
20868,85400,0.44035186592851355
20869,10551,0.21
20870,87411,0.3
20871,97026,0.31
20872,52328,0.37
20873,72722,0.29
20874,91218,0.2779001297850061
20875,76914,0.27
20876,102585,0.26
20877,85106,0.21
20878,76355,0.25
20879,84960,0.23
20880,11285,0.26
20881,94032,0.28
20882,60112,0.5198333333333333
20883,80423,0.29
20884,42027,0.27
20885,55585,0.04
20886,23780,0.57602346105529
20887,47324,0.24
20888,21577,0.49626280269721645
20889,74910,0.33
20890,59566,0.22
20891,31176,0.6879944332192204
20892,28490,0.44
20893,58659,0.47156611085503913
20894,101197,0.29
20895,98404,0.33
20896,22023,0.36
20897,47690,0.3
20898,82227,0.3
20899,46769,0.6063580061789815
20900,11189,0.2421428571428571
20901,9580,0.3
20902,49172,0.6606477235506313
20903,88179,0.44035186592851355
20904,93293,0.8025734585058774
20905,54411,0.22
20906,75563,0.36
20907,11104,0.12
20908,70084,0.8087014454974942
20909,86066,0.7024997009086346
20910,58534,0.19
20911,25173,0.2736505932627259
20912,111241,0.22
20913,115932,0.32
20914,39719,0.4911165246865001
20915,95387,0.28
20916,37483,0.27
20917,19017,0.32
20918,112660,0.3
20919,11156,0.09
20920,8963,0.2714285714285714
20921,62588,0.3048363735289757
20922,19891,0.21
20923,59705,0.24
20924,28473,0.29
20925,53087,0.42301428121191526
20926,47789,0.2877141931938705
20927,14632,0.06
20928,4250,0.22
20929,89119,0.21584599045548056
20930,47278,0.57602346105529
20931,86690,0.44035186592851355
20932,92978,0.33
20933,14318,0.25
20934,23964,0.22
20935,46837,0.22
20936,1974,0.22
20937,18709,0.29
20938,9869,0.21
20939,68729,0.21
20940,103146,0.3724012754292784
20941,21177,0.3
20942,61616,0.29
20943,34348,0.23
20944,14943,0.35
20945,16947,0.22
20946,108478,0.2814568078776256
20947,81815,0.8484012324895833
20948,79639,0.18
20949,83839,0.213125892987996
20950,81460,0.26
20951,104419,0.4531794040040778
20952,104311,0.6514684368668864
20953,54633,0.25
20954,78723,0.21
20955,91690,0.26
20956,12229,0.34
20957,84344,0.42
20958,11959,0.34
20959,69181,0.13
20960,74635,0.26
20961,52992,0.29285605710579565
20962,78148,0.27
20963,61420,0.2779001297850061
20964,64768,0.14
20965,112769,0.6574333853925554
20966,11620,0.29
20967,64490,0.3
20968,46638,0.22
20969,20116,0.27
20970,7655,0.12
20971,65538,0.23
20972,47917,0.21
20973,109518,0.21
20974,90425,0.6060437791111741
20975,106696,0.2
20976,107596,0.31
20977,56452,0.3
20978,85815,0.26
20979,11781,0.4857224179653792
20980,32759,0.21
20981,10190,0.29569984820821593
20982,66562,0.28
20983,37907,0.22
20984,11452,0.3
20985,94098,0.2
20986,17935,0.22
20987,31008,0.31
20988,108621,0.21
20989,42678,0.6063580061789815
20990,115523,0.15
20991,57949,0.33224337223043043
20992,5691,0.28
20993,93349,0.3
20994,32185,0.28
20995,115248,0.28
20996,88905,0.29
20997,114698,0.5799705977303526
20998,111939,0.804737389751532
20999,90339,0.6060437791111741
21000,16538,0.29
21001,48158,0.25
21002,35344,0.23
21003,102929,0.6514684368668864
21004,79045,0.8331601874669974
21005,58333,0.6879944332192204
21006,44644,0.12
21007,37156,0.2611111183793985
21008,36643,0.1
21009,43225,0.27
21010,76011,0.21
21011,65595,0.22
21012,31279,0.33
21013,38000,0.3
21014,94878,0.18
21015,2548,0.33
21016,98461,0.21
21017,112007,0.5658684711404199
21018,1300,0.27
21019,47548,0.4031051372347387
21020,95445,0.18
21021,10489,0.28
21022,77086,0.09
21023,83648,0.34
21024,106111,0.3
21025,81801,0.24
21026,82128,0.2672180728297719
21027,72385,0.14
21028,97965,0.3
21029,68152,0.420547215722297
21030,69761,0.2
21031,44454,0.27
21032,24550,0.3
21033,14840,0.29
21034,115373,0.19
21035,58806,0.21
21036,48508,0.7024997009086346
21037,28289,0.21952136456069715
21038,10385,0.28
21039,45532,0.3
21040,54059,0.26
21041,8321,0.25
21042,87659,0.17
21043,30577,0.19
21044,103624,0.34
21045,16520,0.38
21046,71353,0.34
21047,63935,0.19
21048,24227,0.27
21049,79946,0.6970637908450266
21050,87501,0.3
21051,31678,0.21
21052,36593,0.25
21053,110652,0.3133333333333333
21054,89033,0.19
21055,6363,0.3
21056,21872,0.32
21057,107639,0.08
21058,20701,0.22
21059,97376,0.27
21060,51028,0.27
21061,26010,0.2
21062,50550,0.42301428121191526
21063,35448,0.4531794040040778
21064,8110,0.24
21065,42719,0.27
21066,113283,0.2923230518274556
21067,42051,0.07
21068,104179,0.35
21069,12231,0.27
21070,13021,0.7606405173421392
21071,96853,0.28
21072,101735,0.28
21073,6614,0.5023486477495499
21074,77376,0.29542118743406626
21075,33454,0.31
21076,109870,0.6514684368668864
21077,8637,0.26
21078,303,0.3165832815740585
21079,24809,0.12
21080,84557,0.7672499240916899
21081,105712,0.31
21082,13398,0.36
21083,62287,0.33224337223043043
21084,38171,0.19
21085,87250,0.6060437791111741
21086,97685,0.19
21087,94786,0.8087014454974942
21088,104970,0.3
21089,46189,0.24
21090,47253,0.21
21091,12723,0.31
21092,73164,0.44035186592851355
21093,6091,0.15
21094,57876,0.8087014454974942
21095,7528,0.28
21096,1287,0.29950197808316326
21097,10867,0.27
21098,22096,0.26
21099,64403,0.28
21100,114882,0.21
21101,59948,0.23
21102,110863,0.22
21103,4353,0.24
21104,46849,0.26
21105,61824,0.8331601874669974
21106,3635,0.27
21107,25519,0.26
21108,5230,0.28
21109,65491,0.25
21110,83735,0.3
21111,46416,0.3595606657286202
21112,110969,0.35236544011544013
21113,31353,0.28
21114,78503,0.3
21115,51323,0.3
21116,44518,0.2736505932627259
21117,33974,0.21
21118,22236,0.27
21119,107672,0.23
21120,37984,0.23
21121,31650,0.21
21122,111271,0.19
21123,77481,0.26
21124,16548,0.35850000000000004
21125,86686,0.21106571196018278
21126,64965,0.28
21127,70811,0.26
21128,10077,0.25
21129,26189,0.21
21130,71623,0.44035186592851355
21131,40887,0.19
21132,43009,0.31
21133,74977,0.3795414430340901
21134,21630,0.27
21135,94618,0.18
21136,3219,0.29950197808316326
21137,56316,0.3
21138,15244,0.2
21139,28173,0.3
21140,89347,0.23
21141,58306,0.17
21142,25016,0.13
21143,95617,0.16
21144,39002,0.34
21145,56307,0.34
21146,30647,0.31
21147,16883,0.32
21148,86784,0.3
21149,113771,0.3
21150,59134,0.22
21151,11564,0.17
21152,11328,0.2606523131581182
21153,77896,0.29
21154,27058,0.24
21155,17177,0.16
21156,5472,0.4830053831157081
21157,69482,0.21106571196018278
21158,18521,0.25
21159,56391,0.33224337223043043
21160,60898,0.26
21161,93949,0.18
21162,22646,0.2
21163,113592,0.3
21164,14014,0.26
21165,40169,0.489939631047358
21166,43823,0.8016548798422711
21167,42608,0.28
21168,40351,0.24
21169,39266,0.27
21170,76452,0.12
21171,18332,0.35462482918007915
21172,71515,0.5658684711404199
21173,72873,0.23
21174,59935,0.33
21175,11087,0.25
21176,75580,0.26
21177,104682,0.19
21178,30238,0.21
21179,77480,0.2672180728297719
21180,67894,0.27
21181,31745,0.19
21182,103251,0.21
21183,16668,0.37
21184,106798,0.23
21185,84815,0.5658684711404199
21186,72002,0.44035186592851355
21187,95212,0.8074620881663229
21188,70548,0.7024997009086346
21189,42436,0.7672499240916899
21190,5107,0.17
21191,88511,0.29
21192,72945,0.26
21193,17186,0.28
21194,96367,0.23
21195,80345,0.9073162876490548
21196,29936,0.19
21197,55528,0.26
21198,84531,0.21106571196018278
21199,32857,0.7415137606796547
21200,105659,0.22
21201,81138,0.21
21202,14873,0.24
21203,108430,0.4
21204,59206,0.8484012324895833
21205,78730,0.25
21206,4125,0.3
21207,36702,0.22
21208,52144,0.32
21209,98478,0.22
21210,42323,0.16
21211,115068,0.7517547952262292
21212,87486,0.7024997009086346
21213,104045,0.40569492300158616
21214,1745,0.3
21215,45327,0.44
21216,27115,0.6646033527294247
21217,102262,0.29
21218,58848,0.19
21219,14890,0.18
21220,47162,0.36
21221,15823,0.39549999999999996
21222,107682,0.21
21223,7901,0.21
21224,108811,0.34
21225,80252,0.29
21226,40227,0.41
21227,110986,0.21
21228,7442,0.25
21229,105293,0.34
21230,59162,0.27
21231,12757,0.46180454754171424
21232,36001,0.33224337223043043
21233,16166,0.28
21234,75033,0.24
21235,95300,0.29
21236,9687,0.28
21237,1053,0.25
21238,112979,0.31
21239,85772,0.16
21240,35148,0.4477777777777777
21241,93331,0.686711125185392
21242,57452,0.36
21243,45832,0.27
21244,90548,0.686711125185392
21245,26312,0.3
21246,101719,0.27
21247,94780,0.22
21248,48187,0.25
21249,11393,0.21
21250,23575,0.1
21251,107208,0.25
21252,17246,0.25
21253,113682,0.25
21254,68785,0.8087014454974942
21255,112815,0.31
21256,111036,0.26
21257,63925,0.28
21258,12250,0.25
21259,110473,0.37
21260,96904,0.5658684711404199
21261,18256,0.48
21262,55121,0.23
21263,60444,0.21106571196018278
21264,85981,0.32
21265,65794,0.28
21266,95142,0.6879944332192204
21267,11698,0.17
21268,12377,0.35
21269,55861,0.31
21270,13106,0.25
21271,105710,0.34
21272,15014,0.37
21273,42884,0.26
21274,115179,0.31
21275,43442,0.26
21276,5689,0.23
21277,23864,0.3
21278,41479,0.22
21279,88175,0.8087014454974942
21280,115442,0.36862922705314005
21281,19222,0.25293732567047406
21282,10357,0.25
21283,55756,0.19
21284,19725,0.35
21285,8978,0.29333333333333333
21286,76677,0.44035186592851355
21287,76457,0.28
21288,107401,0.7084602284842296
21289,112191,0.27
21290,86349,0.24
21291,65243,0.23
21292,37168,0.7415137606796547
21293,113774,0.28
21294,15531,0.3025424035211683
21295,25272,0.28
21296,1406,0.22
21297,51027,0.18
21298,72381,0.3071461529331835
21299,14476,0.22
21300,48011,0.27
21301,112557,0.21
21302,20666,0.22
21303,53921,0.7024997009086346
21304,66812,0.28
21305,55267,0.13
21306,62760,0.778920261971505
21307,95946,0.23760818498476272
21308,892,0.22
21309,110994,0.2
21310,79521,0.23
21311,115260,0.33224337223043043
21312,89625,0.41
21313,107553,0.31
21314,109174,0.29285605710579565
21315,83820,0.2752059837865456
21316,70384,0.3
21317,54903,0.23
21318,39945,0.2611111183793985
21319,106685,0.17
21320,44043,0.28
21321,55115,0.6574333853925554
21322,15293,0.25
21323,82002,0.24
21324,91648,0.21106571196018278
21325,29614,0.4911165246865001
21326,59920,0.8094490423084325
21327,45517,0.26
21328,99868,0.22
21329,57184,0.22
21330,102768,0.31
21331,65242,0.3
21332,47860,0.34
21333,90662,0.24
21334,48938,0.3
21335,80678,0.21
21336,106473,0.21
21337,64304,0.2
21338,89876,0.33224337223043043
21339,79126,0.2923230518274556
21340,99417,0.22
21341,45618,0.25
21342,94257,0.4911165246865001
21343,36839,0.38
21344,75086,0.33
21345,21998,0.34
21346,68943,0.43
21347,29722,0.2876257219969326
21348,35858,0.33224337223043043
21349,6989,0.24
21350,35202,0.25293732567047406
21351,10008,0.27
21352,5801,0.21
21353,73788,0.27
21354,22555,0.3
21355,100386,0.21
21356,103007,0.33483341043438736
21357,26962,0.25
21358,60495,0.21
21359,115694,0.3
21360,53372,0.25
21361,62472,0.7024997009086346
21362,58425,0.5455326939251731
21363,45773,0.29
21364,48300,0.22
21365,75198,0.27
21366,13709,0.25374237641917524
21367,4594,0.4830053831157081
21368,56071,0.33224337223043043
21369,92046,0.8484012324895833
21370,79686,0.33
21371,48516,0.22
21372,12378,0.22
21373,82853,0.21
21374,106041,0.27
21375,40668,0.21
21376,50514,0.31
21377,34861,0.5455326939251731
21378,24333,0.3
21379,68696,0.31
21380,72644,0.2672180728297719
21381,62340,0.19
21382,6380,0.09
21383,108056,0.12
21384,97830,0.33
21385,106691,0.32
21386,93991,0.32
21387,71612,0.27
21388,11144,0.14
21389,88309,0.28
21390,61304,0.5668692303155257
21391,60085,0.3
21392,76288,0.3
21393,39039,0.26
21394,114264,0.2923230518274556
21395,22669,0.35
21396,8478,0.27
21397,107771,0.28
21398,78597,0.44035186592851355
21399,49197,0.3782589900529063
21400,9960,0.23
21401,106044,0.32
21402,72414,0.44035186592851355
21403,81667,0.22
21404,10152,0.25
21405,94323,0.8087014454974942
21406,72298,0.4911165246865001
21407,18774,0.26
21408,113061,0.21
21409,105409,0.32
21410,106735,0.29
21411,48480,0.3054576171951389
21412,80324,0.3
21413,8300,0.26
21414,107642,0.17
21415,47748,0.778920261971505
21416,32080,0.24
21417,80550,0.27
21418,108349,0.14
21419,80735,0.22
21420,101471,0.29
21421,19801,0.17
21422,49039,0.25293732567047406
21423,19226,0.22
21424,112177,0.2
21425,15268,0.38
21426,115219,0.28
21427,31615,0.2
21428,115288,0.6879944332192204
21429,113319,0.36
21430,48831,0.6879944332192204
21431,92122,0.27
21432,31194,0.27
21433,55248,0.1
21434,86531,0.19
21435,111584,0.23
21436,105388,0.4911165246865001
21437,42150,0.15
21438,24423,0.21
21439,67730,0.23
21440,108743,0.31
21441,89805,0.3
21442,7585,0.25
21443,39928,0.17
21444,98402,0.25
21445,54499,0.3
21446,2313,0.25
21447,52284,0.21
21448,44886,0.3
21449,98236,0.22
21450,100366,0.686711125185392
21451,98672,0.28908145122531176
21452,85163,0.25293732567047406
21453,2337,0.33
21454,24488,0.28
21455,24714,0.3
21456,88930,0.21
21457,106870,0.21106571196018278
21458,58322,0.8457951945355597
21459,67958,0.47156611085503913
21460,63757,0.21
21461,71830,0.24
21462,18145,0.15
21463,28372,0.27
21464,45281,0.26
21465,15448,0.19
21466,90623,0.21
21467,113485,0.32
21468,17330,0.3
21469,16042,0.22
21470,37469,0.22
21471,9405,0.35
21472,19659,0.3151205882352941
21473,97078,0.9073162876490548
21474,7458,0.26
21475,93162,0.2672180728297719
21476,13637,0.31
21477,75725,0.22
21478,73961,0.09
21479,55315,0.07
21480,5049,0.25
21481,66142,0.33
21482,111168,0.23
21483,80093,0.6961258235367476
21484,48890,0.22
21485,103277,0.22
21486,97751,0.6514684368668864
21487,32521,0.29
21488,62599,0.2
21489,27510,0.21
21490,67738,0.6060437791111741
21491,50695,0.33224337223043043
21492,10224,0.28
21493,83500,0.29712558860906485
21494,95884,0.27287579664907846
21495,24165,0.2611111183793985
21496,102748,0.8087014454974942
21497,26439,0.2779001297850061
21498,16639,0.22
21499,90356,0.47156611085503913
21500,53287,0.26
21501,101569,0.43
21502,102664,0.8025734585058774
21503,48099,0.8331601874669974
21504,30486,0.6879944332192204
21505,4969,0.29
21506,72684,0.29
21507,67329,0.44035186592851355
21508,96713,0.2
21509,101145,0.21
21510,26006,0.05
21511,11026,0.25
21512,43787,0.26
21513,109,0.26
21514,88605,0.21
21515,12259,0.5775446743647739
21516,111144,0.21
21517,94112,0.3713762139346507
21518,85281,0.22
21519,87598,0.21
21520,19393,0.21
21521,111392,0.27
21522,11304,0.27
21523,8537,0.18
21524,42365,0.26
21525,12322,0.17
21526,28857,0.32
21527,66594,0.26
21528,103973,0.27
21529,77637,0.5952890834207484
21530,54172,0.28
21531,16062,0.22
21532,86055,0.35
21533,36006,0.22
21534,101622,0.3
21535,8032,0.24
21536,105475,0.08
21537,112426,0.24
21538,105414,0.9039408732770348
21539,53396,0.3
21540,40130,0.29
21541,77691,0.13
21542,16672,0.3
21543,98969,0.21
21544,78652,0.3
21545,89245,0.27
21546,8430,0.28
21547,111278,0.28
21548,34020,0.22
21549,29647,0.22
21550,77394,0.33224337223043043
21551,95110,0.23
21552,96632,0.04
21553,55860,0.6606477235506313
21554,13679,0.28
21555,67499,0.3
21556,31901,0.24
21557,78198,0.21106571196018278
21558,14627,0.7756446436943324
21559,5307,0.22
21560,24628,0.3
21561,57964,0.33
21562,78599,0.21
21563,48206,0.3795414430340901
21564,14829,0.29041044843077246
21565,75730,0.26
21566,109741,0.3
21567,87191,0.28
21568,46965,0.27
21569,99554,0.6060437791111741
21570,44486,0.15
21571,87028,0.26
21572,98097,0.21
21573,96677,0.2
21574,18188,0.13
21575,80776,0.21
21576,43083,0.26
21577,32969,0.6147421971928614
21578,24233,0.22
21579,39890,0.06
21580,72863,0.21584599045548056
21581,112884,0.7491207553686823
21582,72703,0.44035186592851355
21583,41672,0.7929835529609893
21584,61488,0.27
21585,51456,0.16699999999999998
21586,73907,0.25
21587,112189,0.6059325396825398
21588,60067,0.34
21589,87439,0.6060437791111741
21590,77348,0.4911165246865001
21591,66729,0.29
21592,93660,0.28
21593,38974,0.26
21594,95138,0.21
21595,64421,0.3
21596,107679,0.6514684368668864
21597,44601,0.49775771369818395
21598,101448,0.21
21599,41829,0.23
21600,17766,0.22
21601,104671,0.3
21602,34533,0.18
21603,80720,0.21106571196018278
21604,12582,0.32
21605,32289,0.26
21606,38149,0.22
21607,107889,0.28
21608,34693,0.3782589900529063
21609,15213,0.05
21610,15479,0.26
21611,88186,0.21106571196018278
21612,24986,0.24
21613,88497,0.14
21614,109737,0.21
21615,102650,0.26
21616,31780,0.27
21617,104082,0.27
21618,96549,0.26
21619,112889,0.26
21620,55182,0.6879944332192204
21621,97038,0.3
21622,19595,0.26
21623,28559,0.4
21624,32522,0.29
21625,1024,0.28
21626,73765,0.44035186592851355
21627,32336,0.21
21628,105983,0.582835818195715
21629,59430,0.3
21630,114187,0.21
21631,20122,0.29
21632,66778,0.31
21633,68498,0.11
21634,102153,0.29542118743406626
21635,4750,0.2714285714285714
21636,2612,0.5193505410231796
21637,37149,0.27
21638,89332,0.3
21639,85986,0.26
21640,58923,0.3048363735289757
21641,88720,0.21
21642,69102,0.15
21643,64778,0.28
21644,108197,0.5536028095313699
21645,16011,0.47
21646,67771,0.44035186592851355
21647,62964,0.26
21648,54721,0.3
21649,9090,0.09
21650,96950,0.32
21651,112638,0.9127730381907577
21652,47797,0.328071367358132
21653,88563,0.21
21654,14755,0.34
21655,76756,0.663121287281579
21656,114131,0.23
21657,63544,0.26
21658,45506,0.05
21659,33711,0.36
21660,57305,0.27
21661,71306,0.26
21662,47261,0.22
21663,64454,0.32
21664,49011,0.6606477235506313
21665,31714,0.23
21666,82737,0.09
21667,38474,0.31
21668,60229,0.3
21669,39402,0.2
21670,87025,0.29
21671,10726,0.27
21672,32574,0.26
21673,98105,0.09
21674,50081,0.6879944332192204
21675,104043,0.27
21676,97622,0.25
21677,93278,0.8074620881663229
21678,94265,0.15
21679,26252,0.2
21680,17349,0.31990954534215477
21681,54775,0.34
21682,22431,0.25
21683,83542,0.33899285004789426
21684,61089,0.21
21685,12819,0.09
21686,32247,0.3062866491761945
21687,91652,0.22
21688,79055,0.23
21689,114869,0.23
21690,58068,0.23
21691,24091,0.35
21692,85136,0.4531794040040778
21693,101372,0.9073162876490548
21694,8011,0.29
21695,28213,0.26
21696,42956,0.1
21697,28218,0.2736505932627259
21698,78837,0.17
21699,111007,0.21
21700,48995,0.6574333853925554
21701,109709,0.2
21702,94168,0.8074620881663229
21703,36324,0.6574333853925554
21704,30366,0.21
21705,49444,0.7024997009086346
21706,5501,0.3379268407291214
21707,5943,0.25
21708,85936,0.27
21709,57231,0.5455326939251731
21710,42626,0.3
21711,27936,0.19
21712,4765,0.26
21713,100622,0.28
21714,74824,0.22
21715,52067,0.38
21716,32126,0.19
21717,113593,0.3
21718,103360,0.23
21719,23400,0.33
21720,12255,0.533504542114656
21721,71325,0.08
21722,28171,0.21
21723,29224,0.33
21724,113301,0.38
21725,75063,0.15
21726,38957,0.22
21727,70998,0.6970637908450266
21728,113128,0.6574333853925554
21729,92527,0.29
21730,111545,0.24
21731,83340,0.28
21732,73261,0.44035186592851355
21733,28980,0.6574333853925554
21734,9494,0.23828070175438598
21735,85071,0.15
21736,73890,0.328071367358132
21737,54125,0.28
21738,30630,0.6063580061789815
21739,3506,0.26
21740,91173,0.2
21741,85889,0.2779001297850061
21742,60802,0.2
21743,98871,0.6060437791111741
21744,91106,0.33
21745,49558,0.2
21746,15260,0.18
21747,57186,0.14
21748,83863,0.3
21749,104148,0.3724012754292784
21750,59842,0.3595606657286202
21751,78307,0.27
21752,65574,0.28104660881121046
21753,72040,0.28
21754,100260,0.3
21755,44574,0.26
21756,39352,0.26
21757,36517,0.7024997009086346
21758,29113,0.6879944332192204
21759,49206,0.49626280269721645
21760,92206,0.35
21761,26376,0.2736505932627259
21762,101547,0.292
21763,61275,0.27
21764,34479,0.3
21765,92386,0.33
21766,113872,0.27
21767,6053,0.25
21768,103594,0.23
21769,54644,0.29
21770,83623,0.22
21771,19416,0.13
21772,11310,0.25
21773,61395,0.28
21774,8910,0.6683387820029013
21775,86893,0.3713762139346507
21776,94969,0.25
21777,40863,0.255625
21778,1553,0.22
21779,53391,0.31
21780,12482,0.21
21781,47576,0.23
21782,1592,0.29
21783,104185,0.27
21784,45015,0.26
21785,99383,0.21
21786,96474,0.3025
21787,9474,0.24796069590298245
21788,91182,0.28
21789,91325,0.21106571196018278
21790,10608,0.27
21791,74083,0.8331601874669974
21792,81091,0.26
21793,10135,0.16
21794,16537,0.33
21795,16795,0.09
21796,55239,0.2779001297850061
21797,103300,0.6514684368668864
21798,91010,0.44035186592851355
21799,101128,0.24
21800,61544,0.3
21801,89577,0.33
21802,70368,0.25
21803,26398,0.3
21804,55017,0.6063580061789815
21805,81225,0.49626280269721645
21806,20894,0.22
21807,24491,0.26
21808,75019,0.21106571196018278
21809,94711,0.4911165246865001
21810,61326,0.27
21811,9253,0.22
21812,31875,0.26
21813,4152,0.26
21814,79240,0.25
21815,48085,0.27
21816,54654,0.27
21817,58699,0.22
21818,76504,0.2672180728297719
21819,10717,0.22
21820,63994,0.21
21821,37486,0.28
21822,61698,0.24
21823,5213,0.4830053831157081
21824,79626,0.24
21825,6718,0.21
21826,2503,0.23142857142857143
21827,33485,0.22
21828,56376,0.24
21829,99679,0.36633867133905085
21830,36748,0.28
21831,43003,0.22
21832,30365,0.36
21833,108277,0.28
21834,29879,0.21
21835,71338,0.778920261971505
21836,103406,0.31
21837,51919,0.7024997009086346
21838,110964,0.25076923076923074
21839,108674,0.3
21840,8908,0.41651984126984126
21841,22501,0.19
21842,78865,0.27
21843,33157,0.18
21844,95258,0.21584599045548056
21845,16824,0.3
21846,47753,0.22
21847,110812,0.3317956181395856
21848,1575,0.24
21849,58727,0.778920261971505
21850,72590,0.28
21851,65507,0.28
21852,11259,0.05
21853,115025,0.29189584892557885
21854,41957,0.9437447063281852
21855,20723,0.27
21856,28749,0.5098901818657562
21857,27207,0.31
21858,21830,0.25
21859,98507,0.28
21860,2364,0.27
21861,4318,0.25
21862,15827,0.24
21863,40514,0.09
21864,7476,0.36862068965517236
21865,42722,0.22
21866,113016,0.26
21867,25906,0.2
21868,22776,0.23
21869,99283,0.213125892987996
21870,83666,0.844755567144862
21871,101848,0.9073162876490548
21872,111713,0.3
21873,94595,0.26
21874,78605,0.2
21875,25818,0.3
21876,80159,0.22
21877,89195,0.6060437791111741
21878,100104,0.686711125185392
21879,10009,0.21
21880,47861,0.28
21881,30182,0.489939631047358
21882,50292,0.11
21883,68410,0.8087014454974942
21884,6506,0.22
21885,10956,0.45500000000000007
21886,42053,0.25
21887,103003,0.21106571196018278
21888,90796,0.21
21889,9636,0.3
21890,96295,0.30943861705025505
21891,87107,0.13
21892,66549,0.23
21893,7963,0.24
21894,42407,0.16
21895,114666,0.21
21896,102661,0.24
21897,87231,0.21
21898,98012,0.9039408732770348
21899,76379,0.663121287281579
21900,62188,0.17
21901,85476,0.21
21902,44854,0.28
21903,106186,0.23
21904,53845,0.28245238095238095
21905,101332,0.21
21906,101695,0.33
21907,22035,0.23
21908,3178,0.26
21909,57448,0.21106571196018278
21910,89581,0.3633333333333333
21911,78650,0.27
21912,32464,0.6879944332192204
21913,20127,0.30485270461020425
21914,107609,0.30943861705025505
21915,85778,0.2672180728297719
21916,102854,0.26
21917,83852,0.14
21918,6998,0.4830053831157081
21919,82811,0.27
21920,69753,0.25
21921,659,0.26
21922,25024,0.22
21923,92194,0.23
21924,109894,0.28
21925,63750,0.21
21926,48901,0.21
21927,3387,0.21
21928,5987,0.21
21929,43153,0.3048363735289757
21930,66904,0.4
21931,35980,0.26
21932,7945,0.29
21933,96439,0.9039408732770348
21934,103860,0.29
21935,95124,0.18
21936,107588,0.22
21937,113428,0.26
21938,26808,0.2736505932627259
21939,67965,0.6060437791111741
21940,83048,0.8016548798422711
21941,112260,0.28
21942,115676,0.21
21943,15425,0.24
21944,6338,0.24
21945,115513,0.6574333853925554
21946,26593,0.28
21947,102460,0.22
21948,82366,0.28
21949,83918,0.3
21950,14964,0.3627069340235728
21951,54995,0.5098901818657562
21952,65683,0.32
21953,12301,0.23
21954,73448,0.25
21955,54273,0.33
21956,4059,0.28
21957,43932,0.29
21958,27245,0.5098901818657562
21959,25299,0.21
21960,45960,0.35
21961,16479,0.3067242206412115
21962,28792,0.27
21963,51875,0.6574333853925554
21964,73112,0.21
21965,111107,0.6514684368668864
21966,95691,0.6185082824926071
21967,110124,0.21
21968,63923,0.17
21969,54388,0.778920261971505
21970,4617,0.31
21971,113299,0.28
21972,83213,0.5020588542209693
21973,39339,0.2611111183793985
21974,29984,0.6879944332192204
21975,104112,0.26
21976,17658,0.1
21977,546,0.27
21978,93471,0.2
21979,49050,0.778920261971505
21980,10659,0.28
21981,38633,0.22
21982,46373,0.07
21983,74915,0.22
21984,23200,0.29
21985,74591,0.24
21986,101583,0.24
21987,78532,0.27
21988,32941,0.21952136456069715
21989,75275,0.14
21990,113920,0.3
21991,44313,0.27
21992,94732,0.21
21993,105500,0.24
21994,31513,0.2
21995,2340,0.25
21996,96391,0.33899285004789426
21997,111502,0.21
21998,5818,0.27
21999,27239,0.888471962188229
22000,99640,0.686711125185392
22001,34699,0.28
22002,104947,0.2
22003,60448,0.2672180728297719
22004,35206,0.33224337223043043
22005,49657,0.22
22006,2009,0.3329504657104964
22007,30751,0.4911165246865001
22008,27048,0.778920261971505
22009,93740,0.2672180728297719
22010,88744,0.22
22011,47119,0.29
22012,99327,0.29
22013,50615,0.31
22014,86102,0.14
22015,106595,0.2
22016,112928,0.3
22017,109893,0.22
22018,2674,0.21
22019,87151,0.28
22020,60238,0.4911165246865001
22021,17575,0.23
22022,51769,0.42301428121191526
22023,68289,0.31
22024,54504,0.15
22025,26618,0.28
22026,5711,0.23142857142857143
22027,46779,0.2736505932627259
22028,16270,0.22
22029,67911,0.28
22030,91869,0.9039408732770348
22031,103631,0.804737389751532
22032,69273,0.2672180728297719
22033,434,0.27
22034,67603,0.48
22035,83553,0.5455326939251731
22036,44585,0.22
22037,31122,0.28
22038,106439,0.21
22039,11263,0.25
22040,85976,0.17
22041,74191,0.213125892987996
22042,84178,0.3
22043,22740,0.26
22044,80672,0.8087014454974942
22045,23336,0.2611111183793985
22046,112625,0.21
22047,46472,0.06
22048,26122,0.33
22049,29621,0.3
22050,59847,0.33224337223043043
22051,80331,0.1
22052,1457,0.3
22053,100196,0.4
22054,3914,0.25
22055,103708,0.28
22056,19636,0.38
22057,87060,0.4911165246865001
22058,51570,0.26
22059,63819,0.22
22060,33562,0.2
22061,83635,0.4251838111498381
22062,50800,0.76
22063,26718,0.31570863451286013
22064,15058,0.29
22065,88735,0.26
22066,66598,0.21
22067,63829,0.28
22068,30555,0.22
22069,90361,0.2672180728297719
22070,106175,0.26
22071,98852,0.686711125185392
22072,12976,0.21
22073,37731,0.3999673937173938
22074,77598,0.4911165246865001
22075,40264,0.25
22076,89219,0.2
22077,489,0.26
22078,48335,0.23
22079,26175,0.22
22080,45182,0.22
22081,26820,0.6606477235506313
22082,10944,0.29
22083,110287,0.3142893084856641
22084,3054,0.26
22085,100689,0.9073162876490548
22086,58127,0.28
22087,38495,0.22
22088,45472,0.2736505932627259
22089,17297,0.41846758307052423
22090,13789,0.4991156399416326
22091,107372,0.26
22092,47877,0.26
22093,50367,0.07
22094,60756,0.38
22095,5480,0.25
22096,55498,0.27
22097,53920,0.7024997009086346
22098,89773,0.9106379870737048
22099,19860,0.27
22100,10776,0.28
22101,111685,0.6574333853925554
22102,53133,0.18
22103,83774,0.29
22104,47329,0.29
22105,25661,0.33899285004789426
22106,86884,0.27
22107,18620,0.37
22108,73337,0.32
22109,9964,0.22
22110,35151,0.32605225178845515
22111,32071,0.28
22112,76938,0.27
22113,53587,0.27
22114,39075,0.25
22115,56968,0.28
22116,57697,0.24
22117,13396,0.08
22118,20080,0.27
22119,107690,0.29
22120,43707,0.18
22121,60763,0.4911165246865001
22122,93264,0.31
22123,90448,0.13
22124,112967,0.31
22125,101064,0.24
22126,14426,0.2
22127,114434,0.38
22128,23412,0.4911165246865001
22129,65898,0.28
22130,63307,0.1
22131,78759,0.14
22132,87271,0.23
22133,111462,0.28
22134,76498,0.22
22135,36036,0.3048363735289757
22136,105962,0.804737389751532
22137,44984,0.31066666666666665
22138,108364,0.27
22139,32786,0.43
22140,83478,0.25
22141,30059,0.25
22142,115918,0.3
22143,97291,0.33
22144,102578,0.7491207553686823
22145,6146,0.21
22146,85683,0.27
22147,10833,0.28
22148,27138,0.28
22149,63885,0.36
22150,67760,0.25
22151,46061,0.09
22152,86673,0.28
22153,41240,0.778920261971505
22154,64928,0.21
22155,95584,0.9073162876490548
22156,55073,0.04
22157,11624,0.21
22158,16888,0.25
22159,39845,0.42640208607459895
22160,37284,0.31
22161,82400,0.3
22162,33488,0.7517547952262292
22163,939,0.24
22164,31382,0.3
22165,77135,0.22
22166,76157,0.29
22167,15067,0.4857224179653792
22168,72867,0.3595606657286202
22169,99953,0.29
22170,29805,0.21
22171,82223,0.7024997009086346
22172,22655,0.26
22173,114101,0.21
22174,94476,0.41
22175,38869,0.18
22176,15711,0.27
22177,65636,0.28
22178,31841,0.28
22179,76703,0.34
22180,97829,0.33
22181,62725,0.29
22182,54367,0.25
22183,64252,0.24
22184,71853,0.25
22185,19461,0.45547356828193836
22186,11619,0.31160714285714286
22187,90410,0.29
22188,25714,0.19
22189,100072,0.26
22190,65693,0.24
22191,55529,0.12
22192,26901,0.28
22193,4422,0.25
22194,865,0.7647093730601477
22195,55236,0.22
22196,65086,0.29712558860906485
22197,25472,0.3
22198,37957,0.3048363735289757
22199,7613,0.4830053831157081
22200,56122,0.22
22201,17925,0.05
22202,100425,0.6514684368668864
22203,87507,0.14
22204,79753,0.21
22205,14004,0.24
22206,64738,0.28
22207,101553,0.24
22208,22360,0.49626280269721645
22209,108362,0.21
22210,110862,0.26
22211,104142,0.31
22212,96451,0.8087014454974942
22213,86014,0.8457951945355597
22214,112507,0.33
22215,84160,0.26
22216,32182,0.07
22217,95537,0.24
22218,7266,0.24
22219,3619,0.26
22220,47630,0.25
22221,14654,0.48
22222,17554,0.24
22223,110822,0.5658684711404199
22224,114857,0.27
22225,51762,0.22
22226,73562,0.29
22227,67796,0.57602346105529
22228,39803,0.22
22229,110115,0.29
22230,25115,0.2611111183793985
22231,1922,0.24
22232,84994,0.2923230518274556
22233,98183,0.04
22234,41044,0.29
22235,34775,0.5337472564381157
22236,111845,0.4
22237,65489,0.29
22238,81963,0.34
22239,48567,0.34
22240,77792,0.06
22241,41215,0.22
22242,111210,0.21
22243,24778,0.2611111183793985
22244,45022,0.27
22245,60398,0.3
22246,53482,0.778920261971505
22247,21923,0.41
22248,77196,0.26
22249,108256,0.3
22250,45969,0.09
22251,109276,0.8002701290515217
22252,36436,0.33224337223043043
22253,77366,0.22
22254,71822,0.44035186592851355
22255,105724,0.6514684368668864
22256,69709,0.25
22257,18630,0.36
22258,28001,0.7415137606796547
22259,32184,0.21
22260,8036,0.26
22261,44596,0.38
22262,40378,0.13
22263,101001,0.23
22264,17757,0.3618664046504301
22265,65360,0.36
22266,41290,0.31
22267,105480,0.12
22268,7241,0.25
22269,49184,0.22
22270,24520,0.25
22271,31660,0.7415137606796547
22272,97557,0.21
22273,61364,0.3
22274,40049,0.3
22275,97473,0.9073162876490548
22276,98703,0.28
22277,75956,0.28
22278,102025,0.29
22279,12563,0.19
22280,63084,0.21
22281,33211,0.43091532760561035
22282,20442,0.28
22283,62502,0.26
22284,52714,0.21
22285,96262,0.22
22286,28130,0.23
22287,50295,0.6574333853925554
22288,93099,0.22333333333333333
22289,29329,0.29
22290,48280,0.22
22291,82664,0.23
22292,82974,0.26
22293,10114,0.25
22294,1859,0.22
22295,8392,0.32
22296,58963,0.8094490423084325
22297,29455,0.24
22298,9,0.3379268407291214
22299,102001,0.29
22300,21216,0.3
22301,23847,0.2611111183793985
22302,103749,0.24
22303,115928,0.21
22304,44217,0.2611111183793985
22305,86374,0.29542118743406626
22306,35841,0.19
22307,54901,0.33224337223043043
22308,52797,0.26
22309,43871,0.42640208607459895
22310,74015,0.21106571196018278
22311,39977,0.22
22312,86824,0.3
22313,54803,0.33
22314,97548,0.2672180728297719
22315,20041,0.23
22316,113434,0.3
22317,100481,0.07
22318,24918,0.2611111183793985
22319,111118,0.3
22320,32594,0.28
22321,84583,0.2
22322,96035,0.6514684368668864
22323,114175,0.28104660881121046
22324,52971,0.28
22325,89263,0.686711125185392
22326,97260,0.34
22327,33849,0.26
22328,92109,0.21
22329,95038,0.686711125185392
22330,28230,0.28
22331,78887,0.3595606657286202
22332,12832,0.25
22333,549,0.21
22334,82891,0.7024997009086346
22335,19518,0.61
22336,6140,0.25
22337,10982,0.25
22338,65306,0.22
22339,109368,0.25
22340,52970,0.27666666666666667
22341,70689,0.14
22342,39800,0.26
22343,63484,0.22
22344,43619,0.57602346105529
22345,61670,0.21106571196018278
22346,86650,0.44035186592851355
22347,105620,0.28
22348,41040,0.05
22349,115394,0.27
22350,96964,0.5658684711404199
22351,78849,0.22
22352,66006,0.14
22353,7965,0.27
22354,96100,0.8025734585058774
22355,113747,0.29
22356,9596,0.25
22357,45380,0.21
22358,24859,0.22
22359,36319,0.37
22360,57129,0.7024997009086346
22361,86346,0.23
22362,56298,0.3
22363,29333,0.7415137606796547
22364,81312,0.4911165246865001
22365,46863,0.28
22366,77991,0.34
22367,18544,0.3
22368,109918,0.6060437791111741
22369,89701,0.7491207553686823
22370,40916,0.26
22371,31697,0.19
22372,24214,0.33899285004789426
22373,46756,0.27
22374,28002,0.6879944332192204
22375,74271,0.21
22376,90442,0.8087014454974942
22377,102485,0.21
22378,108650,0.7084602284842296
22379,30582,0.7415137606796547
22380,62927,0.57602346105529
22381,39409,0.2611111183793985
22382,45865,0.32
22383,24502,0.08
22384,31657,0.12
22385,98403,0.28
22386,94236,0.18
22387,82934,0.28
22388,96424,0.29285605710579565
22389,109508,0.21
22390,3948,0.25
22391,62132,0.27
22392,115160,0.7415137606796547
22393,80669,0.27
22394,46685,0.21
22395,23211,0.26
22396,115181,0.22
22397,112109,0.21
22398,77895,0.3
22399,37814,0.31
22400,90150,0.19
22401,63371,0.8331601874669974
22402,42677,0.2
22403,104231,0.26
22404,26860,0.26
22405,35814,0.33
22406,1390,0.14
22407,55329,0.15
22408,80213,0.21
22409,105534,0.33
22410,24192,0.29
22411,86878,0.33899285004789426
22412,65602,0.28
22413,8221,0.26
22414,44955,0.16
22415,53943,0.21
22416,24345,0.24
22417,111981,0.26
22418,86151,0.25293732567047406
22419,104255,0.27
22420,28661,0.31570863451286013
22421,16591,0.07
22422,49911,0.6574333853925554
22423,48271,0.26
22424,102537,0.8087014454974942
22425,104211,0.6060437791111741
22426,2353,0.04
22427,76226,0.34
22428,9190,0.45461743753306927
22429,18871,0.27
22430,87306,0.02
22431,9127,0.21
22432,53159,0.49626280269721645
22433,83576,0.3142893084856641
22434,51439,0.6879944332192204
22435,2848,0.23
22436,5819,0.26
22437,80411,0.28104660881121046
22438,24325,0.23
22439,51029,0.33899285004789426
22440,110369,0.2589638640858153
22441,104734,0.7415137606796547
22442,51058,0.5098901818657562
22443,34165,0.09
22444,24779,0.2611111183793985
22445,22573,0.32605225178845515
22446,3160,0.5193505410231796
22447,84890,0.44035186592851355
22448,108787,0.21
22449,76763,0.4911165246865001
22450,59587,0.39
22451,100534,0.18
22452,87351,0.778920261971505
22453,9022,0.08
22454,23822,0.8044329605846217
22455,90466,0.2672180728297719
22456,113824,0.12
22457,65041,0.2
22458,40350,0.23
22459,25797,0.34
22460,98405,0.9073162876490548
22461,69560,0.22
22462,4869,0.25
22463,102319,0.28
22464,93609,0.13
22465,6910,0.21
22466,49483,0.26
22467,16309,0.31
22468,50685,0.33899285004789426
22469,9145,0.15
22470,49243,0.3
22471,16526,0.23
22472,13211,0.22
22473,44654,0.36
22474,101398,0.34
22475,101804,0.43249015313620975
22476,105678,0.08
22477,54349,0.21
22478,102018,0.3
22479,26824,0.27
22480,53492,0.22
22481,105098,0.21
22482,108222,0.21
22483,58522,0.28
22484,91148,0.44035186592851355
22485,46150,0.22
22486,17034,0.37
22487,98070,0.6514684368668864
22488,43765,0.17
22489,60362,0.27
22490,97573,0.18
22491,90463,0.6060437791111741
22492,24088,0.17
22493,29948,0.27
22494,63082,0.26
22495,96229,0.22
22496,21291,0.35
22497,18816,0.36
22498,30712,0.35
22499,61556,0.28
22500,89820,0.17
22501,32109,0.15
22502,70335,0.27
22503,9122,0.15
22504,16487,0.22
22505,95684,0.6514684368668864
22506,3106,0.13
22507,64913,0.27
22508,42996,0.18
22509,16649,0.19
22510,21652,0.32
22511,30990,0.44
22512,108549,0.28
22513,18211,0.23
22514,32809,0.2
22515,26231,0.2
22516,33429,0.3
22517,17560,0.7756446436943324
22518,18819,0.38
22519,115534,0.22
22520,115849,0.25
22521,25252,0.27
22522,35528,0.28
22523,105780,0.29
22524,108915,0.07
22525,38007,0.778920261971505
22526,23399,0.7024997009086346
22527,55174,0.6879944332192204
22528,57404,0.213125892987996
22529,64230,0.22
22530,67908,0.22
22531,94939,0.2
22532,101937,0.07
22533,18476,0.24
22534,48598,0.7405317013283446
22535,113620,0.14
22536,92657,0.14
22537,102820,0.12
22538,57119,0.42640208607459895
22539,13144,0.25
22540,107590,0.21
22541,12810,0.29
22542,57597,0.21
22543,67835,0.27
22544,11991,0.26
22545,88775,0.8087014454974942
22546,76858,0.26
22547,62648,0.19
22548,18532,0.29
22549,36298,0.19
22550,2021,0.25
22551,96518,0.19
22552,107032,0.40569492300158616
22553,103002,0.8087014454974942
22554,38220,0.3657142857142857
22555,19195,0.29
22556,76153,0.1
22557,24280,0.31
22558,77898,0.24
22559,11076,0.15
22560,103519,0.29
22561,24247,0.31
22562,47224,0.2611111183793985
22563,42932,0.21
22564,73437,0.27
22565,114707,0.22
22566,37122,0.26
22567,89967,0.3
22568,66538,0.22
22569,26196,0.27
22570,63109,0.6970637908450266
22571,41042,0.3
22572,14874,0.5559330273363108
22573,15740,0.48
22574,35906,0.6879944332192204
22575,60818,0.07
22576,41026,0.26
22577,28713,0.29
22578,114896,0.26
22579,64155,0.28
22580,70194,0.57602346105529
22581,103613,0.640589310994999
22582,75703,0.27
22583,43415,0.3
22584,28734,0.33
22585,69121,0.21
22586,58572,0.778920261971505
22587,15581,0.2
22588,23334,0.25
22589,98291,0.28908145122531176
22590,93403,0.25
22591,26180,0.3
22592,89102,0.11
22593,49159,0.2
22594,52758,0.6879944332192204
22595,45346,0.26
22596,99718,0.2
22597,7038,0.24
22598,102564,0.25
22599,26975,0.6879944332192204
22600,77737,0.24
22601,53191,0.33224337223043043
22602,43219,0.3
22603,93190,0.28
22604,91938,0.44035186592851355
22605,66232,0.29
22606,84907,0.4
22607,51135,0.28
22608,98803,0.07
22609,38410,0.31570863451286013
22610,62396,0.3
22611,24864,0.4911165246865001
22612,85190,0.29
22613,84527,0.28
22614,2874,0.24
22615,110561,0.27
22616,48057,0.8016548798422711
22617,107180,0.22
22618,79090,0.23
22619,85741,0.23
22620,104273,0.21
22621,32820,0.22
22622,43268,0.24
22623,37233,0.27
22624,32905,0.5952890834207484
22625,100662,0.30035621847553995
22626,52474,0.21584599045548056
22627,48398,0.14
22628,73436,0.3271357531357532
22629,103199,0.2633333333333333
22630,41252,0.21
22631,99638,0.2
22632,97198,0.21
22633,16478,0.23
22634,82471,0.26
22635,109083,0.26
22636,76522,0.33
22637,55631,0.36
22638,13910,0.24285714285714285
22639,44420,0.22
22640,66754,0.29
22641,55510,0.26
22642,5862,0.28
22643,86222,0.21
22644,24133,0.26
22645,101707,0.25
22646,64937,0.26
22647,73037,0.25
22648,94891,0.24
22649,50745,0.3
22650,50906,0.3
22651,42982,0.27
22652,39875,0.29
22653,100621,0.9073162876490548
22654,87930,0.25
22655,61876,0.3
22656,33915,0.26
22657,111052,0.21
22658,50062,0.26
22659,64782,0.29
22660,115946,0.24
22661,79232,0.23
22662,19676,0.5790291238374938
22663,70135,0.21
22664,88453,0.22
22665,91915,0.44035186592851355
22666,26461,0.3
22667,74869,0.21
22668,77980,0.26
22669,5619,0.24
22670,26301,0.07
22671,91258,0.07
22672,88702,0.31
22673,25568,0.22
22674,34284,0.49626280269721645
22675,45279,0.24
22676,74040,0.44035186592851355
22677,82864,0.3
22678,100975,0.30035621847553995
22679,53296,0.33134820528628567
22680,45851,0.21
22681,45247,0.29
22682,30514,0.6879944332192204
22683,34300,0.31
22684,19388,0.3
22685,108667,0.23
22686,98216,0.28
22687,42083,0.29
22688,44276,0.3
22689,106913,0.6514684368668864
22690,91969,0.25
22691,33290,0.08
22692,74170,0.25
22693,48580,0.6879944332192204
22694,48790,0.33
22695,97896,0.3713762139346507
22696,57177,0.3054576171951389
22697,108682,0.21
22698,93204,0.2814568078776256
22699,71135,0.21
22700,100752,0.6514684368668864
22701,108377,0.29
22702,53549,0.22
22703,39786,0.22
22704,92157,0.21106571196018278
22705,33349,0.22
22706,17851,0.32
22707,5235,0.26
22708,46738,0.2611111183793985
22709,17252,0.13
22710,90344,0.8457951945355597
22711,104569,0.3317956181395856
22712,52310,0.26
22713,15656,0.3
22714,114449,0.27
22715,13763,0.42
22716,43305,0.5455326939251731
22717,113726,0.28
22718,65494,0.26
22719,88933,0.29712558860906485
22720,90216,0.27
22721,23196,0.36
22722,103527,0.36
22723,110717,0.3
22724,47907,0.26
22725,79116,0.6879944332192204
22726,2760,0.7731311617068628
22727,95751,0.23
22728,76234,0.5952890834207484
22729,78572,0.2
22730,22419,0.3
22731,51286,0.35535714285714287
22732,57222,0.23
22733,59613,0.6879944332192204
22734,12788,0.31
22735,101501,0.26
22736,78289,0.3
22737,8070,0.13
22738,77101,0.15
22739,52562,0.31
22740,107134,0.27
22741,100603,0.31
22742,49624,0.22
22743,69446,0.22
22744,101939,0.5658684711404199
22745,58053,0.27
22746,51025,0.7024997009086346
22747,106710,0.28
22748,68957,0.32
22749,76612,0.21
22750,87843,0.29
22751,112647,0.2902117207222417
22752,108792,0.27
22753,97921,0.2672180728297719
22754,23551,0.22
22755,46677,0.4215
22756,66128,0.07
22757,91029,0.21
22758,72929,0.05
22759,110950,0.804737389751532
22760,8446,0.22
22761,62970,0.26
22762,8783,0.25
22763,68420,0.44035186592851355
22764,22543,0.38
22765,57204,0.7024997009086346
22766,100056,0.21
22767,51288,0.29
22768,57735,0.6961258235367476
22769,54960,0.16
22770,107361,0.19
22771,48015,0.25
22772,49838,0.6574333853925554
22773,103549,0.8074620881663229
22774,69298,0.27
22775,115220,0.6879944332192204
22776,85455,0.15
22777,53235,0.25
22778,90724,0.44035186592851355
22779,81525,0.26
22780,61855,0.32
22781,8415,0.26
22782,55250,0.17
22783,41642,0.6063580061789815
22784,24727,0.27
22785,11976,0.28
22786,96281,0.686711125185392
22787,108492,0.27
22788,65648,0.28
22789,32754,0.31
22790,61945,0.3048363735289757
22791,75310,0.4
22792,97522,0.27
22793,95563,0.7084602284842296
22794,78394,0.7024997009086346
22795,23631,0.22
22796,59835,0.3
22797,84878,0.42301428121191526
22798,21350,0.3
22799,59383,0.33
22800,57653,0.21
22801,90250,0.22
22802,45064,0.31
22803,107683,0.23
22804,67749,0.26
22805,24430,0.27
22806,78372,0.24
22807,50396,0.06
22808,74383,0.21
22809,77272,0.5658684711404199
22810,113398,0.27
22811,824,0.22
22812,109501,0.15
22813,102342,0.8074620881663229
22814,7386,0.21
22815,12822,0.24
22816,12679,0.08
22817,8170,0.25
22818,31275,0.26
22819,36093,0.19
22820,47652,0.3
22821,16953,0.29041044843077246
22822,47466,0.19
22823,94199,0.7491207553686823
22824,41616,0.27
22825,33859,0.3
22826,88844,0.8087014454974942
22827,28508,0.2736505932627259
22828,107461,0.4911165246865001
22829,68619,0.22
22830,53663,0.25
22831,55025,0.18
22832,68670,0.06
22833,45859,0.26
22834,51620,0.5098901818657562
22835,14642,0.5347797811423604
22836,108669,0.21
22837,41082,0.27
22838,6095,0.23
22839,79900,0.07
22840,4079,0.28
22841,64712,0.33
22842,65751,0.29
22843,113195,0.3
22844,46574,0.29
22845,36180,0.11
22846,24595,0.2
22847,38712,0.22
22848,82677,0.27
22849,84510,0.49775771369818395
22850,20928,0.37
22851,34652,0.27
22852,36687,0.22
22853,20959,0.25
22854,8756,0.19
22855,29652,0.3011111111111111
22856,110687,0.27
22857,40092,0.39
22858,14381,0.03
22859,101894,0.21
22860,4432,0.24
22861,89587,0.6961258235367476
22862,11800,0.25
22863,13600,0.24
22864,36867,0.29
22865,94281,0.11
22866,55712,0.18
22867,99505,0.07
22868,91411,0.38
22869,109343,0.8002701290515217
22870,53665,0.2672180728297719
22871,73154,0.8331601874669974
22872,93420,0.4566666666666667
22873,47816,0.25293732567047406
22874,81176,0.34
22875,110548,0.28
22876,26357,0.15
22877,79295,0.14
22878,76971,0.24
22879,57014,0.3
22880,74920,0.21106571196018278
22881,94205,0.33
22882,48386,0.21
22883,76621,0.28
22884,94734,0.45711449793839437
22885,105220,0.2814568078776256
22886,100352,0.3
22887,66665,0.28
22888,65473,0.15
22889,12254,0.5559330273363108
22890,94537,0.26
22891,31549,0.28
22892,85376,0.18
22893,103520,0.844755567144862
22894,16277,0.48
22895,93161,0.34
22896,54263,0.19
22897,45306,0.24
22898,91957,0.1925
22899,7314,0.26
22900,38525,0.21
22901,21407,0.22
22902,95407,0.25
22903,43594,0.26
22904,68051,0.28
22905,22564,0.26
22906,100179,0.32
22907,105881,0.29
22908,23518,0.27
22909,89210,0.57602346105529
22910,1718,0.27
22911,86528,0.27
22912,71259,0.2672180728297719
22913,74428,0.28
22914,40777,0.21
22915,96334,0.2752059837865456
22916,110645,0.21
22917,49193,0.18
22918,98714,0.29
22919,76455,0.31
22920,17624,0.21
22921,8247,0.25
22922,29100,0.28
22923,16942,0.32
22924,76248,0.06
22925,12234,0.48
22926,6594,0.23828070175438598
22927,49377,0.28
22928,97650,0.21
22929,37782,0.3384336462965311
22930,54044,0.21
22931,90809,0.31
22932,49182,0.2779001297850061
22933,47173,0.27
22934,7318,0.2502171729681814
22935,56241,0.34
22936,56250,0.6574333853925554
22937,2183,0.06
22938,54582,0.33224337223043043
22939,112978,0.804737389751532
22940,35142,0.3048363735289757
22941,59749,0.22
22942,4465,0.38
22943,60068,0.3833333333333333
22944,110488,0.21
22945,44974,0.22
22946,60613,0.2
22947,74968,0.26
22948,94370,0.19
22949,65583,0.28
22950,40541,0.24
22951,57181,0.7024997009086346
22952,100996,0.8074620881663229
22953,14346,0.32
22954,108688,0.23
22955,74192,0.14
22956,10115,0.25
22957,97274,0.3
22958,81506,0.29
22959,43334,0.778920261971505
22960,112037,0.3
22961,67032,0.26
22962,80543,0.29542118743406626
22963,101101,0.21
22964,111802,0.4
22965,98828,0.3713762139346507
22966,104020,0.28
22967,34848,0.27
22968,67041,0.25293732567047406
22969,26995,0.23
22970,95052,0.22
22971,51498,0.8016548798422711
22972,7777,0.22
22973,12712,0.7606405173421392
22974,78368,0.26
22975,30851,0.2
22976,47382,0.27
22977,55651,0.28
22978,95712,0.25
22979,8843,0.27
22980,47290,0.23
22981,46513,0.26
22982,15224,0.2
22983,1728,0.26
22984,54737,0.6879944332192204
22985,28782,0.22
22986,46230,0.2611111183793985
22987,32555,0.26
22988,100320,0.22
22989,29675,0.33
22990,76873,0.21
22991,89488,0.3
22992,41804,0.32
22993,99942,0.26
22994,77238,0.57602346105529
22995,42977,0.18
22996,78948,0.9675729051828534
22997,1562,0.3634331947722041
22998,43948,0.24
22999,105680,0.21106571196018278
23000,114780,0.36
23001,41433,0.26
23002,54212,0.6879944332192204
23003,72300,0.14
23004,3769,0.8078174683343908
23005,5418,0.24
23006,36062,0.19
23007,28021,0.31
23008,68238,0.31
23009,113124,0.7491207553686823
23010,63410,0.21
23011,16282,0.7756446436943324
23012,113276,0.3
23013,97900,0.27
23014,109867,0.19
23015,35565,0.5098901818657562
23016,84909,0.29
23017,97854,0.2878517038517038
23018,42382,0.21
23019,61115,0.28
23020,45173,0.2736505932627259
23021,48199,0.778920261971505
23022,88611,0.28
23023,110555,0.29
23024,103747,0.804737389751532
23025,89124,0.27
23026,88939,0.22
23027,42309,0.27
23028,74411,0.3
23029,30351,0.19
23030,33641,0.4600555555555556
23031,36708,0.31
23032,40246,0.29
23033,42902,0.1
23034,110646,0.24
23035,77490,0.28
23036,54376,0.36
23037,6726,0.14
23038,74059,0.27
23039,15538,0.5814853339159319
23040,66483,0.28
23041,21438,0.26
23042,78205,0.28
23043,112083,0.25
23044,91076,0.36633867133905085
23045,19089,0.5790291238374938
23046,65232,0.3
23047,78589,0.21
23048,15710,0.42
23049,16053,0.27
23050,34089,0.21
23051,76245,0.3
23052,84669,0.26
23053,14116,0.2
23054,34495,0.3001960784313725
23055,77805,0.2672180728297719
23056,8893,0.27558823529411763
23057,622,0.25
23058,14471,0.7647093730601477
23059,61014,0.35
23060,106476,0.21
23061,495,0.25
23062,76358,0.778920261971505
23063,844,0.3
23064,57811,0.6879944332192204
23065,114734,0.3
23066,92988,0.2672180728297719
23067,60332,0.15
23068,33346,0.09
23069,81527,0.2672180728297719
23070,59021,0.29
23071,5047,0.25
23072,14740,0.3
23073,5428,0.16
23074,89749,0.2672180728297719
23075,53169,0.26
23076,94879,0.23
23077,115510,0.14
23078,54837,0.22
23079,10257,0.22
23080,8629,0.31
23081,74134,0.8457951945355597
23082,112947,0.37
23083,21683,0.3
23084,71250,0.6606477235506313
23085,38256,0.36
23086,3318,0.26
23087,36283,0.31
23088,79463,0.24
23089,83724,0.7024997009086346
23090,61997,0.26
23091,1844,0.3511638543363016
23092,104165,0.4911165246865001
23093,60986,0.8087014454974942
23094,70739,0.33899285004789426
23095,63548,0.28
23096,78238,0.19
23097,106787,0.21
23098,97631,0.29285605710579565
23099,7551,0.24
23100,10889,0.23142857142857143
23101,93547,0.6514684368668864
23102,110310,0.36
23103,2497,0.27
23104,61829,0.21
23105,76334,0.19
23106,61918,0.3
23107,31094,0.42640208607459895
23108,105478,0.17
23109,15589,0.2
23110,108655,0.31
23111,39260,0.49775771369818395
23112,34811,0.14
23113,52876,0.3
23114,40614,0.15
23115,31313,0.16
23116,76369,0.22
23117,80445,0.18
23118,40250,0.23
23119,45269,0.27
23120,110922,0.14
23121,12992,0.3067242206412115
23122,102362,0.9073162876490548
23123,26373,0.27
23124,10699,0.21
23125,14071,0.23
23126,111771,0.33899285004789426
23127,87923,0.3
23128,10067,0.25
23129,27301,0.36048119675414403
23130,66024,0.07
23131,67390,0.3
23132,58168,0.2902117207222417
23133,39871,0.31
23134,7223,0.25
23135,112946,0.9127730381907577
23136,68872,0.33
23137,105350,0.6514684368668864
23138,54316,0.24
23139,88122,0.686711125185392
23140,46689,0.17
23141,9886,0.23
23142,108645,0.32770001186827274
23143,51024,0.7024997009086346
23144,37007,0.2
23145,2534,0.26
23146,113561,0.7084602284842296
23147,102670,0.21
23148,46389,0.22
23149,43930,0.18
23150,53736,0.22
23151,11655,0.07
23152,51335,0.57602346105529
23153,52662,0.21
23154,9585,0.26
23155,27182,0.35
23156,34078,0.6879944332192204
23157,5169,0.16
23158,56602,0.21
23159,77149,0.22
23160,83696,0.09
23161,67319,0.5020588542209693
23162,62750,0.2902117207222417
23163,10563,0.21
23164,53694,0.26
23165,29562,0.32
23166,73909,0.29
23167,84474,0.26
23168,75341,0.28
23169,83296,0.24
23170,45682,0.2736505932627259
23171,45622,0.31
23172,5140,0.24
23173,61831,0.26
23174,13985,0.3
23175,109750,0.21
23176,68378,0.32
23177,63734,0.27
23178,92552,0.33
23179,78773,0.3
23180,97330,0.21
23181,40664,0.295
23182,30458,0.27
23183,81907,0.26
23184,39218,0.2611111183793985
23185,55866,0.35
23186,6384,0.34
23187,22664,0.33
23188,55567,0.57602346105529
23189,16773,0.16
23190,92264,0.23
23191,50992,0.57602346105529
23192,104741,0.33
23193,63474,0.29
23194,80438,0.22
23195,29485,0.7672499240916899
23196,59838,0.26
23197,110584,0.3724012754292784
