column_name,n_unique,unique_values
cash_price16,72,"20.0, 165.0, 28.0, 18.0, 5.0, 135.0, 8.0, 15.0, 80.0, 13.0, 110.0, 95.0, 30.0, 70.0, 47.0, 35.0, 195.0, 40.0, 25.0, 57.0, 4.0, 100.0, 6.0, 378.0, 90.0, 350.0, 999.0, 50.0, 140.0, 49.0, 10.0, 39.0, 60.0, 1599.0, 34.0, 29.0, 199.0, 190.0, 1499.0, 12.0, 125.0, 9.0, 24.0, 264.0, 21.0, 36.0, 42.0, 7.0, 132.0, 300.0, 55.0, 45.0, 200.0, 159.0, 155.0, 46.0, 72.0, 479.0, 175.0, 250.0, 16.0, 85.0, 67.0, 113.0, 102.0, 1500.0, 0.0, 23.0, 75.0, 14.0, 17.0, 699.0"
Nbr_of_prod_purchas16,6,"1.0, 2.0, 3.0, 4.0, 6.0, 5.0"
cash_price14,97,"20.0, 60.0, 11.0, 10.0, 99.0, 49.0, 699.0, 17.0, 32.0, 519.0, 24.0, 15.0, 251.0, 199.0, 8.0, 4.0, 25.0, 30.0, 48.0, 55.0, 150.0, 299.0, 200.0, 57.0, 7.0, 6.0, 70.0, 5.0, 58.0, 50.0, 1300.0, 22.0, 21.0, 90.0, 499.0, 399.0, 119.0, 210.0, 130.0, 45.0, 185.0, 34.0, 36.0, 9.0, 12.0, 780.0, 473.0, 44.0, 13.0, 80.0, 120.0, 52.0, 23.0, 109.0, 175.0, 110.0, 125.0, 75.0, 480.0, 195.0, 28.0, 18.0, 100.0, 33.0, 41.0, 225.0, 179.0, 35.0, 599.0, 1115.0, 206.0, 258.0, 40.0, 140.0, 72.0, 1045.0, 53.0, 14.0, 85.0, 16.0, 240.0, 46.0, 1199.0, 450.0, 398.0, 39.0, 0.0, 63.0, 56.0, 149.0, 165.0, 420.0, 98.0, 350.0, 76.0, 220.0, 300.0"
cash_price19,67,"190.0, 18.0, 28.0, 15.0, 23.0, 110.0, 44.0, 45.0, 54.0, 25.0, 20.0, 50.0, 179.0, 60.0, 389.0, 5.0, 78.0, 289.0, 90.0, 150.0, 40.0, 350.0, 0.0, 24.0, 35.0, 6.0, 616.0, 22.0, 195.0, 38.0, 9.0, 52.0, 95.0, 4.0, 36.0, 160.0, 13.0, 34.0, 499.0, 8.0, 105.0, 175.0, 30.0, 12.0, 55.0, 209.0, 140.0, 29.0, 69.0, 79.0, 101.0, 349.0, 130.0, 999.0, 42.0, 388.0, 96.0, 181.0, 49.0, 14.0, 10.0, 7.0, 288.0, 26.0, 200.0, 65.0, 3.0"
Nbr_of_prod_purchas22,5,"2.0, 1.0, 3.0, 4.0, 7.0"
Nbr_of_prod_purchas20,5,"1.0, 3.0, 2.0, 4.0, 7.0"
cash_price24,31,"10.0, 12.0, 252.0, 90.0, 28.0, 74.0, 5.0, 20.0, 48.0, 120.0, 30.0, 898.0, 60.0, 13.0, 4.0, 18.0, 24.0, 7.0, 8.0, 65.0, 140.0, 17.0, 1045.0, 150.0, 64.0, 40.0, 15.0, 6.0, 999.0, 45.0, 699.0"
Nbr_of_prod_purchas21,4,"1.0, 2.0, 4.0, 3.0"
Nbr_of_prod_purchas10,7,"1.0, 2.0, 4.0, 6.0, 5.0, 3.0, 8.0"
cash_price15,82,"25.0, 60.0, 360.0, 17.0, 145.0, 108.0, 350.0, 50.0, 101.0, 22.0, 202.0, 86.0, 20.0, 45.0, 7.0, 49.0, 12.0, 120.0, 36.0, 40.0, 75.0, 15.0, 199.0, 16.0, 26.0, 9.0, 99.0, 8.0, 85.0, 0.0, 62.0, 5.0, 440.0, 13.0, 35.0, 95.0, 300.0, 90.0, 30.0, 299.0, 67.0, 189.0, 37.0, 150.0, 68.0, 4.0, 135.0, 80.0, 24.0, 23.0, 32.0, 447.0, 11.0, 10.0, 480.0, 599.0, 19.0, 110.0, 379.0, 144.0, 275.0, 28.0, 14.0, 175.0, 179.0, 170.0, 142.0, 74.0, 70.0, 100.0, 239.0, 322.0, 387.0, 47.0, 72.0, 46.0, 34.0, 59.0, 162.0, 44.0, 39.0, 140.0"
cash_price22,42,"2090.0, 6.0, 160.0, 24.0, 75.0, 41.0, 25.0, 66.0, 4.0, 12.0, 145.0, 18.0, 239.0, 28.0, 36.0, 60.0, 1100.0, 9.0, 3.0, 525.0, 45.0, 35.0, 100.0, 21.0, 84.0, 7.0, 20.0, 22.0, 90.0, 65.0, 5.0, 240.0, 30.0, 8.0, 10.0, 109.0, 69.0, 44.0, 55.0, 0.0, 11.0, 1449.0"
Nbr_of_prod_purchas18,7,"1.0, 4.0, 2.0, 3.0, 9.0, 10.0, 16.0"
cash_price23,41,"24.0, 65.0, 12.0, 159.0, 43.0, 66.0, 0.0, 60.0, 5.0, 36.0, 75.0, 10.0, 20.0, 35.0, 160.0, 720.0, 15.0, 13.0, 40.0, 16.0, 4.0, 7.0, 8.0, 25.0, 172.0, 150.0, 649.0, 308.0, 995.0, 77.0, 219.0, 105.0, 45.0, 90.0, 28.0, 6.0, 250.0, 39.0, 11.0, 14.0, 471.0"
Nbr_of_prod_purchas24,3,"2.0, 1.0, 8.0"
cash_price1,1406,"889.0, 409.0, 1399.0, 689.0, 1199.0, 369.0, 1299.0, 1187.0, 1899.0, 898.0, 1178.0, 799.0, 569.0, 379.0, 717.0, 2129.0, 1600.0, 749.0, 1500.0, 399.0, 298.0, 1599.0, 1798.0, 1249.0, 2425.0, 1099.0, 279.0, 1699.0, 1149.0, 325.0, 999.0, 879.0, 499.0, 649.0, 1849.0, 119.0, 359.0, 1395.0, 1152.0, 552.0, 1649.0, 734.0, 469.0, 1019.0, 1769.0, 949.0, 899.0, 1999.0, 2155.0, 1379.0, 556.0, 1799.0, 3079.0, 2195.0, 1117.0, 1639.0, 630.0, 2099.0, 1185.0, 1159.0, 774.0, 829.0, 2499.0, 893.0, 1150.0, 1198.0, 1763.0, 650.0, 419.0, 250.0, 1049.0, 1548.0, 2599.0, 489.0, 539.0, 887.0, 1052.0, 1358.0, 1449.0, 719.0, 349.0, 1785.0, 579.0, 598.0, 11.0, 61.0, 869.0, 939.0, 798.0, 2079.0, 1499.0, 1040.0, 674.0, 518.0, 699.0, 175.0, 1530.0, 2199.0, 1319.0, 299.0, 549.0, 979.0, 1389.0, 1549.0, 2999.0, 599.0, 2399.0, 2299.0, 423.0, 1349.0, 2049.0, 2849.0, 937.0, 1640.0, 1095.0, 36.0, 2098.0, 777.0, 1179.0, 179.0, 2799.0, 550.0, 429.0, 1459.0, 929.0, 1679.0, 729.0, 529.0, 1850.0, 849.0, 965.0, 1439.0, 959.0, 1555.0, 2249.0, 2470.0, 1189.0, 1174.0, 600.0, 394.0, 724.0, 700.0, 450.0, 1080.0, 838.0, 364.0, 1735.0, 3299.0, 1388.0, 1589.0, 84.0, 1000.0, 1139.0, 1724.0, 1208.0, 150.0, 1400.0, 3199.0, 691.0, 128.0, 779.0, 334.0, 1498.0, 1029.0, 554.0, 1789.0, 6.0, 2089.0, 669.0, 1534.0, 1039.0, 1529.0, 1168.0, 1898.0, 29.0, 3499.0, 559.0, 1559.0, 2398.0, 1148.0, 695.0, 26.0, 70.0, 246.0, 4198.0, 716.0, 819.0, 1519.0, 189.0, 1070.0, 874.0, 1667.0, 624.0, 388.0, 17.0, 800.0, 938.0, 2474.0, 479.0, 90.0, 3198.0, 1825.0, 825.0, 95.0, 52.0, 72.0, 105.0, 2188.0, 200.0, 1855.0, 521.0, 670.0, 839.0, 300.0, 449.0, 3699.0, 249.0, 1407.0, 329.0, 1146.0, 27.0, 79.0, 1480.0, 389.0, 2699.0, 1339.0, 20.0, 2235.0, 1034.0, 269.0, 1458.0, 1375.0, 140.0, 42.0, 1195.0, 2899.0, 2198.0, 1100.0, 430.0, 750.0, 638.0, 989.0, 1119.0, 9.0, 1120.0, 219.0, 71.0, 1274.0, 788.0, 18.0, 50.0, 509.0, 1359.0, 259.0, 3098.0, 459.0, 3798.0, 225.0, 629.0, 1770.0, 165.0, 335.0, 2479.0, 950.0, 1190.0, 1245.0, 2392.0, 679.0, 110.0, 53.0, 656.0, 619.0, 139.0, 640.0, 969.0, 728.0, 862.0, 527.0, 106.0, 1557.0, 109.0, 2749.0, 2639.0, 1950.0, 410.0, 2246.0, 2349.0, 350.0, 985.0, 309.0, 1398.0, 5.0, 2380.0, 769.0, 1797.0, 1749.0, 30.0, 738.0, 2659.0, 69.0, 1036.0, 1995.0, 3599.0, 100.0, 32.0, 1192.0, 1586.0, 555.0, 5299.0, 822.0, 258.0, 2035.0, 375.0, 1055.0, 2298.0, 2034.0, 500.0, 4.0, 803.0, 1737.0, 1330.0, 820.0, 1876.0, 307.0, 1935.0, 1350.0, 357.0, 919.0, 2998.0, 8.0, 22.0, 239.0, 255.0, 1259.0, 3149.0, 120.0, 3799.0, 998.0, 19.0, 10.0, 1169.0, 55.0, 108.0, 1998.0, 1089.0, 3999.0, 49.0, 2095.0, 2310.0, 4999.0, 807.0, 45.0, 1759.0, 1098.0, 759.0, 544.0, 25.0, 2255.0, 1147.0, 1237.0, 339.0, 1124.0, 1835.0, 789.0, 400.0, 129.0, 1209.0, 4349.0, 199.0, 465.0, 358.0, 758.0, 3399.0, 478.0, 1196.0, 34.0, 160.0, 1300.0, 398.0, 88.0, 1200.0, 1755.0, 125.0, 1467.0, 1450.0, 65.0, 918.0, 540.0, 2385.0, 1145.0, 1038.0, 56.0, 2595.0, 1489.0, 827.0, 1239.0, 765.0, 1778.0, 1075.0, 1087.0, 1690.0, 1083.0, 289.0, 1279.0, 328.0, 425.0, 1385.0, 1011.0, 1688.0, 351.0, 4799.0, 1219.0, 3710.0, 60.0, 524.0, 967.0, 2589.0, 312.0, 59.0, 12.0, 195.0, 1295.0, 1229.0, 850.0, 4599.0, 1225.0, 2624.0, 115.0, 138.0, 2378.0, 1363.0, 1650.0, 2149.0, 1045.0, 580.0, 170.0, 934.0, 15.0, 1125.0, 2649.0, 519.0, 1092.0, 1218.0, 440.0, 2539.0, 1494.0, 318.0, 85.0, 6136.0, 639.0, 390.0, 596.0, 2798.0, 1539.0, 365.0, 75.0, 1920.0, 2007.0, 1839.0, 1678.0, 2238.0, 1465.0, 5499.0, 1497.0, 1546.0, 39.0, 897.0, 187.0, 234.0, 2758.0, 1090.0, 14.0, 1532.0, 983.0, 1560.0, 319.0, 280.0, 1355.0, 23.0, 6499.0, 3.0, 995.0, 2889.0, 216.0, 1037.0, 532.0, 2898.0, 2498.0, 458.0, 310.0, 4949.0, 1455.0, 16.0, 1115.0, 1345.0, 159.0, 3398.0, 1979.0, 1032.0, 1012.0, 245.0, 720.0, 1360.0, 3099.0, 149.0, 1598.0, 990.0, 58.0, 791.0, 1088.0, 870.0, 235.0, 1079.0, 229.0, 1109.0, 80.0, 925.0, 1889.0, 99.0, 230.0, 892.0, 77.0, 1879.0, 284.0, 48.0, 1009.0, 996.0, 21.0, 1610.0, 8499.0, 900.0, 1356.0, 975.0, 2159.0, 2304.0, 475.0, 2190.0, 4299.0, 878.0, 3298.0, 1980.0, 958.0, 294.0, 1289.0, 3899.0, 384.0, 190.0, 698.0, 1280.0, 35.0, 483.0, 718.0, 634.0, 814.0, 1020.0, 727.0, 1810.0, 3998.0, 38.0, 4199.0, 1496.0, 993.0, 1078.0, 220.0, 228.0, 1974.0, 1250.0, 1958.0, 1154.0, 809.0, 1063.0, 1005.0, 1329.0, 460.0, 678.0, 1750.0, 3698.0, 740.0, 4499.0, 1824.0, 1054.0, 778.0, 980.0, 28.0, 9999.0, 2797.0, 1919.0, 240.0, 495.0, 1837.0, 1895.0, 1328.0, 198.0, 2140.0, 4598.0, 1258.0, 180.0, 1689.0, 254.0, 1645.0, 1949.0, 1231.0, 1380.0, 787.0, 4879.0, 2279.0, 920.0, 1254.0, 2090.0, 1175.0, 1800.0, 1438.0, 5099.0, 380.0, 2023.0, 1677.0, 1578.0, 360.0, 592.0, 1376.0, 1713.0, 833.0, 538.0, 2000.0, 1340.0, 589.0, 184.0, 314.0, 1829.0, 575.0, 3930.0, 1051.0, 1184.0, 1698.0, 96.0, 395.0, 2549.0, 991.0, 1495.0, 130.0, 1338.0, 2989.0, 2634.0, 2449.0, 2300.0, 780.0, 1157.0, 1535.0, 1050.0, 5489.0, 875.0, 3775.0, 818.0, 2350.0, 1077.0, 211.0, 439.0, 618.0, 1230.0, 851.0, 637.0, 645.0, 1960.0, 40.0, 4218.0, 1847.0, 730.0, 4649.0, 4899.0, 67.0, 3119.0, 1112.0, 1276.0, 1320.0, 1144.0, 2598.0, 1269.0, 2750.0, 1351.0, 530.0, 415.0, 1971.0, 1240.0, 3179.0, 693.0, 262.0, 461.0, 1238.0, 1197.0, 891.0, 263.0, 1129.0, 270.0, 113.0, 68.0, 2759.0, 3390.0, 4940.0, 2795.0, 610.0, 6799.0, 132.0, 2119.0, 3897.0, 15199.0, 14999.0, 8999.0, 5999.0, 952.0, 2030.0, 1069.0, 1796.0, 703.0, 1160.0, 1583.0, 810.0, 978.0, 1158.0, 944.0, 2800.0, 2247.0, 3449.0, 434.0, 836.0, 3249.0, 697.0, 209.0, 1794.0, 994.0, 895.0, 330.0, 1313.0, 1414.0, 5248.0, 4278.0, 848.0, 24.0, 675.0, 37.0, 1550.0, 1526.0, 1188.0, 7999.0, 2258.0, 2860.0, 1609.0, 516.0, 1695.0, 731.0, 89.0, 515.0, 1401.0, 1729.0, 930.0, 2130.0, 502.0, 44.0, 487.0, 2318.0, 1104.0, 378.0, 3279.0, 2490.0, 972.0, 525.0, 238.0, 1738.0, 3349.0, 3929.0, 3263.0, 2024.0, 420.0, 3561.0, 447.0, 1475.0, 2879.0, 2739.0, 4510.0, 64.0, 570.0, 5998.0, 1256.0, 2520.0, 1692.0, 427.0, 1341.0, 343.0, 275.0, 2375.0, 492.0, 1603.0, 1370.0, 1516.0, 658.0, 1585.0, 102.0, 426.0, 1447.0, 597.0, 1510.0, 274.0, 370.0, 1018.0, 890.0, 2148.0, 4149.0, 4470.0, 2559.0, 1939.0, 2062.0, 739.0, 1135.0, 2420.0, 1990.0, 636.0, 3598.0, 1537.0, 224.0, 7699.0, 796.0, 1619.0, 795.0, 3412.0, 625.0, 1435.0, 1143.0, 988.0, 2689.0, 1719.0, 2374.0, 578.0, 894.0, 2675.0, 910.0, 1436.0, 3090.0, 168.0, 118.0, 2234.0, 5198.0, 909.0, 244.0, 1298.0, 1635.0, 551.0, 974.0, 1044.0, 3849.0, 2050.0, 3492.0, 295.0, 368.0, 1845.0, 1111.0, 1194.0, 374.0, 197.0, 156.0, 66.0, 215.0, 320.0, 57.0, 1046.0, 748.0, 1582.0, 3749.0, 418.0, 1976.0, 1402.0, 583.0, 2354.0, 5351.0, 1786.0, 1084.0, 948.0, 2519.0, 6798.0, 1474.0, 859.0, 1748.0, 1260.0, 7.0, 1060.0, 2663.0, 1918.0, 1613.0, 9549.0, 3565.0, 428.0, 340.0, 260.0, 4049.0, 1390.0, 135.0, 2716.0, 2839.0, 776.0, 2336.0, 103.0, 1102.0, 1242.0, 1751.0, 31.0, 2712.0, 2339.0, 385.0, 1795.0, 1694.0, 616.0, 4398.0, 1852.0, 33.0, 1162.0, 272.0, 2697.0, 3380.0, 2074.0, 6297.0, 2500.0, 166.0, 6895.0, 2200.0, 1167.0, 7399.0, 1819.0, 1840.0, 1248.0, 1493.0, 2280.0, 169.0, 1709.0, 2319.0, 480.0, 1779.0, 4148.0, 1469.0, 11499.0, 1590.0, 1215.0, 880.0, 547.0, 13.0, 1105.0, 1335.0, 1214.0, 490.0, 1674.0, 185.0, 3878.0, 2064.0, 167.0, 955.0, 1378.0, 725.0, 3549.0, 954.0, 835.0, 1224.0, 1484.0, 2029.0, 783.0, 2429.0, 2650.0, 1844.0, 4798.0, 1762.0, 2111.0, 322.0, 3519.0, 1715.0, 1025.0, 1774.0, 510.0, 956.0, 98.0, 595.0, 844.0, 126.0, 558.0, 853.0, 2789.0, 4099.0, 840.0, 1720.0, 4405.0, 2179.0, 7398.0, 1065.0, 1554.0, 1929.0, 290.0, 54.0, 1067.0, 2039.0, 344.0, 672.0, 10549.0, 1758.0, 104.0, 145.0, 537.0, 3297.0, 278.0, 315.0, 837.0, 826.0, 2698.0, 986.0, 1030.0, 283.0, 5699.0, 737.0, 2180.0, 562.0, 5799.0, 1731.0, 2729.0, 2512.0, 1434.0, 2189.0, 1072.0, 3358.0, 5398.0, 966.0, 615.0, 2660.0, 1574.0, 51.0, 2358.0, 1858.0, 2718.0, 1784.0, 1058.0, 654.0, 659.0, 2139.0, 714.0, 571.0, 1860.0, 161.0, 694.0, 8645.0, 1170.0, 2700.0, 1700.0, 186.0, 1252.0, 605.0, 1316.0, 144.0, 503.0, 2370.0, 8699.0, 210.0, 3900.0, 861.0, 1630.0, 746.0, 2537.0, 345.0, 463.0, 292.0, 916.0, 1836.0, 153.0, 498.0, 1607.0, 1878.0, 1325.0, 416.0, 1094.0, 6500.0, 1017.0, 316.0, 1285.0, 1518.0, 1138.0, 5289.0, 1420.0, 227.0, 2950.0, 116.0, 660.0, 327.0, 2110.0, 594.0, 191.0, 1114.0, 1900.0, 6999.0, 3256.0, 1180.0, 1479.0, 2229.0, 352.0, 2590.0, 2162.0, 3949.0, 5598.0, 960.0, 940.0, 1047.0, 3250.0, 922.0, 1545.0, 158.0, 8198.0, 505.0, 906.0, 3000.0, 534.0, 2997.0, 4318.0, 16699.0, 2269.0, 1377.0, 338.0, 1502.0, 1671.0, 3498.0, 436.0, 574.0, 1570.0, 2104.0, 1043.0, 712.0, 4396.0, 775.0, 91.0, 6479.0, 2478.0, 183.0, 2278.0, 560.0, 1396.0, 884.0, 620.0, 1718.0, 237.0, 63.0, 2174.0, 1071.0, 1364.0, 445.0, 680.0, 1331.0, 663.0, 412.0, 2025.0, 2100.0, 792.0, 1984.0, 1476.0, 617.0, 1857.0, 1013.0, 3196.0, 371.0, 6298.0, 3150.0, 915.0, 1374.0, 3669.0, 2670.0, 1662.0, 1947.0, 1890.0, 78.0, 2726.0, 943.0, 297.0, 815.0, 21995.0, 1266.0, 2770.0, 196.0, 1767.0, 7462.0, 2289.0, 485.0, 1478.0, 43.0, 178.0, 155.0, 83.0, 2534.0, 10496.0, 764.0, 265.0, 134.0, 1429.0, 2929.0, 157.0, 494.0, 541.0, 2080.0, 303.0, 1462.0, 1938.0, 19999.0, 76.0, 241.0, 2995.0, 896.0, 148.0, 5097.0, 1424.0, 223.0, 1457.0, 470.0, 2629.0, 2027.0, 2165.0, 4098.0, 1074.0, 504.0, 324.0, 1930.0, 2390.0, 2359.0, 2949.0, 1062.0, 177.0, 1391.0, 73.0, 2518.0, 709.0, 1571.0, 1006.0, 264.0, 5449.0, 2379.0, 41.0, 768.0, 3389.0, 1419.0, 1470.0, 188.0, 903.0, 1348.0, 2172.0, 6549.0, 4588.0, 927.0, 207.0, 1343.0, 507.0, 1409.0, 2287.0, 565.0, 2690.0, 821.0, 9198.0, 860.0, 2850.0, 520.0, 13995.0, 2156.0, 704.0, 218.0, 1680.0, 124.0, 4850.0, 1066.0, 1760.0, 4258.0, 1830.0, 2900.0, 5599.0, 3418.0, 8624.0, 643.0, 590.0, 3558.0, 247.0, 3596.0, 908.0, 87.0, 3343.0, 770.0, 1076.0, 354.0, 287.0, 306.0, 1509.0, 935.0, 453.0, 296.0, 2400.0, 437.0, 2939.0, 471.0, 182.0, 1116.0, 205.0, 202.0, 1118.0, 1393.0, 1312.0, 174.0, 2948.0, 4947.0, 2.0, 747.0, 18349.0, 2779.0, 806.0, 941.0, 1004.0, 2295.0, 1891.0, 858.0, 193.0, 285.0, 1155.0, 2010.0, 3974.0, 751.0, 2547.0, 136.0, 686.0, 2814.0, 3378.0, 3600.0, 356.0, 1247.0, 337.0, 1602.0, 112.0, 735.0, 665.0, 1687.0, 1042.0, 1565.0, 2158.0, 1108.0, 1305.0, 396.0, 1244.0, 2329.0, 1460.0, 2979.0, 5000.0, 706.0, 2523.0, 277.0, 2667.0, 1182.0, 46.0, 4399.0, 997.0, 1742.0, 421.0, 1003.0, 232.0, 2211.0, 715.0, 2674.0, 1309.0, 2220.0, 143.0, 888.0, 154.0, 4849.0, 671.0, 3538.0, 7197.0, 945.0, 1874.0, 2962.0, 97.0, 1525.0, 2294.0, 784.0, 1257.0, 3069.0, 1781.0, 3148.0, 1628.0, 1417.0, 1156.0, 2618.0, 1121.0, 1372.0, 2487.0, 10599.0, 336.0, 4223.0, 8260.0, 5698.0, 1940.0, 62.0, 484.0, 302.0, 3100.0, 1369.0, 127.0, 1297.0, 488.0, 1485.0, 8000.0, 1605.0, 3209.0, 47.0, 834.0, 7099.0"
item1,131,"COMPUTERS, COMPUTER PERIPHERALS ACCESSORIES, TELEVISIONS HOME CINEMA, BEDROOM FURNITURE, LIVING DINING FURNITURE, LIVING & DINING FURNITURE, TELEPHONES, FAX MACHINES & TWO-WAY RADIOS, BABY CHILD TRAVEL, TELEPHONES FAX MACHINES TWO-WAY RADIOS, HOME OFFICE, LIGHTING, OUTDOOR FURNITURE, BATHROOM ACCESSORIES, CABLES ADAPTERS, BARBECUES ACCESSORIES, OUTDOOR ACCESSORIES, HEALTH BEAUTY ELECTRICAL, HOUSEHOLD CLEANING, TELEVISIONS & HOME CINEMA, BAGS CARRY CASES, WINDOW DRESSING, DECORATIVE ACCESSORIES, CARPETS RUGS FLOORING, BARBECUES & ACCESSORIES, COMPUTER PERIPHERALS & ACCESSORIES, POWER & BATTERIES, HEATING & COOLING APPLIANCES, KITCHEN STORAGE, AUDIO ACCESSORIES, WOMEN S FOOTWEAR, WOMENS CLOTHES, DRESSMAKING, BED LINEN, BATH BODYCARE, FITTED KITCHENS, KITCHEN ACCESSORIES, LAUNDRY & CLOTHESCARE, TELEPHONE ACCESSORIES, WOMEN S CLOTHES, COMPUTER SOFTWARE, IMAGING EQUIPMENT, COOKING APPLIANCES, THEMED GIFTS, PICNICWARE, BAGS & CARRY CASES, LINGERIE HOISERY, PRESERVING BAKING EQUIPMENT, SOFT FURNISHINGS, MEN S CLOTHES, BABYWEAR, BABY FEEDING, FACIAL SKINCARE, GAMING, CRAFT, LUGGAGE, CHILDREN S FOOTWEAR, BAGS WALLETS ACCESSORIES, BAGS, WALLETS & ACCESSORIES, HEATING COOLING APPLIANCES, FOOD STORAGE, TOYS, STORAGE ORGANISATION, HOT DRINK PREPARATION, POWER BATTERIES, BATHROOM FIXTURES, BABY & CHILD TRAVEL, FOOD PREPARATION, BATH LINEN, KITCHEN UTENSILS GADGETS, WOMEN S NIGHTWEAR, NURSERY ACCESSORIES, FRAGRANCE, NURSERY FURNITURE, SCHOOLWEAR, APPLE PRODUCTDESCRIPTION, DIARIES & ORGANISERS, CARPETS, RUGS & FLOORING, UNKNOWN, TABLEWARE, COOKWARE, HI-FI, JEWELLERY WATCHES, MEN S NIGHTWEAR, NURSERY TOYS, CHILDREN S ACCESSORIES, 6  SPACE GREY 32GB, BOYSWEAR, GREETING CARDS & PERSONALISED STATIONERY, MEN S UNDERWEAR SOCKS, DOOR FURNITURE, GARDENING EQUIPMENT, MEN S FOOTWEAR, MEN S ACCESSORIES, GIRLSWEAR, WOMENS FOOTWEAR, SUNGLASSES READING GLASSES, HOME AND PERSONAL SECURITY, MENS CLOTHES, MAKEUP, LAUNDRY CLOTHESCARE, BOOKS, CHRISTMAS DECORATIONS, STANDS & BRACKETS, IMAGING ACCESSORIES, PRINTERS SCANNERS, STANDS BRACKETS, WOMEN S ACCESSORIES, GIFT FOOD DRINK, BARWARE, GAMES, DECORATING, BABY CHANGING, BABY PLAY EQUIPMENT, BLANK MEDIA MEDIA STORAGE, SPORTS EQUIPMENT, NURSERY LINEN, GYM EQUIPMENT, KITCHEN UTENSILS & GADGETS, VIDEOS DVD DIGITAL EQUIPMENT, GIFT WRAP, JEWELLERY & WATCHES, TABLE LINEN, STORAGE & ORGANISATION, APPLE S, BLANK MEDIA & MEDIA STORAGE, PENS PENCILS, PARTY DECORATIONS, MENS UNDERWEAR & SOCKS, FILING DESK ACCESSORIES, WOMENS ACCESSORIES, GREETING CARDS PERSONALISED STATIONERY"
item2,133,"COMPUTER PERIPHERALS ACCESSORIES, CABLES ADAPTERS, BEDROOM FURNITURE, LIVING DINING FURNITURE, COMPUTERS, LIVING & DINING FURNITURE, STANDS BRACKETS, OUTDOOR FURNITURE, TELEPHONES FAX MACHINES TWO-WAY RADIOS, AUDIO ACCESSORIES, SOFT FURNISHINGS, POWER & BATTERIES, BED LINEN, LIGHTING, POWER BATTERIES, BARBECUES ACCESSORIES, OUTDOOR ACCESSORIES, WINDOW DRESSING, CARPETS RUGS FLOORING, BAGS & CARRY CASES, DECORATING, TELEVISIONS HOME CINEMA, TELEPHONES, FAX MACHINES & TWO-WAY RADIOS, KITCHEN UTENSILS GADGETS, BAGS CARRY CASES, BABY FEEDING, HOME OFFICE, BABY CHILD TRAVEL, TELEVISIONS & HOME CINEMA, COMPUTER SOFTWARE, COMPUTER PERIPHERALS & ACCESSORIES, BATHROOM ACCESSORIES, CHRISTMAS DECORATIONS, HOUSEHOLD CLEANING, LAUNDRY & CLOTHESCARE, HOME AND PERSONAL SECURITY, TELEPHONE ACCESSORIES, BABYWEAR, CARPETS, RUGS & FLOORING, BATHROOM FIXTURES, BARBECUES & ACCESSORIES, BATH LINEN, MEN S CLOTHES, PRESERVING BAKING EQUIPMENT, BARWARE, BABY & CHILD TRAVEL, TABLEWARE, MEN S UNDERWEAR SOCKS, FOOD PREPARATION, SUNGLASSES READING GLASSES, DECORATIVE ACCESSORIES, HI-FI, COOKWARE, LUGGAGE, STORAGE ORGANISATION, PRINTERS SCANNERS, SCHOOLWEAR, WOMEN S CLOTHES, WOMEN S FOOTWEAR, TOYS, HEALTH BEAUTY ELECTRICAL, HOT DRINK PREPARATION, BAGS WALLETS ACCESSORIES, CHILDREN S FOOTWEAR, GIFT FOOD DRINK, NURSERY FURNITURE, BABY CHANGING, WOMEN S NIGHTWEAR, HEATING COOLING APPLIANCES, MEN S NIGHTWEAR, JEWELLERY WATCHES, GAMING, BAGS, WALLETS & ACCESSORIES, FOOD STORAGE, HEATING & COOLING APPLIANCES, BOYSWEAR, GREETING CARDS & PERSONALISED STATIONERY, FRAGRANCE, WARRANTY, KITCHEN STORAGE, NURSERY ACCESSORIES, IMAGING EQUIPMENT, GAMES, CABLES & ADAPTERS, DISPOSABLE TABLEWARE CUTLERY, DRESSMAKING, KITCHEN UTENSILS & GADGETS, STANDS & BRACKETS, COOKING APPLIANCES, GIFT WRAP, LAUNDRY CLOTHESCARE, WOMENS CLOTHES, FACIAL SKINCARE, DOOR FURNITURE, BLANK MEDIA MEDIA STORAGE, IMAGING ACCESSORIES, LINGERIE HOISERY, PICNICWARE, MAKEUP, MEN S FOOTWEAR, BABY PLAY EQUIPMENT, MEN S ACCESSORIES, NURSERY LINEN, SUNCARE, SERVICE, BATH & BODYCARE, GIRLSWEAR, CRAFT, WOMEN S ACCESSORIES, KITCHEN ACCESSORIES, SPORTS EQUIPMENT, GYM EQUIPMENT, MENS CLOTHES, STATIONERY SUNDRIES, GARDENING EQUIPMENT, COMPUTER NETWORKING, AERIALS REMOTE CONTROLS, PRINTERS & SCANNERS, GREETING CARDS PERSONALISED STATIONERY, CHILDREN S ACCESSORIES, NURSERY TOYS, SUNGLASSES & READING GLASSES, STORAGE & ORGANISATION, FITTED KITCHENS, PRODUCT, VIDEOS DVD DIGITAL EQUIPMENT, PARTY DECORATIONS, TABLE LINEN, CHILDREN S FURNITURE, HEALTH BEAUTY ACCESSORIES, FILING DESK ACCESSORIES, BATH BODYCARE, WOMENS ACCESSORIES"
item3,122,"COMPUTER PERIPHERALS ACCESSORIES, LIVING & DINING FURNITURE, LIVING DINING FURNITURE, CABLES ADAPTERS, COMPUTERS, TABLEWARE, POWER BATTERIES, SOFT FURNISHINGS, BEDROOM FURNITURE, LIGHTING, OUTDOOR FURNITURE, HI-FI, BATHROOM ACCESSORIES, HOUSEHOLD CLEANING, BAGS CARRY CASES, BED LINEN, TELEVISIONS HOME CINEMA, BABY FEEDING, HOT DRINK PREPARATION, BABY CHILD TRAVEL, BARBECUES ACCESSORIES, WOMEN S CLOTHES, CARPETS RUGS FLOORING, COMPUTER PERIPHERALS & ACCESSORIES, AUDIO ACCESSORIES, COMPUTER SOFTWARE, CHRISTMAS DECORATIONS, LAUNDRY & CLOTHESCARE, TELEPHONES, FAX MACHINES & TWO-WAY RADIOS, COOKWARE, BARBECUES & ACCESSORIES, MEN S CLOTHES, LAUNDRY CLOTHESCARE, KITCHEN UTENSILS GADGETS, TELEPHONE ACCESSORIES, GAMING, NURSERY FURNITURE, BATH LINEN, BAGS WALLETS ACCESSORIES, WINDOW DRESSING, HOME OFFICE, SUNGLASSES READING GLASSES, WARRANTY, BABYWEAR, GARDENING EQUIPMENT, STANDS BRACKETS, OUTDOOR ACCESSORIES, POWER & BATTERIES, CARPETS, RUGS & FLOORING, BABY & CHILD TRAVEL, BAGS, WALLETS & ACCESSORIES, DECORATIVE ACCESSORIES, WOMEN S FOOTWEAR, JEWELLERY WATCHES, FOOD PREPARATION, WOMEN S ACCESSORIES, GIFT WRAP, CABLES & ADAPTERS, TELEPHONES FAX MACHINES TWO-WAY RADIOS, NURSERY ACCESSORIES, FRAGRANCE, MAKEUP, BABY CHANGING, FACIAL SKINCARE, BLANK MEDIA & MEDIA STORAGE, MEN S NIGHTWEAR, SERVICE, PRINTERS SCANNERS, BATHROOM FIXTURES, STANDS & BRACKETS, BAGS & CARRY CASES, BOYSWEAR, DECORATING, MEN S UNDERWEAR SOCKS, FOOD STORAGE, HEALTH BEAUTY ELECTRICAL, KITCHEN UTENSILS & GADGETS, THEMED GIFTS, GAMES, CHILDREN S FURNITURE, BABY PLAY EQUIPMENT, TELEVISIONS & HOME CINEMA, LUGGAGE, DRESSMAKING, HEATING COOLING APPLIANCES, WOMEN S NIGHTWEAR, HOME AND PERSONAL SECURITY, IMAGING ACCESSORIES, COOKING APPLIANCES, NURSERY LINEN, KITCHEN STORAGE, STORAGE ORGANISATION, BLANK MEDIA MEDIA STORAGE, LINGERIE HOISERY, SCHOOLWEAR, MEN S FOOTWEAR, GYM EQUIPMENT, BATH BODYCARE, BATH & BODYCARE, TOYS, GIRLSWEAR, CHILDREN S FOOTWEAR, BARWARE, STORAGE & ORGANISATION, LINGERIE & HOISERY, KITCHEN ACCESSORIES, SPORTS EQUIPMENT, CRAFT, MENS CLOTHES, MENS NIGHTWEAR, MEN S ACCESSORIES, DIARIES ORGANISERS, FITTED KITCHENS, GREETING CARDS PERSONALISED STATIONERY, KITCHEN SCALES MEASURES, VIDEOS DVD DIGITAL EQUIPMENT, CHILDREN S ACCESSORIES, NURSERY EQUIPMENT FURNITURE, PICNICWARE, TECHNOLOGY ACCESSORIES, HEALTH & BEAUTY ELECTRICAL, PRESERVING BAKING EQUIPMENT"
goods_code13,235,"nan, 238323452, 238319064, 238311458, 237988941, 238282623, 238200383, 239484676, FULFILMENT, 238267260, 238611433, 239826573, 240949558, 240302778, 237072530, 237288144, 240039229, 238433614, 240332692, 238455579, 237996294, 238909744, 238588088, 231238626, 238889478, 238196505, 238521515, 237997641, 237614295, 237244079, 230729401, 238291813, 238104242, 238711442, 238303961, 238298451, 238044048, 238580212, 238418245, 233062968, 238043112, 238569386, 238497927, 238513320, 238989822, 238318890, 231238740, 238839832, 237622507, 240005498, 236812724, 239777255, 238618721, 237856772, 238095643, 237447262, 236904866, 238743594, 239048909, 239837008, 238303377, 235863650, 231196202, 238382017, 239903516, 239947281, 240174767, 238529110, 237357210, 238587372, 239163327, 233894701, 230593068, 231294765, 238435191, 239889207, 238539827, 238881556, 238178619, 238493588, 238588748, 238167602, 239396861, 239889168, 236446311, 238414467, 230833010, 231238743, 238459093, 231797304, 231459877, 237426505, 238683130, 240607509, 238403518, 231294767, 238703098, 238744422, 237527677, 238911050, 240344979, 237426449, 238056469, 237253814, 240210150, 238603848, 238631875, 240045993, 232912963, 234456764, 234652391, 238753200, 235876595, 238668660, 236895687, 230397481, 239973536, DMS4462, 239781155, 234241406, 237674025, 238674733, 238875826, 238306222, 240271885, 237407620, 237357212, 241044540, 240255643, 238825454, 240104846, 236852911, 234444018, 238098500, 238758383, 238262415, 233808441, 238403521, 239987417, 238985644, 236822051, 234376774, 239992506, 237687807, 234283606, 236604790, 237141645, 237679450, 237506269, 238050570, 238886743, 237027968, 236113637, 240201233, 234125036, 238262208, 237808639, 240328392, 234090863, 234757267, 236829356, 238621021, 238521024, 238710367, 238347615, 238512429, 238989291, 239753228, 236510820, 238200183, 239801400, 238052153, 239819549, 239755868, 238709861, 237641868, 231878339, 238971842, 239970139, 240034281, 238744176, 239805352, 237426439, 237461962, 237736430, 237525158, 236025108, 233062972, 239837088, 238919136, 240375072, 234510694, 238036810, 237344419, 231797241, 240303492, 238750563, 238668188, 230650111, 237938509, 234605133, 231958644, 239889170, 231898344, 238021193, 238606461, 238613845, 234529826, 230504433, 240135081, 236799030, 237141935, 238178621, 238140439, 239773238, 236895531, 238062369, 238053688, 239883619, 236604770, 238128522, 234714694, 238674728, 238223450, 239033142, 231405827, 237219280, 234423696, 230410986, 238384167, 239889166, 238167577, 236454320, 238653815, 238291776"
goods_code18,107,"nan, 234397259, 238579839, 236493409, 234605093, 238368654, 230497033, 237962515, 236836868, FULFILMENT, 240228570, 240321085, 238303382, 238393370, 238491840, 237447472, 238012747, 238711442, 230944032, 239508679, 238323787, 234007074, 238996965, 236820011, 238497863, 237432795, 239482926, 239310662, 238890937, 236822410, DMS8086, 231083316, 234714694, 234740504, 237808655, 238865499, 237428568, 239854851, 237721270, 239844664, 238292763, 238548362, 234007350, 238486385, 238718088, 234007569, 237506269, 237238817, 238641976, 240197689, 239924124, 233896640, 238486651, 231958594, 238319522, 232540557, 238759143, 234794565, 234710756, 238539164, 238805528, 240170413, 239902348, 238373606, 240051993, 238497963, 238280617, 236510820, 238401606, 237013308, 232435431, 240602701, 239776908, 238440818, 238055458, 237464222, 238318890, 239801403, 238474539, 238182832, 238119577, 234065376, 240393618, 238782739, 234863567, 238454643, 238046690, 240137809, 238052042, 239801173, 239773238, 237244079, 230588427, 238583539, 238566479, 239889168, 238463679, 236642677, 238063985, 238534717, 240271883, 240004350, 239943486, 238080558, 239988702, 230553816, 230680263"
goods_code16,155,"nan, 238419816, 239526664, 238534986, 238357672, 235052402, 236958782, 237314920, 239779346, 238710377, 239783105, 238298457, FULFILMENT, 240201236, 239960848, 239198932, 231294767, 237535544, 237087900, 231348018, 238894083, 238591864, 235870833, 238048673, 238960402, 238291799, 234007074, 236559169, 238497864, 238670610, 240371451, 238382789, 239943621, 240051050, 237653384, 231767071, 238932542, 238444218, 237377528, 239854757, 238983527, 238570740, 238055458, 236604751, 237141645, 238583375, 238944046, 238348036, 239902337, 240361423, 231958642, 237594936, 237641868, 239737488, 239068843, 238277405, 237938474, 234584061, 239004704, 238590251, 234800787, 237202443, 239916789, 238681259, 230448461, 239024145, 236895597, 239752716, 239805395, 236788017, 238445424, 238384167, 238553146, 238865739, 238120115, 240040226, 238587009, 239102118, 239988636, 238551914, 231617600, 238935237, 239091233, 237233818, 237663562, 237499773, 238690618, 237674085, 238592778, 237327995, 234652504, 238455572, 240076665, 237332619, 238944826, 231958502, 238403517, 233136975, 234424488, 236286627, 237141646, 237736217, 230576215, 236446307, 237170011, 236938438, 239019053, 237918407, 239889163, 237808655, 238539846, 237464173, 237126896, 238480986, 238709874, 234393371, 239794661, 238587252, 237506269, 239737498, 240177529, 233940309, 240252965, 239969823, 240027609, 239955014, 238926048, 238036808, 238046666, 240233639, 238401580, 234268650, 239101304, 238889927, 239074673, 236043942, 238323842, 238903909, 239889164, 238711442, 238064064, 231577379, 238839894, 237433075, 237660320, 238461689, 240237116, 238318199, 239761972, 234605108, 231977011, 237449952, 230398250, 241009659, 231507284"
goods_code17,131,"nan, 236856313, 239526661, FULFILMENT, 238944855, 233890656, 236958786, 232130710, 237969154, 238889402, 238298460, 231238738, 238710192, 236288523, 232272858, 231958591, 239019061, 239901400, 237377657, 237516236, 231759512, 238551250, 240673941, 233646713, 235626450, 237117302, 238961931, 238949019, 238753199, 236148885, 237406895, 233062958, 238245941, 236034674, 238178619, 237871234, 238055470, 238388331, 238582492, 237324264, 238348072, 239859336, 238865498, 240157931, 236705535, 239532661, 239854854, 238674728, 239971226, 238324585, 238074110, 236484464, 238450227, 237907934, 230418209, 237506236, 234007350, 238251468, 238435351, 240776762, 234922903, 240045628, 238011763, 238587059, 239102145, 238972901, 238555159, 231617590, 238759147, 237233807, 236662180, 232110331, 239044476, 238306217, 240170404, 236841134, 238455577, 239932541, 240426660, 237931036, 238639346, 238972371, 230459026, 237565504, 230134059, 240047927, 239987512, 236360430, 231237961, 239969792, 234240494, 238440819, 237808694, 230594037, 239943681, 239801392, 239794665, 237653447, 234397253, 238911529, 231519597, 233940303, 240277882, 237678198, 238455575, 236446382, 238036815, 238046671, 240230789, 236864611, 234400405, 239773240, 237991730, 230448461, 238919130, 238566511, 239889160, 238900160, 237822307, 230397481, 237107368, 236553413, 234584005, 238023596, 238097390, 237637880, 234605133, 234156445, 234381036, 238733550, 241009794"
goods_code15,177,"nan, 238323501, 232428507, 238534714, 236493432, 232436695, 231577378, 238982660, 238471425, 237357210, 231958696, 231699734, 231746231, 231895973, 238061227, FULFILMENT, 240624538, 238877569, 236410800, 237506269, 239083071, 237760388, 237407623, 239998263, 239214780, 239119352, 232395233, 238291828, 240141535, 236400089, 236559219, 238251442, 238670609, 237992904, 238559502, 234304359, 238453151, 231521949, 238276273, 240673941, 232474558, 237791222, 240151155, 237406880, 237107368, 237493813, 238444217, 238944844, 230865490, 239013268, 237516246, 239756147, 238596414, 237443577, 238653085, 238760902, 238365884, 240328782, 237369734, 238282615, 237338506, 238019527, 239868725, 238647710, 240177607, 233080481, 237938502, 238588746, 240099191, 238403522, 234944594, 238414469, 237942631, 239805397, 238414470, 237058719, 237844172, 240065699, 239758301, 239805398, 234605108, 237853363, 240344976, 238750779, 239182719, 238091648, 240114514, 237757487, 237447310, 238355576, 231375216, 238670967, 231617589, 238493555, 237997640, 231795103, 239973532, 230486491, 231238738, 238064570, 238554908, 237674036, 238929834, 231238741, 240174766, DMS8083, 237405624, 239864816, 239761240, 234255460, 237094335, 238403513, 239987418, 230448461, 238063991, 239954982, 238851456, 239894511, 233890661, 231905604, 238291806, 237362141, 238384193, 237577142, 236867264, 238512359, 233910841, 231572597, 239984292, 230557272, 239093901, 239805417, 231294767, 238200180, 239773538, 239558698, 236578706, 238228188, 236823791, 231539723, 238286399, 239396756, 240277883, 238389025, 234863573, 238036810, 238064567, 240272838, 238597944, 238036816, 234268637, 239101317, 239989057, 230497033, 239874808, 238459206, 231958739, 239889161, 231055682, 238342939, 236400082, 237997641, 237764754, 238318159, 238294383, 239805374, 238611159, 234714323, 237999560, 237590808, 238551259, 231976973, 238107027, 239905049, 238974618, 238534715, 238031459"
model3,2090,"APPLE MAGIC KEYBOARD FOR 12 9 IPAD PRO 2021 BLACK, APPLE PENCIL 2ND GENERATION 2018 MATTE WHITE, RETAILER, RETAILER RISE ARMCHAIR METAL LEG, APPLE USB SUPERDRIVE CD DVD READER WRITER, APPLE MJ1M2ZM A USB-C TO USB ADAPTOR, APPLE MAGIC MOUSE 2021 SILVER, SAMSUNG GALAXY TAB S7 FE TABLET WITH BLUETOOTH S P, RETAILER CALIA 3-SEATER DINING BENCH OA, RETAILER SHORT STEM RIMMED WINE GLASS 2, KETTLER UNIVERSAL ELECTRIC LANTERN PATIO HEATER 50, BELKIN F3Y021BT1M 3D AND 4K COMPATIBLE HIGH SPEED, RETAILER REFLEX FAUX LEATHER DINING CHA, MADE TO MEASURE CURTAINS, LACIE STHG4000400 EXTERNAL HARD DISK DRIVE 4TB USB, RETAILER RATTAN BED FRAME KING SIZE BLA, ANYDAY RETAILER SLATER WOOD TOUCH TABLE, RETAILER DANTE SMALL CEILING LIGHT CLEA, RETAILER CALIA TV STAND FOR TVS UP TO 6, APPLE MLL82ZM A USB-C CHARGE CABLE 2M, RETAILER CHEVRON DOUBLE GARDEN SOFA POD, GOOGLE NEST HUB HANDS-FREE SMART SPEAKER WITH 7 SC, 2021 APPLE IPAD PRO 11 M1 PROCESSOR IOS WI-FI 128G, RETAILER VALENCIA GARDEN MODULAR MIDDLE, RETAILER WHITE CERAMIC TOILET ROLL HOLD, SIMPLEHUMAN BIN LINERS SIZE K PACK OF 20, APPLE SMART FOLIO FOR IPAD PRO 11 3RD GENERATION B, RETAILER CLIMATE COLLECTION 1200 POCKET, SNUGGLEDOWN NATURAL DUCK FEATHER AND DOWN DUVET 10, APPLE WATCH SERIES 6 GPS 40MM BLUE ALUMINIUM CASE, RETAILER GRAYSON LARGE TV STAND FOR TVS, SONOS BEAM GEN 2 COMPACT SMART SOUND BAR WITH DOLB, RETAILER ELSTRA MARLOW WARDROBE INTERNA, APPLE MAGIC KEYBOARD WITH NUMERIC KEYPAD  E, EKO X CUBE RECYCLING BIN 40L TITANIUM BLUE, MAM SOFT SILICONE BABY BOTTLE CLEANING BRUSH, JURA S8 BEAN-TO-CUP COFFEE MACHINE, 2020 APPLE MACBOOK AIR 13 3 RETINA DISPLAY M1 PROC, BABYBJ RN MOVE WITH 3D MESH BABY CARRIER NAVY, RETAILER MARLOW 100CM HINGED WARDROBE P, RETAILER GRILLSTREAM 4 BURNER HYBRID GA, RETAILER NATURAL DUCK FEATHER AND DOWN, 2021 APPLE IPAD PRO 12 9 M1 PROCESSOR IOS WI-FI 25, MANGO IGUANA WIDE LEG TROUSERS BRIGHT PINK 14, MORRIS CO BULLERSWOOD RUG RED L280 X W200 CM, RETAILER THE ULTIMATE COLLECTION 1600 T, APPLE MAGIC TRACKPAD 2, APPLE AIRPODS MAX NOISE CANCELLING WIRELESS BLUETO, SILENTNIGHT SLEEP GENIUS 2000 POCKET ECO COMFORT M, APPLE MAGIC KEYBOARD FOR 12 9 IPAD PRO 2021 WHITE, APPLE AIRPODS PRO WITH MAGSAFE CHARGING CASE, BRABANTIA DIGITAL BATHROOM SCALE DARK GREY, LG SN4 BLUETOOTH SOUND BAR WITH WIRELESS SUBWOOFER, RETAILER COPPER RIVER SHATTERPROOF BAUB, BUGABOO FOX3 PUSHCHAIR STORMY BLUE, ANYDAY RETAILER WILTON CHILD COMPLIANT, APPLE AIRPODS PRO WITH WIRELESS CHARGING CASE, RETAILER SPECIALIST SYNTHETIC WATERPROO, APPLE IPHONE 12 PRO MAX, LOGITECH COMBO TOUCH FULL-SIZE BACKLIT KEYBOARD CO, APPLE SMART KEYBOARD FOLIO FOR 11 IPAD PRO 2020 BL, APPLE MAGIC KEYBOARD FOR 12 9 IPAD PRO, RETAILER TORONTO DINING ARMCHAIRS SET O, RETAILER BARBICAN SMALL 2 SEATER SOFA, RETAILER THE ULTIMATE COLLECTION 1000 T, RETAILER BOW 4 DRAWER CHEST OAK, APPLE SMART FOLIO FOR IPAD AIR 2020 DEEP NAVY, BABY JOGGER SUMMIT X3 PUSHCHAIR MIDNIGHT BLACK, EBBE GEHL FOR RETAILER MIRA STORAGE CABINET GREY, ANYDAY RETAILER ROLLED DEEP MEMORY FOAM, ANYDAY RETAILER ESSENTIALS COLLECTION P, RETAILER SYNTHETIC SOFT LIKE DOWN STAND, APPLE 20W USB-C POWER ADAPTER FOR IPHONE IPAD, NEMO POCKET SPRING ROLLED MATTRESS MEDIUM TENSION, RETAILER CALIA SHOE STORAGE UNIT LARGE, CIRCULON STYLE HARD-ANODISED ALUMINIUM NON-STICK F, RETAILER RATTAN EASY-TO-FIT PAPER CEILI, APPLE MAGIC MOUSE 2 2015 WHITE, RETAILER BARBICAN RECTANGULAR FOOTSTOOL, APPLE MAGIC KEYBOARD FOR 11 IPAD PRO 2021 WHITE, RETAILER REFINE SNUGGLER, JOSEPH JOSEPH EASYSTORE COMPACT SQUEEGEE, LEVI S 501 ORIGINAL STRAIGHT JEANS STONEWASH W32 L, 2020 APPLE IPAD PRO 12.9"", RETAILER NATURAL LIGHT COTTON COMFORT D, APPLE SMART FOLIO FOR IPAD PRO 12 9 5TH GENERATION, TEFAL FASTEO SV6050 STEAM GENERATOR IRON BLACK, ANYDAY RETAILER QUILTED MICROFIBRE MATT, EAZIGLIDE FELT KITCHEN POTS AND PANS PROTECTORS PA, TEMPUR COMFORT CLOUD STANDARD SUPPORT PILLOW, JOSEPH JOSEPH DRAWERSTORE BAMBOO 2 TIER KNIFE ORGA, QT1020, LAURA ASHLEY WILLOW CRYSTAL BRANCH CEILING LIGHT S, NORTON 360 PREMIUM 15 MONTHS PRE-PAID SUBSCRIPTION, RETAILER HARVARD 3 DRAWER CHEST GREY, LE CREUSET TOUGHENED NON-STICK DEEP CASSEROLE 24CM, UPPABABY VISTA V2 PUSHCHAIR AND CARRYCOT GREGORY, RETAILER TORONTO SIDE DINING CHAIRS SET, JOIE BABY I-SPIN 360 I-SIZE CAR SEAT COAL, RETAILER ST IVES BED FRAME KING SIZE WH, RING FIT ADVENTURE SWITCH, RETAILER HAEGAN BEDSIDE TABLE OAK, SHNUGGLE AIR COT CONVERSION KIT STONE GREY, RETAILER BROOKS DINING ARMCHAIRS SET OF, RETAILER OLIVER STORAGE FOOTSTOOL, 2021 APPLE MACBOOK PRO 14 M1 PRO PROCESSOR 16GB RA, RETAILER 200 THREAD COUNT COTTON STANDA, EMMA HYBRID MATTRESS MEDIUM TENSION KING SIZE, ANYDAY RETAILER WHITBY DINING CHAIRS SE, RETAILER POISE DINING CHAIRS FSC-CERTIF, 2021 APPLE IPAD PRO 11 M1 PROCESSOR IOS WI-FI 256G, APPLE USB-C CHARGE CABLE 1 M, ANYDAY RETAILER BERBER STYLE RUG L240 X, APPLE MAGIC TRACKPAD 2021 SILVER, 2020 APPLE IPAD AIR 10 9 A14 BIONIC PROCESSOR IOS, MARGO SELBY EASTBOURNE HAND TOWEL, RETAILER NON SLIP COTTON BATH MAT DAMSO, APPLE WATCH SERIES 7 GPS 45MM PRODUCT RED ALUMINIU, RETAILER ORB SEMI FLUSH CEILING LIGHT S, RETAILER KERELA BRIGHT STRIPE RUG L240, EMMA ORIGINAL MEMORY FOAM MATTRESS MEDIUM TENSION, SONY HT-ZF9 WI-FI BLUETOOTH SOUND BAR WITH DOLBY A, RETAILER NATURAL COTTON QUILTED MATTRES, RETAILER GRAYSON TV STAND SIDEBOARD FOR, ANYDAY RETAILER COTTON CREW NECK T-SHIR, APPLE AIRTAG LEATHER KEY RING SADDLE BROWN, RETAILER BRAMPTON KING DUVET COVER SET, RETAILER BARBICAN 5 SEATER CORNER SOFA, KETTLER LAMODE COMFORT GARDEN LOUNGING CHAIR WITH, APPLE MAGIC KEYBOARD FOR 11 IPAD PRO 2020 BLACK, RETAILER DRAPER MOTION MEDIUM 2 SEATER, ORLA KIELY LINEAR STEM BATH SHEET BLUE, APPLE SMART KEYBOARD FOLIO FOR 12 9 IPAD PRO 2020, RETAILER TEXTURED WEAVE RECYCLED POLYES, RETAILER NATURAL DUCK DOWN DUVET 10 5 T, GO AIR, RETAILER BROOKS FAUX LEATHER SEAT PAD S, RETAILER LUPIN TABLE TOUCH LAMP SATIN N, ERCOL FOR RETAILER SHALSTONE 2 DRAWER BEDSIDE TA, RETAILER BARBICAN LARGE 3 SEATER SOFA L, RETAILER SOFT CLOSE BATHROOM PEDAL BIN, RAY-BAN RB3447 MEN S ROUND METAL SUNGLASSES LEGEND, KETTLER PALMA 5-SEATER GARDEN LOW LOUNGING TABLE C, MICROSOFT OFFICE HOME AND STUDENT 2019 1 PC ONE-OF, RETAILER SWOON RADLEY LOVESEAT BALLET P, RETAILER STAVE STORAGE COFFEE TABLE NAT, STOKKE TRIPP TRAPP ADULT CUSHION SLATE TWILL, ANYDAY RETAILER TAVERN DINING CHAIRS SE, 2021 APPLE IPAD PRO 12 9 M1 PROCESSOR IOS WI-FI 51, LE CREUSET SIGNATURE CAST IRON ROUND CASSEROLE MER, APPLE WATCH NIKE SERIES 7 GPS 45MM MIDNIGHT ALUMIN, RETAILER CALIA 6 SEATER DINING TABLE OA, ERCOL FOR RETAILER SHALSTONE 6 DRAWER TALLBOY CH, MICROSOFT 365 PERSONAL OFFICE SOFTWARE PC MAC TABL, SWOON KALMAR GRAND 4 SEATER RHF CHAISE END SOFA DA, LACIE STHG2000400 EXTERNAL HARD DISK DRIVE 2TB USB, RETAILER BOUTIQUE HOTEL LINEAR CUSHION, ANYDAY RETAILER BABY STARS LONG SLEEVE, JOSEPH JOSEPH POCKET PLUS IRONING BOARD L90 X W33C, THE LITTLE BOTANICAL 40 INDOOR HOUSE PLANTS LIVING, AVF JXPL601 TILTING WALL MOUNT FOR TVS UP TO 65, RETAILER SPECIALIST TEMPERATURE BALANCI, LITTLE HOME AT RETAILER RAINBOW HOPSCOTCH RUG L1, ANYDAY RETAILER 200 THREAD COUNT POLYCO, ANYDAY RETAILER MATT BLACK ROBE HOOK, APPLE SMART COVER FOR 10 2 IPAD AND 10 5 IPAD AIR, MARVEL SPIDERMAN REVERSIBLE COTTON DUVET COVER AND, ANYDAY RETAILER FERN DINING CHAIRS SET, ERCOL FOR RETAILER SHALSTONE NEST OF 3 TABLES OA, RETAILER EGYPTIAN COTTON 1000 THREAD CO, 2021 APPLE IPAD PRO 11 M1 PROCESSOR IOS WI-FI CELL, APPLE AIRTAG BLUETOOTH ITEM FINDER 4 PACK, RETAILER KINROSS DINING CHAIR NATURAL F, 2021 APPLE IPAD PRO 12 9 M1 PROCESSOR IOS WI-FI CE, RETAILER CAMDEN STORAGE FOOTSTOOL, RETAILER SHIMMER TUM TUM CUSHION PLASTE, RETAILER CALIA 2-SEATER DINING BENCH OA, LE CREUSET TOUGHENED NON-STICK SAUCEPAN LID SET 3, LOGITECH SLIM COMBO FOLIO TOUCH BACKLIT KEYBOARD W, RETAILER ROYAL HERITAGE PAZYRK RUGS RED, RETAILER VELVET PAIR LINED EYELET CURTA, RETAILER TITANIUM CERAMIC WOK DIA 28CM, 2019 APPLE AIRPODS WITH CHARGING CASE, NINJA FOODI OL650 14-IN-1 SMARTLID MULTI-COOKER, RETAILER CALIA BOOKSHELF OAK, RETAILER COMPACT MEDIUM 2 SEATER SOFA, RETAILER CHESTER FOOTSTOOL, RETAILER SWOON MENDEL TV STAND SIDEBOAR, RETAILER 320 LED LIGHTS GREEN WIRE PURE, RETAILER CALIA BOOKSHELF DARK, APPLE PENCIL 1ST GENERATION 2015 WHITE, RETAILER ELSTRA 250CM WARDROBE WITH MIR, SAMSUNG THE FRAME 2021 QLED ART MODE TV WITH SLIM, CYBEX GAZELLE S KID BOARD, RETAILER LUXURY NATURAL COLLECTION LINE, RETAILER OAK WOOD IN-DRAWER EMPTY KNIFE, 2021 APPLE IPAD PRO 12 9 M1 PROCESSOR IOS WI-FI 1T, RETAILER OLIVER MODULAR LEATHER STORAGE, WEAVER GREEN PROVENCE RECYCLED PLASTIC INDOOR OUTD, 2021 APPLE IPAD PRO 12 9 M1 PROCESSOR IOS WI-FI 12, SOFI SOFA IN A BOX SMALL 2 SEATER SOFA DARK LEG NA, WEST ELM SILHOUETTE MARBLE 4 SEATER PEDESTAL DININ, RETAILER DRAPER MOTION LARGE 3 SEATER S, RETAILER 4K HDMI CABLE 1 5M BLACK, GREAT LITTLE TRADING CO TOWNHOUSE WALL SHELVES SET, 2021 APPLE AIRPODS WITH MAGSAFE CHARGING CASE 3RD, MICROPLANE CITRUS FRUIT ZESTER CHEESE GRATER GREY, SILENTNIGHT NON SPRUNG 2 DRAWER DIVAN STORAGE BED, RETAILER CHESTER MEDIUM 2 SEATER SOFA, 2020 APPLE MACBOOK PRO 13 TOUCH BAR INTEL CORE I5, RETAILER CALIA SMALL SIDEBOARD OAK, ANYDAY RETAILER WILTON BED FRAME DOUBLE, RETAILER CALIA NEST OF 3 TABLES OAK, RETAILER ST IVES DRESSING TABLE MIRROR, RETAILER SUPREME SUPIMA COTTON HAND TOW, SPECK BALANCE FOLIO FOR IPAD PRO 11 AND IPAD AIR 1, 2021 APPLE IPAD PRO 11 M1 PROCESSOR IOS WI-FI 1TB, SILENTNIGHT SLEEP SOUNDLY MIRACOIL ORTHO MATTRESS, VITAL BABY NURTURE ADVANCED PRO UV STERILISER DRYE, DUNE PAP LEATHER SIDE ZIP ANKLE BOOTS TAN 6, APPLE SMART FOLIO FOR IPAD PRO 11 3RD GENERATION D, RETAILER OLIVER SOFA BED, RETAILER MARLOW 3 DRAWER BEDSIDE TABLE, RETAILER COVER FOR CANTILEVER PARASOL G, RETAILER SYNTHETIC SOFT TOUCH WASHABLE, 2021 APPLE IMAC 24 ALL-IN-ONE M1 PROCESSOR 8GB RAM, HALO GROUCHO LEATHER FOOTSTOOL RIDERS NUT, RETAILER REFLEX 6-10 SEATER EXTENDING D, TOMMEE TIPPEE PERFECT PREP DAY NIGHT WHITE, TONIES ON-EAR CHILDREN S HEADPHONES MID PINK, RETAILER CUBIC ZIRCONIA STAR STUD EARRI, 2020 APPLE MACBOOK PRO 13 TOUCH BAR M1 PROCESSOR 8, RETAILER SHELL OFFICE CHAIR GREY, SMEG TSF01 2-SLICE TOASTER RED, RETAILER FIRESIDE ARMCHAIR, SONY BRAVIA XR XR55A80J 2021 OLED HDR 4K ULTRA HD, BUGABOO DONKEY3 DUO PUSHCHAIR AND CARRYCOT BLACK, JOSEPH JOSEPH GLIDE IRONING BOARD L108 X W38CM, TARGUS CITYGEAR 3 SLEEVE FOR LAPTOPS UP TO 14 BLAC, SILENTNIGHT SLEEP GENIUS FULL HEIGHT HEADBOARD DOU, RETAILER CALIA SOFA SIDE TABLE OAK, ANYDAY RETAILER MIX IT T-BAR HANDLE WID, RETAILER CLASSIC STAINLESS STEEL LIDDED, ANYDAY RETAILER HEXAGON COFFEE TABLE NA, RETAILER DUHRER TV STAND FOR TVS UP TO, ANYDAY RETAILER ADDED COMFORT OPEN SPRI, RETAILER MOON AND STARS ORGANIC COTTON, EMMA J SHIPLEY FOR CLARKE CLARKE AMAZON SUPER KING, APPLE WATCH NIKE SERIES 6, BUGABOO PLUS PUSHCHAIR COMFORT WHEELED BOARD, POTTERY BARN KIDS MID CENTURY CONVERTIBLE COTBED A, GOOCH LUXURY DISTRESSED KAZAK RUG L230 X W160 CM, ART FILE JUNGLE WRAPPING PAPER 3M, RETAILER BROOKS SIDE DINING CHAIRS SET, RETAILER DICE TALL SHELVING UNIT OAK GR, TARGUS NEWPORT SLEEVE FOR 13 MACBOOK PRO AIR BLACK, TEMPUR WATER RESISTANT MATTRESS PROTECTOR WHITE DE, RETAILER NATURAL COLLECTION HUNGARIAN G, RETAILER BAILEY MEDIUM 2 SEATER SOFA BE, SCION SPIKE DOOR MAT L75 X W50CM, LOUIS DE POORTERE CRACKS ABYSS RUG L280 X W200 CM, RETAILER CHARLOTTE SNUGGLER, SAMSUNG GALAXY S21 5G SMARTPHONE WITH WIRELESS POW, LE CREUSET ESSENTIALS CAST IRON ROUND CASSEROLE SO, SAGE BARISTA EXPRESS BEAN-TO-CUP COFFEE MACHINE WI, SONY BRAVIA KD32W800 2021 LED HDR HD READY 720P SM, APPLE MAGIC MOUSE 2022 BLACK, APPLE WATCH SERIES 7 GPS 45MM STARLIGHT ALUMINIUM, RETAILER ARLO ARMCHAIR, RETAILER BAILEY LARGE 3 SEATER LEATHER, SILENTNIGHT SLEEP SOUNDLY MIRACOIL COMFORT MATTRES, ANYDAY RETAILER THIN ALUMINIUM FRAME HA, SONY WH-1000XM4 NOISE CANCELLING WIRELESS BLUETOOT, TOM FORD BLACK ORCHID EAU DE PARFUM 50ML FRAGRANCE, MICROSOFT SURFACE PRO PEN PLATINUM, ANYDAY RETAILER PLAIN SEAT PAD DARK GRE, APPLE POLISHING CLOTH, PANACHE ANYA STRIPE FOLD TOP BIKINI BOTTOMS BLACK, WEST ELM FINLEY VELVET DINING CHAIR TAUPE, EST E LAUDER MATTE SHINE CONTROL PERFECTING PRIMER, SWYFT MODEL 01 ARMCHAIR VINE VELVET, APPLE WATCH SERIES 6 GPS 40MM GOLD ALUMINIUM CASE, APPLE IPHONE 12 MINI, APPLE USB-C TO 3 5MM AUDIO JACK HEADPHONES ADAPTER, HP 14 REVERSIBLE LAPTOP SLEEVE BLACK GOLD, SAMSUNG GALAXY Z FLIP 3 5G FOLDABLE SMARTPHONE 8GB, SN Z CLOUDS BABY SLEEPING BAG 1 TOG GREY 0-6 MONTH, RETAILER RATTAN 5 DRAWER TALLBOY CHEST, BABYMEL ROBYN ECO CONVERTIBLE BACKPACK NAVY STRIPE, CHARLOTTE TILBURY CRYO-RECOVERY FACE MASK X 1, RETAILER ARRAY STORAGE CABINET BLACK, SONY BRAVIA KE48A9 2020 OLED HDR 4K ULTRA HD SMART, JOIE BABY I-LEVEL I-SIZE CAR SEAT ECLIPSE, BOSE SOUNDLINK MICRO WATER-RESISTANT PORTABLE BLUE, DE LONGHI MAGNIFICA S ECAM250 33 TB SMART FULLY AU, RETAILER BARBICAN GRAND 4 SEATER SOFA, ORLA KIELY ACORN CUP CUSHION DARK MARINE, LG SL8YG SUPREME BLUETOOTH WI-FI SOUND BAR WITH ME, SNUGGLEDOWN NATURAL DUCK FEATHER AND DOWN 3-IN-1 D, RETAILER BURFORD GARDEN WOVEN DINING CH, RETAILER JERSEY ORGANIC COTTON LOUNGE P, RETAILER CHUNKY WEAVE 2-SEATER GARDEN S, ICANDY CUP HOLDER, ANYDAY RETAILER REGATTA BATH SHEET NAVY, SILVER CROSS DREAM I-SIZE NEWBORN BABY CAR SEAT DO, STOKKE STROLLER CUP HOLDER BLACK, TRAEGER PRO D2 575 BBQ PROTECTIVE COVER, ANYDAY RETAILER WHISTLER DINING CHAIR W, RETAILER CARTER DESK OAK WHITE, BELKIN DUAL 2X USB TYPE-C WALL CHARGER PLUG WHITE, EPSON ECOTANK ET-2811 THREE-IN-ONE WI-FI PRINTER W, APPLE USB TYPE-C DIGITAL AV MULTIPORT ADAPTER WHIT, BUGABOO TURTLE AIR BY NUNA I-SIZE CAR SEAT GREY, 2020 APPLE IPAD PRO 11"", RETAILER OLIVER ARMLESS MODULAR CORNER, RETAILER CAMDEN MANUAL RECLINER LEATHER, GOOGLE NEST MINI HANDS-FREE SMART SPEAKER 2ND GEN, LG OLED83C14LB 2021 OLED HDR 4K ULTRA HD SMART TV, APPLE AIRTAG LEATHER KEY RING PRODUCT RED, 2019 APPLE AIRPODS WITH WIRELESS CHARGING CASE, RETAILER BOW UNDERBED STORAGE DRAWERS S, SHARK IZ201 ANTI HAIR WRAP CORDLESS VACUUM CLEAN, RETAILER EMILY CHILD COMPLIANT UPHOLSTE, RETAILER SYNTHETIC SOFT AND LIGHT DUVET, GALLERY PERFECT MULTI-APERTURE FLOATING PHOTO FRAM, RETAILER CLASSIC ECO 800 POCKET SPRING, APPLE WATCH SERIES 7 GPS 45MM MIDNIGHT ALUMINIUM C, PHILIPS 13W BC LED CLASSIC BULB FROSTED, RETAILER MORITZ 4 SEATER GLASS DINING T, BAY LIGHTING RIESS GLASS SEMI FLUSH CEILING LIGHT, RETAILER MARLOW 250CM HINGED WARDROBE M, ROBERT WELCH RADFORD PIE SERVER, BLISSHOME CREATURES ROUND OCTOPUS TRAY 38CM BLUE, RETAILER CALIA SIDE TABLE OAK, BABYBJ RN MINI BABY CARRIER BLACK, ANYDAY RETAILER WARNER FABRIC OFFICE CH, RETAILER LUXURY NATURAL COLLECTION EGYP, DURESTA VAUGHAN II FOOTSTOOL TATE VELVET TURMERIC, HALO GROUCHO MEDIUM 2 SEATER LEATHER SOFA ANTIQUE, ONE FOR ALL BLUETOOTH TV AUDIO TRANSMITTER, MAXI-COSI I-SIZE FAMILYFIX 360 ISOFIX ROTATING CAR, RETAILER PLATFORM MODULAR 4-SEAT GARDEN, RETAILER SUPREME SUPIMA COTTON BATH TOW, MIELE TRIFLEX HX1 CAT AND DOG VACUUM CLEANER BLACK, APPLE WATCH SERIES 6 GPS CELLULAR 40MM GOLD ALUMIN, SONOS ARC WALL MOUNT BLACK, APPLE SMART FOLIO FOR IPAD AIR 2020 CYPRUS GREEN, RETAILER RATTAN STORAGE BEDSIDE TABLE O, NINTENDO ANIMAL CROSSING NEW HORIZONS SWITCH, SONOS ONE SL SMART SPEAKER BLACK, EMMA HYBRID MATTRESS MEDIUM TENSION DOUBLE, RETAILER SWOON BEAUVOIR SIDEBOARD GOLD, KOTI HOME FLUTED UPHOLSTERED BED FRAME SUPER KING, EBBE GEHL FOR RETAILER MIRA CONSOLE TABLE OAK, RETAILER CALIA LOW SHELVING UNIT OAK, GOOGLE NEST HUB MAX HANDS-FREE SMART HOME CONTROLL, EBBE GEHL FOR RETAILER MIRA 3 SEATER DINING BENC, RETAILER KIDS SHORT SLEEVE STRIPE T-SHI, HP 27M FULL HD MONITOR 27 BLACK, SONOS ARC SMART SOUND BAR WITH DOLBY ATMOS VOICE C, RETAILER CALIA 4 SEATER DINING TABLE OA, MAXI-COSI IORA CO-SLEEPER BEDSIDE CRIB ESSENTIAL G, APPLE WATCH SERIES 6 GPS 44MM SPACE GREY ALUMINIUM, HARLEQUIN LIMOSA WALLPAPER LAGOON ZEST 111074, 2020 APPLE MAC MINI DESKTOP COMPUTER, BUGABOO DONKEY3 MONO PUSHCHAIR AND CARRYCOT BLACK, SONY BRAVIA XR XR77A80J 2021 OLED HDR 4K ULTRA HD, RETAILER CALIA CONSOLE TABLE OAK, RETAILER GRILLSTREAM 6 BURNER HYBRID GA, WEST ELM JACK VELVET DINING CHAIR BEETLE GREEN BRA, DENBY BLUE HAZE TEA CUPS SET OF 2 200ML, SAMSUNG GALAXY WATCH 4 4G CELLULAR 44MM ALUMINIUM, RETAILER 100 LINEN KING DUVET COVER DUS, ANYDAY RETAILER EASY CARE 200 THREAD CO, RETAILER MADE IN ITALY EGYPTIAN COTTON, ANYDAY RETAILER RECTANGULAR PLASTIC STO, RETAILER ST IVES STORAGE BEDSIDE TABLE, APPLE SMART FOLIO FOR IPAD MINI 2021 BLACK, DYSON SUPERSONIC HAIR DRYER SPECIAL EDITION GIFT S, RETAILER BAILEY FOOTSTOOL, WEBER GENESIS II 2 AND 3 BURNER BBQ ROTISSERIE, SHARK NZ850 UPRIGHT VACUUM CLEANER WITH ANTI HAI, RETAILER BERGEN ARMCHAIR, RETAILER DUHRER 4-6 SEATER EXTENDING RO, BUGABOO PARASOL BLACK, RETAILER PADMA DOUBLE WARDROBE WITH 1 D, TEMPUR SENSATION ELITE MEMORY FOAM MATTRESS FIRM T, DYSON SUPERSONIC HAIR DRYER IRON FUCHSIA, APPLE SMART FOLIO FOR IPAD AIR 2020 PINK CITRUS, LG TONE FREE HBS-FN4 TRUE WIRELESS BLUETOOTH IN-EA, SAMSUNG QE55QN95A 2021 NEO QLED HDR 2000 4K ULTRA, RETAILER HIKO LARGE CEILING LIGHT BLACK, ANYDAY RETAILER WILTON DRESSING TABLE W, RETAILER CHEVRON KNOT JUTE RUG L240 X W, APPLE IPHONE 12, RETAILER ZEPHYR LED CRYSTAL SEMI FLUSH, THE HOME EDIT IDESIGN PANTRY STORAGE CANISTER LARG, RETAILER PADMA PARQUET BED FRAME KING S, G PLAN VINTAGE THE SIXTY FIVE MEDIUM 2 SEATER SOFA, APPLE WATCH SERIES 6, DYSON FLOOR DOK VACUUM CLEANER DOCK, BABYBJ RN ONE AIR BABY CARRIER NAVY BLUE, 2021 APPLE IPAD MINI 8 3 A15 BIONIC PROCESSOR IPAD, TOM SCHNEIDER TAPER 1250 TV STAND FOR TVS UP TO 55, HP 27MQ QUAD HD MONITOR 27 BLACK, RETAILER WELLINGTON RUG L230 X W160 CM, RETAILER ST IVES BED FRAME DOUBLE SLATE, RETAILER SPRING WISTERIA CUSHION DUCK E, RETAILER BABY CAMPER VAN PRINT SLEEVELE, SMEG KLF03 KETTLE CREAM, RETAILER CROMWELL CHESTERFIELD SNUGGLER, SARA MILLER ORCHARD TRAVEL DOCUMENT WALLET, WEBER SPIRIT CLASSIC E-310 3-BURNER GAS BBQ PROTEC, 7305, ANYDAY RETAILER WHISTLER DINING CHAIR E, RETAILER BASKET ROPE GARDEN LOUNGING AR, ANYDAY RETAILER GERARD OFFICE CHAIR BLA, ANYDAY RETAILER MIX IT DRESSING TABLE D, RETAILER GARDEN FURNITURE SMALL MODULAR, VITAL BABY NOURISH BIG KID CUTLERY SET, ANYDAY RETAILER ENZO 4 SEATER GLASS ROU, WEBER SPIRIT CLASSIC E-310 3-BURNER GAS BBQ, MAXI-COSI PEBBLE 360 I-SIZE BABY CAR SEAT ESSENTIA, RETAILER MARLOW 300CM HINGED WARDROBE G, RETAILER CHESTER LARGE 3 SEATER SOFA, STOMPA UNO S PLUS PACK OF 2 DOORS SMALL WHITE, ANYDAY RETAILER COIR NATURAL DOOR MAT R, SONOS SUB GEN 3 WIRELESS SUBWOOFER BLACK, RETAILER BARBICAN ARMCHAIR LIGHT LEG AQ, TINY LOVE MAGICAL TALES BLACK WHITE GYMINI ACTIVIT, 2021 APPLE IPAD PRO 12 9, SAMSUNG GALAXY TAB S7 FE TABLET BOOK COVER BLACK, APPLE MAC STUDIO DESKTOP M1 MAX PROCESSOR 32GB RAM, SONOS STAND FOR SONOS ONE ONE SL PLAY 1 PACK OF 2, RETAILER CALIA COFFEE TABLE OAK, RETAILER CLASSIC ECO 1000 POCKET SPRING, APPLE IPHONE SE, SMEG KLF03 KETTLE SLATE GREY, RETAILER CLASSIC SUSTAINABLE WAITROSE W, WEST ELM ROUND MARBLE NESTING SIDE TABLE WHITE BUR, ANYDAY RETAILER FAUX FUR SHEEPSKIN RUG, RETAILER LARGE SHELBY FLOOR LAMP BRASS, PURE EVOKE C-F6 DAB FM BLUETOOTH INTERNET STEREO A, RETAILER DECORATIVE OVERMANTLE MIRROR 1, WEST ELM MID-CENTURY BED FRAME DOUBLE FSC CERTIFIE, APPLE MJ1L2ZM A USB-C VGA MULTIPORT ADAPTOR, RETAILER SYNTHETIC COLLECTION TEMPERATU, APPLE IPHONE 12 PRO IOS 6 1 5G SIM FREE 256GB GRAP, SN11RG, RETAILER MEDAN BED FRAME KING SIZE DARK, CATHERINE STEPHENSON MEADOW OF WILD FLOWERS EMBELL, RETAILER SWOON MENDEL BED FRAME KING SI, RETAILER MEDAN 3 DRAWER BEDSIDE TABLE D, NORDLUX CANTO MAX 2 0 INDOOR OUTDOOR WALL LIGHT BR, ANYDAY RETAILER RECYCLED POLYESTER QUIC, D R PLUTO FLUSH CRYSTAL CEILING LIGHT CLEAR POLISH, BODUM 8 CUP CAFETIERE COFFEE MAKER 1L GREEN, RETAILER PADMA 1 DOOR PARQUET BEDSIDE T, SONOS ONE GEN 2 SMART SPEAKER WITH VOICE CONTROL B, RETAILER BABY GOTS ORGANIC COTTON FITTE, APPLE SILICONE CASE WITH MAGSAFE FOR IPHONE 12 12, BRIGGS RILEY VERB ACTIVATE 15 6 LAPTOP BACKPACK BL, TARGUS CLICK-IN CASE FOR IPAD AIR 10 9 AND IPAD PR, GABOR BULNER LEATHER HI-TOP TRAINERS BLACK 6, RETAILER HARLOW SEMI FLUSH BATHROOM CEI, APPLE EARPODS WITH REMOTE AND MIC LIGHTNING CONNEC, RETAILER EXTENDABLE CURTAIN POLE KIT AN, CREED AVENTUS EAU DE PARFUM 50ML, ANYDAY RETAILER CLASSIC BOBBIN PEDESTAL, ANYDAY RETAILER WHISTLER DINING CHAIRS, RETAILER JASPER LED SEMI FLUSH 3 ARM CE, KARTELL RE-CHAIR WHITE, MORRIS CO STRAWBERRY THIEF POUFFE RED MULTI, RETAILER BEDFORD FULL DEPTH UPHOLSTERED, 2022 APPLE IPAD AIR 10 9 M1 PROCESSOR IPADOS WI-FI, AVF JML8650 FLAT TV WALL BRACKET FOR TVS FROM 37 T, PACIFIC LIFESTYLE TALL SMOKED GLASS TABLE LAMP SMO, RETAILER GRACE UPHOLSTERED BED FRAME DO, SMEG TSF01 2-SLICE TOASTER BLACK, KETTLER PALMA GARDEN TABLE AND STOOLS FURNITURE CO, IXIA FLOWERS LUXURY WHITES DRIED FLOWERS, APPLE USB-C TO LIGHTNING CABLE 2M, DENBY WHITE SPECKLE GLAZE DINNER PLATE 26CM, RETAILER BURFORD 6-SEAT GARDEN DINING T, RETAILER CHARLOTTE ARMCHAIR, RETAILER ROUEN 2 DRAWER STORAGE UPHOLST, H G SOFI 7300 OFFICE CHAIR BLACK, RETAILER BUNDLE SINGLE SOFA SEAT UNIT W, SANDERSON PAMIR GARDENS CUSHION GREEN MULTI, BABY JOGGER CITY MINI 2 FOOTMUFF BLACK, RETAILER HARMONY SMALL RIBBON CEILING L, SILENTNIGHT SLEEP GENIUS STRUTTED HEADBOARD DOUBLE, TALKING TABLES KAZOO KARAOKE GAME, RETAILER TOKYO RHF LARGE MODULAR ARM UN, RETAILER CHARLOTTE COTBED WHITE, GHD HELIOS LIMITED EDITION PINK COLLECTION HAIR DR, RETAILER ST IVES SINGLE MODULAR GARDEN, RETAILER BROOKS VELVET OFFICE CHAIR GRE, JUST SHEEPSKIN DUCHESS MULE SLIPPERS DOVE GREY 3-4, HP OFFICEJET 8015E ALL-IN-ONE WIRELESS PRINTER WIT, RETAILER HENDRICKS ACCENT ARMCHAIR LIGH, OXO GOOD GRIPS PLASTIC CHOPPING CUTTING BOARDS SET, RETAILER SHAFTESBURY ARMCHAIR, RETAILER BELGRAVE MEDIUM 2 SEATER SOFA, MORRIS CO STRAWBERRY THIEF PURE PAIR LINED PENCIL, ANYDAY RETAILER JUNGLE ANIMALS BATH TOW, RETAILER ARRAY STORAGE CABINET DARK BRO, RETAILER BARBICAN 5 SEATER LEATHER CORN, TARGUS VERSAVU CLASSIC CASE FOR IPAD PRO 12 9 2020, RETAILER TREE SHELVING UNIT OAK, RETAILER CRISP AND FRESH 200 THREAD COU, RETAILER TOKYO SMALL MODULAR UNIT, LOGITECH CRAYON, 2021 APPLE IPAD PRO 11 M1 PROCESSOR IOS WI-FI 512G, MAXI-COSI CABRIOFIX I-SIZE INFANT CAR SEAT ESSENTI, RETAILER RUG HOLD UNDERLAY L150 X W100C, DYSON V7 ANIMAL EXTRA VACUUM CLEANER, RETAILER BARBICAN MEDIUM 2 SEATER SOFA, RETAILER SWOON MENDEL 3 DRAWER CHEST GR, RETAILER CLOUD VELVET DINING CHAIRS SET, DYSON CORRALE CORD-FREE HAIR STRAIGHTENERS FUCHSIA, CROFT COLLECTION FINDON FOOTSTOOL, ANYDAY RETAILER ANTON SIDE TABLE NATURA, RETAILER CALIA 2-SEATER DINING BENCH DA, ANYDAY RETAILER MOTION CORDUROY UPHOLST, RETAILER VALENCIA GARDEN 6-8 SEAT ADJUS, RETAILER ELSTRA MARLOW WARDROBE HANGING, RETAILER BAILEY LEATHER FOOTSTOOL DARK, RETAILER DOME TABLE LAMP BRASS, 2021 APPLE MACBOOK PRO 16 M1 PRO PROCESSOR 16GB RA, RETAILER CASHMERE HALF ZIP JUMPER TEAL, ICANDY PEACH PHANTOM PUSHCHAIR AND CARRYCOT NAVY T, MICROSOFT OFFICE HOME AND BUSINESS 2021 1 PC ONE-O, TECHLINK PANORAMA PM160 TV STAND FOR TVS UP TO 80, ANYDAY RETAILER SPINDLE DINING CHAIR SE, ANYDAY RETAILER BABY SLEEVELESS BODYSUI, RETAILER CAMBER ARMCHAIR, RETAILER CLASSIC ECO 1200 POCKET SPRING, STOMPA CLASSIC CHILDREN S BED FRAME WITH DRAWERS S, DARTINGTON CRYSTAL SIMPLICITY CHAMPAGNE FLUTES 200, RETAILER HENLEY BY KETTLER FREESTANDING, RETAILER EMILIA LARGE CRYSTAL DRUM FLUS, MADE TO MEASURE ROMAN BLIND, JOSEPH JOSEPH INTELLIGENT WASTE TOTEM COMPACT BIN, STOKKE XPLORY X PUSHCHAIR RAIN COVER BLACK, PHILIPS HUE WHITE AND COLOUR AMBIANCE PLAY WIRELES, RETAILER RHEA CEILING PENDANT, ANYDAY RETAILER MIX IT BEDSIDE TABLE GL, BOBBI BROWN POT ROUGE FOR LIPS AND CHEEKS FRESH ME, MM LINEN FIORELLA KING DUVET COVER SET MULTI, ERCOL FOR RETAILER SHALSTONE 4 DRAWER CHEST, ANYDAY RETAILER VELVET CUSHION AUBURN, SONOS ONE GEN 2 SMART SPEAKER WITH VOICE CONTROL W, RETAILER 3 BURNER BBQ COVER GREY, RETAILER CONNOISSEUR HIGHBALLS SET OF 4, HERMAN MILLER AERON OFFICE CHAIR SIZE B GRAPHITE, RETAILER COUNTRY BIRDS CUSHION MULTI, RETAILER CHESTER LEATHER FOOTSTOOL DARK, WEST ELM MID-CENTURY SMALL SIDEBOARD ACORN FSC-CER, RETAILER SHELBY FLOOR LAMP BRASS, HP ENVY PRO 6430E ALL-IN-ONE WIRELESS PRINTER HP E, CYBEX MIOS LUX CARRY COT DEEP BLACK, RETAILER 100 LINEN KING FITTED SHEET BL, APPLE IPHONE, RETAILER EMILIA CRYSTAL DRUM WALL LIGHT, LS LOWRY GOING TO WORK 1959 FRAMED PRINT MOUNT 64, LG OLED48C14LB 2021 OLED HDR 4K ULTRA HD SMART TV, WILSON RECTANGULAR DECORATIVE FRAME WALL MIRROR 11, RETAILER CAMDEN SNUGGLER, RETAILER PADMA 2 DRAWER BEDSIDE TABLE B, ANYDAY RETAILER WHISTLER DINING CHAIR D, APPLE MAGIC KEYBOARD WITH NUMERIC KEYPAD TOUCH ID, RETAILER 3 BURNER GAS BBQ SILVER BLACK, NZ801, JORMAEPOURRI CHRISTMAS SCENTED OIL 10ML, RETAILER ABACUS MONITOR STAND AND DESK, USB-C TO SD CARD READER, TOMMEE TIPPEE ADVANCED ANTI-COLIC BOTTLES PACK OF, ICANDY ORANGE 2021 CONVERTER ADAPTORS, CONTENT BY TERENCE CONRAN FUSION CONSOLE TABLE, RETAILER ARLO 5 SEATER LHF CHAISE END S, APPLE MAGIC MOUSE 2 (2015), RETAILER ROUEN UPHOLSTERED BED FRAME KI, RETAILER CAMDEN SMALL 2 SEATER SOFA, WEST ELM AVERY WISHBONE 8 SEATER DINING TABLE BROW, RETAILER CHEVRON GARDEN LOUNGING CHAIR, ANYDAY RETAILER POCKET MEMORY POCKET SP, RETAILER GEMSTONE FOREST GLITTER PINE C, RETAILER MEENA WALL LIGHT STEEL, RETAILER MIAMI CERAMIC-EFFECT GLASS TOP, RETAILER SWEPT ARMCHAIR DARK LEG AQUACL, MEACO 20L LOW ENERGY DEHUMIDIFIER HEPA FILTER PACK, RETAILER SOFT FEATHER HAND TOWEL SILVER, TEMPUR SENSATION LUXE MEMORY FOAM MATTRESS FIRM TE, RETAILER WOOD-EFFECT WIND-UP PARASOL 2, RETAILER ELSTRA 150CM WARDROBE WITH MIR, RETAILER RATTAN 3 DRAWER CHEST OAK, RETAILER MURRAY ERGONOMIC OFFICE CHAIR, APPLE WATCH SERIES 7 GPS CELLULAR 45MM BLUE ALUMIN, ANYDAY RETAILER PENNY OFFICE CHAIR, SONY HT-S20R BLUETOOTH SOUND BAR WITH SUBWOOFER AN, RETAILER SPECIALIST SYNTHETIC LUXURY ME, HUSH JOEY STAR PRINT JERSEY PYJAMA SET POWDER BLUE, ANGLEPOISE ORIGINAL 1227 MINI TABLE LAMP JET BLACK, BABYBJ RN BLISS BOUNCER 3D GREY, RETAILER PLASTIC HANGERS PACK OF 6, HARLEQUIN LIFE S A CIRCUS REVERSIBLE DUVET COVER A, CYBEX PLATINUM PRIAM MIOS PUSHCHAIR FOOTMUFF DEEP, BUGABOO DONKEY3 DUO EXTENSION COMPLETE BLACK, G PLAN VINTAGE THE SIXTY FIVE FOOTSTOOL SORREN TEA, RETAILER CAMDEN ARMCHAIR, STOMPA UNO S PLUS MULTI CUBE UNIT WHITE, SONY HT-A7000 WI-FI BLUETOOTH ALL-IN-ONE SOUND BAR, BLINK INDOOR SMART SECURITY SYSTEM WITH THREE WIRE, RETAILER MEENA LIGHT EFFECTS FLOOR LAMP, SAMSUNG WIRELESS QI-COMPATIBLE 10000MAH BATTERY PA, GALLERY DIRECT STANFORD MARBLE COFFEE TABLE WHITE, OONI KODA 16 PIZZA OVEN CARRY COVER BLACK, TEFAL INGENIO EXPERTISE NON-STICK FRYING PAN SET 3, RETAILER NATURAL DUCK DOWN SURROUND PIL, CHICCO NEXT 2 ME MAGIC 2 BEDSIDE CRIB COOL GREY, ANYDAY RETAILER LIGHT COTTON HAND TOWEL, RETAILER BOW 1 DRAWER BEDSIDE TABLE OAK, RETAILER CALIA DESK OAK, TOMMEE TIPPEE FUNTIME SOOTHER 6-18 MONTHS PACK OF, ANYDAY RETAILER RECYCLED COTTON CHINDI, GHD RISE HOT BRUSH HAIR STYLER GIFT SET BLACK, RETAILER EBONY TABLE LAMP SLATE, RETAILER POROUS SINGLE TOWEL CUPBOARD O, LITTLE HOME AT RETAILER CHILDREN S PURE COTTON C, TEFAL INGENIO EXPERTISE NON-STICK WOK 28CM, RETAILER ELSTRA 250CM WARDROBE WITH GLA, DUALIT DOMUS 2-SLICE TOASTER CHARCOAL, PHILIPS AC0820 30 SERIES 800 COMPACT AIR PURIFIER, KOTI HOME PLAIN UPHOLSTERED BED FRAME KING SIZE LU, RETAILER RAINBOW STRIPE HAND TOWEL MULT, JOBY GORILLAPOD 1K TRIPOD, RETAILER CLIMATE COLLECTION COPPER 2000, ANYDAY RETAILER BASIC FIBRE COTBED MATT, RETAILER DUHRER LARGE SIDEBOARD OAK, SPECK PRESIDIO PERFECT CLEAR CASE FOR IPHONE SE 20, ANYDAY RETAILER MIX IT NARROW 4 DRAWER, APPLE WATCH SERIES 7 GPS 41MM BLUE ALUMINIUM CASE, ALLSAINTS CIGARETTE SKINNY FIT JEANS INDIGO 32R, STOMPA S FLEX AIRFLOW CHILDREN S MATTRESS MEDIUM F, BOSE TV SPEAKER BLUETOOTH SOUND BAR, APPLE AIRTAG BLUETOOTH ITEM FINDER 1 PACK, SONY WH-CH710N NOISE CANCELLING WIRELESS BLUETOOTH, PANASONIC NN-E28JBMBPQ MICROWAVE OVEN BLACK, EBBE GEHL FOR RETAILER MIRA CERAMIC TOP 8-10 SEA, RETAILER HALO COLOUR CHANGING ILLUMINAT, TETRAD COSY CLUB SKITTLE ARMCHAIR LIGHT LEG ODYSSE, JOULES PLUSH PRINTED DUCK DOG TOY, MEACO PLATINUM DEHUMIDIFIER, NEWGATE CLOCKS MASTER EDWARDS ANALOGUE WALL CLOCK, RETAILER NATURAL DUCK DOWN DUVET 4 5 TO, RETAILER ROUEN UPHOLSTERED BED FRAME SU, RETAILER EMILY 2 DRAWER STORAGE UPHOLST, RETAILER BALLOON SOLAR POWERED LED LINE, RETAILER ARCHIE II SMALL 2 SEATER SOFA, ANYDAY RETAILER DOMINO 3 DRAWER CHEST N, DOCKATOT DELUXE PRISTINE WHITE BABY POD 0-8 MONTHS, JOSEPH JOSEPH SINK CADDY LARGE, RETAILER SWOON MENDEL BEDSIDE TABLE LIG, ANYDAY RETAILER WHISTLER BAR STOOL WHIT, TOMMEE TIPPEE THE ORIGINAL GROBAG NEWBORN EASY SWA, RETAILER EGYPTIAN COTTON BATH SHEET SMO, RETAILER CLASSIC COLLECTION COMFORT SUP, RETAILER GRAYSON STORAGE SIDEBOARD OAK, SONY BRAVIA XR XR65A80J 2021 OLED HDR 4K ULTRA HD, RETAILER MULTICOLOURED BALL COAT HOOKS, RETAILER CERTIFICATE FRAME MOUNT A4 BLA, JO MALONE  POMEGRANATE NOIR DELUXE SCENTED C, OCULUS QUEST 2 CARRYING CASE, RETAILER LUXURY NATURAL COLLECTION MOHA, ANYDAY RETAILER CUT VELVET CUSHION DUCK, RETAILER SALSA 2-SEATER GARDEN SOFA TWO, SANDISK EXTREME PRO UHS-I SD CARD UP TO 170MB S RE, WEST ELM MID-CENTURY 6 DRAWER CHEST FSC CERTIFIED, LOGITECH MX ANYWHERE 3 BLUETOOTH MOUSE BLACK, RETAILER CLASSIC COLLECTION ORTHO SUPPO, RETAILER MID-CENTURY SWEEP UPHOLSTERED, WEST ELM MODERNIST BEDSIDE TABLE WINTER WOOD, UPPABABY VISTA UPPER ADAPTOR, RETAILER CAMDEN 5 SEATER LHF CORNER END, SAMSUNG GALAXY S21 PLUS LED VIEW COVER PHANTOM BLA, RETAILER PAPER ROPE STORAGE BASKETS SET, FREYA AWAKENING BIKINI KNICKERS RED M, NORTON 360 STANDARD 1 YEAR PRE-PAID SUBSCRIPTION F, RETAILER SPINDLE 6 DRAWER CHEST OAK, 2020 APPLE IMAC 27 ALL-IN-ONE INTEL CORE I7 8GB RA, BEATS SOLO PRO WIRELESS BLUETOOTH ON-EAR HEADPHONE, RETAILER TRINITY MARBLE SIDEBOARD BROWN, RETAILER PADMA 3 DRAWER CHEST BROWN BRA, RETAILER ST IVES DRESSING TABLE STOOL G, G PLAN VINTAGE THE SIXTY FIVE FOOTSTOOL PLUSH INDI, RETAILER HENLEY BY KETTLER 6-SEATER REC, CUSTOMISABLE MODERN FRAME BEZEL FOR SAMSUNG THE FR, RETAILER NATURAL COTTON QUILTED STANDAR, HALO LITTLE PROFESSOR LEATHER ARMCHAIR HAND TIPPED, AND OR VENICE BEACH BOYFRIEND JEANS MAR VISTA 27, SAMSUNG GALAXY WATCH 4 CLASSIC BLUETOOTH 42MM STAI, LE CREUSET TOUGHENED NON-STICK RECTANGULAR GRILL P, RETAILER SWOON FRANKLIN DESK BROWN, RETAILER ELSTRA 3 DRAWER BEDSIDE TABLE, RETAILER CALIA COFFEE TABLE WITH NEST O, HYPNOS LUXURY WOOL NO 1 POCKET SPRING MATTRESS MED, APPLE MGN43B/A 5W USB POWER ADAPTER, RETAILER RATTAN SIDEBOARD OAK, ANYDAY RETAILER WILTON BEDSIDE TABLES S, APPLE IPHONE 12 PRO, RETAILER HECTOR TABLE LAMP ANTIQUE BRAS, STONEGLOW LUNA PAPYRUS WOODS JASMINE REED DIFFUSER, ANYDAY RETAILER FLORAL CROP CUSHION PIN, ANYDAY RETAILER ANNIE TABLE LAMP DUCK E, SAGE ORACLE TOUCH FULLY AUTOMATIC BEAN-TO-CUP COFF, PANASONIC TX-55JZ1000B 2021 OLED HDR 4K ULTRA HD S, RAY-BAN RB3016 MEN S POLARISED CLUBMASTER SUNGLASS, ANYDAY RETAILER WILTON 2 DRAWER BEDSIDE, 2019 APPLE MACBOOK PRO 16 TOUCH BAR INTEL CORE I9, RETAILER BERGEN LEATHER FOOTSTOOL DARK, ANYDAY RETAILER CLAPTON FIXED BACK SOFA, SOPHIE CONRAN FOR PORTMEIRION BUTTER DISH WHITE, TOMMY HILFIGER ESSENTIAL SLIDES WHITE 10, SAMSUNG QE85QN94C 2021 NEO QLED HDR 2000 4K ULTRA, BABYZEN YOYO CHASSIS COLOUR PACK BUNDLE BLACK, RETAILER SWOON SARTRE MARBLE CONSOLE TA, LG OLED55B16LA 2021 OLED HDR 4K ULTRA HD SMART TV, ANYDAY RETAILER VIRTUE DINING CHAIRS SE, SKANDINAVISK SKOG FOREST REED DIFFUSER 200ML, ANYDAY RETAILER EASY-TO-FIT PAPER CEILI, RETAILER BABY GOTS ORGANIC COTTON SCRAT, ANYDAY RETAILER DINE PILSNER BEER GLASS, MICROSOFT SURFACE GO MOBILE BLUETOOTH WIRELESS MOU, DOCKATOT DELUXE CLOUD GREY BABY POD 0-8 MONTHS, RETAILER THEALE UPHOLSTERED HEADBOARD K, SELETTI 4W SES LED NON DIMMABLE FROSTED BULB CLEAR, JABRA ELITE ACTIVE 75T TRUE WIRELESS BLUETOOTH SWE, STOKKE TRIPP TRAPP HIGHCHAIR STORM GREY, CROFT COLLECTION MELROSE FIXED COVER MEDIUM 2 SEAT, OYSTER 3 LUXURY 7 PIECE PUSHCHAIR AND CARRYCOT BUN, PHILIPS SERIES 5000 STEAM IRON, MAC STUDIO FIX FLUID SPF15 NW15, TEMPUR ORIGINAL ELITE MEMORY FOAM MATTRESS MEDIUM, RETAILER BABY GOTS ORGANIC COTTON HAT P, GUCCI BLOOM EAU DE PARFUM 100ML CHRISTMAS FRAGRANC, RETAILER BABY COTTON JOGGERS PACK OF 2, BARBOUR INTERNATIONAL SITKA BOYFRIEND FIT TEE BRIG, RETAILER WALL CLOCK NAVY BRASS 30CM, WER BC-PRO CARRY BAG FOR LAPTOPS UP TO 16 BLACK, RETAILER ETIENNE LOW END SLEIGH BED FRA, LE CREUSET STONEWARE RAINBOW EGG CUPS SET OF 6 ASS, TEMPUR TRADITIONAL SUPPORT STANDARD PILLOW FIRM, RETAILER HARVARD TV STAND FOR TVS UP TO, RETAILER BAILEY HIGH BACK ARMCHAIR, RETAILER ST IVES DRESSING TABLE STOOL F, APPLE HOMEPOD MINI SMART SPEAKER SPACE GREY, RETAILER PLUTO 6 PENDANT CLUSTER CEILIN, ANYDAY RETAILER KEELY 3 SPOTLIGHT CEILI, CELESTRON TRAVEL SCOPE 70 DX PORTABLE TELESCOPE, 2021 APPLE IPAD 10 2 A13 BIONIC PROCESSOR IPADOS W, RETAILER HENDRICKS FOOTSTOOL, SAMSUNG GALAXY WATCH 4 CLASSIC 4G CELLULAR 46MM ST, RETAILER PILLOW BED FRAME KING SIZE NAT, DURESTA VAUGHAN II LARGE 3 SEATER SOFA ETON VELVET, RETAILER SHOW WOOD 6 DRAWER CHEST NOUGA, KETTLER CAF VIENNA 2-SEATER GARDEN BISTRO TABLE AR, ANYDAY RETAILER SOFT TOUCH FLIP TOP BAT, APPLE SMART FOLIO FOR IPAD AIR 2020 WHITE, ANYDAY RETAILER JAX SMALL SIDE TABLE GR, RETAILER ELSTRA WARDROBE LED LIGHTS SET, GHD ORIGINAL HAIR STRAIGHTENER BLACK, RETAILER BALDWIN LARGE PENDANT CEILING, RETAILER BOBBIN 2 DRAWER BEDSIDE TABLE, RETAILER PADMA 2 DRAWER BEDSIDE TABLE F, RETAILER WILTON COTBED WHITE, CREATIVE TOPS MARBLE PLACEMATS SET OF 2 WHITE GREY, RETAILER MARLOW 4 DRAWER CHEST 75CM MAT, PURFLO SLEEP TIGHT BABY BED MINIMAL GREY, ERGOBABY METRO COMPACT PUSHCHAIR GREY, GOOCH LUXURY DISTRESSED WATERFALL RUG L160 X W230, ANYDAY RETAILER PLAIN SEAT PAD NAVY, APPLE WATCH SERIES 6 GPS 40MM SPACE GREY ALUMINIUM, SOSANDAR ANIMAL SPOT TULIP DRESS KHAKI 20, ANYDAY RETAILER CRAZY CATS CUSHION MULT, RETAILER MARLOW 150CM HINGED DOOR WARDR, BUGABOO FOX 3 FOOTMUFF GREY MELANGE, BODY CLOCK HEALTH CARE LTD ELLE TENS 2 MATERNITY M, LIBRA FLOATING ROMAN NUMERAL ROUND WALL CLOCK 70CM, SILVER CROSS DUNE REEF UNIVERSAL CAR SEAT ADAPTORS, ANYDAY RETAILER EAT PORCELAIN DINNERWAR, ANYDAY RETAILER BUIANI FOLDING CHAIR FS, BURT S BEES BABY BEE NO TEARS BABY SHAMPOO WASH 23, RETAILER ULTRA SOFT COTTON BATH TOWEL L, ANYDAY RETAILER BONN OTTOMAN STORAGE UP, RETAILER BROOKLYN CLOTHES RAIL, RETAILER HARROGATE HIGH BACK GRAND 4 SE, RETAILER BAILEY SNUGGLER, APPLE WATCH SERIES 7 GPS 41MM MIDNIGHT ALUMINIUM C, ORLA KIELY FLYNN FOOTSTOOL DARK LEG KIMONO FOREST, RETAILER OSLO SNUGGLER, RETAILER DRAPER 5 SEATER LHF CHAISE END, JOSEPH JOSEPH PALM SCRUB SOAP-DISPENSING WASHING-U, WEST ELM LARGE LOOP ORNAMENT METALLIC BRASS, H G CAPISCO PULS 8020 OFFICE CHAIR BLACK, TIFFANY CO ROSE GOLD EAU DE PARFUM 75ML, LAURA ASHLEY PUSSY WILLOW KING DUVET COVER SET DOV, RETAILER ST IVES CANOPY BED FRAME FSC C, CLARINS TONIC BATH SHOWER CONCENTRATE 200ML, HALO GROUCHO MEDIUM 2 SEATER LEATHER SOFA RIDERS N, HUSH MARLIE COLD SHOULDER TOP MIDNIGHT 14, KETTLER RHS HARLOW CARR RECTANGULAR GARDEN COFFEE, MAM ANTI-COLIC BABY BOTTLE 260ML PACK OF 3, ANYDAY RETAILER MIX IT CORNER WARDROBE, RETAILER TUCK ACCENT ARMCHAIR LIGHT LEG, RETAILER RICHMOND LANTERN CANDLE HOLDER, JOIE BABY KUBBIE SLEEP BEDSIDE TRAVEL COT FOGGY GR, RETAILER TEXTURED KNITTED THROW CLEMENT, RETAILER FISH BLACKOUT ROLLER BLIND MUL, LACIE STGH1000400 EXTERNAL HARD DISK DRIVE 1TB USB, CYBEX CLOUD Z I-SIZE ROTATING LIE FLAT BABY SEAT D, APPLE WATCH NIKE SERIES 7 GPS CELLULAR 41MM MIDNIG, LE CREUSET TOUGHENED NON-STICK MILK PAN 16CM, RETAILER EGYPTIAN COTTON HAND TOWEL NEW, RETAILER MARLOW 200CM HINGED WARDROBE P, ERCOL FOR RETAILER SHALSTONE BEDSIDE TABLE, RETAILER DUHRER SHELVING UNIT, NIKON Z NIKKOR 24-200MM F 4-6 3 VR TELEPHOTO ZOOM, APPLE WATCH SERIES 7 GPS CELLULAR 41MM BLUE ALUMIN, ANYDAY RETAILER SWEEP LARGE 3 SEATER SO, WEST ELM PROFILE WIDE BOOKCASE ANTIQUE BRASS, RETAILER VICTORIA CHANDELIER CEILING LI, EBBE GEHL FOR RETAILER MIRA COFFEE TABLE OAK, PHILIPS HUE WHITE AND COLOUR AMBIANCE SMART LIGHTI, RETAILER MURAL ORGANIC COTTON KING DUVE, LITTLE HOME AT RETAILER STARS AND STRIPES REVERS, OONI KARU 12 DUAL FUEL PORTABLE OUTDOOR PIZZA OVEN, BELKIN 3-IN-1 WIRELESS DOCK CHARGER FOR APPLE WATC, BABY EINSTEIN JOURNEY OF DISCOVERY JUMPER, RETAILER NATURAL COLLECTION PURE COTTON, RETAILER LEMONS DOOR MAT, 385272-01, RETAILER GOTS ORGANIC COTTON FITTED BED, LOUIS DE POORTERE MEDALLION RUG SPRING MOSS L280 X, RETAILER MITSU CUSHION BLUE, RETAILER 5-PLY THERMACORE NON-STICK CHE, RETAILER ST IVES BED FRAME DOUBLE GREY, DR BROWN S NATURAL FLOW OPTIONS NEWBORN GIFT SET, RETAILER TOKYO LHF LARGE MODULAR ARM UN, APPLE WATCH SERIES 7 GPS 41MM STARLIGHT ALUMINIUM, RETAILER GRAYSON COFFEE TABLE OAK, RETAILER OLIVER MODULAR GRAND 4 SEATER, RETAILER WOODEN VEGETABLE SET, APPLE AIRTAG BLUETOOTH ITEM FINDER 2 PACK BUNDLE, RETAILER BROOKS GAS LIFT ADJUSTABLE BAR, RETAILER BOUTIQUE UPHOLSTERED BED FRAME, DOCKATOT DELUXE LA VIE EN ROSE BABY POD 0-8 MONTHS, ARTHUR PRICE OLD LISH TEASPOON, RETAILER TOKYO FOOTSTOOL, APPLE WATCH SERIES 7 GPS 45MM BLUE ALUMINIUM CASE, SAGE SMO870 COMBI WAVE 3-IN-1 MICROWAVE, RETAILER FISHING ROD FLOOR LAMP WALNUT, LG SL6Y BLUETOOTH SOUND BAR WITH DTS VIRTUAL X HIG, DYSON CORRALE CORD-FREE HAIR STRAIGHTENERS, BUGABOO CUP HOLDER BLACK, SOPHIE CONRAN FOR PORTMEIRION FOOTED CAKE PLATE WH, OONI CAST IRON GRIZZLER PAN 26CM, SNUGGLEDOWN NATURAL DUCK FEATHER AND DOWN DUVET 13, KETTLER PALMA GARDEN ARMCHAIR COVER, RETAILER CHUNKY WEAVE ROUND GARDEN COFF, RETAILER CLIMATE COLLECTION COPPER 1600, PHILIPS HUE WHITE AND COLOUR AMBIANCE LILY LED SMA, RETAILER CHILDREN S PELLERINE SOCKS PAC, RETAILER CHEVRON ROUND GARDEN SIDE TABL, RETAILER MARLOW 250CM SLIDING DOOR WARD, APPLE WATCH SERIES 6 GPS CELLULAR 44MM GRAPHITE ST, PHILIPS 3 5W GU10 LED SPOTLIGHT BULB, ANYDAY RETAILER WIRE FRAME TABLE LAMP B, RETAILER CARMINE EASY-TO-FIT CEILING SH, LA HACIENDA HAWKESBURY MAGNESIA FIREPIT GREY STONE, NORDLUX KETTLE 22 TAKE ME ANYWHERE LED SMALL INDOO, RETAILER GRAYSON SMALL STORAGE SIDE TAB, ANYDAY RETAILER SKYE JUTE BORDER RUG L3, RETAILER SILK  PILLOWCASE WHITE, CULINARY CONCEPTS CANDELABRA SILVER SMALL, RETAILER BLOCK LARGE SOFA BED LIGHT LEG, ANYDAY RETAILER STONEWARE SIDE PLATES S, HABICO OVERLOCKING THREAD 5000Y BLACK, ANGELCARE SOFT TOUCH BATH SUPPORT WHITE GREY, APPLE HOMEPOD SMART SPEAKER SPACE GREY, RETAILER MARLOW 4 DRAWER CHEST 75CM GRA, RETAILER MOLECULE SEMI FLUSH 6 ARM CEIL, ANYDAY RETAILER TONY DESK LAMP MUSTARD, EMMA HYBRID MATTRESS MEDIUM TENSION SUPER KING SIZ, RETAILER ARLO 5 SEATER RHF CHAISE END S, APPLE WATCH NIKE SERIES 6 GPS 44MM SILVER ALUMINIU, BABABING FLIPOUT CHANGING MAT PACK GREY, ANYDAY RETAILER SCROLL MEDIUM 2 SEATER, SAYS WHO FOR RETAILER WHY WOOD BAR STOOL OAK, CYBEX BASE Z I-SIZE ROTATING CAR SEAT BASE BLACK, VELFONT NATURSAN PLUS ORGANIC GOTS COTTON MATTRESS, DYSON V7 ANIMAL CORDLESS VACUUM CLEANER, RETAILER SWOON MENDEL 5 DRAWER TALLBOY, ALICE SHERIDAN FINDING LIGHT SPACE ABSTRACT FRAMED, ECLAT CRISTAL D ARQUES PARIS ULTIME WHITE WINE GLA, RETAILER CROMWELL CHESTERFIELD LARGE 3, RETAILER EXTRA LARGE DEEP PILE BATH MAT, VAX RAPID POWER REVIVE CARPET CLEANER, APPLE TV 4K 2021 32GB, JAMIE OLIVER BY TEFAL HARD ANODISED ALUMINIUM NON-, DESIGN PROJECT BY RETAILER NO 120 CIRCLE MIRROR, ADIDAS CHILDREN S FORTARUN RUNNING SHOES CORE BLAC, RETAILER SPINDLE 1 DRAWER BEDSIDE TABLE, RETAILER HECTOR MINI FLOOR LAMP BRASS, ANYDAY RETAILER TOILET ROLL HOLDER, RETAILER BAILEY LEATHER ARMCHAIR DARK L, RETAILER ZIG ZAG TABLE WINE RACK 12 BOT, RETAILER EASY CARE ORGANIC COTTON STAND, RETAILER SWOON LOVELACE BAR CART GOLD, CROFT COLLECTION EASDALE LLOYD LOOM DINING CHAIR I, RETAILER SWOON FRANKLIN TV STAND SIDEBO, RETAILER REFINE GRAND 4 SEATER SOFA, SAMSUNG GALAXY WATCH 4 BLUETOOTH 44MM ALUMINIUM WI, RING SMART VIDEO DOORBELL 3 WITH BUILT-IN WI-FI CA, APPLE SMART FOLIO FOR IPAD MINI 2021 ELECTRIC ORAN, PARKER KNOLL FITZROVIA ARMCHAIR PLUSH GRAPHITE WIT, RETAILER DUAL HOOD BBQ COVER GREY, RETAILER EGYPTIAN COTTON HAND TOWEL CHE, ANYDAY RETAILER HINTON OFFICE CHAIR GRE, GHD AIR HAIR DRYING KIT, ANYDAY RETAILER MATT BLACK TOWEL RING, APPLE SMART KEYBOARD FOR 10 2 IPAD 10 5 IPAD PRO A, PHILIPPE STARCK FOR KARTELL MASTERS CHAIR WHITE, BREVILLE LUSTRA KETTLE BLACK, RETAILER BALDWIN BATHROOM WALL LIGHT PE, RETAILER BOX STRIPE CUSHION GOLD, RETAILER SELVA WALLPAPER MULTI, APPLE WATCH SERIES 6 GPS 44MM GOLD ALUMINIUM CASE, RETAILER WELLINGTON RUG SAFFRON L140 X, LIKE-IT STACKING PLASTIC STORAGE DRAWER H16CM CLEA, RETAILER CHARLOTTE HIGH BACK ARMCHAIR, TOM FORD PRIVATE BLEND BITTER PEACH EAU DE PARFUM, APPLE WATCH NIKE SERIES 7 GPS CELLULAR 45MM MIDNIG, PLAYSTATION 5 DUALSENSE WIRELESS CONTROLLER MIDNIG, CYBEX E-PRIAM PRIAM LUX CARRYCOT DEEP BLACK, RETAILER 3M FREESTANDING PARASOL OYSTER, APPLE MAGIC KEYBOARD WITH TOUCH ID 2021 FOR MAC MO, RETAILER DRAPER LARGE 3 SEATER SOFA, LAURA ASHLEY DYLAN THROW CRANBERRY, HP DESKJET PLUS 4120E ALL-IN-ONE WIRELESS PRINTER, RETAILER WINTER SPICE SCENTED CANDLE, DE LONGHI ESAM2200 VENEZIA BEAN-TO-CUP COFFEE MACH, SONY BRAVIA XR XR65X95J 2021 LED HDR 4K ULTRA HD S, DYSON V15 DETECT ABSOLUTE VACUUM CLEANER, SKIP HOP FORMA CHANGING BACKPACK BLACK, RETAILER ECOMATTRESS FIRM TENSION KING, RETAILER RATTAN BED FRAME DOUBLE OAK, RETAILER SALSA GARDEN ROCKING CHAIR TWO, RETAILER CALIA 6-10 SEATER EXTENDING DI, SERAX WIRE CURVED POT MEDIUM, BAY LIGHTING JAX TRIPOD TABLE LAMP MATT NICKEL, RETAILER BABY BEE EMBROIDERED SHORT DUN, APPLE SMART FOLIO FOR IPAD PRO 11 3RD GENERATION M, ANYDAY RETAILER DUAL HEAD FLOOR LAMP PU, HERMAN MILLER AERON OFFICE CHAIR SIZE B MINERAL, ANYDAY RETAILER MANGO WOOD SALAD BOWL 2, ANYDAY RETAILER MIX IT MIRRORED SINGLE, STRING FLOOR PANEL SIDE RACK H200CM BLACK, SQUARE SCATTER CUSHION BY LOAF AT RETAILER CLEVE, RETAILER BERGEN FOOTSTOOL, APPLE LIGHTNING TO USB CABLE 1M, RETAILER COTTON VELVET CUSHION HIBISCUS, RETAILER NATURAL GOOSE FEATHER DOWN DUV, SAMSUNG GALAXY WATCH 4 BLUETOOTH 40MM ALUMINIUM WI, RETAILER HENDRICKS HIGH BACK LEATHER AC, ANYDAY RETAILER PATTERN BORDER WAFFLE T, ANYDAY RETAILER ANTON DINING BENCH NATU, RETAILER BAILEY HIGH BACK SMALL 2 SEATE, NINJA CB100 FOODI POWER 2-IN-1 NUTRI BLENDER, RETAILER GARDEN FURNITURE LARGE CORNER, RETAILER NATURAL COLLECTION CASHMERE 26, TASSIMO BY BOSCH TAS1402GB VIVY 2 POD COFFEE MACHI, ANYDAY RETAILER DIAMOND DITSY KING DUVE, PHASE EIGHT THEA WOOL BLEND TRENCH COAT NAVY 12, SN Z SN ZPOD 4 WATERPROOF CRIB MATTRESS PROTECTOR, RETAILER SWOON FRANKLIN COFFEE TABLE BR, LG OLED55C14LB 2021 OLED HDR 4K ULTRA HD SMART TV, APPLE WATCH MAGNETIC CHARGING CABLE, RETAILER ROUND WOOD FRAME WALL MIRROR 9, RETAILER LEAF CHANGING MAT WHITE MULTI, EMMA BRIDGEWATER BLACK TOAST BISCUIT BARREL 3 7L W, VAX PLATINUM CARPET WASH 4L, RETAILER PETAL ARMCHAIR DARK LEG WINDSO, JOIE BABY I-GEMM2 BABY CAR SEAT PAVEMENT GREY, GOOGLE NEST STAND FOR NEST LEARNING THERMOSTAT 3RD, RETAILER AMARE MIRROR CHAMPAGNE 107 X 7, ANYDAY RETAILER WILTON HEADBOARD SMALL, TOMMEE TIPPEE CLOSER TO NATURE BABY HEALTHCARE KIT, PM160, RETAILER EASY CARE ORGANIC COTTON DOUBL, LACIE RUGGED EXTERNAL HARD DISK DRIVE 2TB USB TYPE, LG OLED65C14LB 2021 OLED HDR 4K ULTRA HD SMART TV, APPLE WATCH 40MM SPORT BAND, SILENTNIGHT SLEEP GENIUS 3000 POCKET GELTEX MATTRE, EPSON EB-E01 XGA 768P PROJECTOR 3300 LUMENS, APPLE MAGIC KEYBOARD WITH NUMERIC KEYPAD (2017), MONSOON AVA SEQUIN STRETCH WRAP DRESS BLACK 14, HP 32XL INK BOTTLE BLACK, RETAILER IVEY RECTANGULAR WALL MIRROR 1, ANYDAY RETAILER TIGER PRINT TODDLER DUV, APPLE WATCH SERIES 6 GPS 40MM SILVER ALUMINIUM CAS, MS23F301TAW, BABYLISS HYDROFUSION HAIR DRYER, GOOCH LUXURY ARUBA RUG GUNMETAL L150 X W90 CM, RETAILER LUXURY SPA BATH SHEET NOUGAT, SILVER CROSS POP PUSHCHAIR FOREST, SAMSUNG GALAXY S20 FE SILICONE COVER CLEAR, THE HOME EDIT IDESIGN SHELF DIVIDER, RETAILER NATURAL GOOSE FEATHER AND DOWN, RETAILER MARBLE CONTAINER WHITE, RETAILER RAISE COFFEE TABLE WALNUT, RETAILER SPINDLE BED FRAME SMALL DOUBLE, BLOOMINGVILLE MINI LARGE CLOUD SHELF WHITE, BHARTA LARGE ROUND WOOD FRAME MIRROR 120CM SILVER, THERAGUN 4TH GENERATION SUPERSOFT HEAD ACCESSORY, RETAILER BOOTH LARGE 3 SEATER SOFA LIGH, RETAILER BABY ORGANIC COTTON DINOSAUR S, RETAILER VELVET PAIR LINED PENCIL PLEAT, ANYDAY RETAILER EAT PASTA BOWLS SET OF, JOSEPH JOSEPH EDITIONS WASH AND DRAIN WASHING UP B, TARGUS CITYLITE CONVERTIBLE BACKPACK BRIEFCASE FOR, RETAILER HENDRICKS LEATHER ARMCHAIR DAR, FITNESS-MAD MINI POWER LOOP RESISTANCE BANDS SET O, RETAILER DRAPER GRAND 4 SEATER SOFA LIG, CYBEX E-PRIAM PRIAM SEAT PACK DEEP BLACK, SANDERSON DANDELION CLOCKS CUSHION TEAL, APPLE WATCH SERIES 7 GPS CELLULAR 45MM SILVER STAI, RETAILER HARMONY RIBBON SMALL TABLE LAM, RETAILER SOFT SILKY EGYPTIAN COTTON 800, RETAILER COMPACT ARMCHAIR, RETAILER GRACE UPHOLSTERED BED FRAME KI, ANYDAY RETAILER CAMDEN GARDEN BISTRO TA, RETAILER HENDRICKS ACCENT CHAIR, VENICE BEACH LOU GYM VEST HOT PINK M, TINY LOVE MEADOW DAYS SOOTHE AND GROOVE MOBILE, RETAILER EGYPTIAN COTTON BATH TOWEL PAC, ANYDAY RETAILER PLAIN COTTON CUSHION SP, KETTLER PALMA ALUMINIUM GARDEN CUSHION STORAGE BOX, LITTLE HOME AT RETAILER MERMAIDS REVERSIBLE DUVE, RETAILER CAMBER LEATHER FOOTSTOOL DARK, RETAILER SWIVEL LED UPLIGHTER FLOOR LAM, SWOON MUNICH LOVESEAT DARK LEG INK VELVET, SUNNYLIFE DAIMON DOWNEY MIAMI INFLATABLE POOL, HP DESKJET 2720E ALL-IN-ONE WIRELESS PRINTER HP EN, RETAILER MERIDA PRINT REVERSIBLE GARDEN, MINI BODEN BABY JUNGLE APPLIQUE SPOT TROUSERS BLUE, RETAILER DRAPER LARGE 3 SEATER SOFA DAR, CRICUT BASIC TOOL SET GREY, ANGLEPOISE TYPE 80 W3 WALL LIGHT MATTE BLACK, APPLE USB-C TO LIGHTNING CABLE 1M, RETAILER CHUNKY WEAVE 5-SEATER GARDEN C, ANYDAY RETAILER KIDS STAR PRINT COTTON, WEST ELM MID-CENTURY 3 DRAWER CHEST FSC CERTIFIED, UPPABABY RUMBLE SEAT JAKE, RETAILER BURFORD GARDEN WOVEN 2-SEAT SO, BANG OLUFSEN BEOSOUND STAGE ALL-IN-ONE SOUND BAR W, ANYDAY RETAILER ARLO PAIR LINED PENCIL, ANYDAY RETAILER DINE PROSECCO FLUTE SET, HYPNOS WOOLCOTT PILLOW TOP POCKET SPRING MATTRESS, KETTLER FREESTANDING FREE ARM LED LIGHT WIRELESS S, ANYDAY RETAILER ELEMENTARY COTBED WHITE, BREVILLE CURVE COLLECTION 4-SLICE TOASTER WHITE, CHICCO BABY HUG AIR CRIB TITANIUM, ANYDAY RETAILER MICROFIBRE STANDARD PIL, SAMSUNG QE43QN90A 2021 NEO QLED HDR 1500 4K ULTRA, RETAILER 640 LED VINE LIGHTS PURE WHITE, RETAILER CAMBER FOOTSTOOL, NUNA LEAF GROW BABY ROCKER GRANITE, MAXI-COSI KORE I-SIZE CHILDREN S CAR SEAT AUTHENTI, RETAILER HEMINGWAY ROUND LAMP TABLE, WEST ELM MID-CENTURY TALL TURNED LEG PLANTER WHITE, RETAILER DRAPER FOOTSTOOL METAL LEG, RETAILER FLOW SINGLE ROBE HOOK BLACK, LG 50NANO806PA 2021 LED HDR NANOCELL 4K ULTRA HD S, RETAILER CAMDEN GRAND 4 SEATER SOFA, KETTLER LAMODE LARGE RECTANGULAR GARDEN COFFEE TAB, APPLE LIGHTNING TO DIGITAL AV ADAPTER MD826, RETAILER SANTINO DINING ARMCHAIR BLACK, STOKKE XPLORY X CHANGING BAG BLACK, APPLE WATCH SERIES 6 GPS 44MM BLUE ALUMINIUM CASE, RETAILER SWOON MENDEL DESK LIGHT BROWN, EBBE GEHL FOR RETAILER MIRA STORAGE CABINET WHIT, CHANEL HEALTHY GLOW BRONZING CREAM CREAM-GEL BRONZ, CHICCO NEXT TO ME BEDSIDE CRIB FOX BEDDING SET GRE, HALO GROUCHO LEATHER ARMCHAIR RIDERS NUT, RETAILER ARCHIE II ARMCHAIR LIGHT LEG F, UPPABABY VISTA V2 JORDAN PUSHCHAIR AND CARRYCOT CH, APPLE SILICONE CASE WITH MAGSAFE FOR IPHONE 12 MIN, BOSE HOME SPEAKER 500 SMART SPEAKER WITH VOICE REC, SPECK PRESIDIO PERFECT-CLEAR CASE FOR AIRPODS PRO, RETAILER PADSTOW STRIPE PAIR LINED PENC, RETAILER SEEK FAUX LEATHER DINING CHAIR, RETAILER BABY BUNNY PRINT PYJAMAS CREAM, RETAILER SPINDLE DOUBLE WARDROBE WITH 2, SHNUGGLE BABY BATH WITH PLUG GREY WHITE, WEST ELM SLOPE LOUNGE CHAIR SADDLE LEATHER, RETAILER ELEGANCE TOILET ROLL HOLDER SI, RETAILER POROUS DOUBLE TOWEL CUPBOARD O, SILENTNIGHT SLEEP GENIUS 800 POCKET ECO COMFORT PI, ICANDY PEACH DUO POD DARK GREY TWILL, SAMSUNG THE SERIF 2021 QLED HDR 4K ULTRA HD SMART, RETAILER MARLOW 250CM HINGED DOOR WARDR, INNOVATION LIVING RECAST SOFA BED WITH POCKET SPRU, JOSEPH JOSEPH MULTI-GRIP MANDOLINE GREEN, RETAILER COLLAPSIBLE STEAMER BASKET 23C, RETAILER HARVARD STORAGE CABINET PEACOC, RETAILER CHILDREN S ISABELLA GLITTER BA, RETAILER VENN OFFICE CHAIR BLACK GREEN, ANYDAY RETAILER MIX IT TALL MIRRORED DO, ANYDAY RETAILER ROLLED MEMORY FOAM MATT, RETAILER COASTAL CLEYSTRIPE LAMPSHADE G, RETAILER SALSA GARDEN CHAIR SET OF 2 TW, RETAILER TOKYO LHF MEDIUM MODULAR ARM U, RETAILER DEVON EASY-TO-FIT SMALL CEILIN, RETAILER MARLOW 200CM MIRRORED SLIDING, SONOS WALL MOUNT FOR SONOS ONE ONE SL PLAY 1 BLACK, RETAILER BALDWIN DESK LAMP GLOSS OLIVE, NINTENDO THE LEGEND OF ZELDA BREATH OF THE WILD SW, WEBER BBQ GRATE CLEANER 300ML, APPLE WATCH SERIES 6 GPS CELLULAR 44MM SPACE GREY, RETAILER CAMDEN MEDIUM 2 SEATER SOFA BE, BLOOMINGVILLE MINI BOOK STORAGE UNIT WHITE, RETAILER PYJAMA STRIPE SUPER KING DUVET, HEATHCOTE IVORY FABRIC FLOWERS SCENTED DRAWER LINE, ANYDAY RETAILER FORM ACCENT CHAIR BLACK, ANYDAY RETAILER DIAMOND IKAT SUPER KING, RETAILER ZEN GARDEN SUPER KING DUVET CO, RETAILER BAILEY MEDIUM 2 SEATHER LEATHE, LENOVO G34W-10 ULTRA WIDE QUAD HD CURVED GAMING MO, RETAILER CALIA 8-12 SEATER EXTENDING DI, APPLE SMART FOLIO FOR IPAD AIR 2020 BLACK, WEST ELM MID-CENTURY COFFEE TABLE ACORN FSC-CERTIF, RETAILER NO 045 LED FLOOR LAMP BLACK, PHILIPPE STARCK FOR KARTELL MASTERS BAR CHAIR BLAC, SPECK GEMSHELL CLEAR CASE AND SCREEN PROTECTOR BUN, RETAILER NATURAL GOOSE FEATHER DOWN 3-I, LG OLED55CX5LB 2020 OLED HDR 4K ULTRA HD SMART TV, WEST ELM MID-CENTURY CANOPY BED FRAME DOUBLE FSC C, ANYDAY RETAILER RIDGE STORAGE CABINET G, RETAILER HARBOUR CRAB MUG WHITE RED 500, RETAILER BLUSH COAST PINE AND BERRY WRE, POURTY CRADLE CAP BRUSH, RETAILER SWIVEL GROUP 0 1 2 3 ISOFIX CA, ANYDAY RETAILER GRID RUG FENNEL L230 X, RETAILER RONDA ROUND HANGING MIRROR 50C, WEST ELM ORGANIC COTTON CLOUD JERSEY STANDARD PILL, RETAILER X NATURAL HISTORY MUSEUM KIDS, RETAILER ST IVES 2-SEATER GARDEN LOUNGI, ANYDAY RETAILER TIGER PRINT SLEEPING BA, SHARK S6005 FLOOR HANDHELD STEAM CLEANER, BLUEBELLGRAY MIMOSA SUPER KING DUVET COVER SET GRE, MIKE SHEPHERD COASTAL HAZE FRAMED PRINT MOUNT 110, APPLE THUNDERBOLT 3 USB-C TO THUNDERBOLT 2 ADAPTER, CYBEX CLOUD Z I-SIZE ROTATING LIE FLAT BABY SEAT S, ANYDAY RETAILER MUSLIN SQUARES PACK OF, ANYDAY RETAILER NORA CUSHION MUSTARD, RETAILER PLUME CUSHION SOFT PINK, RETAILER BAILEY SMALL 2 SEATER LEATHER, RETAILER THOMAS ARMCHAIR, RETAILER HIKO MEDIUM CEILING LIGHT BLAC, RETAILER METAL EXTENDABLE CURTAIN POLE, WEST ELM MID-CENTURY VELVET DINING CHAIR DOVE GREY, RETAILER FREQUENCY DESK NATURAL, RETAILER KIDS SPOT FLEECE DRESSING GOWN, RETAILER BAILEY 5 SEATER LEATHER CORNER, RETAILER ROUEN UPHOLSTERED OTTOMAN STOR, RETAILER BARBICAN LEATHER FOOTSTOOL DAR, ANYDAY RETAILER SEMI-CIRCLE SIDE TABLE, ANYDAY RETAILER SWEEP ARMCHAIR LIGHT LE, RETAILER ZOO FRIENDS SPOT PRINT SLEEPIN, G PLAN VINTAGE SIXTY FIVE MEDIUM 2 SEATER SOFA PLU, RETAILER POROUS TALLBOY BATHROOM CABINE, SWYFT MODEL 01 MEDIUM 2 SEATER SOFA TEAL VELVET, LITTLE HOME AT RETAILER WORLD MAP REVERSIBLE COT, JOSEPH JOSEPH COMPACT CUTLERY ORGANISER GREY, OXO SHOWER SQUEEGEE STAINLESS STEEL, RETAILER HARVARD BEDSIDE TABLE DARK GRE, BRITA MAXTRA ALUNA WATER FILTER JUG COOL BLUE 2 4L, LENOVO L24E-30 FULL HD GAMING MONITOR 23 8 BLACK, ERCOL FOR RETAILER SHALSTONE DINING ARMCHAIR OAK, D R PETA LED SEMI FLUSH BATHROOM CEILING LIGHT SMA, AMAZON ECHO SHOW 8 2ND GEN SMART SPEAKER WITH 8 SC, CYBEX GOLD PUSHCHAIR FOOTMUFF SOHO GREY, ANYDAY RETAILER STUDIO REACTIVE GLAZE D, NEOM ORGANICS  PERFECT NIGHT S SLEEP HAND BA, WESTERN DIGITAL MY PASSPORT PORTABLE HARD DRIVE 1T, DUALIT 72925 ARCHITECT KETTLE POLISHED STEEL BLACK, RETAILER BARBICAN LHF CHAISE SOFA BED W, SILVER CROSS PIONEER SPECIAL EDITION PUSHCHAIR CAR, APPLE WATCH SERIES 7 GPS CELLULAR 45MM MIDNIGHT AL, RETAILER COTTON BATH TOWELS PACK OF 2 W, D R CODE CEILING LIGHT GOLD, ANYDAY RETAILER CARBON STEEL NON-STICK, RETAILER 2 7M PARASOL OYSTER, RETAILER STORAGE MEDIUM 2 SEATER SOFA B, BOORI DELUXE PUROTEX POCKET SPRING MATTRESS 132 X, APPLE WATCH 44MM SPORT BAND, RETAILER CRISP AND FRESH ELLA ORIGAMI C, RETAILER ECOMATTRESS MEDIUM TENSION DOU, MORRIS CO STRAWBERRY THIEF VELVET CUSHION CRIMSON, RETAILER HARLOW BATHROOM CEILING LIGHT, BABYZEN YOYO 0 NEWBORN PUSHCHAIR RAINCOVER, RETAILER IPANEMA HERITAGE PASTE THE WAL, RETAILER MONTREAL STORAGE BED DOUBLE OA, RETAILER PILLOW FOOTSTOOL, RETAILER SWOON FRANKLIN CONSOLE TABLE B, MICROSOFT SURFACE STUDIO LAPTOP INTEL CORE I7 32GB, BOORI NATURAL POCKET SPRING MATTRESS 132 X 70CM, PANASONIC NN-K18JMMBPQ FREESTANDING MICROWAVE WITH, ICANDY LIME LIFESTYLE PUSHCHAIR AND CARRYCOT BUNDL, TED BAKER POMEGRANATE KING DUVET COVER MULTI, APPLE TV 4K 2021 64GB, SN Z SN ZPOD 4 COMFORT AIR BEDSIDE CRIB ROSE WHITE, STOMPA UNO S PLUS 3 DRAWER CHEST GREY, SAMSUNG GALAXY BUDS LIVE WITH QI-COMPATIBLE WIRELE, ANYDAY RETAILER ALBANY BED FRAME KING S, RETAILER LOUVRE DESK NATURAL FSC CERTIF, ELVIE SINGLE ELECTRIC BREAST PUMP, RETAILER HARMONY RIBBON SEMI FLUSH CEIL, ANYDAY RETAILER JUTE ROUND RUG NATURAL, EGG2 MULTI CAR SEAT ADAPTORS, HUMANSCALE DIFFRIENT WORLD TASK OFFICE CHAIR WHITE, SMEG TSF03 4-SLICE TOASTER WHITE, TOMMEE TIPPEE THE ORIGINAL GROBAG STAGE 3 SLEEPING, ANYDAY RETAILER KRISTY TOUCH TABLE LAMP, RETAILER CLASSIC GLASS LID STAINLESS ST, QE65QN95A, SMEG TSF01 2-SLICE TOASTER WHITE, RETAILER TALL EMILY UPHOLSTERED BED FRA, ANYDAY RETAILER LEONA DOUBLE SIDED VELO, 2020 APPLE IPAD 10 2 A12 IPADOS WI-FI 32GB SPACE G, WROUGHT IRON AND BRASS BED CO LILY IRON BED FRAME, RETAILER TOKYO LHF GRAND MODULAR ARM UN, LEGO IDEAS 21319 FRIENDS CENTRAL PERK, SAMSUNG MS23K3555EK MICROWAVE BLACK, RETAILER ELSTRA WIDE 4 DRAWER CHEST OF, KITCHENAID 175 ARTISAN 4 8L STAND MIXER BLUE, RETAILER LUXURY SPA BATH TOWEL WHITE, RETAILER HUXLEY FLOOR LAMP SMOKE ANTIQU, RETAILER HENLEY BY KETTLER ARMCHAIR CUS, RETAILER GIRLS EASY CARE PLEATED SCHOOL, ANYDAY RETAILER FERN SIDEBOARD OAK, TASSIMO BY BOSCH TAS3202GB SUNY POD COFFEE MACHINE, CHARLOTTE TILBURY MAGIC MINI MAKEUP BRUSH MAKEUP G, ANYDAY RETAILER PUSHCHAIR CUP HOLDER BL, RETAILER POCKET SPRING COTBED MATTRESS, ANYDAY RETAILER FERN 4-6 SEATER EXTENDI, RETAILER WELLINGTON RUG L300 X W200CM I, APPLE WATCH NIKE SERIES 6 GPS 40MM SILVER ALUMINIU, RETAILER WHITE MARBLE BATHROOM TUMBLER, APPLE WATCH SERIES 7 GPS CELLULAR 45MM GOLD STAINL, RETAILER SHOW WOOD DRESSING TABLE AND M, RETAILER CAMBER SMALL 2 SEATER SOFA, WEST ELM TERRACE COFFEE TABLE ANTIQUE BRASS, RETAILER ELLIPSE VELVET ARMCHAIR GOLD L, HALO EARLE CHESTERFIELD LEATHER ARMCHAIR ANTIQUE W, TOMMEE TIPPEE ULTRA UV 3-IN-1 ELECTRIC STERILISER, WEST ELM STAGGERED GLASS DOUBLE SCONCE WALL LIGHT, SAMSUNG LU28R550UQRXXU ULTRA HD 4K MONITOR 28 GREY, PHILIPS HUE WHITE AND COLOUR AMBIANCE RESONATE LED, RETAILER TABLE PROTECTOR FABRIC CREAM W, RETAILER OLIVER MODULAR PAIR OF ARMS, ANYDAY RETAILER RECYCLED PLASTIC SQUARE, HYPNOS LUXURY WOOL NO 2 PILLOW TOP POCKET SPRING M, ERCOL FOR RETAILER SHALSTONE DRESSING TABLE, RETAILER NATALIE CERAMIC TABLE LAMP GRE, JAIPUR HORIZON RUG SKY BLUE L300 X W200 CM, RETAILER CHARLOTTE SMALL 2 SEATER SOFA, WEST ELM PENELOPE MINI DESK, CUSTOMISABLE BEVELLED FRAME BEZEL FOR SAMSUNG THE, ANYDAY RETAILER COMBED POLYCOTTON FITTE, BLINK OUTDOOR SMART SECURITY SYSTEM WITH TWO WIREL, RETAILER SCRATCHED WHITE WOOD CURTAIN P, ALLSAINTS SLVINA MOMO ASYMMETRIC HEM SKIRT PINK 8, RETAILER EASY CARE ORGANIC COTTON FITTE, STOMPA ORIGINALS GUEST BED FRAME AND TRUNDLE EXTRA, WEST ELM PENELOPE 3 DRAWER BEDSIDE TABLE FSC CERTI, SN Z SN ZPOD 4 BEDSIDE CRIB HAZE GREY, NATASHA BARNES SEMBLANCE II FRAMED PRINT 62 X 42CM, ACCTIM HALTON ROMAN NUMERAL ANALOGUE MANTEL CLOCK, UPPABABY COZYGANOOSH 2020 FOOTMUFF JAKE, SAMSUNG LF22T350FHRXXU FULL HD MONITOR 22 GREY, RETAILER BASKET OVAL GARDEN COFFEE TABL, RETAILER CAMBER LARGE 3 SEATER SOFA, TEFAL NON-STICK MADRAS CHAPATI PAN DIA 30CM, RETAILER ROMY MIRRORED GLASS PENTAGON C, RETAILER BABY ELEPHANT SHORT SLEEVE BOD, ANYDAY RETAILER HELIUM TOUCH TABLE LAMP, BRABANTIA BO TOUCH BIN 11L 23L PLATINUM, RETAILER MEDAN BED FRAME DOUBLE DARK WO, RETAILER HARROGATE HIGH BACK ARMCHAIR, DESIGN PROJECT BY RETAILER NO 016 CUSHION PLASTE, LAURA ASHLEY PUSSY WILLOW SUPER KING DUVET COVER S, RETAILER HARVARD TV STAND SIDEBOARD FOR, ANYDAY RETAILER DINE SQUARE DINNERWARE, RETAILER HARMONY LED COLOUR CHANGING OU, TARGUS CLICK-IN CASE FOR IPAD 10 2 IPAD AIR 10 5 A, RETAILER GARDEN DIRECTORS CHAIR FSC-CER, BABYZEN YOYO 6 PUSHCHAIR RAINCOVER, 2020 APPLE IPAD 10.2"" 128GB SPACE GREY, WEST ELM VERVE RUG L305 X W244 CM, 2020 APPLE IPAD PRO 11 A12Z BIONIC IOS WI-FI 1TB S, STOMPA S FLEX AIRFLOW POCKET CHILDREN S POCKET SPR, INGENUITY KEEP COZY 3-IN-1 GROW WITH ME BOUNCE AND, RETAILER EMILIA LARGE TABLE LAMP CLEAR, SAMSUNG GALAXY S21 CLEAR VIEW COVER PHANTOM BLACK, ANYDAY RETAILER SUPER SOFT FAUX FUR CUS, APPLE HOMEPOD MINI SMART SPEAKER WHITE 2 PACK 2 SP, EAZIGLIDE NEVERSTICK2 ALUMINIUM NON-STICK OPEN FRY, RETAILER BOW 5 DRAWER TALL BOY CHEST OA, RETAILER CRISP AND FRESH LILLIAN FLORAL, ANYDAY RETAILER SKYE JUTE RUG L180 X W1, CARHARTT WIP ABBOT TAPERED TROUSERS NAVY 36R, RETAILER UNISEX PURE COTTON EASY CARE S, WEST ELM MID-CENTURY 5 DRAWER CHEST ACORN, RETAILER WASHING UP BOWL GREY, ANGLEPOISE PAUL SMITH TYPE 75 DESK LAMP EDITION 3, RETAILER CHECK PAIR LINED EYELET CURTAI, RETAILER SWOON LATIMER MEDIUM 2 SEATER, SAMSUNG 980 PRO PCIE GEN 4 0 NVME M 2 SOLID STATE, RETAILER AVA CUSHION TURMERIC, ANYDAY RETAILER MIX IT WIDE 4 DRAWER CH, RETAILER EMMA SEERSUCKER KINGSIZE DUVET, HARLEQUIN LIFE S A CIRCUS REVERSIBLE COTTON DUVET, RETAILER CHEVRON 2-SEAT DOUBLE GARDEN S, RETAILER KIDS SINGLE VESTS PACK OF 3 WH, POTTERY BARN KIDS METALLIC STARS SHERPA BABY BLANK, SONY MDR-EX15AP IN-EAR HEADPHONES WITH MIC REMOTE, RETAILER ELSTRA 4 DRAWER CHEST OF DRAWE, JOSEPH JOSEPH EDITIONS MILLTOP NO SPILL SALT PEPPE, RETAILER NEO MUG 300ML TERRACOTTA, RETAILER LOUIS BEDSIDE TABLE OAK, BOSE SOUNDLINK REVOLVE II WATER-RESISTANT PORTABLE, ROYAL WORCESTER SERENDIPITY BONE CHINA SIDE PLATE, PHILIPS HUE PLAY HDMI SYNC BOX, RETAILER LUXURY NATURAL COLLECTION BRIT, RETAILER CHENILLE CUSHION RED, ANYDAY RETAILER DISC DINING CHAIR SET O, ANYDAY RETAILER CLAYTON 2-4 SEATER DROP, ANYDAY RETAILER LOFT DESK GREY WHITE, RETAILER CHUNKY WEAVE GARDEN LOUNGE CHA, RETAILER PURITAN PASTA BOWLS SET OF 4 2, ANYDAY RETAILER STACKING WIRE BASKET LA, SN Z SN ZSURFACE AIR SN ZPOD 3 MATTRESS 88 X 44CM, ASTRO OLAN WALL LIGHT WITH SILK SHADE NICKEL OYSTE, RETAILER ELSTRA 100CM WARDROBE WITH MIR, HOBBS SEY SLIM JEANS MID WASH 8, OWLET BABY MONITOR DUO WHITE, SAMSUNG HW-Q800A BLUETOOTH WI-FI CINEMATIC SOUND B, RETAILER ROMY EASY-TO-FIT MIRRORED GLAS, BARBOUR MATT LEATHER BELT BROWN M, RETAILER PADMA 2 DRAWER BEDSIDE TABLE G, ANYDAY RETAILER MIX IT MIRRORED DOUBLE, RETAILER EVERYDAY EGYPTIAN COTTON BATH, RETAILER 100 LINEN  PILLOWCASE BL, SWOON KALMAR LARGE 3 SEATER SOFA DARK LEG KINGFISH, RETAILER ELEVATE LEATHER ARMCHAIR METAL, BEATS STUDIO BUDS TRUE WIRELESS BLUETOOTH IN-EAR H, MAXI-COSI PEARL 360 I-SIZE INFANT CAR SEAT AUTHENT, RETAILER NATURAL COLLECTION MULBERRY SI, BABYZEN YOYO CUP HOLDER, RETAILER SOFT AND SILKY BATH MAT PEARL, RETAILER CROMWELL CHESTERFIELD SMALL 2, RETAILER EASY CARE ORGANIC COTTON OXFOR, SILENTNIGHT SLEEP SOUNDLY MIRACOIL COMFORT DIVAN B, SANDERSON STAPLETON PARK RUG BLUE ORANGE L280 X W2, APPLE WATCH SERIES 7 GPS CELLULAR 41MM MIDNIGHT AL, RETAILER ESSENCE BED FRAME KING SIZE OA, RETAILER THE ULTIMATE COLLECTION SILK S, RETAILER LEVEL 1 DRAWER BEDSIDE TABLE O, RUCOMFY SQUASHY SQUARBIE EXTRA LARGE INDOOR OUTDOO, 2019 APPLE MACBOOK PRO 16 TOUCH BAR INTEL CORE I7, TEMPUR CLOUD ELITE MEMORY FOAM MATTRESS SOFT SUPER, RETAILER CAPE LEATHER ARMCHAIR DARK LEG, RETAILER FINN DESK OAK, KETTLER PALMA 8-SEAT GARDEN CORNER CASUAL DINING T, CHARLOTTE TILBURY LIP CHEAT LIP LINER PENCIL SAVAG, RETAILER BLANCA RECTANGULAR WALL MIRROR, ANYDAY RETAILER BONN UPHOLSTERED BED FR, TETRAD LEWIS FOOTSTOOL MAHOGANY LEG HARRIS TWEED B, RETAILER LORN 6-10 SEATER EXTENDING DIN, JELLYCAT BUNNY STAR MUSICAL PULL BLUE, RETAILER BABY COTTON RICH ROLL TOP SOCK, BOSE SMART SOUND BAR 300 WITH WI-FI BLUETOOTH AND, ANYDAY RETAILER WILTON BED FRAME KING S, SWOON PRITCHARD ARMCHAIR DARK LEG KINGFISHER VELVE, RETAILER RHAPSODY SHAGGY RUG SILVER L29, RETAILER CAPE UPHOLSTERED DINING CHAIRS, ANYDAY RETAILER ZADIE LED CLIP ON DESK, NATASHA BARNES CONTINUATION FRAMED CANVAS PRINT 10, APPLE THUNDERBOLT 2 TO GIGABIT ETHERNET ADAPTER, RETAILER SWOON MENDEL BED FRAME DOUBLE, VITRA EAMES DSW SIDE CHAIR LIGHT MAPLE LEG WHITE, MODE LEATHER PARIS SLEEVE CASE FOR MACBOOK AIR MAC, CAROLINE GARDNER HEARTS DESK CALENDAR 2022, NN-E27JWMBPQ, RETAILER MARBLE EFFECT STATEMENT NECKLA, PAPER SALAD PARTY CATS WRAPPING PAPER 4M, RETAILER PALM STRIPE KING DUVET COVER S, ANYDAY RETAILER WAFFLE COTTON TEA TOWEL, LG OUTDOOR BERGEN 8-SEAT OVAL GARDEN DINING TABLE, DESIGN PROJECT BY RETAILER NO 098 ESPRESSO MUG S, LG OLED48A16LA 2021 OLED HDR 4K ULTRA HD SMART TV, RETAILER JUTE POUFFE NATURAL, RETAILER PREMIUM FIBRE COTBED MATTRESS, APPLE WATCH SERIES 7 GPS CELLULAR 41MM STARLIGHT A, SAMSUNG T7 PORTABLE SOLID STATE DRIVE USB 3 2 1TB, ANYDAY RETAILER ELIO 3 ARM CEILING LIGH, RETAILER  SCROLL ARMCHAIR DARK LEG, RETAILER RATTAN SOLAR POWERED GARDEN LA, ANYDAY RETAILER ARLO PAIR LINED EYELET, BUGABOO FOX2 PUSHCHAIR AND CARRYCOT BLACK, EMMA HYBRID MATTRESS MEDIUM TENSION SMALL DOUBLE, RETAILER CHEVRON STATEMENT GARDEN CHAIR, KETTLER ELBA GARDEN CUSHIONED SUN LOUNGER CHARCOAL, RETAILER CLAVERDON II ARMCHAIR, ANYDAY RETAILER FLANNELS WHITE COTTON P, WEST ELM MID-CENTURY NARROW BOOKSHELF WITH STORAGE, SKIP HOP MOBY WHALE BATH RINSER BLUE, RETAILER MARLOW 150CM MIRRORED HINGED W, NORDLUX KETTLE 36 TAKE ME ANYWHERE LED LARGE INDOO, RETAILER SWOON MENDEL SIDEBOARD LIGHT B, SAMSUNG GALAXY TAB S8 ULTRA TABLET BOOK COVER, RETAILER ROUEN OTTOMAN STORAGE UPHOLSTE, RETAILER CONSTELLATION WRAPPING PAPER 3, RETAILER GRACE OTTOMAN STORAGE UPHOLSTE, BEATS FLEX WIRELESS BLUETOOTH IN-EAR HEADPHONES WI, RETAILER BAILEY HIGH BACK MEDIUM 2 SEAT, PURE EVOKE H3 DAB DAB FM BLUETOOTH RADIO WALNUT, BABYZEN YOYO CHASSIS BASSINET COLOUR PACK BUNDLE B, RETAILER ARCHIVE FLORAL CUSHION ORANGE, RETAILER PADMA 3 DRAWER CHEST GREY NICK, DIOR SAUVAGE SPRAY EAU DE TOILETTE 60ML, RETAILER SPLIT BAMBOO LATTICE LAUNDRY B, RETAILER ETIENNE 5 DRAWER CHEST OAK, MAC LIP PENCIL STRIP DOWN WHIRL, GRACIE TAPNER RUNNING HARE FRAMED PRINT MOUNT 23 5, RETAILER HARROGATE HIGH BACK MEDIUM 2 S, RETAILER DRAPER MEDIUM 2 SEATER SOFA DA, MAXI-COSI KORI ROCKER ESSENTIAL BLUE, GOOCH LUXURY COLORE LUSTRE RUG NEUTRAL L230 X W160, RETAILER CALIA 8 SEATER DINING TABLE OA, RETAILER WHALE CUSHION, RETAILER ST IVES BED FRAME KING SIZE GR, WEBER ORIGINAL BBQ TOOL SET 3 PIECE, RETAILER USB TYPE-C TO USB TYPE-C CABLE, E-CLOTH WASHING UP PADS PACK OF 2, RETAILER RISE LARGE 3 SEATER CHAISE END, RETAILER NEW SHEEPSKIN RUG QUAD MOCHA, SILVER CROSS ASCOT COTBED WARDROBE DRESSER, RETAILER NATURAL DUCK DOWN 3-IN-1 DUVET, CITIZEN BN0155-08E MEN S PROMASTER DIVE ECO-DRIVE, RETAILER ARLO DOUBLE SOFA BED, APPLE MAGSAFE BATTERY PACK, RETAILER UNDER THE SEA PRINT COTBED DUV, ANYDAY RETAILER SWIRL METAL SIDE TABLE, RETAILER COW PARSLEY CUSHION DUCK EGG, LAVAZZA TINY POD COFFEE MACHINE, APPLE WATCH NIKE SERIES 7 GPS 45MM STARLIGHT ALUMI, WEST ELM WRIGHT BEDSIDE TABLE FSC CERTIFIED EUCALY, RETAILER MARCIANO EMBROIDERY PINK MULTI, BAY LIGHTING GRANDEUR GLASS CEILING LIGHT BLACK CH, RETAILER PADSTOW FOOTSTOOL, WEST ELM MID-CENTURY WIDE BOOKSHELF ACORN, RETAILER SAFARI PRINT COTTON FITTED COT, 2020 APPLE IPAD PRO 12 9 A12Z BIONIC IOS WI-FI 512, RETAILER GIRLS BIB SCHOOL TUNIC GREY 11, ANYDAY RETAILER ANTON 6-8 SEATER EXTEND, RETAILER DICE SHELVING UNIT BOOKCASE WA, RETAILER CHUNKY KNITTED POUFFE CHLLI, RETAILER WOMEN S ORGANIC COTTON KNEE HI, RETAILER RUG HOLD UNDERLAY L240 X W170C, RETAILER PALMA LAMPSHADE VERDE DIA 40CM, RETAILER SHEEPSKIN RUG DOUBLE IVORY, APPLE LEATHER WALLET WITH MAGSAFE, RETAILER DRAPER LARGE 3 SEATER SOFA LIG, DUALIT 1 5L ELECTRIC KETTLE BLACK, TOM RAFFIELD SKIPPER PENDANT LIGHT 62CM OAK, RETAILER SAVOY GUEST BED WITH TWO POCKE, RETAILER CLIMATE COLLECTION COPPER 1200, ANYDAY RETAILER HOODED TOWELS PACK OF 2, ANYDAY RETAILER OPEN SPRING COMFORT MAT, KETTLER ELBA GARDEN DINING CHAIR FSC-CERTIFIED TEA, TETRAD SKITTLE BUTTON DETAIL FOOTSTOOL HARRIS TWEE, WEBER SPIRIT 8 BBQ ROTISSERIE, BABYZEN YOYO LEG REST BLACK, TEMPUR FOR RETAILER MEMORY FOAM MATTRES, ANGLEPOISE ORIGINAL 1227 BRASS MIDI PENDANT CEILIN, APPLE WIRELESS CHARGING CASE FOR AIRPODS, DISNEY MARVEL AVERS REVERSIBLE COTTON DUVET COV, MORRIS CO STRAWBERRY THIEF COTTON DUVET COVER KING, TETRAD LEWIS FOOTSTOOL HARRIS TWEED BRACKEN HERRIN, RETAILER SING SINGLE LEVER KITCHEN TAP, RETAILER SWOON MILLER COFFEE TABLE BROW, ANYDAY RETAILER ROUND JERSEY CUSHION MU, MOBY CLASSIC COTTON WRAP BABY CARRIER LEOPARD, WOODMANSTERNE 60TH BALLOON BIRTHDAY CARD, RETAILER RECAP COFFEE TABLE WALNUT, SWOON DENVER OTTOMAN INK VELVET, RETAILER HARVARD DESK PEACOCK BLUE, LE CREUSET STONEWARE BREAKFAST JUG 600ML CERISE, SONY BRAVIA KD85X85J 2021 LED HDR 4K ULTRA HD SMAR, BABYZEN BY BESAFE YOYO I-SIZE CAR SEAT BLACK, TOMMEE TIPPEE THE ORIGINAL GROBAG NEWBORN SWADDLE, KETTLER PALMA SUN LOUNGER OYSTER STONE, EMMA J SHIPLEY KRUGER PAIR LINED PENCIL PLEAT VELV, MICROSOFT OFFICE HOME AND STUDENT 2021 1 PC ONE-OF, SAMSUNG GALAXY WATCH 4 4G CELLULAR 40MM ALUMINIUM, SAMSUNG GALAXY BUDS 2 WITH QI-COMPATIBLE WIRELESS, RETAILER POM POMS SUPER KING DUVET COVE, PHILIPS HUE TURACO LED SMART OUTDOOR WALL LIGHT BL, LG OUTDOOR MILANO 4-SEAT WOOD-EFFECT GARDEN DINING, EPSON WORKFORCE PRO WF-3820DWF ALL-IN-ONE WIRELESS, RETAILER THEA GU10 LED 6 SPOTLIGHT CEIL, BOSE QUIETCOMFORT QC45 NOISE CANCELLING OVER-EAR W, HALO GROUCHO LEATHER FOOTSTOOL ANTIQUE WHISKY, TEFAL GV8932 PRO EXPRESS PLUS ANTI SCALE HIGH PRES, ANYDAY RETAILER CLAYTON DINING CHAIRS S, RETAILER BUDAPEST RUG MULTI L150 X W90, RETAILER HIGH LOW VELVET CUSHION GREY, RETAILER 400 THREAD COUNT SOFT SILKY EG, RETAILER SCANDI 1 DRAWER BEDSIDE TABLE, LE CREUSET DOUBLE OVEN GLOVE SATIN BLACK, RETAILER SONNING UPHOLSTERED HEADBOARD, ANYDAY RETAILER FERN 2-4 SEATER DINING, SWYFT MODEL 03 LARGE 3 SEATER SOFA TEAL VELVET, H G CAPISCO 8106 OFFICE CHAIR GREEN, RETAILER NON-SPRUNG 4 DRAWER STORAGE UP, NORTON 360 DELUXE 1 YEAR PRE-PAID SUBSCRIPTION FOR, ANYDAY RETAILER PLASTIC MEASURING JUG 5, RETAILER 200 THREAD COUNT COTTON DEEP F, MINI CUDDLES BABY SAFARI ANIMAL PRINT ROMPER PACK, SILENTNIGHT SLEEP GENIUS 1200 POCKET MEMORY MATTRE, RETAILER 8K HDMI CABLE 3M BLACK, WEST ELM MID-CENTURY NARROW BOOKSHELF ACORN, RETAILER MEDAN 6 DRAWER CHEST DARK WOOD, MOUNTAIN BUGGY DUET CARRYCOT PLUS SINGLE STORM COV, GOOCH LUXURY HAND KNOTTED AFGHAN ELEPHANT RUG RED, KETTLER RHS HARLOW CARR GARDEN LOUNGING ARMCHAIRS, RETAILER BABY LONG SLEEVE GOTS ORGANIC, DELL S2721H FULL HD MONITOR 27 PLATINUM SILVER, BOORI ETON CONVERTIBLE PLUS COTBED WHITE, AVF JXPL601 TILTING WALL MOUNT FOR TVS UP TO 90, RETAILER OLIVER MODULAR SNUGGLER ARMLES, ANYDAY RETAILER BLACKOUT ROLLER BLIND G, PHILIPPE STARCK FOR KARTELL PRINCE AHA SIDE TABLE, CHARLOTTE TILBURY AIRBRUSH FLAWLESS SETTING SPRAY, AND OR SILVERLAKE STRAIGHT LEG JEANS DEJA BLUE 34, TOM RAFFIELD SMALL SKIPPER SEMI FLUSH CEILING LIGH, RETAILER CHEVRON ROUND GARDEN COFFEE TA, RETAILER BELGRAVE LARGE 3 SEATER SOFA, BIALETTI MOKA INDUCTION STOVE-TOP COFFEE MAKER 4 C, EST E LAUDER DOUBLE WEAR STAY-IN-PLACE FOUNDATION, RETAILER PADMA PARQUET BED FRAME DOUBLE, RETAILER LOUNGE ARMCHAIR, RETAILER BAILEY LEATHER SNUGGLER DARK L, RETAILER ELEVATE MEDIUM 2 SEATER SOFA, ANYDAY RETAILER UNIVERSAL KARABINER-STY, TARGUS GEOLITE ESSENTIAL BACKPACK FOR LAPTOPS UP T, JACKY AL-SAMARRAIE HARROGATE FRAMED PRINT 44 X 84C, RETAILER CHESTER SNUGGLER, G PLAN VINTAGE THE SIXTY EIGHT ARMCHAIR WITH FOOTR, CONTENT BY TERENCE CONRAN BALANCE CONSOLE TABLE WH, ANYDAY RETAILER COAT STAND RUBBERWOOD M, UPPABABY VISTA CRUZ UPPER CAR SEAT ADAPTERS, RETAILER TRESTLE 6 SEATER DINING TABLE, RETAILER HARVARD STORAGE CABINET LIGHT, RETAILER JAVA II MOTION LEATHER ARMCHAI, ERCOL FOR RETAILER SHALSTONE BED FRAME OAK KING, JURA Z10 BEAN-TO-CUP COFFEE MACHINE DIAMOND BLACK, NEW BALANCE 574 SKY LITE TRAINERS SUMMER FOG PIGME, EAZIGLIDE NEVERSTICK3 PROFESSIONAL NON-STICK INDUC, RETAILER MONGOLIAN SHEEPSKIN CUSHION RO, RETAILER 3-TIER HEATED INDOOR CLOTHES A, GHD GOLD HAIR STRAIGHTENER BLACK, HUMAX AURA 2TB 4K ULTRA HD SMART ANDROID FREEVIEW, RETAILER CLAVERDON II LEATHER ARMCHAIR, LITTLE HOME AT RETAILER OUTER SPACE GLOW IN THE, TEFAL INTUITION NON-STICK FRYING PAN DIA 24CM, RETAILER HECTOR 3 ARM ARCHED FLOOR LAMP, ANYDAY RETAILER DELUXE BATH BABY BATH W, LE CREUSET TOUGHENED NON-STICK SAUTE PAN LID 26CM, RETAILER BOUTIQUE HOTEL SILK BEDSPREAD, RETAILER STRIPE FACE CLOTH SET OF 2 BRI, ANYDAY RETAILER SPINDLE DESK MUSTARD, ANYDAY RETAILER LATTICE RUG NEUTRAL WHI, OCULUS LINK VIRTUAL REALITY HEADSET CABLE FOR QUES, RETAILER KITE CERAMIC LAMP BASE PINK, DORINA REVIVE LIGHTLY PADDED NON WIRED BRALETTE PA, DE LONGHI ECAM650 85 MS PRIMADONNA ELITE EXPERIENC, RETAILER BASKET 6-SEATER OVAL GARDEN DI, OYSTER 3 FOOTMUFF MERCURY, MORRIS CO SEASONS BY MAY  PILLOWCASE SAFFRON, D R AURELLIA 15 PENDANT CLUSTER CEILING LIGHT COPP, RETAILER DIAMONDS CUSHION SAFFRON, D R RONDA LARGE PENDANT CEILING LIGHT WHITE, FARMER S COTTAGE 7 SEATER ROTATING GARDEN POD, SONY BRAVIA XR XR75X90J 2021 LED HDR 4K ULTRA HD S, JOSEPH JOSEPH EDITIONS SOAP PUMP SKY BLUE, CONTENT BY TERENCE CONRAN BALANCE METAL ALCOVE SHE, DESIGN PROJECT BY RETAILER NO 025 TOILET ROLL HO, RETAILER BAILEY LARGE 3 SEATER SOFA, SIMPLEHUMAN SEMI-ROUND PLASTIC PEDAL BIN GREY 50L, RETAILER TOKYO STORAGE TABLE, SAMSUNG QI WIRELESS CHARGER DUO BLACK, CALEX 3 5W SES LED FILAMENT GOLF BALL BULB CLEAR, ANYDAY RETAILER WILTON 3 DRAWER CHEST W, LOGITECH MX MASTER 3 FOR MAC BLUETOOTH WIRELESS MO, RETAILER CHEVRON TALLBOY BATHROOM CABIN, RETAILER CLASSIC UNIVERSAL STEAMER AND, RETAILER CLOUD DRESSER WHITE, HP V28 ULTRA HD 4K MONITOR 28 BLACK, RETAILER ETIENNE 5 DRAWER TALL MIRROR C, ANYDAY RETAILER TURNABLE ADDED COMFORT, RETAILER WHITE JASMINE TIN SCENTED CAND, RETAILER DRAPER LEATHER ARMCHAIR DARK L, LG OLED65G16LA 2021 OLED HDR 4K ULTRA HD SMART TV, CHARLOTTE TILBURY LIP CHEAT LIP LINER PENCIL PILLO, RETAILER 100 LINEN SUPER KING DUVET COV, RETAILER MARLOW 100CM HINGED WARDROBE W, MORRIS CO STRAWBERRY THIEF PAIR LINED PENCIL PLEAT, ANYDAY RETAILER CAR MIRROR, ANYDAY RETAILER BONN CHILD COMPLIANT UP, RETAILER TORONTO OFFICE CHAIR GREY, SONOS BEAM COMPACT SMART SOUND BAR WITH VOICE CONT, AMAZON ECHO STUDIO SMART SPEAKER WITH DOLBY ATMOS, RETAILER TRINITY MARBLE 3 DRAWER CHEST, CANON A4 PREMIUM BLACK LABEL PAPER 1000 SHEETS WHI, RETAILER ELSTRA 200CM WARDROBE WITH WHI, EBBE GEHL FOR RETAILER MIRA CERAMIC TOP 6 SEATER, RETAILER MIAMI GARDEN RECLINING DINING, WEST ELM WINNIE LARGE 3 SEATER SOFA WASABI, RETAILER KIDS CAT STRAW HAT NEUTRAL 6-8, RETAILER DRAPER LARGE 3 SEATER SOFA MET, SANDISK EXTREME UHS-I SD CARD UP TO 150MB S READ S, RETAILER TOKYO RHF GRAND MODULAR ARM UN, ANYDAY RETAILER MIX IT LONG T-BAR HANDL, SONOS MOVE SMART SPEAKER WITH VOICE CONTROL BLACK, LITTLE ACORNS ATHENA COTBED WHITE, KOTI HOME AVON UPHOLSTERED BED FRAME DOUBLE CLASSI, RETAILER HERRINGBONE PAIR LINED PENCIL, ANYDAY RETAILER BABY BRUSH NATURAL, JOSEPH JOSEPH NEST PLASTIC CHOPPING BOARDS OPAL SE, RETAILER POSTER FRAME MOUNT WHITE 11 X, RETAILER POCKET SPRUNG 2500 4 DRAWER ST, RETAILER BOBBIN 3 DRAWER CHEST GREY, RETAILER EMILY UPHOLSTERED BED FRAME DO, BRABANTIA BO TOUCH BIN 11L 23L BLACK, LE CREUSET TOUGHENED NON-STICK SAUCEPAN LID 16CM, RUCOMFY INDOOR OUTDOOR BEAN CUBE NAVY, SAMSUNG QE65QN90A 2021 NEO QLED HDR 2000 4K ULTRA, RETAILER 15 DENIER SLEEK BODY SHAPER TI, RETAILER KELIM IKAT CUSHION MULTI, LSA INTERNATIONAL DUSK VASE H28CM PINK GREY, RETAILER OLIVER MODULAR LARGE 3 SEATER, ANYDAY RETAILER LIFT STORAGE DESK BLUE, DUALIT STUDIO 2-SLICE TOASTER WHITE, SN Z BABY STAR COT COTBED FITTED SHEETS 2 PIECE SE, RETAILER BALDWIN SEMI FLUSH CEILING LIG, RETAILER CAPE LARGE 3 SEATER SOFA, RETAILER RATTAN DRESSING TABLE STOOL BL, HENRY HEPA-FLO VACUUM CLEANER FILTER BAGS PACK OF, RETAILER WHITE MARBLE TOILET BRUSH, SOPHIE LA GIRAFFE TEETHING RING, ANYDAY RETAILER MICRO-FRESH EASY CARE W, ANYDAY RETAILER SYNTHETIC SOFT AND LIGH, ANYDAY RETAILER COTTON JERSEY STRIPE PY, JOULES LYNX LEOPARD KING DUVET COVER SET MULTI, ICANDY PEACH PHANTOM PUSHCHAIR AND CARRYCOT DARK G, MIELE BLIZZARD CX1 TOTAL SOLUTION VACUUM CLEANER W, DESIGN PROJECT BY RETAILER NO 098 RIMMED DINNERW, JACKY AL-SAMARRAIE NORTHUMBERLAND FRAMED PRINT MOU, BARBOUR WAX COTTON DOG BED 35, G PLAN VINTAGE THE SIXTY FIVE MEDIUM 2 SEATER CHAI, ANYDAY RETAILER MIX IT STAINLESS STEEL, ELITE 65T, CYBEX CUP HOLDER BLACK, JOIE BABY BOLD GROUP 1 2 3 CAR SEAT EMBER, RETAILER GRAYSON STORAGE COFFEE TABLE D, 2021 APPLE IPAD PRO 12 9 M1 PROCESSOR IOS WI-FI 2T, KOBO CLARA HD EREADER 6 ILLUMINATED TOUCH SCREEN W, RETAILER GOTS ORGANIC COTTON FITTED COT, RETAILER CHEVRON GARDEN SINGLE CHAIR PO, STRING SHELVES SET W78CM PACK OF 3 WHITE, LASCAL BUGGYBOARD MAXI SADDLE GREY, TOM FORD PRIVATE BLEND ROSE PRICK EAU DE PARFUM 50, RETAILER SWOON KEATS WINGBACK ARMCHAIR, STOKKE CLIKK BABY HIGHCHAIR CUSHION GREY SPRINKLES, BLANCO LANORA-S PULL-OUT SPRAY SWIVEL SPOUT SINGLE, WEST ELM VOLUME STORAGE WOOD COFFEE TABLE WALNUT, FLOS SMITHFIELD CEILING LIGHT WHITE, LG OUTDOOR BERGEN 6-SEAT ROUND GARDEN DINING TABLE, RETAILER LEVEL DRESSING TABLE AND MIRRO, TUSCAN FRUIT FRAMED PRINTS MOUNTS SET OF 4 36 5 X, RETAILER DRAPER ARMCHAIR, RETAILER CAMFORD II LEATHER ARMCHAIR DA, ANYDAY RETAILER COTTON CREW NECK SWEATS, ANGELCARE NAPPY DISPOSAL SYSTEM VALUE PACK, BUGABOO DONKEY MONO CAR SEAT ADAPTOR, BUGABOO FOX3 PUSHCHAIR MIDNIGHT BLACK, ANYDAY RETAILER HARRY FLOOR LAMP GREY, RETAILER CAMBER MEDIUM 2 SEATER SOFA, CIRCULON STYLE HARD-ANODISED ALUMINIUM NON-STICK S, RETAILER BOYD LED SEMI FLUSH 6 ARM CEIL, RETAILER TABITHA DISTRESSED MIRROR TABL, LOUIS DE POORTERE SARI INSPIRED RUG L120 X W180 CM, CRICUT EXPLORE 3 SMART CUTTING MACHINE, RETAILER RISE ARMCHAIR, SERIOUS READERS ALEX DIMMABLE LED FLOOR LAMP, WEBER POULTRY ROASTER FOR GBS GOURMET BBQ SYSTEM, GX, ANYDAY RETAILER FLORAL TRAIL KING DUVET, SIMPLEHUMAN SEMI-ROUND PEDAL BIN 6L WHITE, SONOS ROAM SL SMART SPEAKER BLACK, LAURA ASHLEY ALEXA GRAND CEILING LIGHT CLEAR POLIS, APPLE AIRTAG LEATHER KEY RING FOREST GREEN, VELFONT VIRUSAN KNITTED COTTON MATTRESS PROTECTOR, GOOCH ORIENTAL KHURJEEN RUG MULTI L147 X W102 CM, RETAILER VALENCIA GARDEN LEFT END MODUL, SONOS SUB GEN 3 WIRELESS SUBWOOFER WHITE, LG OLED65A16LA 2021 OLED HDR 4K ULTRA HD SMART TV, ANYDAY RETAILER TRAVEL CHANGING MAT GRE, VIKTOR ROLF SPICEBOMB EAU DE TOILETTE 150ML, SWYFT MODEL 04 LARGE 3 SEATER DOUBLE SOFA BED SEAG, SAMSUNG HW-Q950T BLUETOOTH WI-FI CINEMATIC SOUND B, GALLERY DIRECT KINGHAM ROUND COFFEE TABLE OAK, WHITE STUFF MORA CIRCLE PRINT JERSEY DRESS GREY MU, WEST ELM MODERN PETAL DINING CHAIR PLATINUM, RETAILER BUNNY HOODED TOWEL AND MITT, RETAILER DRAPER FOOTSTOOL, WEST ELM MID-CENTURY WIDE TURNED LEG PLANTER WHITE, 4 SEASONS OUTDOOR VALENTINE HIGH BACK 4 SEATER GAR, RETAILER CHARLOTTE MEDIUM 2 SEATER SOFA, GREAT LITTLE TRADING CO GREENAWAY NARROW GALLERY B, APPLE WATCH NIKE SERIES 7 GPS 41MM MIDNIGHT ALUMIN, RUCOMFY SLOUCHBAG JUMBO CORD BEAN BAG PLATINUM, JOIE BABY I-SNUG I-SIZE CAR SEAT COAL, BUGABOO UNIVERSAL HIGH PERFORMANCE WINTER FOOTMUFF, RETAILER MONTROSE SMALL 2 SEATER SOFA D, JOIE AVOCADO STORAGE POD CLEAR GREEN, PHILIPS HUE WHITE AND COLOUR AMBIANCE IMPRESS LED, APPLE AIRPODS MAX, MM LINEN AVITAL DOUBLE DUVET COVER SET MULTI, RETAILER LUCIA YARN DYE STRIPE COTTON P, RETAILER RYE CHEVRON GARDEN SINGLE CHAI, RETAILER BARBICAN LARGE 3 SEATER LEATHE, APPLE CLEAR CASE FOR IPHONE 11 PRO, ANYDAY RETAILER LIGHT COTTON BATH SHEET, HP OFFICEJET PRO 8022E ALL-IN-ONE WIRELESS PRINTER, KETTLER PALMA LUXURY SUN LOUNGER GARDEN FURNITURE, MY EXPERT MIDWIFE MUM TO BE COLLECTION GIFT SET, HALO GROUCHO SMALL 2 SEATER LEATHER SOFA ANTIQUE W, ANYDAY RETAILER SPINDLE 2 SEATER BENCH, MAM BABY BOTTLE FEED AND SOOTHE SET, HP COLOUR LASER 150NW WIRELESS PRINTER WITH WI-FI, RETAILER FINE CHINA MUGS SET OF 4 190ML, TOMMEE TIPPEE CLOSER TO NATURE MANUAL PUMP BREASTF, RETAILER LARGE DOME METAL EASY-TO-FIT C, 4MOMS NEWBORN REVERSIBLE INSERT GREY MULTI, RETAILER WARDROBE MOTION-SENSITIVE INTE, RETAILER 1000 THREAD COUNT EGYPTIAN COT, SUNTIME MONTE CARLO ROCKING SUN LOUNGER, ANYDAY RETAILER SWIRL METAL BED FRAME D, BT BABY MONITOR 6000, RETAILER JAQUARD LAPTOP CASE, RETAILER ECOMATTRESS FIRM TENSION DOUBL, ANYDAY RETAILER MIX IT PANELLED TRIPLE, CHILLY S SERIES 2 INSULATED LEAK-PROOF DRINKS BOTT, SIEMENS EH801FVB1E INDUCTION HOB BLACK, LEIFHEIT VENETIAN BLIND CLEANER, SAMSONITE SECURIPAK ANTI-THEFT 15 6 LAPTOP BACKPAC, RETAILER CHUNKY WEAVE GARDEN FOOTSTOOL, RETAILER RYE GARDEN COFFEE TABLE NATURA, RETAILER LAVENDER EUCALYPTUS REED DIFFU, PHILIPS HUE PLAY GRADIENT SMART LIGHTING ADJUSTABL, RETAILER EGYPTIAN COTTON BATH MAT PALE, ANYDAY RETAILER SWIRL METAL BED FRAME S, LE CREUSET 3-PLY STAINLESS STEEL 28CM NON-STICK FR, BUGABOO FOX2 AND LYNX CAR SEAT ADAPTER, ANYDAY RETAILER LIGHT COTTON BATH TOWEL, DIOR SAUVAGE EAU DE PARFUM 100ML TRAVEL SPRAY FRAG, RETAILER SHINE SAUCEPAN FRYING PAN SET, IT S ALL GOOD FOLK LONG SLEEVE COLOUR BLOCK RUGBY, RETAILER SALSA GARDEN CHAIR SET OF 2 RA, ANYDAY RETAILER T093 2-SLICE TOASTER, RUCOMFY SLOUCHBAG JUMBO CORD INDOOR OUTDOOR BEAN B, MEDELA SOLO SINGLE ELECTRIC BREAST PUMP, LOUIS DE POORTERE STREAKS NASSAU ROSE RUG L180 X W, RETAILER PLASTIC EGG SLICER, ANYDAY RETAILER 4-SEATER GARDEN LOUNGIN, IDESIGN LINUS 3 TIER KITCHEN ORGANISER, YAMAZAKI TABLET STAND, LE CREUSET TOUGHENED NON-STICK SAUTEUSE PAN GLASS, SILVER CROSS MOTION I-SIZE 360 ROTATION BABY CAR S, RETAILER MORITZ VELVET DINING CHAIR COR, 2020 APPLE IPAD 10.2"" 128GB GOLD, RETAILER STRIPE WITH TENCEL MODAL FIBRE, RETAILER 8K HDMI CABLE 1 5M BLACK, SLEEPGREEN VEGAN NATURAL LATEX STANDARD PILLOW MED, APPLE IPHONE 12 IOS 6 1 5G SIM FREE 256GB BLACK, PANASONIC SC-HC302 BLUETOOTH DAB MICRO HI-FI SYSTE, ROYAL WORCESTER SERENDIPITY PLATINUM FINE BONE CHI, RETAILER CERAMIC REACTIVE GLAZE CEREAL, BABYBJ RN BOUNCER BALANCE SOFT GREY, ANYDAY RETAILER BEVELLED GLASS EDGE REC, RETAILER ROUEN UPHOLSTERED BED FRAME DO, LITTLE HOME AT RETAILER STAR CHILDREN S RUG MARI, TINKER TAILOR TOURISM BIG BEN HANGING DECORATION, UMBRA HUB OVAL WALL MIRROR BLACK 61 X 46CM, MAXI-COSI IORA CO-SLEEPER BEDSIDE CRIB ESSENTIAL B, RETAILER CERAMIC REACTIVE GLAZE SIDE PL, APPLE IPHONE 11, DYSON HOT COOL PURIFYING FAN HEATER, RETAILER TULIP WALL LIGHT ANTIQUE BRASS, KITCHENAID ARTISAN K400 BLENDER CANDY APPLE RED, CLARKS CRAFTRUN LACE TRAINERS WHITE COMBI 10, MANON ARCHED MIRROR 91 X 76CM METALLIC, RETAILER HARVARD LOW WARDROBE GREY, ANYDAY RETAILER FERN SHELVING UNIT OAK, RETAILER PADSTOW ARMCHAIR, ERGOBABY OMNI DREAM BABY CARRIER SLATE BLUE, KETTLER LYON 2-SEATER GARDEN LOUNGING SIDE TABLE C, EBBE GEHL FOR RETAILER MIRA DESK OAK WHITE, RETAILER CAMDEN 5 SEATER LHF CHAISE COR, SWYFT MODEL 02 LARGE 3 SEATER SOFA BRICK VELVET, ANYDAY RETAILER BABY PLAIN SWEAT JOGGER, RETAILER SAWN 6 DRAWER CHEST NATURAL, RETAILER OVUM COTBED WHITE, BOSS COTTON JERSEY KIMONO ROBE GREY XL, RETAILER HECTOR FLOOR LAMP ANTIQUE BRAS, LG SK1 BLUETOOTH ALL-IN-ONE SOUND BAR, AEG AX91-604GY 600 CONNECTED HOME AIR PURIFIER GRE, APPLE IPHONE 11 IOS 6 1 4G LTE SIM FREE 128GB BLAC, RETAILER MADE TO MEASURE REVOLUTION EYE, RETAILER SWOON FRANKLIN TV STAND FOR TV, LSA INTERNATIONAL BOROUGH CHAMPAGNE GLASSES SET OF, CLINIQUE ANTI-BLEMISH SOLUTIONS CLARIFYING LOTION, APPLE AIRTAG LOOP WHITE, TARGUS VERSAVU CLASSIC CASE FOR 11 IPAD PRO 1ST 2N, ANYDAY RETAILER BAMBOO UNDER-SINK SHELV, LEGO MARVEL AVERS 76191 INFINITY GAUNTLET, DISNEY FROZEN 2 REVERSIBLE COTTON DUVET COVER AND, RETAILER VELVET BLACKOUT ROMAN BLIND GR, PHILIPS SONICARE HX9611 22 7300 EXPERTCLEAN ELECTR, KIN HEAVYWEIGHT ORGANIC COTTON JOGGERS NIGHT SKY S, RETAILER SWOON URELLA GLASS SIDE TABLE, RETAILER SAVOY GUEST BED HEADBOARD SING, RETAILER BOLD ABSTRACT RUG NAVY L290 X, APPLE 61W USB-C POWER ADAPTER, RETAILER HARMONY RIBBON LARGE TABLE LAM, KURVA CURVED METAL CORNERS LEANER MIRROR 123 X 56, LG OUTDOOR RODIN 3 5M SAIL AWNING GREY, ANYDAY RETAILER PLASTIC MEASURING JUG 1, JOSEPH JOSEPH INDEX PLASTIC CHOPPING BOARDS STORAG, BUGABOO DONKEY3 MONO PUSHCHAIR AND CARRYCOT GREY M, SPECK PRESIDIO CASE FOR IPHONE 11, CLEAR, TARGUS VERSAVU CLASSIC CASE FOR IPAD 10 2 IPAD AIR, UPPABABY COZYGANOOSH 2020 FOOTMUFF STELLA, ANYDAY RETAILER MIX IT BEDSIDE TABLES S, TALKING TABLES SANTA DIPSTICK CHRISTMAS PARTY GAME, NESPRESSO VERTUO PLUS COFFEE MACHINE BY MAGIMIX BL, BOSS 1513922 MEN S ALLURE CHRONOGRAPH DATE BRACELE, SAMSUNG HW-Q950A BLUETOOTH WI-FI CINEMATIC SOUND B, RETAILER SYMMETRY SIDEBOARD DARK BROWN, RETAILER BUNDLE MEDIUM 2 SEATER SOFA, EAZIGLIDE NEVERSTICK2 ALUMINIUM NON-STICK SAUCEPAN, LSA INTERNATIONAL BOROUGH GLASS WINE CARAFE 1 75L, BUGABOO BEE6 CARRYCOT BLACK, RETAILER CHEVRON SINGLE TOWEL CUPBOARD, RETAILER CHILDREN S 3D UNICORN SLIPPERS, RETAILER PIMLICO LANTERN CANDLE HOLDERS, MARVEL S SPIDER-MAN MILES MORALES PS4, SWOON EVESHAM MEDIUM 2 SEATER SOFA DARK LEG INK VE, RETAILER MID-CENTURY SWEEP 3 DRAWER CHE, VITRA EAMES HOUSE BIRD BLACK, ANYDAY RETAILER FALLOWFIELD DESK NATURA, NUNA MIXX NEXT PUSHCHAIR GRANITE, ANYDAY RETAILER POCKET 1000 LUXURY POCK, RAY-BAN RB4314N WOMEN S CAT S EYE SUNGLASSES HAVAN, THE JUST SLATE COMPANY CROWN LEOPARD COASTERS SET, ANYDAY RETAILER FRUIT VEGETABLE PEELERS, NUNA TRIV-PIPA 5 PIECE PUSHCHAIR BUNDLE MOCHA, LE CREUSET CLASSIC SALT PEPPER MILLS SET OF 2 WHIT, ANYDAY RETAILER DINE PLATTER 38CM WHITE, THE LITTLE BOTANICAL POTHOS ZAMIO MARBLE PLANTERS, RETAILER COIN SIDE TABLE BROWN, RETAILER NATURAL COLLECTION WENSLEYDALE, JOSEPH JOSEPH CUPBOARDSTORE EXPANDABLE TIERED KITC, RETAILER BUNDLE SINGLE SOFA SEAT UNIT, RETAILER ELLIPSE SERVING SPOON, RETAILER RATTAN FREESTANDING MIRROR BLA, RETAILER BELGRAVE FOOTSTOOL, LITTLE ACORNS TRADITIONAL SLEIGH CHANGING TABLE DR, HARLEQUIN RHYTHM RUG SAFFRON L240 X W170CM, 371675-01, RETAILER ABACUS NARROW FILING CABINET O, RETAILER BALDWIN OUTDOOR WALL LIGHT PEW, ANGLEPOISE PAUL SMITH TYPE 75 MINI DESK LAMP EDITI, EMMA BRIDGEWATER BLACK TOAST ROUND CORK COASTERS S, ANYDAY RETAILER BASIC FIBRE MOSES MATTR, TED BAKER EQUESA EQUESTRIAN LEATHER BUCKET BAG BLA, TETRAD FLYNN II ARMCHAIR BRACKEN WITH BROMPTON TAN, THIS WORKS STRESS CHECK HAND SHIELD HAND SANITISER, RING SMART VIDEO DOORBELL 1 2ND GENERATION WITH BU, RETAILER PADMA 6 DRAWER CHEST BROWN BRA, HALO LITTLE PROFESSOR LEATHER ARMCHAIR ANTIQUE WHI, RETAILER TOKYO MEDIUM MODULAR UNIT, RETAILER WOODEN CHESS DRAUGHTS GAME, RETAILER MARLOW 200CM MIRRORED HINGED W, UMBRA COVERT EXTENDABLE CURTAIN POLE KIT SATIN NIC, STOMPA UNO S PLUS HIGH-SLEEPER BED WITH WARDROBE A, BLANCO LEGRA 6S INSET 1 5 BOWL COMPOSITE GRANITE K, CROFT COLLECTION TRISTAN CEILING LIGHT, RETAILER PADMA 6 DRAWER CHEST GREY NICK, 2020 APPLE IMAC 27 ALL-IN-ONE INTEL CORE I5 8GB RA, NUNA LEAF GROW BABY ROCKER BISCOTTI, RETAILER RECLINE LARGE 3 SEATER SOFA LI, RETAILER CALIA SIDEBOARD OAK, RETAILER BALDWIN PENDANT CEILING LIGHT, ANYDAY RETAILER JAIPUR RUG PINK L180 X, IMPEX AVIGNON GLASS CUBE SEMI-FLUSH CEILING LIGHT, TOMMEE TIPPEE MADE FOR ME SINGLE ELECTRIC BREAST P, JXNL655, TECHLINK PANORAMA PM120 TV STAND FOR TVS UP TO 60, RETAILER 4 TIER METAL SHOE RACK GREY, PHILIPS 12W ES LED DIMMABLE CLASSIC BULB WHITE, VTECH RM5754HD 5INCH SMART WI-FI 1080P VIDEO BABY, CROFT COLLECTION SKYE PAIR LINED PENCIL PLEAT CURT, RETAILER ANGUS ARCHED FLOOR LAMP BRUSHE, WEBER BBQ GAS GRILL MAINTENANCE KIT 2 PIECE, RETAILER SHEEPSKIN RUG DOUBLE GREY, WEST ELM NEVE MARBLE SIDE TABLE WHITE BRASS, MY EXPERT MIDWIFE PERI PREP YOUR BITS MASSAGE OIL, STOMPA UNO S PLUS HIGH-SLEEPER BED WITH PULL-OUT D, ANYDAY RETAILER GARDEN RECLINER CHAIR F, BANG OLUFSEN BEOPLAY H4 2ND GENERATION WIRELESS BL, ANYDAY RETAILER WILTON 6 DRAWER CHEST G, RETAILER STAINLESS STEEL BBQ TOOL UTENS, RETAILER NATURAL COTTON KINGSIZE PILLOW, RETAILER VALENCIA GARDEN 2-SEAT SOFA DA, RETAILER BAILEY MEDIUM 2 SEATER SOFA, ANYDAY RETAILER SWEEP MEDIUM 2 SEATER S, BUGABOO DONKEY3 DUO PUSHCHAIR AND CARRYCOT ALUMINI, SAMSUNG GALAXY TAB S7 KEYBOARD COVER BLACK, RETAILER GRAYSON STORAGE SHELVING UNIT, RETAILER RESTORATION SHOE RACK AND BENC, RETAILER NATURAL COLLECTION HUNGARIAN GOOSE DOWN, GAIA BABY ORGANIC COTTON STRETCHY WRAP BABY CARRIE, ANYDAY RETAILER SOFT TOUCH TOILET BRUSH, WESTERN DIGITAL MY PASSPORT PORTABLE HARD DRIVE 2T, DARTINGTON CRYSTAL SIMPLICITY TUMBLERS 290ML SET O, RETAILER COSY MEDIUM 2 SEATER SOFA LIGH, WEBER ONE TOUCH E5710 ORIGINAL KETTLE CHARCOAL BBQ, PHILIPS HUE WHITE AND COLOUR AMBIANCE CENTURA LED, ANYDAY RETAILER ALBANY 6 DRAWER CHEST G, OXO POP AIRTIGHT RECTANGULAR KITCHEN STORAGE CONTA, RETAILER LISBETH EASY-TO-FIT CEILING SH, RETAILER ELEVATE LARGE 2 SEATER SOFA, NEWGATE CLOCKS CENTRE OF THE EARTH LCD DIGITAL ALA, RETAILER HANGING LAUNDRY CLOTHES AIRER, RETAILER TOKYO LARGE MODULAR UNIT, SOPHIE CONRAN FOR PORTMEIRION COUPE DINNERWARE SET, RETAILER CHARLOTTE LARGE 3 SEATER SOFA, ANYDAY RETAILER AZTEC INDOOR OUTDOOR RU, STOMPA UNO S PLUS SMALL CLIP-ON SHELF WHITE, SN Z RAINBOW BABY SLEEPING BAG 1 TOG MULTI 6-18 MO, G PLAN VINTAGE THE SIXTY EIGHT SMALL 2 SEATER SOFA, SAMSONITE D LITE 4-WHEEL 83CM LARGE EXPANDABLE SUI, RETAILER COTTON VELVET CUSHION SUNBURST, GALLERY PERFECT ALUMINIUM GALLERY SET MULTI-APERTU, RETAILER SALSA ROUND GARDEN COFFEE TABL, CHICCO NEXT 2 ME MAGIC 2 BEDSIDE CRIB MOON GREY, RETAILER KINROSS BAR CHAIR NATURAL, 60265, CROFT COLLECTION MELROSE FIXED COVER ARMCHAIR, POTTERY BARN KIDS ELEPHANT SHAPED STORAGE BASKET G, WEST ELM TERRACE SIDE TABLE ANTIQUE BRASS, STOMPA UNO S PLUS LARGE CLIP-ON SHELF WHITE, NEFF T27DS59N0 GAS HOB STAINLESS STEEL, EBBE GEHL FOR RETAILER MIRA SIDEBOARD GREY DARK, BURGUNDY TULIP 2 FRAMED PRINT MOUNT 56 X 56CM BURG, TOMMEE TIPPEE PERFECT PREP MACHINE, RETAILER FUSION MANISA KELIM RUG L180 X, SONY SA-SW5 WIRELESS SUBWOOFER FOR USE WITH HT-A70, BELKIN 4K HDMI 2 0 CABLE 2M BLACK, TETRAD COSY CLUB SKITTLE PETITE 2 SEATER SOFA LIGH, ALESSI BLOW UP BASKET, RETAILER HAIRPIN 6 SEATER DINING TABLE, UGG CLASSIC MINI II SHORT SHEEPSKIN BOOTS CHESTNUT, RETAILER SWOON MILLER SIDE TABLE BROWN, RETAILER SHAWFORD BLACKOUT ROMAN BLIND, CYBEX GAZELLE S SEAT SOHO GREY, RETAILER SANSA SPLAYED ARM SOFA BED WIT, DIOR HOMME EAU DE TOILETTE 50ML, PETER REED EGYPTIAN COTTON 4 ROW CORD FITTED SHEET, AEG CHILLFLEX PRO AXP26U338CW PORTABLE AIR CONDITI, LE CREUSET NON-STICK BAKING TRAY 27CM BLACK, ANYDAY RETAILER BLOCK STRIPE SOAP DISPE, BUGABOO CAMELEON3 PLUS CAR SEAT ADAPTERS, RETAILER HARVARD LOW WARDROBE DARK GREY, RETAILER ELEPHANT MARCH DOUBLE DUVET CO, RETAILER HARP SNUGGLER, RETAILER SEONI SUPER KING DUVET COVER S, RETAILER RHAPSODY SHAGGY RUG IVORY L200, DESSER RAFFLES RATTAN COFFEE TABLE NATURAL, COLEFAX AND FOWLER DELANCY WALLPAPER BLUE 07128 03, APPLE CLEAR CASE WITH MAGSAFE FOR IPHONE 13 PRO MA, DURALEX PICARDIE TUMBLERS SET OF 4 CLEAR 500ML, LITTLE HOME AT RETAILER HAMPSHIRE WOOL POCKET SP, LE CREUSET CLASSIC PEPPER MILL MERINGUE, RETAILER BABY MUSLIN SQUARES PACK OF 6, RETAILER FESTOON OUTDOOR LINE LIGHTS EX, RUCOMFY INDOOR OUTDOOR BEAN CUBE TURQUOISE, ANYDAY RETAILER DRINK HIGHBALL GLASSES, SPODE BLUE ITALIAN CUP SAUCER SET OF 4 200ML BLUE, RETAILER ULTIMATE HOTEL COTTON BATH SHE, RETAILER TUCK 2-SEATER GARDEN DINING TA, WOODMANSTERNE LUNCH TIME BIRTHDAY CARD, RETAILER RATTAN DRESSING TABLE STOOL OA, RETAILER SPINDLE 6 DRAWER CHEST STORM, PETER RABBIT MOVING CHARACTER MUSIC BOX, RETAILER LUXURY SPA FACE CLOTH SET OF 2, RETAILER BALANCE SEMI FLUSH CEILING LIG, RETAILER CORSICA 4-SEATER GARDEN TABLE, RETAILER TOKYO RHF MEDIUM MODULAR ARM U, TOMMEE TIPPEE PERFECT PREP DAY NIGHT BLACK, ANYDAY RETAILER ANTI-SLIP WILLOW WOOD L, RETAILER DIPPED CERAMIC KITCHEN STORAGE, RETAILER FAUX SILK SLUB PAIR BLACKOUT L, APPLE WATCH NIKE SERIES 7 GPS 41MM STARLIGHT ALUMI, STOKKE TRIPP TRAPP HIGHCHAIR BABY SET NATURAL, SONY PS5 DUALSENSE WIRELESS CONTROLLER CHARGING ST, HENRY NUMATIC VACUUM CLEANER, RETAILER RESTORATION MESH SHOE STORAGE, RETAILER SPECIALIST SYNTHETIC 5-ZONE SU, GALLERY DIRECT HOLT MARBLE EFFECT COFFEE TABLE WHI, DARTINGTON CRYSTAL SIMPLICITY RED WINE GLASSES 350, SWYFT MODEL 02 MEDIUM 2 SEATER SOFA ELEPHANT GREY, MADE BY ZEN DESTRESS ESSENTIAL OIL 15ML EACH, DESIGN PROJECT BY RETAILER NO 098 COUPE DINNERWA, SONY WH-XB910N NOISE CANCELLING EXTRA BASS BLUETOO, EARTHKIND RECLAIMED NATURAL DOWN 3-IN-1 DUVET 13 5, RETAILER SWOON PENNY DESK NATURAL, RETAILER CONTEMPORARY PICTURE LED WALL, LE CREUSET NON-STICK RECTANGULAR ROASTER AND OVEN, ANYDAY RETAILER KEELY 6 SPOTLIGHT CEILI, SILVER CROSS REFLEX ORIENT PUSHCHAIR BLACK, SIMPLEHUMAN DUAL COMPARTMENT FINGERPRINT PROOF LIN, NORDLUX ALEXANDER PLUG-IN WALL LIGHT BLACK, RETAILER GARDEN FURNITURE MODULAR LOUNG, RETAILER HENDRICKS MEDIUM 2 SEATER LEAT, IMPEX DIORE CRYSTAL PENDANT CEILING LIGHT LARGE CL, UMBRA HUB CHEVAL MIRROR 158 X 58 5CM BLACK, LITTLE ACORNS TRADITIONAL SLEIGH DOUBLE WARDROBE W, MINT VELVET WIDE LEG CROPPED JEANS WHITE IVORY 16R, CROFT COLLECTION IONA 4 SEATER ROUND DINING TABLE, AMAZON ECHO SHOW 10 SMART SPEAKER WITH 10 1 SCREEN, RETAILER OUTDOOR CHUNKY KNIT POUFFE NAV, WROUGHT IRON AND BRASS BED CO SOPHIE IRON BED FRAM, STACKERS CLASSIC TRINKET LAYER TAUPE, STRING STORAGE CABINET SECTION WITH SLIDING DOORS, RETAILER SOREN DESK, RETAILER VIENNA COFFEE TABLE, NUNA PIPA NEXT I-SIZE CAR SEAT CAVIAR, CHAR-BROIL GAS2COAL 2 0 EUROFLEX 3 BURNER HYBRID G, RETAILER ESSENCE GALLERY MIRROR OAK, CYBEX GAZELLE S SINGLE TO DOUBLE PUSHCHAIR SOHO GR, UPPABABY RIDGE MAXI COSI CYBEX CLOUD Z INFANT CARR, SAMUEL GROVES CLASSIC TRI-PLY STAINLESS STEEL CHEF, SAMSUNG GALAXY S20 FE SMARTPHONE WITH WIRELESS POW, RETAILER KASTRUP RUG L180 X W120 CM, RETAILER DEEP PILE SHOWER MAT DOVE GREY, WEBER SPIRIT 200 SERIES PREMIUM BBQ COVER, DYSON OUTSIZE ABSOLUTE VACUUM CLEANER, RETAILER CAMDEN GRAND 4 SEATER SOFA DAR, SIMON C PAGE ONE POINT PERSPECTIVE FRAMED PRINT 10, APPLE LEATHER WALLET WITH MAGSAFE FOR IPHONE 12 PR, RETAILER IRON AND ASH VENEER SHOE RACK, RETAILER SWOON MENDEL BEDSIDE TABLE GRE, LG OUTDOOR BERGEN 2-SEAT GARDEN SIDE TABLE RECLINI"
goods_code14,203,"nan, 238323462, 238538980, 231238658, 238303800, 231767071, 237613672, 237991730, 235050844, 236440325, 238741735, 238019888, 237072526, 238735587, 240039238, 239482926, 240882705, 238573300, 240199895, 238455577, 238306230, 231238642, 235942437, 237406842, 238266489, 233119254, 237614333, 239991603, 230729404, 238291804, 237649454, 230943858, 236559170, 238398475, 239120579, 233062983, 233894701, 237781300, 238122617, 238630992, 237313669, FULFILMENT, 237102596, 240610767, 238021188, 237791246, 238511858, 237917448, 238075176, 238348097, 238021186, 240117639, 231958716, 237449828, 238254538, 238036804, 238303384, 237900654, 238584586, 237405602, 236138675, 240106583, 238750559, 239904202, 240261166, 238435195, 238893434, 238539820, 238051492, 238911547, 236695084, DMS8084, 238588745, 239753682, 231946378, 237742558, 234944610, 238478143, 238063964, 239805395, 236644569, 231797305, 231167144, 238477613, 240162754, 231958739, 239758296, 233062928, 234307894, 239230662, 237853370, 239502812, 238750775, 231806795, 230550395, 238513289, 240375024, 234090945, 238631859, 240046020, 237653399, 238474732, 231617588, 237084632, 239536661, 237331623, 239902348, 239973535, 238162061, 231238740, 238052044, 241009607, 238948574, 237674001, 236446892, 239948260, 240200095, 233119244, 239508667, 230954582, 231616971, 240222696, 234255464, 231786130, 238403516, 239894533, 240150578, 233119241, 236733390, 240158218, 240393780, 230410285, 237966808, 239929878, 237094623, 231759512, 237321107, 240222695, 239988720, 234636958, 237667519, 238348072, 236043874, 238512365, 231958713, 237094387, 238135953, 238566303, 238710370, 238347613, 240300542, 239805397, 238911526, 238200179, 237141935, 239952789, 238043556, 238964289, 238583027, 238370686, DMS20, 238889926, 239929393, 238036800, 238424017, 233062968, 239837099, 237347036, 236680299, 238107036, 238036815, 230737808, 239816781, 240187494, 238458354, 239901013, 231976983, 231958642, 239889167, 238220030, 237295556, 240673976, 234562646, 236400089, 239005092, 230397481, 238140502, 234796327, 238044048, 236822050, 238549574, 237615917, 236642677, 237192725, 233134102, 239889169, 238751362, 236978113, 238403517, 240096334, 234444019, 237140198, 238641847"
make4,308,"RETAILER, APPLE, AQUALONA, TOM RAFFIELD, SAGE, SWOON, GOOGLE, JOSEPH JOSEPH, CHICCO, ANYDAY RETAILER, YVONNE ELLEN, GREAT LITTLE TRADING CO, AESOP, MAXI-COSI, LOGITECH, BBHUGME, TARGUS, PIMPERNEL, TRULY, SONOS, MIELE, MAM, VIKTOR ROLF, SHNUGGLE, WER, WEST ELM, LITTLE HOME AT RETAILER, LEVI S, ORLA KIELY, MAGIMIX, ERCOL FOR RETAILER, WEBER, STOKKE, DYSON, LE CREUSET, SILENTNIGHT, MINI CUDDLES, STACKERS, THE LITTLE GREENE PAINT COMPANY, IVYLINE, PHILIPS, DISNEY, SOFI, LOUIS DE POORTERE, WENKO, OXO, BELKIN, JOULES, BABABING!, GHD, ELVIE, CALVIN KLEIN, CYBEX, MICRO SCOOTERS, BODEN, PACAPOD, BUGABOO, CROFT COLLECTION, EMMA J SHIPLEY, GAIA BABY, UMBRA, SKIP HOP, SAMSUNG, LSA INTERNATIONAL, FITFLOP, SILVER CROSS, MOLTON BROWN, TOMMEE TIPPEE, PANACHE, GÜTERMANN CREATIV, BABYBJ RN, ERGOBABY, D R, UPPABABY, KIEHL S, TEMPUR, ROBERT WELCH, RORY DOBNER, CANON, MARGO SELBY, LG, KOTI HOME, LAURA ASHLEY, DUALIT, AVF, KETTLER, DENBY, SNUGGLEDOWN, DOCKATOT, MICROSOFT, THE LITTLE BOTANICAL, SIMBA, TRAEGER, CASE, SMEG, SARA MILLER, DURALEX, LA HACIENDA, BRAUN, NUNA, HIM YA, SAMSONITE, BRITA, MORRIS CO, GABOR, HUMANSCALE, STOMPA, SWYFT, SPECK, SANDERSON, BABY JOGGER, KUB, DELL, MONDAINE, JANOME, VAX, BUSY B, SONY, SEALY, ANGLEPOISE, BESAFE, TOM FORD, CRICUT, ANGELCARE, UNBRANDED, SIMPLEHUMAN, VELFONT, HARLEQUIN, SWEATY BETTY, PANASONIC, RING, EAZIGLIDE, TIBA MARL, RUBIES, TEFAL, ALESSI, DANISH DESIGN, HP, BRABANTIA, OCULUS, LOWEPRO, TOM DIXON, BOSE, AND OR, PROFESSOR PUZZLE, LIBRA, HALO, MORPHY RICHARDS, SOPHIE CONRAN FOR PORTMEIRION, ADIDAS, BABYZEN, BAY LIGHTING, THE LITTLE GREEN SHEEP, NORDLUX, PACO RABANNE, PACIFIC LIFESTYLE, OONI, ALLSAINTS, TECHLINK, GIORGIO ARMANI, BEABA, POTTERY BARN KIDS, SN Z, GALERIE, CALEX, LUMIE, FENN WRIGHT MANSON, EMMA, CLARINS, RO ZO, DIPTYQUE, VERA WANG FOR WEDGWOOD, BOORI, JOIE BABY, AB AUDIO, FIAM, LEIFHEIT, CUDDLEDRY, ARTHUR PRICE, RIEDEL, PARKER KNOLL, SENSIO, BROTHER, THE NORTH FACE, LITTLE ACORNS, MCLAGGAN SMITH, DORINA, EDDINGTONS, BARBOUR, LENOVO, IITTALA, STRING, NINJA, PHASE EIGHT, BT, CULINARY CONCEPTS, G PLAN VINTAGE, CHANEL, LEITZ, GOOCH LUXURY, MOLESKINE, EGG, WOODMANSTERNE, DIOR, STONEGLOW, SAMUEL GROVES, ACANA, MORRIS & CO., BLUEBELLGRAY, HERMAN MILLER, NEFF, BOSCH, RACHEL JACKSON , UNDER ARMOUR, OWLET, TED BAKER, COLE & MASON, ICANDY, NESPRESSO, BOBBI BROWN, CHARLOTTE TILBURY, HYPNOS, LACIE, INGENUITY, MINT VELVET, SOPHIE ALLPORT, OSCO, HUGO BOSS, PEHR, SHARK, ROYAL WORCESTER, NORTON, BREVILLE, HOBBS, TABITHA WEBB, DESIGN PROJECT BY RETAILER, SUNTIME, LE LABO, SENNHEISER, LIKE-IT, NATIONAL GEOGRAPHIC, NEALS YARD REMEDIES, VITRA, NANOB B, IGOR, INNOVATION LIVING, SERAPHINE, RAY-BAN, CHAR-BROIL, MOUNTAIN BUGGY, LAURA MERCIER, EST E LAUDER, FLORALSILK, PERRICONE MD, LEGO, CONVERSE, THE HOME EDIT, WHISTLES, KARTELL, TOMMY HILFIGER, CLIPPASAFE, TETRAD, TINY LOVE, TALA, ACCTIM, LASCAL, CIRCULON, ORIGINAL BTC, SAFETY 1ST, GOOCH ORIENTAL, PURFLO, IMPEX, EXTREME LOUNGING, TINC, 4MOMS, RALPH LAUREN, CHEM-DRY, MODE, WRENDALE DESIGNS, JIGSAW, AMAZON, SAXBY, EVERDURE BY HESTON BLUMENTHAL, MEDELA, GEOX, MM LINEN, DARTINGTON CRYSTAL, UNNATURAL FLOORING, SCION, EAST END PRINTS, E-CLOTH, THE JUST SLATE COMPANY, BABYDAN, TALKING TABLES, KNOMO, DAVID HUNT, KITCHENAID, DKNY, MATT NAT, CONTENT BY TERENCE CONRAN, KALLY SLEEP, DESSER, NEW BALANCE, JABRA, TOM SCHNEIDER, MARVEL, LUIGI BORMIOLI, YVES SAINT LAURENT"
goods_code19,97,"nan, 234397260, 238135739, 239987688, 237134908, 239484675, 233678895, 237736401, 235957456, 238083139, FULFILMENT, 237847578, 238888334, 231727853, 238982660, 231294767, 231888555, 240157874, 238070612, 238389015, 237569225, 239630660, 238930158, 238012348, 239929388, 240201224, 236822449, 238919082, 231083317, 234714689, 238587095, 240015863, 238710377, 238427060, 238036813, 236553425, 231482396, 230193023, 234007066, 235897760, 236454320, 233748844, 237828576, 240570683, 238271148, 230650111, 233896609, 236646863, 240210154, 237416949, 238759148, 238597912, 238351649, 234255466, 236951915, 238928126, 240210519, 238155588, 238036804, 238970410, 237670627, 238032858, 238043112, 237433075, 240157876, 232208402, 237663710, 231083318, 237598048, 238435655, 238890937, 239021549, 239943187, 238382601, 238190196, 239929642, 236892293, 237172468, 238566506, 240340886, 237462028, 234776671, 239976948, 234424488, 230475651, 232686979, 230418209, 238900164, 239832171, 236822410, 237701449, 239991684, 238052042, 239472687, 234231163, 230594036, 234900318"
goods_code12,280,"nan, 238323028, 236587073, 239797152, 238928129, 239108664, 238587247, 236768118, 238051787, 239916847, 239774078, 238267247, 239776290, FULFILMENT, 239112690, 240842940, 240302774, 240108575, 240801350, 240632428, 233678895, 239766039, 239902337, 235802336, 238286393, 238909766, 238929837, 238303384, 236086917, 239246776, 238107026, 230426125, 230875573, 238104242, 233166330, 240176827, 231294765, 233890656, 238641980, 237565504, 236822050, 240610767, 238303911, 236578715, 238311615, 239989098, 234710761, 239422679, 239117588, 238585809, 238393011, 238461689, 238635555, 230989551, 238989815, 237141404, 237202359, 238839829, 240038242, 239177082, 237808674, 240000868, 237674021, 238433725, 239174840, 239789127, 237534309, 237499956, 236695091, 238285733, 238303372, 238587240, 238234666, 237624032, 238938559, 238584584, 238196327, 238500867, 238011056, 232851040, 238625444, 238750557, 234776652, 233050360, 236612802, 238435282, 238766418, 237516228, 238900157, 239737488, 232130710, 236537358, 238493570, 233900839, DMS8081, 238934468, 230948925, 233047310, 239889165, 237629163, 238759148, 236604726, 234095177, 239846975, 237138268, 236999137, 237861073, 237828545, 236662180, 235942489, 238104236, 240154319, 238403517, 240045643, 239484676, 238321889, 238750126, 238563703, 238911072, 238585138, 237315877, 237253797, 239902345, 239758295, 238603846, 238403515, 233062960, 238569247, 236820148, 238286397, 239873716, 235050844, 238254492, 236958800, 238369833, 240299755, 238933088, 238594145, 240126127, 239854854, 239973534, 238350315, 239781087, 238021208, 233062977, 238432596, 236113637, 238689441, 232484448, 237023405, 238303913, 238322240, 239777032, 238036804, 240919025, 240776762, 232316749, 238108792, 238302779, 238919151, 238154186, 238758386, 239761956, 234311262, 238835493, 238584558, 230650111, 238539164, 236510827, 236113641, 231294766, 236604315, 238534714, 234730908, 239000495, 231656526, 240387022, 238120115, 237321099, 239955013, 239472682, 239773237, 238370659, 238452859, 234388060, 239766340, 237881686, 232208402, 238512363, 240378795, 238708277, 231571511, 237997382, 239154224, 238306623, 230504432, 238910401, 238879335, 238951516, 240603171, 239883448, 237623667, 238080018, 238008231, 233119241, 240194880, 238302979, 240222718, 239968506, 237138267, 237499756, 240369957, 237674035, 239397043, 237138309, 239073972, 238929951, 236484563, 238497922, 237461966, 238665844, 239004968, 240051090, 239274763, 238704668, 239837100, 230550395, 240320788, 237405602, 238050569, 239206671, 238786659, 239779577, 239100823, 236951911, 237447304, 230397481, 237810582, 238478182, 238551246, 238068118, 231895973, 239889166, 237534333, 238710459, 238606462, 239156663, 236628169, 233896629, 231199973, 236806047, 238258073, 238988747, 239484661, 238912968, 239773240, 236895535, 240017313, 231461661, 240039168, 238935212, 238759155, 231759512, 238262444, 238303409, 237342012, 236822099, 237822307, 239086331, 236788017, 238275620, 231459877, 238589622, 230410986, 239929243, 230960453, 239198836, 236851553, 238254496, 237113415"
item4,121,"LIVING DINING FURNITURE, COMPUTER PERIPHERALS ACCESSORIES, WARRANTY, BATHROOM ACCESSORIES, BED LINEN, WINDOW DRESSING, LIGHTING, FOOD PREPARATION, OUTDOOR ACCESSORIES, DECORATIVE ACCESSORIES, LIVING & DINING FURNITURE, KITCHEN STORAGE, BABYWEAR, NURSERY FURNITURE, BEDROOM FURNITURE, CARPETS RUGS FLOORING, TABLEWARE, COMPUTERS, STORAGE ORGANISATION, CHRISTMAS DECORATIONS, BATH & BODYCARE, BABY CHILD TRAVEL, AUDIO ACCESSORIES, BAGS CARRY CASES, COMPUTER PERIPHERALS & ACCESSORIES, BABY FEEDING, HOME OFFICE, SOFT FURNISHINGS, COOKING APPLIANCES, BATH LINEN, OUTDOOR FURNITURE, TELEVISIONS & HOME CINEMA, HOUSEHOLD CLEANING, FRAGRANCE, MEN S CLOTHES, TELEPHONE ACCESSORIES, BARBECUES ACCESSORIES, TELEVISIONS HOME CINEMA, COOKWARE, CABLES ADAPTERS, DECORATING, POWER BATTERIES, STORAGE & ORGANISATION, BARWARE, THEMED GIFTS, BABY CHANGING, HEALTH & BEAUTY ELECTRICAL, WOMEN S CLOTHES, TOYS, GIFT WRAP, BATHROOM FIXTURES, POWER & BATTERIES, WOMEN S FOOTWEAR, BABY & CHILD TRAVEL, BATH BODYCARE, MEN S NIGHTWEAR, FACIAL SKINCARE, JEWELLERY WATCHES, PRINTERS SCANNERS, BOYSWEAR, HI-FI, STANDS BRACKETS, NURSERY LINEN, COMPUTER SOFTWARE, GARDENING EQUIPMENT, BARBECUES & ACCESSORIES, BAGS WALLETS ACCESSORIES, GAMES, KITCHEN UTENSILS GADGETS, BAGS & CARRY CASES, DRESSMAKING, KITCHEN SCALES MEASURES, DIARIES ORGANISERS, WOMEN S ACCESSORIES, CRAFT, HOME AND PERSONAL SECURITY, STANDS & BRACKETS, CABLES & ADAPTERS, WOMEN S NIGHTWEAR, TELEPHONES, FAX MACHINES & TWO-WAY RADIOS, FOOD STORAGE, VIDEOS DVD DIGITAL EQUIPMENT, KITCHEN UTENSILS & GADGETS, GAMING, IMAGING EQUIPMENT, GIRLSWEAR, CARPETS, RUGS & FLOORING, MEN S FOOTWEAR, NURSERY TOYS, SCHOOLWEAR, TELEPHONES FAX MACHINES TWO-WAY RADIOS, LAUNDRY CLOTHESCARE, DOOR FURNITURE, HEALTH BEAUTY ELECTRICAL, FITTED KITCHENS, SPORTS EQUIPMENT, LINGERIE HOISERY, CHILDREN S FOOTWEAR, PRESERVING & BAKING EQUIPMENT, KITCHEN ACCESSORIES, NURSERY ACCESSORIES, HOT DRINK PREPARATION, DIARIES & ORGANISERS, GREETING CARDS & PERSONALISED STATIONERY, MAKEUP, FILING DESK ACCESSORIES, MENS CLOTHES, LAUNDRY & CLOTHESCARE, BABY PLAY EQUIPMENT, PICNICWARE, MEN S UNDERWEAR SOCKS, SERVICE, PRESERVING BAKING EQUIPMENT, SUNGLASSES READING GLASSES, BLANK MEDIA MEDIA STORAGE, CHILDREN S FURNITURE, TABLE LINEN, LUGGAGE, EASTER DECORATIONS, BAGS, WALLETS & ACCESSORIES, HEATING COOLING APPLIANCES"
goods_code11,344,"nan, 239800789, 238572493, 238710377, 238554772, 233016779, 237663562, FULFILMENT, 239779163, 239073891, 238178619, 240187409, 236164305, 231797241, 237094336, 238267452, 240842949, 240302781, 231329768, 239786677, 238558896, 239120751, 238056363, 230497033, 239832233, 231199973, 238602413, 236546877, 238016103, 238909964, 238036804, 238342939, 238532342, 238303375, 236695086, 231759512, 239893373, 239801971, 230426124, 239174833, 236010486, 238262475, 240985505, 237196789, 234710678, 239991692, 239854851, 237320403, 238512359, 240176840, 239033139, 239072826, 238960437, 239943220, 238303794, 238631909, 238292718, 237094331, 231205303, 239943238, DMS19, 233894727, 238447983, 239801974, 238121325, 238003948, 238169910, 238463663, 239988436, 238674740, 233894723, 238989774, 238607361, 239046804, 239943187, 240038219, 240309367, 237808677, 237731694, 238629782, 231746235, 239174852, 237357320, 238311608, 238306616, 238524687, 232687031, 234007350, 237202336, 239022687, 238082319, 237090978, 236604791, 230404899, 237718695, 235976360, 237284153, 231577379, 237534344, 238758383, 238522077, 238933760, 230594035, 237931181, 240013512, 238423515, 236587073, 238375638, 237070882, 238513371, 237170011, 238949019, 238475759, 238286397, 239027233, 240014895, 230948949, 237962735, 240036689, 238118728, 238036815, 236288527, 238759152, 238201203, 240186619, 237405605, 237728447, 231455390, 238569386, DMS8083, 231796409, 237598048, 239374666, 231977012, 238371128, 239096655, 240607545, 238909711, 238625440, 239484676, 240261169, 231906837, 240034707, 238563706, 237181462, 237968835, 237197777, 240264286, 238585182, 237461838, 237543621, 237253781, 238988747, 237688985, 238455570, 238458354, 238603849, 236869252, 237449851, 238569279, 234388092, 236895595, 238938208, 238626677, 239069631, 231958150, 233119254, 239082691, 239905132, 231767783, 239759461, 233119241, 239841707, 236895686, 236578708, 240261166, 239973533, 238477524, 238610041, 238517641, 233748854, 239797739, 234388060, 238614437, 231878337, 236890914, 238566513, 234710744, 239777029, 231193075, 231046940, 237746995, 234290398, 232316382, 239854856, 238937610, 240256653, 238990604, 238258121, 237999857, 238910077, 236951911, 238340682, 238152899, 237568272, 239676666, 239874808, 236510825, 238274157, 238731593, 234156812, 239820099, 236550342, 237049647, 232514343, 237525159, 240043605, 237940163, 237768415, 238524706, 238949557, 236886395, 236113639, 239112689, 238551246, 238088879, 237808583, 240378886, 233706702, 238611772, 237566314, 237514186, 238762196, 238694761, 230983831, 239891946, 238414467, 238297855, 239082993, 238910401, 238185943, 238347593, 240603166, 234007066, 237948601, 239932544, 238511917, 239021549, 238302978, 239929845, 239968494, 237126896, 237614333, 239854855, 240171245, 237689788, 239091879, 236958786, 237674017, 240181352, 238625444, 238463679, 238470693, 236484483, 238580228, 231083318, 238267266, 238865688, 239040937, 240271893, 238548778, 233748845, 232605213, 239837091, 239889166, 240320873, 231328256, 238107027, 238497871, 239991681, 237313582, 239812467, 240000494, 237661234, 238438184, 240003513, 237300219, 238030161, 238301057, 238054175, 238393141, 238303377, 239889169, 236559170, 237996274, 237458337, 233180308, 238388707, 239119352, 234152739, 238064064, 239033142, 240673960, 236806046, 237534337, 233572314, 238057697, 238990538, 237853451, 238038429, 236822100, 236845312, 240072696, 237001420, 230556120, 238960467, 236827976, 238718088, 240166536, 234436917, 238301172, 239837099, 231294767, 231958643, 231238626, 238303421, 239073895, 239801030, 235957492, 239905375, 238929825, 237091061, 231906875, 232700515, 238497937, 234605139, 239929248, 230960455, 238735511, 239232769, 238433274, 238759640, 233138459, 238120115"
goods_code10,422,"nan, 239800786, 237900592, 239854853, 239873635, 238868128, DMS19, 230500614, 237991506, 236438351, 237464196, 239946917, 238455570, 237568270, 237447279, 238247804, 235110422, 238260753, 231759512, 240654639, 240302782, 238719937, 238596438, 232116517, 240801348, FULFILMENT, 230198871, 233658511, 232130710, 240618312, 238435192, 240150827, 234966532, 236695073, 236074811, 236458361, 236537358, 238061228, 240085355, 238594857, 236695099, 237623667, 238444196, 239774384, 238104241, 238401578, 238491844, 239174795, 239482913, 238753174, 238542308, 239835951, 240572740, 239944957, 237938005, 237736387, 238267756, 231083318, 233925466, 238306232, 238610686, 236135736, 238581162, 239984648, 238960438, 239943195, 236559179, 238534716, 240108575, 238292720, 239900778, 236877211, 236931854, 238479913, 239546660, 238033804, 238200171, 238355109, 239526664, 238007444, 238281046, 237931181, 238563704, 238674743, 237676883, 237760388, 237313674, 236958786, 238959784, 231238739, 240616020, 238748495, 239926725, 237808641, 236510823, 237335707, 235590390, 231746231, 237689644, 238950072, 237447310, 236844334, 230410285, 238433274, 233262772, 237202316, 238577233, 232272853, 238253807, 238757538, 238982964, 238222242, 238394741, 240071331, 239388972, 235110389, 238398989, 238155298, 238911507, 237181459, 238750560, 238251484, 238758393, 238011056, 237067802, 236938422, 239532668, 238401613, 239854851, 238982884, 236958782, 237170011, 231547837, 237565507, 238825460, 238911545, 238118728, 238910402, 238303896, 233016780, 236895582, 240106254, 238930087, 238946976, 238588063, 240082750, 237641868, 238403517, 236288523, 238759143, 238597303, 240186646, 240914558, 230856286, 236912406, 238982789, 238869466, 239994251, 237516246, 233119244, 238497966, 239786665, 238520973, 237780059, 237433075, 238120850, 238351674, 236094320, 240607561, 230504446, 239743870, 238564047, 238750164, 239390667, 238375519, 237433253, 237527675, 238008231, DMS4462, 235903476, 238909489, 238986817, 238348439, 232321331, 238553157, 236878438, 234776671, 238091640, 238088276, 234007350, 230478267, 238511850, 238019527, 240045625, 231238740, 238275956, 238070588, 236438348, 232428502, 236895655, 237514187, 238584586, 238493567, 237985688, 235876602, 239984079, 239905071, 240038271, 239954982, 239841709, 237464198, 238229938, 237699529, 238960415, 239973537, 237527916, 233119241, 238610039, 233170363, 240887897, 238517638, 238143959, 238566512, 236113639, 234255461, 240208834, 239146699, 230504431, 238566671, 237597902, 236904864, 238595922, 238267239, 239837088, 236951915, 234290378, 236658687, 239397164, 237229108, 238444221, 239889166, 238402696, SKUCODE41, 239883448, 237859469, 237371396, 237899940, 238329480, 238322681, 239993529, 239944760, 237624032, 237244079, 240040978, 237808708, 231046959, 238687045, 238534535, 236936638, 239805396, 236806041, 237347143, 234142483, 238589622, 237202445, 237992904, 239894583, 238342939, 238455577, 239943680, 238524690, 238960381, 240076695, 234388079, 231266125, 238551249, 238957561, 231898344, 240378805, 236895589, 238611775, 239756244, 238229940, 239948263, 240141717, 238947858, 238486903, 238036771, 238759149, 237731797, 234652444, 239765577, 237831941, 234018576, 238574432, 238653728, 235050844, 238036804, 238080017, 238032349, 239753703, 237701423, 237938000, 238032767, 231217654, 236853303, 238569386, 238228288, 239758292, 238128214, 238512368, 238580890, 237138268, 234090945, 237726684, 240181364, 237516237, 238882126, 236820011, 238269803, 236484469, 236799052, 238547749, 239873712, DMS22, 238120115, 238642181, 238759156, 239254660, 237157780, 238548815, 233748858, 230478566, 239837085, 238919689, 238596414, 240320892, 238463658, 234456762, 238538650, 238753202, 234710681, 238234670, 239812014, 233871184, 238742045, 232514320, 239123029, 240003515, 230650549, 238292725, 239805350, 236841092, 238758394, 238702037, 236856308, 238303404, 237172468, 237553492, 237233786, 239955013, 236853300, 238909753, 238920784, 238909721, 239924124, 237244135, 239755712, 240064828, 235957492, 238681681, 238592778, 238945477, 233572328, 238318890, 238758383, 239829788, 239760191, 238590577, 238072111, 239232682, 237676244, 240363735, 238532342, 237094335, 237244035, 239755705, 239229137, 238638290, 238577443, 230448461, 231025455, 236662180, 239019816, 239761759, 237675445, 239214780, 231958648, 231238482, 238303377, 237026532, 238119816, 235957462, 240124632, 238670909, 237845516, 232194575, 234083205, 231699734, 239003671, 234424470, 231797304, 238013495, 238441484, 238275972, 240222722, 234090892, 236958918, 238565910, 237267222, 231898343, 239902337"
model2,2812,"APPLE PENCIL 2ND GENERATION 2018 MATTE WHITE, APPLE MJ1M2ZM A USB-C TO USB ADAPTOR, RETAILER MARLOW 3 DRAWER BEDSIDE TABLE, RETAILER LORN 4 SEATER DINING BENCH OAK, RETAILER BAILEY HIGH BACK MEDIUM 2 SEAT, 2020 APPLE IPAD PRO 11"", RETAILER, APPLE MAGIC KEYBOARD FOR 11 IPAD PRO 2021 WHITE, 2021 APPLE IPAD PRO 12 9 M1 PROCESSOR IOS WI-FI 2T, RETAILER BOOTH LARGE 3 SEATER SOFA LIGH, RETAILER CROMWELL CHESTERFIELD LARGE 3, SAMSUNG SLIM FIT WALL MOUNT FOR Q-SERIES AU9000 AU, APPLE MAGIC MOUSE 2021 SILVER, RETAILER BROOKS SIDE DINING CHAIRS SET, APPLE IPHONE SE, APPLE MAGIC KEYBOARD WITH NUMERIC KEYPAD  E, APPLE AIRPODS PRO WITH WIRELESS CHARGING CASE, APPLE WATCH SERIES 7 GPS CELLULAR 41MM STARLIGHT A, RETAILER CALIA 6 SEATER DINING TABLE OA, ORLA KIELY MULTI STEM PVC TABLECLOTH FABRIC MULTI, 2020 APPLE MACBOOK PRO 13 TOUCH BAR INTEL CORE I5, APPLE MAGIC MOUSE 2 2015 WHITE, RETAILER REFLEX 6 SEATER DINING TABLE O, APPLE MAGIC KEYBOARD FOR 12 9 IPAD PRO 2021 BLACK, 2019 APPLE AIRPODS WITH CHARGING CASE, ANYDAY RETAILER ENZO 2 SEATER GLASS ROU, APPLE WATCH MAGNETIC CHARGING CABLE, RETAILER NATURAL COTTON QUILTED MATTRES, RETAILER SWAG CEILING LIGHT, 2021 APPLE MACBOOK PRO 14 M1 PRO PROCESSOR 16GB RA, RETAILER OLIVER GRAND 4 SEATER LEATHER, RETAILER TORONTO GAS LIFT ADJUSTABLE BA, 2020 APPLE IPAD AIR 10 9 A14 BIONIC PROCESSOR IOS, APPLE 20W USB-C POWER ADAPTER FOR IPHONE IPAD, RETAILER GRILLSTREAM 6 BURNER HYBRID GA, RETAILER CHEVRON STATEMENT GARDEN CHAIR, RETAILER SWOON MENDEL BED FRAME DOUBLE, RETAILER COMPACT SMALL 2 SEATER SOFA, 2021 APPLE IPAD PRO 12 9 M1 PROCESSOR IOS WI-FI CE, 2020 APPLE MACBOOK AIR 13 3 RETINA DISPLAY M1 PROC, TEMPUR COMFORT CLOUD STANDARD SUPPORT PILLOW, FALLEN FRUITS ROUND ZINC WALL HANGING PLANTER GREY, RETAILER ROUEN CHILD COMPLIANT UPHOLSTE, HARLEQUIN ZENDO PAIR LINED EYELET CURTAINS SILVER, RETAILER RUSSET MULTISTRIPE RUG L240 X, TARGUS VERSAVU CASE WITH 360° ROTATION, 2021 APPLE AIRPODS WITH MAGSAFE CHARGING CASE 3RD, APPLE PENCIL 1ST GENERATION 2015 WHITE, APPLE WATCH SERIES 7 GPS 45MM MIDNIGHT ALUMINIUM C, WEST ELM FINLEY VELVET DINING CHAIR TAUPE, RALPH LAUREN SPALDING STRIPE WALLPAPER NAVY SAND P, RETAILER CHINDI GEOMETRIC KELIM RUG BLU, WEST ELM MID-CENTURY 3 DRAWER CHEST FSC CERTIFIED, SAMSUNG GALAXY BUDS PRO WITH QI-COMPATIBLE WIRELES, LG OLED55C14LB 2021 OLED HDR 4K ULTRA HD SMART TV, MATTHEW WILLIAMSON DEYA MEADOW WALLPAPER PANEL SET, EBBE GEHL FOR RETAILER MIRA 3 SEATER DINING BENC, APPLE MAGIC KEYBOARD FOR 11 IPAD PRO 2020 BLACK, RETAILER COTTON VELVET CUSHION STORM, APPLE IPHONE 12 MINI, SQUISHMUFFIN LARGE 3 SEATER SOFA BY LOAF AT JOHN L, RETAILER MARLOW 100CM HINGED WARDROBE W, RETAILER CAMBER ARMCHAIR, WEST ELM JUNIPER ACCENT CHAIR LIGHT WOOD FRAME INK, JOSEPH JOSEPH EDITIONS ELEVATE CAROUSEL KITCHEN UT, APPLE SMART FOLIO FOR IPAD PRO 12 9 5TH GENERATION, SONY HT-SD35 BLUETOOTH SOUND BAR WITH WIRELESS SUB, 2021 APPLE IPAD PRO 11 M1 PROCESSOR IOS WI-FI 256G, APPLE MAGIC TRACKPAD 2021 SILVER, EBBE GEHL FOR RETAILER MIRA CERAMIC TOP 6 SEATER, RETAILER DRAPER MEDIUM 2 SEATER SOFA, MAM MANUAL BREAST FEEDING PUMP, RETAILER CLASSICO LEATHER OFFICE DINING, RETAILER BARBICAN RHF CHAISE END LEATHE, WEBER BBQ GRATE CLEANER 300ML, RETAILER CALIA SIDEBOARD OAK, APPLE USB SUPERDRIVE CD DVD READER WRITER, MOBY ELEMENTS WRAP BABY CARRIER HYDRO, 2021 APPLE IPAD PRO 11 M1 PROCESSOR IOS WI-FI 512G, RETAILER CHESTER GRAND 4 SEATER LEATHER, KETTLER PALMA 7-SEAT MINI CORNER GARDEN CASUAL DIN, SONY BRAVIA XR XR55A80J 2021 OLED HDR 4K ULTRA HD, TURTLE MAT MULTI-GRIP DOOR MAT RUG STEEL L75 X W10, APPLE MAGIC KEYBOARD FOR 12 9 IPAD PRO, 2021 APPLE IPAD PRO 12 9 M1 PROCESSOR IOS WI-FI 12, 2021 APPLE IPAD PRO 12 9 M1 PROCESSOR IOS WI-FI 51, RETAILER NATURAL COLLECTION HUNGARIAN G, APPLE SMART KEYBOARD FOLIO FOR 12 9 IPAD PRO 2020, APPLE AIRPODS MAX NOISE CANCELLING WIRELESS BLUETO, RETAILER BURFORD GARDEN WOVEN DINING CH, MICROSOFT 365 PERSONAL OFFICE SOFTWARE PC MAC TABL, HYPNOS LUXURY WOOL NO 2 PILLOW TOP POCKET SPRING M, APPLE MAGIC KEYBOARD FOR 12 9 IPAD PRO 2021 WHITE, 2020 APPLE IPAD 10.2"" 128GB GOLD, APPLE MAGIC MOUSE 2 (2015), BRABANTIA RENEW BATHROOM ACCESSORIES SET DARK GREY, RETAILER BLUSH COAST DAMASK BEADED ONIO, RETAILER ELSTRA MARLOW WARDROBE INTERNA, APPLE AIRPODS PRO WITH MAGSAFE CHARGING CASE, SHARK PET WANDVAC SYSTEM 2-IN-1 CORDLESS HANDHELD, BUGABOO CUP HOLDER BLACK, TARGUS VERSAVU CLASSIC CASE FOR 11 IPAD PRO 1ST 2N, RETAILER TOKYO FOOTSTOOL, RETAILER CALIA 3-SEATER DINING BENCH OA, OWLET MONITOR DUO SMART SOCK 3 CAMERA BABY MONITOR, SAMSUNG QE55Q80A 2021 QLED HDR 1500 4K ULTRA HD SM, LOGITECH SLIM COMBO FOLIO TOUCH BACKLIT KEYBOARD W, RETAILER NATURAL COLLECTION WENSLEYDALE, SONOS SUB GEN 3 WIRELESS SUBWOOFER BLACK, APPLE WATCH SERIES 7 GPS CELLULAR 45MM MIDNIGHT AL, APPLE WATCH SERIES 6 GPS 44MM BLUE ALUMINIUM CASE, RETAILER NATURAL COLLECTION PURE COTTON, RETAILER NATURAL COLLECTION CASHMERE 26, ANYDAY RETAILER MICROFIBRE STANDARD PIL, MICROSOFT SURFACE PRO PEN PLATINUM, 2021 APPLE IPAD PRO 12 9 M1 PROCESSOR IOS WI-FI 25, ANYDAY RETAILER WHISTLER DINING CHAIR D, RETAILER BOW 1 DRAWER BEDSIDE TABLE OAK, APPLE SMART KEYBOARD FOLIO FOR 11 IPAD PRO 2020 BL, BABY JOGGER CITY MINI 2 FOOTMUFF BLACK, POWERBEATS PRO TRUE WIRELESS BLUETOOTH IN-EAR SPOR, ANYDAY RETAILER BABY SLOGAN FLOWER TOP, RETAILER CALIA CONSOLE TABLE DARK WOOD, RETAILER BARBICAN ARMCHAIR, USB-C TO SD CARD READER, ANYDAY RETAILER ESSENTIALS COLLECTION P, RETAILER BROOKS DINING ARMCHAIRS SET OF, LOGITECH SLIM FOLIO PRO BACKLIT KEYBOARD CASE FOR, ANYDAY RETAILER BONN UPHOLSTERED BED FR, RETAILER BAILEY HIGH BACK LARGE 3 SEATE, APPLE WATCH SERIES 6 GPS 44MM SPACE GREY ALUMINIUM, RETAILER OTLEY MEDIUM 2 SEATER LEATHER, RETAILER ALORA 2-SEATER GARDEN BISTRO T, RETAILER FAUX SILK SLUB PAIR BLACKOUT L, APPLE WATCH SERIES 6 GPS 40MM SPACE GREY ALUMINIUM, RETAILER RATTAN BED FRAME KING SIZE OAK, 2021 APPLE IPAD PRO 12 9 M1 PROCESSOR IOS WI-FI 1T, RETAILER OPUS TOWEL RAIL SHORT, APPLE SMART FOLIO FOR IPAD AIR 2020 DEEP NAVY, 2020 APPLE MACBOOK PRO 13 TOUCH BAR M1 PROCESSOR 8, APPLE EARPODS WITH REMOTE AND MIC LIGHTNING CONNEC, RETAILER DRAPER MEDIUM 2 SEATER SOFA ME, APPLE MAGSAFE DUO CHARGER, RETAILER ULTRA SOFT COTTON 4 PIECE TOWE, LEVI S 501 ORIGINAL STRAIGHT JEANS BLACK W32 L32, CONTENT BY TERENCE CONRAN FUSION CONSOLE TABLE, 2020 APPLE IMAC 27 ALL-IN-ONE INTEL CORE I7 8GB RA, RETAILER INCLINE DESK OAK, 2021 APPLE IPAD PRO 11 M1 PROCESSOR IOS WI-FI 128G, RETAILER ROUEN 2 DRAWER STORAGE UPHOLST, APPLE WATCH SERIES 7 GPS 41MM PRODUCT RED ALUMINIU, ANYDAY RETAILER BOX DESK NATURAL BLACK, RETAILER CAMBER GRAND 4 SEATER SOFA, RETAILER LOOP GLASS COFFEE TABLE CLEAR, 2020 APPLE IPAD 10 2 A12 IPADOS WI-FI 32GB SPACE G, EAZIGLIDE NEVERSTICK NON-STICK ALUMINIUM BAKING TR, TEMPUR WATER RESISTANT MATTRESS PROTECTOR WHITE DE, SEALY ACTIVSLEEP GELTEX 2200 POCKET SPRING PILLOWT, RETAILER DOUBLE JIGGER, RETAILER BARBICAN MEDIUM 2 SEATER SOFA, APPLE SMART FOLIO FOR IPAD PRO 11 3RD GENERATION D, RETAILER CLAVERDON II FOOTSTOOL DARK LE, OLED65GX, RETAILER HECTOR FLOOR LAMP ANTIQUE BRAS, DYSON FLOOR DOK VACUUM CLEANER DOCK, RETAILER PADSTOW SNUGGLER, ANYDAY RETAILER EXTENDABLE CURTAIN POLE, 2020 APPLE IPAD 10.2"" 32GB GOLD, SWOON MUNICH LARGE 3 SEATER SOFA DARK LEG PEPPER W, RETAILER BARBICAN 5 SEATER RHF CHAISE E, RETAILER OLIVER STORAGE FOOTSTOOL, RETAILER DRAPER LEATHER ARMCHAIR METAL, 2019 APPLE MACBOOK PRO 16 TOUCH BAR INTEL CORE I7, LG SN4 BLUETOOTH SOUND BAR WITH WIRELESS SUBWOOFER, RETAILER BASKET ROPE GARDEN LOUNGING AR, LOGITECH PEBBLE M350 BLUETOOTH MOUSE GRAPHITE, JOIE BABY I-SPIN 360 I-SIZE CAR SEAT COAL, RETAILER CALIA 4 SEATER DINING TABLE OA, APPLE WATCH NIKE SERIES 6 GPS 44MM SILVER ALUMINIU, JOSEPH JOSEPH FOOD WASTE CADDY DARK GREY 4L, BUGABOO DONKEY 3 MINERAL DUO PUSHCHAIR AND CARRYCO, LG OLED65B16LA 2021 OLED HDR 4K ULTRA HD SMART TV, RETAILER CROMWELL CHESTERFIELD SMALL SO, APPLE SMART FOLIO FOR IPAD PRO 11 3RD GENERATION B, SWYFT MODEL 02 CHAISE PIECE FOOTSTOOL TEAL VELVET, RETAILER HARVARD BEDSIDE TABLE LIGHT GR, RETAILER 4K HDMI CABLE 1 5M BLACK, RETAILER BROOKS GAS LIFT ADJUSTABLE BAR, MIXOLOGY WORLD GLOBE DECANTER WITH SHIP 1L GOLD CL, RETAILER ARLO MEDIUM 2 SEATER SOFA, UPPABABY VISTA V2 PUSHCHAIR AND CARRYCOT FINN, APPLE WATCH SERIES 6, RETAILER SISSINGHURST BORDER CUSHION MU, LG OLED65C14LB 2021 OLED HDR 4K ULTRA HD SMART TV, RETAILER THOMAS ARMCHAIR, RETAILER SOREN OFFICE CHAIR IVORY NATUR, SAMSUNG GALAXY Z FOLD 3 5G FOLDABLE SMARTPHONE 12G, RETAILER NATURAL DUCK FEATHER AND DOWN, SONY BRAVIA XR XR65A80J 2021 OLED HDR 4K ULTRA HD, ANYDAY RETAILER CLAYTON DINING CHAIRS S, 2021 APPLE MACBOOK PRO 16 M1 PRO PROCESSOR 16GB RA, APPLE SILICONE CASE WITH MAGSAFE FOR IPHONE 12 12, 2021 APPLE IPAD MINI 8 3 A15 BIONIC PROCESSOR IPAD, G PLAN VINTAGE THE SIXTY FIVE LARGE 3 SEATER CHAIS, SONY HT-S20R BLUETOOTH SOUND BAR WITH SUBWOOFER AN, APPLE IPHONE 12 PRO, RETAILER BOW 4 DRAWER CHEST OAK, HERMAN MILLER AERON OFFICE CHAIR SIZE B GRAPHITE, DELL SE2422H FULL HD MONITOR 24 BLACK, STOMPA UNO S PLUS TALL WARDROBE WHITE, APPLE MJ1L2ZM A USB-C VGA MULTIPORT ADAPTOR, APPLE MD565B B 60W MAGSAFE 2 POWER ADAPTER FOR MAC, ANYDAY RETAILER ARCH METAL LOW SHELVING, LG OLED48C14LB 2021 OLED HDR 4K ULTRA HD SMART TV, G PLAN VINTAGE THE SIXTY FIVE MEDIUM 2 SEATER SOFA, LOGITECH COMBO TOUCH FULL-SIZE BACKLIT KEYBOARD CO, RETAILER LUXURY NATURAL COLLECTION LINE, RETAILER CALIA 6-10 SEATER EXTENDING DI, MARGO SELBY EASTBOURNE BATH TOWEL, RETAILER CAPE UPHOLSTERED DINING CHAIRS, RETAILER SHOW WOOD BEDSIDE TABLE NOUGAT, APPLE WATCH SERIES 6 GPS 40MM BLUE ALUMINIUM CASE, SAMSUNG QE75Q70A 2021 QLED HDR 4K ULTRA HD SMART T, APPLE WATCH SERIES 6 GPS 40MM GOLD ALUMINIUM CASE, RETAILER CAMDEN MEDIUM 2 SEATER SOFA BE, RETAILER CLASSIC ECO 1000 POCKET SPRING, RETAILER URSULA GLASS TABLE LAMP GREY B, APPLE WATCH SERIES 7 GPS 45MM BLUE ALUMINIUM CASE, INNOVATION LIVING RECAST SOFA BED WITH POCKET SPRU, SAMSUNG HW-Q900A BLUETOOTH WI-FI CINEMATIC SOUND B, APPLE SMART FOLIO FOR IPAD AIR 2020 BLACK, EMMA ORIGINAL MEMORY FOAM MATTRESS MEDIUM TENSION, MICROSOFT OFFICE HOME AND STUDENT 2019 1 PC ONE-OF, SWYFT MODEL 03 MEDIUM 2 SEATER SOFA PUMICE LINEN, SILENTNIGHT SLEEP SOUNDLY MIRACOIL ORTHO MATTRESS, ANYDAY RETAILER COTTON RICH PLAIN MEN S, APPLE AIRTAG BLUETOOTH ITEM FINDER 4 PACK, SNUGGLEDOWN NATURAL DUCK FEATHER AND DOWN DUVET 10, RETAILER SANTINO DINING ARMCHAIR GREY O, RETAILER PILLOW MEDIUM 2 SEATER SOFA LI, RUCOMFY JUNIOR SQUASHY SQUARBIE INDOOR OUTDOOR BEA, LG TONE FREE HBS-FN4 TRUE WIRELESS BLUETOOTH IN-EA, RETAILER ROUEN UPHOLSTERED BED FRAME DO, RETAILER ROUEN UPHOLSTERED BED FRAME KI, RETAILER HENDRICKS ACCENT CHAIR, HYPNOS DELUXE POCKET SPRING MATTRESS MEDIUM KING S, RETAILER CAMBER LEATHER FOOTSTOOL DARK, MADE TO MEASURE CURTAINS, SAMSUNG WIRELESS QI-COMPATIBLE 10000MAH BATTERY PA, APPLE SMART KEYBOARD FOR 10 2 IPAD 10 5 IPAD PRO A, APPLE IPHONE 12, RETAILER POCKET SPRUNG 2500 UPHOLSTERED, RETAILER CLASSIC WOOL 1000 POCKET SPRIN, SONY BRAVIA XR XR83A90J 2021 OLED HDR 4K ULTRA HD, APPLE USB TYPE-C DIGITAL AV MULTIPORT ADAPTER WHIT, SAMSUNG GALAXY BUDS 2 WITH QI-COMPATIBLE WIRELESS, SAMSUNG GALAXY TAB S7 FE TABLET WITH BLUETOOTH S P, RETAILER CALIA 2-SEATER DINING BENCH OA, RETAILER ASPECT SINGLE MIRRORED AND ILL, 2019 APPLE AIRPODS WITH WIRELESS CHARGING CASE, RETAILER SWOON MENDEL 3 DRAWER CHEST GR, SILENTNIGHT SLEEP GENIUS 800 POCKET ECO COMFORT PI, RETAILER DRAPER LARGE 3 SEATER SOFA LIG, SWOON TULUM MEDIUM 2 SEATER SOFA DARK LEG FERN VEL, RAY-BAN RB3447 MEN S POLARISED ROUND METAL SUNGLAS, SAMSUNG GALAXY BOOK GO 4G LTE LAPTOP QUALCOMM SNAP, WEST ELM ARTIFICIAL OLIVE TREE, 2021 APPLE IPAD PRO 11"", 2020 APPLE MAC MINI DESKTOP COMPUTER M1 PROCESSOR, KETTLER PALMA SUN LOUNGER WHITE WASH GREY TAUPE, APPLE WATCH SERIES 7 GPS CELLULAR 45MM PRODUCT RED, SWYFT MODEL 01 ARMCHAIR LIGHT GREY VELVET, VISPRING PREMIER DIVAN BASE SUPER KING SIZE GEM PR, LG 50NANO806PA 2021 LED HDR NANOCELL 4K ULTRA HD S, GOOGLE NEST HUB HANDS-FREE SMART SPEAKER WITH 7 SC, STOKKE STROLLER SUNSHADE PISTACHIO, APPLE WATCH SERIES 7 GPS 41MM STARLIGHT ALUMINIUM, RETAILER VACUUM BAGS 3 5L PACK OF 5, CROFT COLLECTION FROME LOVESEAT LIGHT LEG FLECKERL, RETAILER CROMWELL CHESTERFIELD SNUGGLER, ANYDAY RETAILER TAVERN DINING CHAIRS SE, RETAILER HENDRICKS HIGH BACK ACCENT CHA, APPLE SMART FOLIO FOR IPAD AIR 2020 CYPRUS GREEN, APPLE WATCH NIKE SERIES 7 GPS 41MM STARLIGHT ALUMI, G PLAN VINTAGE THE SIXTY EIGHT LARGE 3 SEATER SOFA, APPLE WATCH NIKE SERIES 7 GPS 45MM MIDNIGHT ALUMIN, RETAILER EMMA SEERSUCKER KING DUVET COV, RETAILER CAMDEN SNUGGLER, LE CREUSET CAST IRON SIGNATURE SQUARE GRILLIT 26CM, DYSON OUTSIZE ABSOLUTE VACUUM CLEANER, NORTON 360 PREMIUM 15 MONTHS PRE-PAID SUBSCRIPTION, APPLE WATCH SERIES 7 GPS 41MM MIDNIGHT ALUMINIUM C, RETAILER ARLO ARMCHAIR, LOGITECH SLIM FOLIO BLUETOOTH KEYBOARD FOR IPAD 7T, DESSER VIOLA RATTAN LOUNGE CHAIR NATURAL, 5K45SSBFW, RETAILER RATTAN 3 DRAWER CHEST OAK, APPLE WATCH SERIES 7 GPS 45MM STARLIGHT ALUMINIUM, WEBER SPIRIT 300 SERIES PREMIUM BBQ COVER, RETAILER MONGOLIAN SHEEPSKIN CUSHION RO, PUREBABY ORGANIC COTTON RIB BASIC GROWSUIT YELLOW, PEANUTS SNOOPY AND CHARLIE STARGAZING FRAMED PRINT, RETAILER OLIVER SOFA BED, ESTEBAN PERFUME LANTERN EDITION MIST DIFFUSER, RETAILER RAISE SOFA SIDE TABLE WALNUT, RETAILER PILLOW LARGE 3 SEATER SOFA, SEALY 4 DRAWER STORAGE DIVAN BASE KING SIZE GREY, ANYDAY RETAILER LOW CUT MEN S SOCKS PAC, RETAILER BARBICAN LARGE 3 SEATER SOFA, STOMPA S FLEX AIRFLOW 1000 POCKET SPRING MATTRESS, ANYDAY RETAILER FERN 4-6 SEATER EXTENDI, SWOON DENVER GRAND 4 SEATER LHF CORNER END SOFA KI, RETAILER GRAYSON COFFEE TABLE OAK, APPLE SMART FOLIO FOR IPAD PRO 11 3RD GENERATION M, RETAILER MEDAN UPHOLSTERED DRESSING TAB, RETAILER TOKYO RHF LARGE MODULAR ARM UN, RETAILER CLASSIC COLLECTION COMFORT SUP, 2019 APPLE MACBOOK PRO 16 TOUCH BAR INTEL CORE I9, RETAILER HIKO MEDIUM CEILING LIGHT BLAC, RETAILER PANEL MEDIUM 2 SEATER SOFA BLA, SONOS ARC SMART SOUND BAR WITH DOLBY ATMOS VOICE C, APPLE WATCH NIKE SERIES 6 GPS 40MM SPACE GREY ALUM, RETAILER CAMDEN MEDIUM 2 SEATER SOFA, SAMSUNG QE75Q80A 2021 QLED HDR 1500 4K ULTRA HD SM, LOUIS DE POORTERE STARFIELD RUG SOFT BLUE L240 X W, RETAILER ESSENCE WIDE 7 DRAWER CHEST OA, RETAILER CAMDEN ARMCHAIR, LE CREUSET WINE AERATING FOUNTAIN WITH GLASS FUNNE, 2022 APPLE IPAD AIR 10 9 M1 PROCESSOR IPADOS WI-FI, SOFI SOFA IN A BOX LARGE 3 SEATER SOFA DARK LEG NA, MICROSOFT OFFICE HOME AND BUSINESS 2019 1 PC ONE-O, RETAILER THOMAS LEATHER WING CHAIR DARK, RETAILER EMILY 2 DRAWER STORAGE UPHOLST, RETAILER CALIA 8 SEATER DINING TABLE OA, KVELL TRAE OTTOMAN GREY, RETAILER VELVET PAIR LINED EYELET CURTA, HESTON BLUMENTHAL BY SALTER INSTANT READ DIGITAL T, APPLE WATCH NIKE SERIES 6 GPS 44MM SPACE GREY ALUM, SONOS BEAM GEN 2 COMPACT SMART SOUND BAR WITH DOLB, APPLE WATCH SERIES 7 GPS CELLULAR 41MM GOLD STAINL, NINJA FOODI CB350 POWER NUTRI BLENDER 3-IN-1 WIT, ANYDAY RETAILER CLAPTON FIXED BACK SOFA, CROFT COLLECTION FINDON SNUGGLER, 2021 APPLE IMAC 24 ALL-IN-ONE M1 PROCESSOR 8GB RAM, KOTI HOME WINGED BUTTON UPHOLSTERED BED FRAME SUPE, ANYDAY RETAILER JAIPUR RUG PINK L230 X, SONY BRAVIA XR XR55A90J 2021 OLED HDR 4K ULTRA HD, RETAILER BAILEY GRAND 4 SEATER SOFA, GOOGLE NEST MINI HANDS-FREE SMART SPEAKER 2ND GEN, RETAILER SWOON MENDEL BEDSIDE TABLE LIG, RETAILER TORONTO DINING ARMCHAIRS SET O, APPLE 61W USB-C POWER ADAPTER, DUALIT CLASSIC KETTLE POLISHED STAINLESS STEEL, SAMSUNG GALAXY S22 5G SMARTPHONE WITH WIRELESS POW, RETAILER ARLO 5 SEATER RHF CHAISE END S, CYBEX GAZELLE S CAR SEAT ADAPTERS, APPLE WATCH SERIES 7 GPS 45MM GREEN ALUMINIUM CASE, APPLE WATCH SERIES 6 GPS CELLULAR 40MM GOLD ALUMIN, RETAILER WAITER S FRIEND DELUXE CORKSCR, RETAILER OLIVER LEATHER ARMCHAIR DARK L, LENOVO Q27Q-1L QUAD HD MONITOR 27 IRON GREY, WEST ELM SO RUG L152 X W244 CM, SAMSONITE MAGNUM ECO SPINNER 75CM 4-WHEEL LARGE SU, RETAILER CROMWELL CHESTERFIELD GRAND 4, WROUGHT IRON AND BRASS BED CO LILY IRON BED FRAME, SAMSUNG GALAXY TAB S7 KEYBOARD COVER BLACK, GALLERY DIRECT MADRID COFFEE TABLE WALNUT, BOORI SLEIGH 3 DRAWER CHEST WHITE, RETAILER 5-PLY THERMACORE SAUCEPANS WIT, TARGUS VERSAVU CLASSIC CASE FOR IPAD PRO 12 9 2020, ANYDAY RETAILER SCALLOP VELVET OFFICE C, RETAILER CAMBER MEDIUM 2 SEATER SOFA, RETAILER CHESTER FOOTSTOOL, HP LASERJET PRO M15W WIRELESS MONO PRINTER WITH WI, HIGHCLARE SCHOOL JOGGING BOTTOMS NAVY BLUE 3-4 YEA, RETAILER POISE 2 SEATER BENCH OAK, MODE&`&L90, TARGUS CLICK-IN CASE FOR IPAD AIR 10 9 AND IPAD PR, APPLE LIGHTNING TO USB CABLE 1M, ANYDAY RETAILER MIX IT WIDE 4 DRAWER CH, APPLE 30W USB-C POWER ADAPTER, RETAILER OTLEY LARGE 3 SEATER SOFA LIGH, RETAILER CALIA COAT STAND SMALL OAK, HP X27 FULL HD GAMING MONITOR 27 BLACK, RETAILER ST IVES BEDSIDE TABLE GREY HAZ, BUGABOO DONKEY3 MONO PUSHCHAIR AND CARRYCOT GREY M, RETAILER LUXURY NATURAL COLLECTION SILK, APPLE SMART COVER FOR 10 2 IPAD AND 10 5 IPAD AIR, SILENTNIGHT SLEEP GENIUS STRUTTED HEADBOARD FSC-CE, RETAILER NATURAL COLLECTION GOAT ANGORA, TOMMEE TIPPEE ULTRA UV 3-IN-1 ELECTRIC STERILISER, SOSANDAR LEATHER LOOK LEGGINGS BURGUNDY 8L, EMMA HYBRID MATTRESS MEDIUM TENSION KING SIZE, APPLE SMART FOLIO FOR IPAD MINI 2021 BLACK, RETAILER SALSA GARDEN CHAIR SET OF 2 TW, RETAILER SWOON MENDEL BED FRAME KING SI, CYBEX GAZELLE S SINGLE TO DOUBLE PUSHCHAIR SOHO GR, MAXI-COSI I-SIZE FAMILYFIX 360 ISOFIX ROTATING CAR, BARBOUR WILTON CHELSEA WELLINGTON BOOTS BLACK 7, TONIES TONIE-CARRIER BAG PINK, RETAILER MELBURY ARMCHAIR NATURAL, AVF AFFINITY PREMIUM 1150 BAY CURVED TV STAND FOR, APPLE IPHONE 13 IOS 6 1 5G SIM FREE 128GB PINK, TSF01WH SLICE TOASTER, RETAILER LUXURY NATURAL COLLECTION EGYP, RETAILER FREQUENCY DESK NATURAL, APPLE WATCH SERIES 6 GPS CELLULAR 44MM SPACE GREY, RETAILER PILLOW LARGE 3 SEATER SOFA LIG, RETAILER BAILEY SMALL 2 SEATER SOFA, RETAILER BAILEY FOOTSTOOL, AVF AFFINITY CHEPSTOW 930 TV STAND WITH MOUNT FOR, STOKKE TRIPP TRAPP NEWBORN SET GREY, MAXI-COSI PEBBLE 360 I-SIZE BABY CAR SEAT ESSENTIA, RETAILER ELSTRA 250CM WARDROBE WITH MIR, SONY BRAVIA KE48A9 2020 OLED HDR 4K ULTRA HD SMART, LG OLED55B16LA 2021 OLED HDR 4K ULTRA HD SMART TV, HYPNOS FIRM EDGE 4 DRAWER DIVAN STORAGE BED DOUBLE, BUGABOO DONKEY BUFFALO WHEELED BOARD ADAPTOR, RETAILER OSLO LARGE 3 SEATER SOFA, RETAILER ELSTRA MARLOW WARDROBE HANGING, WEST ELM MID-CENTURY LARGE SIDEBOARD GREY FSC CERT, RETAILER BARBICAN LEATHER FOOTSTOOL DAR, RETAILER DUHRER 4-6 SEATER EXTENDING RO, APPLE IPHONE 12 PRO IOS 6 1 5G SIM FREE 512GB PACI, RETAILER SHOW WOOD 4 DRAWER CHEST NOUGA, G PLAN VINTAGE THE SIXTY EIGHT ARMCHAIR WITH FOOTR, RETAILER ST IVES SINGLE MODULAR GARDEN, APPLE WATCH 44MM SPORT BAND BLACK, RETAILER CALIA 8-12 SEATER EXTENDING DI, APPLE WATCH SERIES 7 GPS 41MM GREEN ALUMINIUM CASE, APPLE MLL82ZM A USB-C CHARGE CABLE 2M, SILENTNIGHT SLEEP GENIUS 3000 POCKET GELTEX MATTRE, ANYDAY RETAILER LATTICE RUG NEUTRAL WHI, RETAILER GRACE CHILD COMPLIANT UPHOLSTE, RETAILER NATURAL COLLECTION FLEECE WOOL, RETAILER TRESTLE 4 SEATER ROUND DINING, TARGUS CITYLITE CONVERTIBLE BACKPACK BRIEFCASE FOR, RETAILER LORN 6 SEATER DINING TABLE OAK, LITTLE HOME AT RETAILER 200 THREAD COUNT FITTED, WEST ELM MID-CENTURY NARROW BOOKSHELF WITH STORAGE, LG OLED48A16LA 2021 OLED HDR 4K ULTRA HD SMART TV, TRULY GLASS LED FAIRY LIGHTS BELL JAR WITH WOOD BA, BUGABOO DONKEY MONO CAR SEAT ADAPTOR, DYSON AIRWRAP COMPLETE HAIR STYLER GIFT SET PRUSSI, RETAILER SLIM DIVAN BASE KING SIZE FSC, GAIA BABY SERENA OTTOMAN FOOTSTOOL OAT, G PLAN VINTAGE THE SIXTY FIVE FOOTSTOOL ETCH GRANI, STOKKE TRIPP TRAPP HIGHCHAIR STORM GREY, RETAILER OSLO LEATHER MEDIUM 2 SEATER S, ANYDAY RETAILER WILTON 3 DRAWER CHEST W, RETAILER HARVARD TV STAND SIDEBOARD FOR, APPLE MAGIC KEYBOARD WITH NUMERIC KEYPAD TOUCH ID, RETAILER WHITE MARBLE TOILET BRUSH, RETAILER ESSENCE 1 DOOR BEDSIDE TABLE O, 2021 APPLE IPAD 10 2 A13 BIONIC PROCESSOR IPADOS W, RETAILER CAPE LEATHER ARMCHAIR DARK LEG, APPLE IPHONE 11, RETAILER PAUSE RECLINING CHAIR WITH FOO, RETAILER OLIVER MEDIUM 2 SEATER LEATHER, RETAILER SOREN DESK, RETAILER PADMA 6 DRAWER CHEST BROWN BRA, ANYDAY RETAILER MIX IT BEDSIDE TABLES S, RETAILER SPECIALIST SYNTHETIC LOW PROFI, SAGE SES878BSS THE BARISTA PRO COFFEE MACHINE SILV, RETAILER CHARLOTTE GRAND 4 SEATER SOFA, RETAILER CHUNKY WEAVE ROUND GARDEN COFF, TED BAKER ZACKS CREDIT CARD HOLDER DARK BROWN, KETTLER PALMA GARDEN CUSHION STORAGE BOX WHITE WAS, LE CREUSET CAST IRON 23CM SIGNATURE SKILLET VOLCAN, VELFONT VIRUSAN KNITTED COTTON MATTRESS PROTECTOR, APPLE AIRTAG BLUETOOTH ITEM FINDER 1 PACK, RETAILER CHILDREN S RIPTAPE PLIMSOLLS W, RETAILER BAILEY SNUGGLER, SKINNYDIP PEACHY DOUBLE DUVET COVER SET MULTI, APPLE WATCH SERIES 7 GPS 41MM BLUE ALUMINIUM CASE, CHARBONNEL ET WALKER SEA SALT CARAMEL TRUFFLES 120, SAMSUNG LF22T350FHRXXU FULL HD MONITOR 22 GREY, KETTLER LYON 2-SEATER GARDEN LOUNGING SIDE TABLE C, KETTLER FREESTANDING 360 ROTATING ARM PARASOL BASE, RETAILER ARLO LARGE 3 SEATER SOFA, BOSE SMART SOUND BAR 300 WITH WI-FI BLUETOOTH AND, RETAILER BAILEY MEDIUM 2 SEATER LEATHER, RETAILER SPINDLE BED FRAME KING SIZE OA, RETAILER ESTATE 3 SEATER BENCH NATURAL, CYBEX PALLAS G I-SIZE CHILD CAR SEAT DEEP BLACK, ERCOL FOR RETAILER SHALSTONE DRESSING TABLE CHAI, RETAILER BOW 6 DRAWER CHEST NATURAL, APPLE LEATHER CASE WITH MAGSAFE FOR IPHONE 12 MINI, RETAILER BOOTH MEDIUM 2 SEATER SOFA, 2020 APPLE IPAD PRO 12.9"", JABRA ELITE 75T TRUE WIRELESS BLUETOOTH IN-EAR HEA, APPLE WATCH SERIES 6 GPS 40MM SILVER ALUMINIUM CAS, RETAILER EMILY UPHOLSTERED BED FRAME KI, ANYDAY RETAILER LOFT DESK GREY WHITE, HP DESKJET 2720E ALL-IN-ONE WIRELESS PRINTER HP EN, HYPNOS LUXURY WOOL NO 1 POCKET SPRING MATTRESS MED, HALO GROUCHO MEDIUM 2 SEATER LEATHER SOFA DARK LEG, SWYFT MODEL 02 MEDIUM 2 SEATER SOFA SHADOW LINEN, LG OLED55CX5LB 2020 OLED HDR 4K ULTRA HD SMART TV, BUGABOO DONKEY3 DUO PUSHCHAIR AND CARRYCOT ALUMINI, LENOVO C32Q-20 QUAD HD MONITOR, LG SL8YG SUPREME BLUETOOTH WI-FI SOUND BAR WITH ME, WEST ELM SLOPE LOUNGE CHAIR SADDLE LEATHER, WEST ELM MID-CENTURY DESK ACORN, RETAILER DRAPER MOTION MEDIUM 2 SEATER, CUSTOMISABLE MODERN FRAME BEZEL FOR SAMSUNG THE FR, TARGUS CITYGEAR 3 SLEEVE FOR LAPTOPS UP TO 14 BLAC, APPLE SMART FOLIO FOR IPAD AIR 2020 WHITE, RETAILER BETTY BIRD WELCOME DOOR MAT, BIG GREEN EGG EXTRA LARGE BBQ NEST BUNDLE WITH CON, EMILE ET ROSE BABY AMOS KNIT TOP TROUSERS HAT AND, SONOS ONE GEN 2 SMART SPEAKER WITH VOICE CONTROL B, ERCOL FOR RETAILER SHALSTONE BED FRAME OAK KING, SHNUGGLE BABY BATH WITH PLUG AQUA, RETAILER SWOON MENDEL SIDEBOARD LIGHT B, RETAILER SCANDI 3 DRAWER CHEST OAK, RETAILER BAILEY ARMCHAIR, BLUEBELLA CLAUDIA SATIN TROUSER PYJAMA SET BLACK 1, WEST ELM MID-CENTURY WIDE BOOKSHELF WITH STORAGE P, DYSON HOT COOL PURIFYING FAN HEATER, BABYZEN YOYO CUP HOLDER, RETAILER POISE DINING CHAIRS FSC-CERTIF, RETAILER SHOW WOOD BEDSIDE TABLE JADE G, UPPABABY VISTA CRUZ RIDGE CARRYCOT GREGORY, ERCOL FOR RETAILER SHALSTONE 4 DRAWER CHEST, THE HOME EDIT IDESIGN S HOOK, RETAILER ARLO SMALL 2 SEATER SOFA LIGHT, SEALY ACTIVSLEEP ORTHO SPRUNG MATTRESS FIRM TENSIO, LITTLE HOME AT RETAILER MAGICAL UNICORN REVERSIB, SPECK GEMSHELL CLEAR CASE AND SCREEN PROTECTOR BUN, RETAILER JERSEY ORGANIC COTTON LOUNGE P, DYSON AIRWRAP COMPLETE HAIR STYLER, ICANDY THE SCREEN PUSHCHAIR SUNSHADE BLACK, SILVER CROSS SIMPLICITY DREAM CAR SEAT ADAPTORS, HP 14 REVERSIBLE LAPTOP SLEEVE BLACK GOLD, RETAILER CLASSIC SUSTAINABLE WAITROSE W, RETAILER CHESTER GRAND 4 SEATER SOFA DA, RETAILER CRISP AND FRESH 200 THREAD COU, STOKKE XPLORY SIBLING BOARD, ANYDAY RETAILER STAINLESS STEEL PARMESA, TRAEGER PRO D2 575 WIFI CONNECTED WOOD PELLET BBQ, G PLAN VINTAGE THE SIXTY FIVE MEDIUM 2 SEATER CHAI, ARMANI EXCHANGE AX7124 MEN S CORD BRACELET AND DAT, RETAILER PLAIN PURE SILK CUSHION CLARET, APPLE IPHONE SE IOS 13 4 7 4G LTE SIM FREE 128GB B, KETTLER CASSIS 4-SEATER ROUND GARDEN DINING TABLE, RETAILER ST IVES BED FRAME KING SIZE WH, RETAILER EMILEE GLASS TABLE LAMP, SONY BRAVIA XR XR77A80J 2021 OLED HDR 4K ULTRA HD, RETAILER ST IVES GARDEN COFFEE TABLE FS, APPLE IPHONE 12 PRO MAX, RETAILER BARBICAN LARGE 3 SEATER LEATHE, RETAILER REFINE ARMCHAIR, BUGABOO BEE6 PUSHCHAIR GREY MELANGE, RETAILER MEDAN BED FRAME KING SIZE DARK, RETAILER CAMDEN LEATHER ARMCHAIR DARK L, RETAILER CALIA SMALL SIDEBOARD OAK, RETAILER BAILEY LEATHER ARMCHAIR DARK L, APPLE USB-C TO LIGHTNING CABLE 1M, RETAILER BELGRAVE LARGE 3 SEATER SOFA M, APPLE WATCH NIKE SERIES 6 GPS 40MM SILVER ALUMINIU, APPLE AIRTAG LOOP DEEP NAVY, CROFT COLLECTION FINDON LARGE 3 SEATER SOFA, ANYDAY RETAILER WHISTLER DINING CHAIRS, DELL INSPIRON 13 5310 LAPTOP INTEL CORE I5 PROCESS, OCULUS QUEST 2 ALL-IN-ONE VIRTUAL REALITY HEADSET, ANYDAY RETAILER MIX IT PANELLED DOUBLE, 2021 APPLE IPAD PRO 11 M1 PROCESSOR IOS WI-FI CELL, LOGITECH CRAYON, SWYFT MODEL 02 LARGE 3 SEATER SOFA ELEPHANT GREY V, RETAILER EMILIA LARGE CRYSTAL DRUM FLUS, ANYDAY RETAILER BRANDON DESK LAMP MUSTA, APPLE THUNDERBOLT 2 TO GIGABIT ETHERNET ADAPTER, ANYDAY RETAILER TEAR DROP SPONGE, SILENTNIGHT SLEEP GENIUS FULL HEIGHT HEADBOARD FSC, LE CREUSET STONEWARE MUG 350ML INDIGO, RETAILER MORITZ VELVET DINING CHAIR SIL, RETAILER MARLOW 200CM HINGED WARDROBE M, ROBERT WELCH SIGNATURE SALT AND PEPPER SET, GOOCH ORIENTAL KHURJEEN RUG MULTI L194 X W150 CM, RETAILER WELLINGTON RUG L230 X W160 CM, DURESTA VAUGHAN II GRAND 4 SEATER SOFA TATE VELVET, HALO GROUCHO LEATHER ARMCHAIR ANTIQUE WHISKY, MARGO SELBY FOR RETAILER FAVERSHAM HAND TOWEL RE, HALO GROUCHO LARGE 3 SEATER LEATHER SOFA RIDERS NU, RETAILER OTLEY LARGE 3 SEATER SOFA, BUGABOO FOX2 AND LYNX CAR SEAT ADAPTER, ANYDAY RETAILER 200 THREAD COUNT POLYCO, RETAILER MEDAN 6 DRAWER CHEST DARK WOOD, RETAILER WARM COSY BRUSHED COTTON FITTE, KETTLER PALMA 8-SEAT GARDEN CORNER CASUAL DINING T, RETAILER TORONTO SIDE DINING CHAIRS SET, RETAILER SUPREME SUPIMA COTTON HAND TOW, MIELE COMPLETE C3 VACUUM CLEANER, RETAILER RATTAN BED FRAME KING SIZE BLA, HALO LITTLE CAPTAIN LEATHER ARMCHAIR HAND TIPPED P, EDDINGTONS FOOD COVER WHITE LARGE, RETAILER RATTAN 5 DRAWER TALLBOY CHEST, RETAILER PADSTOW ARMCHAIR, DURESTA VAUGHAN II LARGE 3 SEATER SOFA TATE VELVET, ANYDAY RETAILER WILTON 6 DRAWER TALLBOY, RETAILER BAILEY LARGE 3 SEATER LEATHER, NINJA FOODI OP300 MULTI COOKER BLACK, RETAILER BAROQUE CRYSTAL CHANDELIER CEI, 2020 APPLE IPAD AIR 10.9"", RETAILER CHEVRON ROUND GARDEN COFFEE TA, SAMSUNG THE FRAME 2021 QLED ART MODE TV WITH SLIM, TOM DIXON MELT LED CEILING LIGHT SMOKE, RETAILER SIRIUS CRYSTAL GLASS WHISKY DE, ANYDAY RETAILER WILTON BED FRAME DOUBLE, AM07, SCOTCH SODA KIDS STARFISH PRINT CHINO SHORTS MULTI, RETAILER CALIA DESK OAK, RETAILER BROOKS FAUX LEATHER SEAT PAD S, ANYDAY RETAILER SAVANNA CUSHION COVER S, KUB HAYWOOD GLIDER NURSING CHAIR AND FOOTSTOOL NAT, TEFAL INTUITION NON-STICK FRYING PAN DIA 30CM, RETAILER CAMDEN 5 SEATER CORNER SOFA, BENEFIT THE MORE THE MERRIER 12 MERRY DAYS OF MAKE, SOPHIE CONRAN FOR PORTMEIRION 25CM SOUP PLATE WHIT, RETAILER SYNTHETIC SOFT TOUCH WASHABLE, BUGABOO CHANGING BAG BLACK, LSA INTERNATIONAL BOROUGH HIGHBALL GLASSES SET OF, LEGO NINJAGO KIDS LONG SLEEVE SWEATSHIRT NAVY 5-6, APPLE WATCH SERIES 7 GPS CELLULAR 45MM GRAPHITE ST, BBH3251GB, RETAILER CALIA COFFEE TABLE OAK, PHILIPS HUE PERSONAL WIRELESS LIGHTING BRIDGE APPL, ANYDAY RETAILER WILTON BED FRAME SMALL, RETAILER 6 BURNER BBQ COVER GREY, DENBY BLUE HAZE TEAPOT 1 2L, BUGABOO DONKEY3 DUO EXTENSION COMPLETE BLACK, KETTLER CAF VIENNA 2-SEATER GARDEN BISTRO TABLE AR, 2020 APPLE IMAC 27 ALL-IN-ONE INTEL CORE I5 8GB RA, HAPPY SOCKS FOREST PATTERN SOCKS PACK OF 5 ONE SIZ, RETAILER DOUBLE WALL STAINLESS STEEL 3, RETAILER MONTROSE LARGE 3 SEATER SOFA D, RETAILER KINROSS DINING CHAIR NATURAL F, APPLE TV HD 2021 32GB, BUGABOO PLUS PUSHCHAIR COMFORT WHEELED BOARD, 2020 APPLE IPAD 10 2 A12 IPADOS WI-FI 128GB SPACE, ANYDAY RETAILER WHISTLER GAS LIFT ADJUS, TEMPUR ORIGINAL LUXE MEMORY FOAM MATTRESS MEDIUM T, RETAILER SHAFTESBURY ARMCHAIR, VELFONT TEMPERATURE REGULATING QUILTED MATTRESS PR, RETAILER CALIA NEST OF 3 TABLES DARK WO, BUGABOO BEE6 CARRYCOT GREY MELANGE, CREED AVENTUS EAU DE PARFUM 100ML, LE CREUSET STONEWARE DEEP RECTANGULAR OVEN DISH MA, PHILIPS 4W SES LED CANDLE LIGHT BULB FROSTED, TEFAL UNLIMITED ALUMINIUM NON-STICK WOK 28CM, RETAILER CALIA SOFA SIDE TABLE OAK, TARGUS NEWPORT SLEEVE FOR 13 MACBOOK PRO AIR BLACK, FLOS IC S2 CEILING LIGHT BRUSHED BRASS, RETAILER MIA FLOOR LAMP WALNUT, CROFT COLLECTION IONA SIDE TABLE OAK, LG OLED65A16LA 2021 OLED HDR 4K ULTRA HD SMART TV, PHILIPPE STARCK FOR KARTELL MASTERS CHAIR WHITE, ICANDY CUP HOLDER, RETAILER BELGRAVE SNUGGLER METAL LEG, UPPABABY VISTA CRUZ RIDGE CARRYCOT EMMETT, D R ORELLA CRYSTAL LARGE SEMI FLUSH CEILING LIGHT, ANYDAY RETAILER THIN ALUMINIUM FRAME HA, EBBE GEHL FOR RETAILER MIRA WIDE 2 DRAWER BOOKCA, SONY HT-MT300 BLUETOOTH NFC COMPACT SOUND BAR WITH, G PLAN VINTAGE THE SIXTY FIVE FOOTSTOOL SORREN GRE, 4 SEASONS OUTDOOR KINGSTON 3-SEATER GARDEN SOFA, RETAILER SWOON MENDEL BEDSIDE TABLE GRE, SAMSUNG GALAXY WATCH 4 CLASSIC BLUETOOTH 46MM STAI, DYSON V15 DETECT ANIMAL VACUUM CLEANER, RETAILER CALIA BOOKSHELF OAK, APPLE STUDIO DISPLAY WITH TILT-ADJUSTABLE STAND ST, RETAILER BERGEN FOOTSTOOL, G PLAN VINTAGE THE SIXTY FIVE LARGE 3 SEATER SOFA, RETAILER BARBICAN LEATHER SNUGGLER DARK, RETAILER ILLUME PLAIN RUG OYSTER L180 X, RETAILER CLAVERDON SEMI-ANILINE LEATHER, APPLE WATCH NIKE SERIES 6, RETAILER SPRING WISTERIA CUSHION ROSA, RETAILER BOOTH MEDIUM 2 SEATER LEATHER, WEST ELM MID-CENTURY TALL TURNED LEG PLANTER WHITE, RETAILER 640 LED VINE LIGHTS GOLD WARM, APPLE MGN43B/A 5W USB POWER ADAPTER, RETAILER CLIMATE COLLECTION 1600 POCKET, RETAILER TOKYO LHF GRAND MODULAR ARM UN, RETAILER BARBICAN SNUGGLER, RETAILER WATER HYACINTH STORAGE UNIT 4, SWOON DENVER OTTOMAN BISCUIT VELVET, DYSON AIRWRAP COMPLETE MULTI HAIR STYLER COPPER, EMMA HYBRID MATTRESS MEDIUM TENSION SUPER KING SIZ, EBBE GEHL FOR RETAILER MIRA 6-10 SEATER EXTENDIN, AVF JXPL601 TILTING WALL MOUNT FOR TVS UP TO 65, ANYDAY RETAILER LUCY TOUCH TABLE LAMPS, SAMSUNG GALAXY TAB S8 TABLET WITH BLUETOOTH S PEN, RETAILER CAMDEN MANUAL RECLINER ARMCHAI, APPLE WATCH SERIES 6 GPS CELLULAR 44MM BLUE ALUMIN, RETAILER DUPLET DAYBED, APPLE WATCH SERIES 6 GPS 44MM SILVER ALUMINIUM CAS, 2020 APPLE IMAC 21 5 ALL-IN-ONE INTEL CORE I5 8GB, TEMPUR SENSATION ELITE MEMORY FOAM MATTRESS FIRM T, DYSON CORRALE CORD-FREE HAIR STRAIGHTENERS, RETAILER CHESTER GRAND 4 SEATER SOFA, HP COLOUR LASER 179FNW WIRELESS ALL-IN-ONE PRINTER, H G CAPISCO PULS 8020 OFFICE CHAIR SEAGREEN, RETAILER RUBBER AND COIR SCRAPER DOOR M, JEM BEA ADA LEATHER BACKPACK CHANGING BAG BLACK, APPLE WATCH SERIES 6 GPS 44MM GOLD ALUMINIUM CASE, HALO EARLE CHESTERFIELD MEDIUM 2 SEATER LEATHER SO, SAMSUNG GALAXY WATCH 4 BLUETOOTH 40MM ALUMINIUM WI, RETAILER MADE TO MEASURE REVOLUTION EYE, RETAILER BERGEN ARMCHAIR, LOGITECH MX MASTER 3 BLUETOOTH WIRELESS MOUSE BLAC, LOGITECH MX MASTER 3 FOR MAC BLUETOOTH WIRELESS MO, RETAILER MARLOW 4 DRAWER CHEST 47CM MAT, POTTERY BARN KIDS MID CENTURY DRESSER ACORN, WEST ELM SILHOUETTE MARBLE 4 SEATER PEDESTAL DININ, RETAILER REFLEX 6-10 SEATER EXTENDING D, RETAILER LINNEY CONCRETE TABLE LAMP, APPLE USB-C TO LIGHTNING CABLE 2M, STOKKE TRIPP TRAPP HIGHCHAIR BABY SET BLACK, 121825-1212, RETAILER CARTER DESK OAK WHITE, RETAILER ARC TABLE FORK, RETAILER HENDRICKS HIGH BACK LEATHER AC, BIG GREEN EGG LARGE EGG BBQ WITH INTEGGRATED NEST, RETAILER CROMWELL CHESTERFIELD SMALL 2, SWYFT MODEL 01 MEDIUM 2 SEATER SOFA TEAL VELVET, ROBERTS REVIVAL UNO BT DAB DAB FM BLUETOOTH DIGITA, RETAILER OTLEY LEATHER ARMCHAIR DARK LE, ANYDAY RETAILER SCOOP SMALL 2 SEATER SO, APPLE WATCH 40MM SPORT BAND, WEST ELM LIV 4 SEATER ROUND MARBLE DINING TABLE WH, TEMPUR LUXE OTTOMAN STORAGE UPHOLSTERED BED FRAME, WEST ELM GRID TUFTED UPHOLSTERED BED FRAME KING SI, EMPORIO ARMANI AR1828 MEN S CHRONOGRAPH DATE LEATH, APPLE TV 4K 2021 64GB, RETAILER 8K HDMI CABLE 3M BLACK, BOSE FRAMES SOPRANO BLUETOOTH AUDIO SUNGLASSES, HYPNOS LUXURY WOOL NO 3 POCKET SPRING MATTRESS FIR, APPLE SMART FOLIO FOR IPAD AIR 2020 PINK CITRUS, APPLE TV 4K 2021 32GB, RETAILER CHARLOTTE MEDIUM 2 SEATER SOFA, RETAILER BERGEN LEATHER ARMCHAIR DARK L, NUNA LEAF GROW BABY ROCKER GRANITE, DELL S2721H FULL HD MONITOR 27 PLATINUM SILVER, RETAILER ENAMEL PHOTO FRAME SILVER PLAT, SAMSUNG GALAXY WATCH 4 CLASSIC BLUETOOTH 42MM STAI, MATTHEW HILTON FOR CASE PROFILE DINING CHAIR OAK, TOMMEE TIPPEE ADVANCED ANTI-COLIC COMPLETE FEEDING, ANYDAY RETAILER RECYCLED POLYESTER QUIC, RETAILER STELLA SEMI FLUSH CEILING LIGH, SWYFT MODEL 02 LARGE 3 SEATER SOFA PUMICE LINEN, RETAILER PADMA 3 DRAWER CHEST GREY NICK, APPLE LIGHTNING TO USB 3 CAMERA ADAPTER, STOKKE CLIKK HIGHCHAIR CLOVER GREEN, 2020 APPLE IPAD PRO 11 A12Z BIONIC IOS WI-FI CELLU, MEACO ARETE DEHUMIDIFIER AIR PURIFIER 20L, NIKON Z6 II COMPACT SYSTEM CAMERA WITH 24-70MM LEN, WHITE STUFF COWBERRY HOODED SWEATSHIRT DARK BLUE 1, ANYDAY RETAILER PURE BATHROOM SWING TOI, RETAILER SCANDI ROUND MIRROR 120CM BLAC, SONY WF-1000XM3 NOISE CANCELLING TRUE WIRELESS BLU, HALO GROUCHO MEDIUM 2 SEATER LEATHER SOFA ANTIQUE, EBBE GEHL FOR RETAILER MIRA SIDEBOARD WHITE OAK, D R PETA LED SEMI FLUSH BATHROOM CEILING LIGHT SMA, RETAILER SLEEK GAS LIFT ADJUSTABLE BAR, RETAILER SLIM DIVAN BASE DOUBLE FSC CER, THE HOME EDIT IDESIGN SINGLE TIER STORAGE TURNTABL, RETAILER BAILEY MEDIUM 2 SEATER SOFA, RETAILER NEW SHEEPSKIN RUG QUAD GREY, AVF AFFINITY PREMIUM BUCKINGHAM 800 TV STAND FOR T, KETTLER PALMA GARDEN MINI CORNER SOFA FURNITURE CO, RETAILER THOMAS LEATHER ARMCHAIR DEMETR, RETAILER PILLOW BED FRAME KING SIZE NAT, DENBY WHITE SPECKLE GLAZE PASTA BOWL 22CM, SAMSUNG GALAXY WATCH 4 4G CELLULAR 40MM ALUMINIUM, SAMSUNG GALAXY BUDS LIVE WITH QI-COMPATIBLE WIRELE, APPLE IPHONE 13 MINI IOS 5 4 5G SIM FREE 128GB BLU, RETAILER HARVARD STORAGE CABINET PEACOC, RETAILER BARBICAN 5 SEATER CORNER SOFA, AUSTERE III 3 SERIES 4K HDMI CABLE 1 5M, BABY JOGGER CITY MINI GT2 DOUBLE PUSHCHAIR OPULENT, LITTLE HOME AT RETAILER KNITTED KANGAROO STORAGE, SILENTNIGHT NON SPRUNG 2 DRAWER DIVAN STORAGE BED, APPLE USB-C TO 3 5MM AUDIO JACK HEADPHONES ADAPTER, RETAILER CAMDEN STORAGE FOOTSTOOL, TALKING TABLES CHEESY JOKES, RETAILER TOKYO LHF LARGE MODULAR ARM UN, RETAILER DEEP PILE BATH MAT LARGE DARK, RETAILER CALIA SMALL SIDEBOARD DARK, SCION MR FOX HAND TOWEL MARINE BLUE, RETAILER ISABEL OVAL SHADE FLOOR LAMP P, LE CREUSET SIGNATURE CAST IRON ROUND 24CM CASSEROL, LG OLED65CX5LB 2020 OLED HDR 4K ULTRA HD SMART TV, RETAILER NATURAL COLLECTION SWALEDALE W, RETAILER SWOON MENDEL SMALL TV STAND SI, MORRIS CO STRAWBERRY THIEF PURE PAIR LINED PENCIL, ANYDAY RETAILER JUNGLE ANIMALS HAND TOW, RETAILER CALIA TV STAND FOR TVS UP TO 6, 2021 APPLE IPAD PRO 11 M1 PROCESSOR IOS WI-FI 2TB, TALKING TABLES CHRISTMAS MISTLETOE RECYCLABLE PAPE, TARGUS VERSAVU CASE FOR APPLE IPAD AIR 10.9"", WEBER WOK STEAMER FOR GOURMET BBQ SYSTEM, LONGCHAMP LE PLIAGE CLUB XL TRAVEL BAG ANTIQUE PIN, SWYFT MODEL 00 FOOTSTOOL PUMICE LINEN, RETAILER CHARLOTTE ARMCHAIR, RETAILER RISE MEDIUM 2 SEATER SOFA, RUCOMFY INDOOR OUTDOOR CUSHION SET OF 2 FUCHSIA, B079QB9BD7, SAMSUNG GALAXY S21 ULTRA 5G SMARTPHONE WITH WIRELE, HALO EARLE CHESTERFIELD LARGE 3 SEATER LEATHER SOF, SAMSUNG GALAXY S21 5G SMARTPHONE WITH WIRELESS POW, UPPABABY VISTA CRUZ RIDGE CARRYCOT JAKE, RETAILER CHARLOTTE MEDIUM 2 SEATER LEAT, DISNEY WINNIE THE POOH EXPLORING A CLASSIC STORAGE, ORLA KIELY SUNFLOWER ORANGE RUG L230 X W160 CM, ANGLEPOISE 1227 DESK LAMP INK BRASS, RETAILER TREE SHELVING UNIT OAK, BRAUN NO TOUCH AND TOUCH AGE PRECISION THERMOMETER, ANYDAY RETAILER MIX IT T-BAR HANDLE MIR, RETAILER SNOW MOUNTAIN DOGWOOD SPRAY WH, RETAILER DUCK FEATHER CUSHION PAD 45 X, SILENTNIGHT SLEEP GENIUS STRUTTED HEADBOARD DOUBLE, RETAILER CHEVRON GARDEN LOUNGING CHAIR, INGENUITY MORRISON CRADLING BOUNCER, WEST ELM MODERN PETAL DINING CHAIR PLATINUM, SWYFT MODEL 03 MEDIUM 2 SEATER SOFA WITH OTTOMAN P, RETAILER GRILLSTREAM DUAL HOOD 5 BURNER, RETAILER VALENCIA GARDEN RIGHT END MODU, RETAILER BOW UNDERBED STORAGE DRAWERS S, RETAILER ELSTRA 100CM WARDROBE WITH GLA, RETAILER BAILEY SMALL 2 SEATER LEATHER, RETAILER DUHRER NEST OF 3 TABLES, RETAILER PLEATED GLASS GLOBE CEILING LI, LOUIS DE POORTERE CRACKS ABYSS RUG L170 X W240 CM, RETAILER UNDER THE SEA PRINT COTTON FIT, CREED WOMEN S SAMPLE INSPIRATION FRAGRANCE GIFT SE, BOSE TV SPEAKER BLUETOOTH SOUND BAR, SN Z SN ZPOD 4 BEDSIDE CRIB DOVE GREY, ANYDAY RETAILER SPINDLE DINING CHAIR SE, 4MOMS MAMAROO ROCKER MULTI, APPLE WATCH 45MM SPORT BAND REGULAR ABYSS BLUE, RETAILER FUSION SWIRL MIRROR DIA 82CM B, TEFAL INGENIO EMOTION STAINLESS STEEL FRYING AND S, RETAILER EMILIA LARGE TABLE LAMP CLEAR, SONY PS5 PULSE 3D WIRELESS HEADSET, RETAILER CALIA NEST OF 3 TABLES OAK, STOKKE TRIPP TRAPP HIGHCHAIR WHITE, RETAILER SONNING UPHOLSTERED HEADBOARD, CYBEX CLOUD Z I-SIZE ROTATING LIE FLAT BABY SEAT S, STOKKE XPLORY X CHANGING BAG GREY, RETAILER NON SPRUNG 4 DRAWER STORAGE UP, TEMPUR ORIGINAL ELITE MEMORY FOAM MATTRESS MEDIUM, PHASE EIGHT ISABELLA ZIP UP JUMPER DRESS SILVER GR, ANYDAY RETAILER RATTAN FOLDING CHAIR NA, HP 62 INK CARTRIDGE BLACK TRI-COLOUR MULTIPACK PAC, RETAILER BOW DESK OAK WHITE, ANYDAY RETAILER MIX IT NARROW 4 DRAWER, KETTLER PALMA GARDEN FOOT STOOL WITH CUSHION WHITE, TEMPUR COMFORT ORIGINAL STANDARD SUPPORT PILLOW, ANYDAY RETAILER ANTON 4 SEATER DINING T, RETAILER CONNOISSEUR TUMBLERS SET OF 4, TEMPUR HYBRID ELITE 25 POCKET SPRING MEMORY FOAM M, RETAILER FLOCK BIRDS WOOD VENEER TABLE, RETAILER CROMWELL CHESTERFIELD LEATHER, SAMSUNG HW-Q800A BLUETOOTH WI-FI CINEMATIC SOUND B, RETAILER PADMA PARQUET BED FRAME KING S, RETAILER MARLOW 150CM HINGED DOOR WARDR, RETAILER LUXURY NATURAL COLLECTION BRIT, ELVIE SINGLE ELECTRIC BREAST PUMP, CYBEX CLOUD Z I-SIZE ROTATING LIE FLAT BABY SEAT D, RETAILER RATTAN BED FRAME SUPER KING SI, MICROSOFT OFFICE HOME AND STUDENT 2021 1 PC ONE-OF, MOUNTAIN BUGGY DUET CARRYCOT PLUS BLACK, RETAILER STOCKHOLM LARGE CEILING LIGHT, SWEATY BETTY ATHLETE SEAMLESS VEST CHARCOAL GREY M, ANYDAY RETAILER BONN OTTOMAN STORAGE UP, RETAILER MARLOW 300CM HINGED DOOR WARDR, RETAILER LUXURY NATURAL COLLECTION MOHA, RETAILER PADMA PARQUET BED FRAME DOUBLE, WEST ELM PENELOPE BEDSIDE TABLE FSC CERTIFIED EUCA, RETAILER HAIRPIN TALL BOOKCASE DARK OAK, JACKY AL-SAMARRAIE SKIPTON GREY FRAMED PRINT 54 X, RETAILER ABACUS WIDE STORAGE CUPBOARD F, ERCOL FOR RETAILER SHALSTONE BED FRAME OAK DOUBL, APPLE WATCH NIKE SERIES 7 GPS 41MM MIDNIGHT ALUMIN, CROFT COLLECTION FINDON MEDIUM 2 SEATER SOFA, TOMMEE TIPPEE DISPOSABLE BREAST PADS PACK OF 40 ME, RETAILER BROOKS VELVET OFFICE CHAIR ROS, WEBER GENESIS II E-410 4-BURNER GAS BBQ BLACK, BEATS STUDIO BUDS TRUE WIRELESS BLUETOOTH IN-EAR H, ICANDY ORANGE 2021 PHANTOM MAIN CAR SEAT ADAPTERS, HARLEQUIN ABOVE AND BELOW LAMPSHADE MULTI DIA 25CM, RETAILER RATTAN STORAGE BEDSIDE TABLE O, ANYDAY RETAILER MIX IT T-BAR HANDLE DOU, WEST ELM MID-CENTURY SHOW WOOD LEATHER FOOTSTOOL L, PANASONIC NN-SD27HSBPQ MICROWAVE STAINLESS STEEL, RETAILER GRACE OTTOMAN STORAGE UPHOLSTE, RETAILER DRAPER ARMCHAIR, SPECK BALANCE FOLIO FOR IPAD PRO 11 AND IPAD AIR 1, RETAILER DRAPER MEDIUM 2 SEATER SOFA LI, SILENTNIGHT SLEEP SOUNDLY MIRACOIL COMFORT DIVAN B, CROFT COLLECTION JUTE LOOP DOOR MAT RUG NATURAL, PANASONIC TX-65JZ2000B 2021 OLED HDR 4K ULTRA HD S, SILVER CROSS WAVE TANDEM SEAT UNIT ZINC, 83 ORANGES WILD JUNGLE FRAMED PRINT 83 4 X 63 4CM, SAMSUNG GALAXY S20 FE SMARTPHONE WITH WIRELESS POW, RETAILER SPINDLE 2 DRAWER BEDSIDE TABLE, SAMSUNG QE55QN90A 2021 NEO QLED HDR 2000 4K ULTRA, MEACO PLATINUM DEHUMIDIFIER, APPLE WATCH NIKE SERIES 7 GPS 45MM STARLIGHT ALUMI, RETAILER PADMA 3 DRAWER CHEST BROWN BRA, WEST ELM MID-CENTURY 5 DRAWER CHEST ACORN, HALO GROUCHO SMALL 2 SEATER LEATHER SOFA BIKER TAN, RETAILER SOFT FEATHER BATH SHEET SILVER, LG OLED55A16LA 2021 OLED HDR 4K ULTRA HD SMART TV, LACIE RUGGED EXTERNAL HARD DISK DRIVE 1TB USB TYPE, SAMSUNG GALAXY A52 SILICONE CASE BLACK, RETAILER SCANDI DOUBLE WARDROBE WITH 2, RETAILER PUIN DUVET COVER KINGSIZE, RETAILER MARLOW 4 DRAWER CHEST 75CM MAT, SARA MILLER BIRD WRAPPING PAPER 3M, RETAILER RATTAN DOUBLE WARDROBE OAK, SAMSUNG GALAXY WATCH 4 BLUETOOTH 44MM ALUMINIUM WI, RETAILER SANTINO DINING ARMCHAIR BLACK, EBBE GEHL FOR RETAILER MIRA SMALL SIDEBOARD WHIT, VANS KIDS OFF THE WALL T-SHIRT BLACK 14-16 YEARS, ALPHASON CHESIL CORNER DESK WHITE, RETAILER SWOON PENNY DESK NATURAL, RETAILER SPECIALIST SYNTHETIC WATERPROO, HUSH JOEY STAR PRINT JERSEY PYJAMA SET DEEP TEAL S, RETAILER CHEVRON ROUND GARDEN SIDE TABL, RETAILER ABACUS 5 SHELF BOOKCASE FSC-CE, SAMSUNG GALAXY A52S SMARTPHONE ANDROID 6GB RAM 6 5, RETAILER DRAPER 5 SEATER LHF CHAISE END, APPLE MAGIC KEYBOARD WITH NUMERIC KEYPAD 2017 BRIT, SONY HT-A7000 WI-FI BLUETOOTH ALL-IN-ONE SOUND BAR, PANASONIC NN-E28JMMBPQ FREESTANDING MICROWAVE SILV, STOKKE TRIPP TRAPP HIGHCHAIR BABY SET NATURAL, ANYDAY RETAILER PLASTIC HANGERS PACK OF, HARLEQUIN ABOVE AND BELOW PENCIL PLEAT BLACKOUT LI, HP ENVY 6030E ALL-IN-ONE WIRELESS PRINTER HP ENABL, LE CREUSET SIGNATURE CAST IRON OVAL CASSEROLE VOLC, KETTLER ELBA LOW CORNER 4-SEAT GARDEN LOUNGING TAB, RETAILER ROUEN OTTOMAN STORAGE UPHOLSTE, G PLAN VINTAGE THE SIXTY EIGHT ARMCHAIR SORREN TEA, STOMPA UNO S PLUS MID-SLEEPER BED FRAME WHITE, SAMSUNG QE85Q60A 2021 QLED HDR 4K ULTRA HD SMART T, AMAZON ECHO SHOW 5 2ND GEN SMART SPEAKER WITH 5 5, RETAILER SWOON SARTRE MARBLE CONSOLE TA, GREAT LITTLE TRADING CO ABBEVILLE STORAGE SHELF, RETAILER OLIVER MEDIUM 2 SEATER SOFA, D R INDRA OPAL GLASS CEILING LIGHT BRASS, BROTHER XN1700 SEWING MACHINE, BUGABOO FOX2 PUSHCHAIR AND CARRYCOT BLACK, BRABANTIA PERFECTFIT BIN LINERS 30L SIZE G 40 BAGS, LG SJ2 BLUETOOTH SOUND BAR WITH WIRELESS SUBWOOFER, IVYLINE RIBBED GALVANISED STEEL OUTDOOR PLANTER SI, ANYDAY RETAILER TUFTED WAVES CUSHION EC, HALO LITTLE PROFESSOR LEATHER ARMCHAIR ANTIQUE WHI, ANYDAY RETAILER RECTANGULAR WALL MIRROR, RETAILER FLARE MEDIUM 2 SEATER SOFA LIG, DIOR HOMME INTENSE EAU DE PARFUM 50ML, LG OUTDOOR CASA MIA ALTO CHIMINEA FIREPIT MATT BLA, RETAILER BARBICAN GRAND 4 SEATER SOFA, ANYDAY RETAILER JUTE ROUND RUG NATURAL, BAY LIGHTING ESMA GLASS TABLE LAMP GREY, HALO GROUCHO SMALL 2 SEATER LEATHER SOFA DARK LEG, RETAILER POROUS DOUBLE TOWEL CUPBOARD O, RETAILER SYNTHETIC COLLECTION TEMPERATU, JOIE BABY I-SPIN GROW 360 I-SIZE CAR SEAT ECLIPSE, APPLE IPHONE XR, ULTIMATE EARS WONDERBOOM 2 BLUETOOTH WATERPROOF PO, LG SK1 BLUETOOTH ALL-IN-ONE SOUNDBAR, SONY HT-X8500 BLUETOOTH ALL-IN-ONE SOUND BAR WITH, SLIP PURE SILK ENVELOPE PILLOWCASE BLACK, RETAILER BELGRAVE LARGE 3 SEATER SOFA, RETAILER OTLEY GRAND 4 SEATER SOFA, STOKKE STEPS HIGHCHAIR OAK NATURAL, RETAILER TEXTURED WEAVE RECYCLED POLYES, RETAILER HAIRPIN SIDE TABLE DARK OAK, 2020 APPLE IPAD PRO 11 A12Z BIONIC IOS WI-FI 512GB, ANYDAY RETAILER WILTON 2 DRAWER BEDSIDE, PHILIPS 5 5W ES CLASSIC LED LIGHT BULB FROSTED, SWYFT MODEL 02 LARGE 3 SEATER SOFA TEAL VELVET, ANYDAY RETAILER MIX IT T-BAR HANDLE WID, HUSH EVANA LEOPARD PRINT SHIRT DRESS BROWN 14, APPLE AIRTAG LEATHER KEY RING SADDLE BROWN, RETAILER BUNDLE 5 SEATER CORNER SOFA MA, APPLE AIRPODS MAX, SONY WH-1000XM4 NOISE CANCELLING WIRELESS BLUETOOT, HUMANSCALE DIFFRIENT WORLD TASK OFFICE CHAIR WHITE, KETTLER UNIVERSAL LANTERN PATIO HEATER 80CM, RETAILER AGED VACANT BATHROOM AND TO, ANYDAY RETAILER VIRTUE DINING CHAIRS SE, RETAILER THE ULTIMATE COLLECTION 1000 T, SONOS BEAM COMPACT SMART SOUND BAR WITH VOICE CONT, RETAILER TORTONA PILLOW BACK RHF CHAISE, RETAILER STROM LED OUTDOOR WALL LIGHT B, SWOON EVESHAM LARGE 3 SEATER SOFA DARK LEG FERN VE, SAMSUNG T7 PORTABLE SOLID STATE DRIVE USB 3 2 500G, SAMSUNG GALAXY S21 PLUS 5G SMARTPHONE WITH WIRELES, AMAZON FIRE TV STICK 2021 HD STREAMING DEVICE WITH, RETAILER BARBICAN RECTANGULAR FOOTSTOOL, SWOON DENVER FOOTSTOOL FERN VELVET, ACANA SACHET MOTH KILLER AND DRAWER FRESHENER PACK, APPLE WATCH SERIES 6 GPS CELLULAR 44MM GRAPHITE ST, SONY HT-G700 WI-FI SOUND BAR WITH DOLBY ATMOS DTS, RETAILER BRUSHED CHECK SUPER KING DUVET, RETAILER ETIENNE LOW END SLEIGH BED FRA, SAMSUNG HW-Q600A BLUETOOTH CINEMATIC SOUND BAR WIT, RETAILER GUERNSEY RUG L240 X W170 CM, KETTLER RHS HARLOW CARR RECTANGULAR GARDEN COFFEE, RETAILER CLASSIC ECO 800 POCKET SPRING, ANYDAY RETAILER COUPE CHAIR BLACK METAL, EBBE GEHL FOR RETAILER MIRA CONSOLE TABLE DARK O, LOGITECH MX KEYS BLUETOOTH WIRELESS KEYBOARD BLACK, RETAILER MARLOW 250CM HINGED WARDROBE P, KOTI HOME PLAIN UPHOLSTERED BED FRAME SUPER KING S, ANYDAY RETAILER SOFT TOUCH FLIP TOP BAT, RETAILER CLIMATE COLLECTION 1200 POCKET, SMEG KLF03 KETTLE GREEN, NUNA MIXX 5 PIECE PUSHCHAIR AND CARRYCOT BUNDLE CA, WEST ELM JULES 2-4 SEATER EXTENDING DINING TABLE B, RETAILER ABACUS STORAGE BOOKCASE NATURA, RETAILER 6-8 SEATER OUTDOOR ROUND FURNI, RETAILER STUDDED UPHOLSTERED BED FRAME, ANYDAY RETAILER DISC 6-8 SEATER EXTENDI, RETAILER CAMDEN GRAND 4 SEATER SOFA DAR, VISPRING PREMIER DIVAN BASE KING SIZE PLUSH SAFFRO, RETAILER FAUX FUR THROW GOLDEN BROWN, RETAILER MARLOW 4 DRAWER CHEST 47CM PEB, RETAILER CANDY STRIPE ROBE GREEN XL, RETAILER MID-CENTURY SWEEP UPHOLSTERED, ANYDAY RETAILER PILLAR CANDLE WHITE 532, SAMSUNG HW-S60T BLUETOOTH WI-FI ALL-IN-ONE COMPACT, TP-LINK ARCHER VR600 V3 WIRELESS MU-MIMO VDSL ADSL, RETAILER SALSA 5-SEATER CORNER GARDEN S, LG 55QNED816QA 2022 QNED HDR 4K ULTRA HD SMART TV, ALESSI TEA REX HOB KETTLE WITH DRAGON WHISTLE, HOME GALLERY BRASS PLATED PICTURE RAIL HOOKS PACK, NIKON Z NIKKOR 24-200MM F 4-6 3 VR TELEPHOTO ZOOM, SONY SRS-XB13 EXTRA BASS WATERPROOF BLUETOOTH PORT, RETAILER BUNDLE FOOTSTOOL, TOMMEE TIPPEE ADVANCED ANTI-COLIC BABY BOTTLES WIT, DYSON SUPERSONIC HAIR DRYER NICKEL, WEST ELM MODERNIST 3 DRAWER CHEST WINTER WOOD, LOGITECH MX ANYWHERE 3 BLUETOOTH MOUSE SILVER, RETAILER MIAMI GARDEN DINING CHAIR SET, 2020 APPLE IPAD PRO 12 9 A12Z BIONIC IOS WI-FI 512, UPPABABY VISTA LOWER ADAPTOR, RETAILER GLASS CITRUS SQUEEZER, APPLE IPHONE 13 IOS 6 1 5G SIM FREE 128GB STARLIGH, ANYDAY RETAILER WILTON BED FRAME KING S, SN Z SN ZSURFACE DUO COTBED MATTRESS, APPLE IPHONE 13 MINI IOS 5 4 5G SIM FREE 128GB STA, FREYA AWAKENING PLUNGE BRA RED 32DD, ANYDAY RETAILER ANNIE TABLE LAMP WHITE, LACIE STHG2000400 EXTERNAL HARD DISK DRIVE 2TB USB, SILVER CROSS WAYFARER 2020 DREAM CAR SEAT AND I-SI, ANYDAY RETAILER CRANE ARMCHAIR LIGHT LE, RETAILER PADMA 1 DOOR PARQUET BEDSIDE T, RETAILER DRAPER MOTION LARGE 3 SEATER S, HUMANSCALE FLOAT HEIGHT ADJUSTABLE SIT STAND DESK, SAMSUNG GALAXY TAB A7 TABLET BOOK COVER BLACK, HALO LITTLE PROFESSOR PETITE 2 SEATER LEATHER SOFA, RETAILER CAMDEN LARGE 3 SEATER SOFA, RETAILER OTLEY MEDIUM 2 SEATER SOFA, RETAILER JAVA II LARGE 3 SEATER SOFA, RETAILER SAVOY GUEST BED WITH TWO OPEN, ANYDAY RETAILER FERN SHELVING UNIT INK, RETAILER HAEGAN SIDEBOARD BLACK, ANYDAY RETAILER OMBRE ABSTRACT RUG BLUE, RETAILER BARBICAN 5 SEATER LHF CORNER E, CROFT COLLECTION EASDALE LLOYD LOOM DINING CHAIR O, THERMOS KING FLASK STAINLESS STEEL 470ML, LG OLED55G16LA 2021 OLED HDR 4K ULTRA HD SMART TV, SILENTNIGHT SLEEP GENIUS 2000 POCKET ECO COMFORT M, STRING SHELVING UNIT WITH SHELVES STORAGE CABINET, RETAILER CLOUD DRESSER WHITE, SAGE SJB815BSS THE 3X BLUICER JUICER STAINLESS STE, VELFONT THERMO-REGULATOR SYNTHETIC STANDARD PILLOW, ANYDAY RETAILER WILTON 3 DOOR WARDROBE, FRENCH CONNECTION CELE RHODES POPLIN SHORT SLEEVE, ANYDAY RETAILER WILTON 7 DRAWER CHEST G, LILY-FLAME FAIRY DUST REED DIFFUSER 100ML, G PLAN VINTAGE THE SIXTY EIGHT 5 SEATER CORNER SOF, KETTLER LAMODE COMFORT GARDEN LOUNGING CHAIR WITH, RETAILER CLASSIC COLLECTION ORTHO SUPPO, PANASONIC SC-HTB600 BLUETOOTH SOUND BAR WITH DOLBY, APPLE IPHONE 11 CLEAR CASE (2019), HALO GROUCHO LEATHER ARMCHAIR RIDERS NUT, APPLE WATCH SERIES 7 GPS 45MM PRODUCT RED ALUMINIU, RETAILER BLANCA RECTANGULAR WALL MIRROR, SONY SEL24105G FE 24-105MM F 4 G OSS ZOOM LENS, LG OUTDOOR BERGEN 7-SEAT GARDEN LOUNGING DINING SE, RETAILER BEDFORD UPHOLSTERED HEADBOARD, RETAILER GRAYSON LARGE TV STAND FOR TVS, DIOR BACKSTAGE PRO BLENDER BRUSH, TOMMY HILFIGER ESSENTIAL SLIDES WHITE 9, RETAILER BABY MUSLIN SQUARES PACK OF 6, RETAILER 4K HDMI CABLE 3M BLACK, RETAILER HAIRPIN COFFEE TABLE DARK OAK, RETAILER DRAPER LEATHER ARMCHAIR DARK L, WEST ELM MID-CENTURY COFFEE TABLE ACORN FSC-CERTIF, RETAILER BARBICAN MEDIUM 2 SEATER LEATH, SIEMENS EP9A6SB90 STEPFLAME GAS HOB BLACK, RETAILER CAMDEN SMALL 2 SEATER LEATHER, SONOS SHELF FOR SONOS ONE ONE SL PLAY 1 WHITE, PANASONIC TX-65JZ1500B 2021 OLED HDR 4K ULTRA HD S, ANYDAY RETAILER DINE PROSECCO FLUTE SET, UPPABABY VISTA V2 PUSHCHAIR AND CARRYCOT GREGORY, RETAILER NATURAL COLLECTION HEMP 2500 K, SKIP HOP MOBY 3 STAGE BABY BATH TUB GREY, RETAILER ARLO MEDIUM 2 SEATER SOFA LIGH, RETAILER CHARLOTTE UPHOLSTERED BED FRAM, AB AUDIO GO AIR POP TRUE WIRELESS BLUETOOTH IN-E, ANYDAY RETAILER WHISTLER DINING CHAIR W, APPLE MAGIC KEYBOARD WITH TOUCH ID 2021 FOR MAC MO, INGENUITY PEMBERTON SMART BOUNCE AUTOMATIC BOUNCER, SWOON PRITCHARD ARMCHAIR DARK LEG SILVER GREY VELV, BENEFIT THEY RE REAL MASCARA BLACK, TIMBERLAND DUNSTAN SHORT SLEEVE LOGO T-SHIRT DARK, 2021 APPLE IPAD PRO 11 M1 PROCESSOR IOS WI-FI 1TB, RETAILER ARLO SMALL 2 SEATER SOFA, MAXI-COSI I-SIZE FAMILYFIX 3 CAR SEAT BASE, SN Z SN ZSURFACE PRO SN ZKOT MATTRESS 117 X 68CM, RETAILER ELSTRA 100CM WARDROBE RIGHT-HA, APPLE 85W MAGSAFE 2 POWER ADAPTER FOR MACBOOK PRO, RETAILER TORTONA PILLOW BACK LHF CHAISE, VELFONT VIRUSAN KNITTED COTTON PILLOW PROTECTOR, RETAILER COSY LARGE 3 SEATER SOFA LIGHT, RETAILER BABY CHECK TRAPPER HAT MULTI 2, ANYDAY RETAILER FERN 2-4 SEATER DINING, BARBOUR ELOISE LEATHER CROSS STRAP SANDALS GREY 7, TURTLE MAT MULTI GRIP RUNNER RUG L150 X W75CM SAND, BRABANTIA BO RECYCLING TOUCH BIN FINGERPRINT PROOF, RETAILER DRAPER ARMCHAIR METAL LEG, STOMPA CLASSIC CHILD COMPLIANT BUNK BED SINGLE WHI, G PLAN VINTAGE THE SIXTY EIGHT SMALL 2 SEATER SOFA, APPLE MAC STUDIO DESKTOP M1 MAX PROCESSOR 32GB RAM, RETAILER OLIVER ARMCHAIR, ANYDAY RETAILER TEXTURED WEAVE SEAT PAD, RETAILER CHARLOTTE HIGH BACK LARGE 3 SE, SAMSUNG QE85QN800A 2021 NEO QLED HDR 2000 8K ULTRA, RETAILER BAILEY HIGH BACK SNUGGLER, RETAILER CHARLOTTE HIGH BACK LEATHER AR, RETAILER ST IVES DRESSING TABLE MIRROR, LINDA WOOD TROPICAL LEAVES FRAMED PRINTS MOUNTS SE, APPLE AIRTAG LEATHER KEY RING PRODUCT RED, RETAILER FINN LED HOOP CEILING LIGHT BL, APPLE MAGIC MOUSE 2022 BLACK, RETAILER CARMINE EASY-TO-FIT CEILING SH, REISS RICKY REVERSIBLE LEATHER BELT BLACK BROWN 32, RETAILER PADMA DOUBLE WARDROBE WITH 1 D, CHICCO NEXT 2 ME FOREVER BEDSIDE CRIB MOON GREY, APPLE IPHONE, ORLA KIELY FLOWER TILE LAMPSHADE BLUE DIA 40CM, RETAILER LINEN CUSHION FRENCH GREY, COCOBA RUBY HOT CHOCOLATE BOMBES 150G, RETAILER MONTREAL BED FRAME SUPER KING, VISPRING FURSDON BEDSTEAD SUPREME 1500 POCKET SPRI, WEST ELM MID-CENTURY TRIPOD FLOOR LAMP WHITE ANTIQ, APPLE WATCH SERIES 7 GPS CELLULAR 45MM SILVER STAI, WEST ELM MID-CENTURY WALL DESK ACORN, 4 SEASONS OUTDOOR VALENTINE SUN LOUNGER PURE, DURESTA VAUGHAN II SMALL 2 SEATER SOFA ETON VELVET, RETAILER BOW RECTANGULAR MIRROR 150 X 5, RETAILER GRILLSTREAM 4 BURNER HYBRID GA, SAMSUNG GALAXY BUDS PRO, RETAILER CAMDEN GRAND 4 SEATER SOFA, GOOGLE PIXELBOOK GO GA00526- LAPTOP, KD65AG9, KETTLER 3 3M FREESTANDING ARM LED LIGHT WIRELESS S, APPLE WATCH SERIES 7 GPS CELLULAR 41MM GRAPHITE ST, EMMA HYBRID MATTRESS MEDIUM TENSION SMALL DOUBLE, RETAILER HARROGATE HIGH BACK MEDIUM 2 S, RETAILER MID-CENTURY SWEEP 3 DRAWER CHE, SAMSUNG LS22A330NHUXXU FULL HD MONITOR 22 BLACK, CHICCO NEXT 2 ME MAGIC 2 BEDSIDE CRIB MOON GREY, RETAILER CLOUD VELVET DINING CHAIRS SET, BRAUN THERMOSCAN 7 AGE PRECISION IN-EAR THERMOMETE, APPLE WATCH SERIES 6 GPS CELLULAR 44MM GOLD STAINL, BRITAX ROMER KIDFIX I-SIZE CAR SEAT COSMOS BLACK, RETAILER LOOP GLASS SIDE TABLE CLEAR SI, APPLE WATCH SERIES 7 GPS CELLULAR 45MM GREEN ALUMI, ANYDAY RETAILER BUIANI FOLDING CHAIR FS, HYPNOS SUBLIME PILLOWTOP POCKET SPRING MATTRESS ME, RETAILER BAILEY 5 SEATER LHF CORNER END, RETAILER ETIENNE GALLERY MIRROR OAK 68, RETAILER MY FIRST CHRISTMAS CALENDAR, RETAILER CAMBER MEDIUM 2 SEATER LEATHER, VISPRING LEDA FULL DEPTH UPHOLSTERED HEADBOARD SUP, DYSON PURE COOL ME PERSONAL PURIFIER FAN, DOCKATOT DELUXE PRISTINE WHITE BABY POD 0-8 MONTHS, RETAILER NATURAL DUCK DOWN STANDARD PIL, EPSON WORKFORCE PRO WF-3820DWF ALL-IN-ONE WIRELESS, RETAILER BUNDLE LARGE 3 SEATER SOFA, SILVER CROSS REEF FASHION PACK FIT BED FOLDING CAR, TRAEGER IRONWOOD D2 650 BBQ PROTECTIVE COVER, RETAILER MOTHER OF PEARL FRAME WALL MIR, LONGCHAMP LE PLIAGE ORIGINAL LARGE SHOULDER BAG PI, HARLEQUIN TAKARA CUSHION TEAL INK, ANYDAY RETAILER MOTION CORDUROY UPHOLST, NORTON 360 STANDARD 1 YEAR PRE-PAID SUBSCRIPTION F, PHILIPS 6 5W E27 LED NON DIMMABLE CANDLE BULB WARM, RETAILER ELSTRA 200CM WARDROBE WITH MIR, CYBEX PRIAM CHANGING BAG BLACK, APPLE WATCH SERIES 6 GPS 44MM PRODUCT RED ALUMINIU, NESPRESSO VERTUO PLUS XN903840 COFFEE MACHINE BY K, RETAILER BOOTH SMALL 2 SEATER SOFA, BOSCH SERIE 4 PWP631BF1B INDUCTION HOB BLACK, RETAILER ABACUS SMALL DESK FSC-CERTIFIE, APPLE SILICONE CASE WITH MAGSAFE FOR IPHONE 13 PRO, RETAILER STAVE STORAGE COFFEE TABLE NAT, RETAILER GLIDE FILING CABINET NATURAL, WEST ELM FINLEY VELVET DINING CHAIR INK BLUE, RETAILER DRAPER LARGE 3 SEATER SOFA, RETAILER OSLO SMALL 2 SEATER SOFA, RETAILER MARLOW 150CM HINGED WARDROBE G, RETAILER DEVON FLOOR LAMP WHITE, OYOY MINI RONJA COTTON CANOPY ROSE, RETAILER RECTANGULAR COTTON VELVET CUSH, ANYDAY RETAILER MIX IT LONG T-BAR HANDL, RETAILER HARROGATE HIGH BACK ARMCHAIR, ZELENS BODY DEFENCE SUNSCREEN BROAD SPECTRUM SPF 3, RETAILER ALORA 4-SEATER GARDEN DINING T, SONY BRAVIA XR XR55X90J 2021 LED HDR 4K ULTRA HD S, RETAILER GRAYSON STORAGE SHELVING UNIT, RETAILER RUBBERISED BAMBOO BATHROOM DUC, ANYDAY RETAILER ELEMENTARY DRESSER WHIT, ANYDAY RETAILER FLANNELS WHITE COTTON P, RETAILER CLASSIC WAITROSE WOOL 1000 POC, DYSON LIGHTCYCLE MORPH FLOOR LAMP, RETAILER CASHMERE BLEND THROW GREY, OYSTER 3 LUXURY 7 PIECE PUSHCHAIR AND CARRYCOT BUN, RETAILER SWOON HAFSTROM TV STAND FOR TV, GREAT LITTLE TRADING CO STAR BRIGHT TALL 5 DRAWER, RETAILER ESSENCE TALL 6 DRAWER CHEST OA, RETAILER CHESTER SNUGGLER, RETAILER ST IVES 4 DRAWER CHEST SLATE F, APPLE HOMEPOD MINI SMART SPEAKER SPACE GREY, SONY WH-CH710N NOISE CANCELLING WIRELESS BLUETOOTH, ANGELCARE SOFT TOUCH BATH SUPPORT WHITE GREY, RETAILER WARDROBE MOTION-SENSITIVE INTE, IITTALA ESSENCE WHITE WINE GLASSES 330ML SET OF 2, RETAILER EGYPTIAN COTTON HAND TOWEL DAR, RETAILER MARLOW 150CM MIRRORED HINGED W, RETAILER THIN OAK WOOD FRAME ROUND WALL, NOSTIK TEFLON NON-STICK COOKING MAT, ANYDAY RETAILER POCKET 1000 LUXURY POCK, PHILIPS HX9911 9000 DIAMONDCLEAN ELECTRIC TOOTHBRU, RETAILER SOFT AND SILKY SATIN STRIPE 20, BUGABOO TURTLE AIR BY NUNA I-SIZE CAR SEAT GREY, APPLE WATCH NIKE SERIES 6 GPS CELLULAR 44MM SPACE, WEST ELM HAMILTON LARGE 3 SEATER LEATHER SOFA SIEN, RETAILER HARMONY SMALL RIBBON CEILING L, RETAILER PILLOW FOOTSTOOL, ANYDAY RETAILER QUILTED MICROFIBRE MATT, RETAILER MORITZ 4 SEATER GLASS DINING T, DENBY CANVAS PASTA BOWL SET 4 PIECES DIA 22CM, GOOCH LUXURY DISTRESSED WATERFALL RUG L160 X W230, RETAILER ROUEN FULL DEPTH UPHOLSTERED H, RETAILER REEDED GLASS JAR PINK SMALL, RETAILER HENDRICKS LEATHER LOVESEAT DAR, LE CREUSET TOUGHENED NON-STICK SHALLOW FRYING PAN, RETAILER CAMDEN 5 SEATER LHF CORNER END, RETAILER BELGRAVE FOOTSTOOL, RETAILER SWOON MENDEL TV STAND SIDEBOAR, PURFLO SLEEP TIGHT BABY BED SOFT WHITE, MULBERRY SMALL MILLIE HEAVY GRAIN LEATHER TOTE BAG, RETAILER NEW SHEEPSKIN RUG QUAD IVORY, GOOCH LUXURY DISTRESSED OMBR RUG GREY L230 X W160, RETAILER HARVARD STORAGE CABINET LIGHT, MADE TO MEASURE ROMAN BLIND, RETAILER FROME ARMCHAIR, BUGABOO DONKEY 5 DUO PUSHCHAIR CARRYCOT MIDNIGHT B, RETAILER CLASSIC GLASS LID STAINLESS ST, DBRAMANTE1928 LEATHER BUCKLE STRAP FOR 42 44MM APP, RETAILER FLUTED MEDIUM 2 SEATER SOFA BE, RETAILER ECOMATTRESS FIRM TENSION DOUBL, CHICCO NEXT TO ME BEDSIDE CRIB STARS BEDDING SET G, RETAILER TOKYO SMALL MODULAR UNIT, ANYDAY RETAILER LACQUERED STORAGE BOX M, MAXI-COSI CORAL 360 I-SIZE BABY CAR SEAT ESSENTIAL, RETAILER ELLIPSE ARMCHAIR GOLD LEG PEPP, RETAILER GRAYSON SIDE TABLE OAK, AVF JXNL655 MULTI POSITION WALL MOUNT FOR TVS UP T, RETAILER OLIVER MODULAR PAIR OF ARMS, DYSON CYCLONE V10 DOK, INNOVATION LIVING VOGAN SOFA BED KENYA DARK GREY, TETRAD SKITTLE BUTTON DETAIL FOOTSTOOL HARRIS TWEE, RETAILER ANTIQUE BRASS AND VINTAGE GLAS, TOTTER TUMBLE SCOUT AND WANDERER COMPACT REVERSIBL, ARTHUR PRICE OLD LISH DESSERT FORK, SAGE THE COMPACT KETTLE PURE, BAR BESPOKE SHIP IN A GLASS 500ML CLEAR, RETAILER REFINE MEDIUM 2 SEATER SOFA, LG 75NANO916PA 2021 LED HDR NANOCELL 4K ULTRA HD S, RETAILER CAPE LARGE 3 SEATER SOFA, RETAILER PROFESSIONAL MARBLE PASTRY BOA, OONI KARU 16 PIZZA OVEN PROTECTIVE COVER BLACK, ANYDAY RETAILER MOSES BASKET WHITE, SAMSUNG QE55QN94A 2021 NEO QLED HDR 2000 4K ULTRA, AVF AFFINITY PREMIUM BAY 1500 CURVED TV STAND FOR, SONOS ONE GEN 2 SMART SPEAKER WITH VOICE CONTROL W, RETAILER SEEK DINING CHAIRS SET OF 2 GR, RETAILER CHILDREN S KNEE HIGH PELLERINE, JOSEPH JOSEPH PUSH AND TEAR KITCHEN ROLL HOLDER, EBBE GEHL FOR RETAILER MIRA CONSOLE TABLE OAK, RETAILER JACQUES TRIPOD FLOOR LAMP BROW, RETAILER TORONTO BAR CHAIRS SET OF 2 MO, SAMSUNG GALAXY WATCH 4 CLASSIC 4G CELLULAR 42MM ST, RETAILER SOFT EDGE BEDSIDE TABLE OAK NA, BOSE FRAMES ALTO (SMALL/MEDIUM), RETAILER PLATFORM MODULAR 4-SEAT GARDEN, UPPABABY VISTA UPPER ADAPTOR, LG 65NANO916PA 2021 LED HDR NANOCELL 4K ULTRA HD S, RETAILER CALIA LOW SHELVING UNIT OAK, RETAILER FUSION SO KELIM RUG L240 X W, ANYDAY RETAILER COTTON FITTED COTBED SH, RETAILER ARRAY STORAGE CABINET DARK BRO, RETAILER SIP CHAMPAGNE SAUCER COCKTAIL, RETAILER STORK EMBROIDERY SCISSORS 9CM, OONI ALUMINIUM 14-INCH PIZZA PEEL 35 5CM, RETAILER BELGRAVE GRAND 4 SEATER SOFA M, BOOST CHARGE, RETAILER LLAMA DOOR STOP, LE CREUSET 3-PLY STAINLESS STEEL SAUCEPANS AND FRY, UPPABABY VISTA CRUZ UPPER CAR SEAT ADAPTERS, APPLE WATCH SERIES 7 GPS CELLULAR 45MM STARLIGHT A, RETAILER BAILEY GRAND 4 SEATER LEATHER, HALO EARLE CHESTERFIELD GRAND 4 SEATER LEATHER SOF, DELL XPS 13 9310 CONVERTIBLE LAPTOP INTEL CORE I7, RETAILER SWOON FRANKLIN TV STAND SIDEBO, RETAILER WHALE HOODED TOWEL AND MITT, JOIE BABY DREAMER ROCKER FERN, HYPNOS SUPERB PILLOW TOP POCKET SPRING MATTRESS FI, RETAILER BARBICAN 5 SEATER RHF CORNER E, PHILIPS SONICARE HX9911 53 9000 DIAMONDCLEAN ELECT, RETAILER FRAME LEATHER OFFICE CHAIR NAT, RETAILER RUG HOLD UNDERLAY L240 X W170C, BUGABOO CAMELEON3 PLUS CAR SEAT ADAPTERS, RETAILER STRIPE WAFFLE KING DUVET COVER, SONY BRAVIA KD43X89J 2021 LED HDR 4K ULTRA HD SMAR, SWYFT MODEL 02 MEDIUM 2 SEATER SOFA PUMICE LINEN, STACKERS CLASSIC NECKLACE LAYER TAUPE, SONY HT-ZF9 WI-FI BLUETOOTH SOUND BAR WITH DOLBY A, BABY EINSTEIN AROUND WE GROW 4 IN 1 DISCOVERY CENT, RETAILER HENLEY BY KETTLER FREESTANDING, APPLE WATCH NIKE SERIES 7 GPS CELLULAR 45MM MIDNIG, RETAILER LORN 6-10 SEATER EXTENDING DIN, HALO EARLE CHESTERFIELD LEATHER ARMCHAIR ANTIQUE W, APPLE SILICONE CASE WITH MAGSAFE FOR IPHONE 12 MIN, ALESSI BLOW UP BASKET, SPANX FAUX LEATHER LEGGINGS BLACK S, RETAILER SPINDLE 6 DRAWER CHEST OAK, APPLE WATCH SERIES 7 GPS CELLULAR 45MM GOLD STAINL, RETAILER EGYPTIAN COTTON GUEST TOWEL BL, ANYDAY RETAILER EASY CARE CHINESE BLOSS, RETAILER EASY CARE ORGANIC COTTON DOUBL, RETAILER CAMDEN 5 SEATER RHF CORNER END, SAMSUNG QI WIRELESS CHARGER DUO BLACK, WEBER SPIRIT CLASSIC E-310 3-BURNER GAS BBQ, OYSTER 3 LUXURY 7 PIECE PUSHCHAIR BUNDLE GREY PEPP, RETAILER CAMFORD LEATHER ARMCHAIR PICAS, SKANDINAVISK KOTO MINI SCENTED CANDLE 65G, SONY BRAVIA XR XR65X90J 2021 LED HDR 4K ULTRA HD S, THE NORTH FACE DREW PEAK HOODIE LAUREL WREATH GREE, RETAILER GARDEN FURNITURE SMALL MODULAR, ANYDAY RETAILER POCKET 1000 COMFORT POC, SAMSUNG GALAXY TAB S7 TABLET WITH BLUETOOTH S PEN, APPLE THUNDERBOLT 3 USB-C TO THUNDERBOLT 2 ADAPTER, RETAILER EGYPTIAN COTTON BATH TOWEL CHE, RETAILER FINN DESK OAK, ANYDAY RETAILER BONN PLATFORM BED FRAME, RETAILER MOON AND STARS ORGANIC COTTON, RETAILER PARISIAN VELVET DINING CHAIR G, APPLE WATCH SERIES 6 GPS CELLULAR 40MM BLUE ALUMIN, ANYDAY RETAILER MATT BLACK TOILET ROLL, RETAILER HAIRPIN 6 SEATER DINING TABLE, PHILIPS 8W ES LED CLASSIC NON-DIMMABLE BULB PACK O, BREVILLE LUSTRA 4-SLOT TOASTER GREY, RETAILER BUNDLE MEDIUM 2 SEATER SOFA, RETAILER ELM LEAVES CUSHION RED, RETAILER ELEVATE POWER RECLINER LEATHER, WEST ELM WRIGHT 3 DRAWER CHEST FSC CERTIFIED EUCAL, WEST ELM MID-CENTURY WIDE BOOKSHELF WITH STORAGE A, RETAILER NATURAL COTTON QUILTED STANDAR, RETAILER PARISIAN VELVET DINING CHAIR D, RETAILER MODERN COUNTRY SHELF WITH 8 HO, RETAILER CHARLOTTE HIGH BACK SMALL 2 SE, VELFONT NATURSAN PLUS ORGANIC GOTS COTTON MATTRESS, RETAILER ETIENNE SLEIGH BED FRAME KING, RETAILER MARLOW 300CM HINGED WARDROBE G, RETAILER CORK-BACKED DECO PLACEMATS SET, KOTI HOME PLAIN UPHOLSTERED BED FRAME DOUBLE LUXE, G PLAN VINTAGE THE FIFTY SEVEN LARGE 3 SEATER SOFA, RETAILER FILLABLE CANTILEVERED PARASOL, FITBIT ACE 3 ACTIVITY TRACKER FOR CHILDREN COSMIC, LAURA ASHLEY DYLAN THROW GRAPE, RETAILER FROSTED SPRUCE DIFFUSER OIL, ANYDAY RETAILER ANTON DINING BENCH NATU, SANDISK EXTREME PRO UHS-I SD CARD UP TO 170MB S RE, CROFT COLLECTION EASDALE LLOYD LOOM DINING SIDE CH, VTECH RM5754HD 5INCH SMART WI-FI 1080P VIDEO BABY, ANYDAY RETAILER WARNER FABRIC OFFICE CH, RETAILER PYJAMA STRIPE KING DUVET COVER, RETAILER MULTICOLOURED BALL COAT HOOKS, RETAILER SALSA ROUND GARDEN COFFEE TABL, LG SL6Y BLUETOOTH SOUND BAR WITH DTS VIRTUAL X HIG, ANYDAY RETAILER MIZAR WALL LIGHT 2 ARM, MARSHALL STANMORE II BLUETOOTH SPEAKER BLACK, SNUGGLEDOWN NATURAL DUCK FEATHER AND DOWN DUVET 13, RETAILER MARLOW 4 DRAWER CHEST 75CM GRA, TOMMY HILFIGER 1791939 MEN S OLIVER SKELETON DIAL, ANYDAY RETAILER SCROLL MEDIUM 2 SEATER, RETAILER KIDS UNICORN SLIPPER SOCKS BLU, ANYDAY RETAILER STAINLESS STEEL KITCHEN, ANYDAY RETAILER MIX IT TALL LONG T-BAR, DELL SE2722H FULL HD MONITOR 27 BLACK, ANYDAY RETAILER LULU WALL LIGHT BRUSHED, STRING SHELVES SET W58CM PACK OF 3 WALNUT, RETAILER AMARI TABLE LAMP SILVER, RETAILER MARA DIAMOND PAIR LINED PENCIL, LUMIE VITAMIN L SLIM SAD LIGHT WHITE, RUCOMFY INDOOR OUTDOOR CUSHION SET OF 2 YELLOW, CALEX 8W ES LED DIMMABLE FILAMENT GLOBE BULB WHITE, KETTLER CORA 8 SEAT ROUND GARDEN DINING TABLE FSC-, RETAILER CAMDEN SMALL 2 SEATER SOFA, RETAILER BARBICAN LEATHER ARMCHAIR DARK, ANYDAY RETAILER GROOVE 3 DRAWER CHEST N, LG 86NANO866PA 2021 LED HDR NANOCELL 4K ULTRA HD S, RETAILER WATER HYACINTH LOG BASKET WITH, SAMSUNG QE65QN700A 2021 NEO QLED HDR 2000 8K ULTRA, LE CREUSET CAST IRON SIGNATURE SHALLOW CASSEROLE S, RETAILER SCANDI DINING CHAIR BLACK FSC, ANYDAY RETAILER GROOVE 2 DRAWER BEDSIDE, KETTLER PALMA 5-SEAT GARDEN LOW LOUNGING TABLE CHA, RETAILER JAVA II MEDIUM 2 SEATER SOFA, APPLE WATCH SERIES 7 GPS CELLULAR 41MM BLUE ALUMIN, BIALETTI MOKA CLASSICO GROUND COFFEE 250G, RETAILER ELSTRA 300CM WARDROBE WITH GLA, HOBBS RHIANNON TAILORED CASHMERE BLEND COAT RED 12, RETAILER ELEPHANT CHANGING MAT, ASHFOLD SCHOOL JUMPER MAROON CHEST 32, RETAILER BARBICAN SMALL 2 SEATER LEATHE, SHNUGGLE SQUISHY CHANGING MAT, EGG2 SPECIAL EDITION PUSHCHAIR LUXURY TRAVEL SYSTE, EMMA BRIDGEWATER BLACK TOAST SMALL MUG 142ML BLACK, VAX PLATINUM SMARTWASH CARPET CLEANER, BUGABOO DONKEY3 CARRYCOT GREY MELANGE, APPLE THUNDERBOLT 3 USB-C CABLE 0 8M, GOOGLE NEST LEARNING THERMOSTAT 3RD GENERATION WHI, ANYDAY RETAILER ISSIE EASY-TO-FIT PAPER, ANYDAY RETAILER RATTAN FOLDING CHAIR BL, TOMMEE TIPPEE PERFECT PREP DAY NIGHT WHITE, SAMSUNG QE55QN95A 2021 NEO QLED HDR 2000 4K ULTRA, RUCOMFY INDOOR OUTDOOR CUSHION SET OF 2 ORANGE, RETAILER GRAYSON STORAGE CONSOLE TABLE, BRABANTIA LIFT-O-MATIC ROTARY CLOTHES OUTDOOR AIRE, ANYDAY RETAILER WILTON 2 DOOR WARDROBE, TOMMEE TIPPEE CLOSER TO NATURE BABY HEALTHCARE KIT, RETAILER CAMDEN MANUAL RECLINER LEATHER, RETAILER MARBLED FAUX FUR CUSHION NATUR, STOVES S900 STERLING COOKER HOOD 90CM WIDE STAINLE, RETAILER FERRO METAL SHELF HOOKS HALLWA, TEMPUR TEMPUR-FIT FITTED SHEET WHITE SUPER KING SI, MONSOON ADARA SEQUIN DRESS BLUSH XL, RETAILER DELANEY METALLIC GLAZE CERAMIC, ANYDAY RETAILER PANDA PRINT COTBED DUVE, MULBERRY WOMEN S PORTOBELLO D-FRAME SUNGLASSES LIG, HP 24M, FULL HD MONITOR, ANYDAY RETAILER WICKER WASTE PAPER BIN, RETAILER BAILEY 5 SEATER LHF CHAISE END, RETAILER SEGMENT NEST OF 2 TABLES BROWN, MORRIS CO POPPY PURE STANDARD PILLOWCASE ECRU, RETAILER 100 LINEN FITTED SHEET DUSKY G, LOGITECH G305 LIGHTSPEED WIRELESS GAMING MOUSE BLA, ANYDAY RETAILER WAFFLE COTTON TEA TOWEL, ANYDAY RETAILER SUNSET RUG MULTI L230 X, RETAILER JAVA CUSHION GOLD, BRABANTIA DIGITAL BATHROOM SCALE DARK GREY, STOMPA CLASSIC KIDS STARTER BED WITH MATTRESS DRAW, D R PIMENTO BEVELLED GLASS WALL MIRROR 86 X 66CM G, THERAGUN ELITE 4TH GENERATION PERCUSSIVE THERAPY M, RETAILER DRAPER MEDIUM 2 SEATER LEATHER, RETAILER BABY ORGANIC COTTON JUNGLE TRA, RETAILER VELVET PAIR LINED PENCIL PLEAT, RETAILER CLASSIC ECO 1200 POCKET SPRING, ANYDAY RETAILER PALOMA TIMELESS CRYSTAL, RETAILER ROYAL HERITAGE PAZYRK RUGS RED, RETAILER BOWL BASKET MULTI, RETAILER NATURAL COLLECTION HUNGARIAN GOOSE DOWN, YOGA-MAD FULL EVA YOGA BLOCKS, ANYDAY RETAILER BASIC FLEECE THROW GREY, RETAILER LOUIS BED FRAME KING SIZE OAK, RETAILER CALIA 4 DRAWER CHEST OAK, APPLE WATCH SERIES 7 GPS CELLULAR 41MM MIDNIGHT AL, ANYDAY RETAILER CHAMPAGNE FLUTES SET OF, APPLE WATCH SERIES 7 GPS CELLULAR 41MM SILVER STAI, RETAILER PAPER AEROPLANE CUFFLINKS SILV, RETAILER THE PAN STAINLESS STEEL NON-ST, RETAILER ELSTRA WIDE 4 DRAWER CHEST OF, RETAILER 1000 THREAD COUNT EGYPTIAN COT, LENOVO L22E-30 FULL HD MONITOR RAVEN BLACK, RETAILER COMPACT MEDIUM 2 SEATER SOFA, RETAILER RATTAN DRESSING TABLE STOOL OA, VENICE BEACH LOU GYM VEST RAPTURE ROSE M, SN Z SN ZKOT SKANDI 2 PIECE FURNITURE SET WHITE, ANYDAY RETAILER TASSEL CUSHION BLACK WH, RETAILER SWOON LYON LARGE 3 SEATER SOFA, EARTHKIND RECLAIMED NATURAL DOWN DUVET 4 5 TOG SIN, HALO GROUCHO SMALL 2 SEATER LEATHER SOFA RIDERS NU, RETAILER ROMY MIRRORED GLASS PENTAGON C, ANYDAY RETAILER UNDERBED SHOE STORAGE T, RETAILER JAVA II GRAND 4 SEATER SOFA, BUGABOO BEE6 CARRYCOT BLACK, SWOON MUNICH LARGE 3 SEATER SOFA DARK LEG INK VELV, PHILIPS HUE WHITE AND COLOUR AMBIANCE SMART LIGHTI, RETAILER 5567U POWER AIR LIGHTWEIGHT, FIAM FIESTA OUTDOOR RECLINING SOFT ARMCHAIR SAGE, MINI BODEN BABY NOVELTY SEA LIFE STRIPED APPLIQU T, SWYFT MODEL 01 ARMCHAIR SEAGLASS LINEN, RETAILER LAWRENCE LED BUBBLE FLUSH CEIL, CRICUT MAKER 3 SMART CUTTING MACHINE, SILENTNIGHT END DIVAN OTTOMAN STORAGE BED DOUBLE, ANGLEPOISE TYPE 75 MINI MARGARET HOWELL EDITION PL, RETAILER EGYPTIAN COTTON BATH SHEET SMO, CYBEX BASE Z I-SIZE ROTATING CAR SEAT BASE BLACK, RETAILER CHUNKY WEAVE GARDEN LOUNGE CHA, BABYZEN YOYO CAR SEAT ADAPTERS, ANYDAY RETAILER BOYS TRUNKS PACK OF 5 B, RETAILER CALIA CONSOLE TABLE OAK, UPPABABY VISTA RIDE-ALONG PIGGYBACK BOARD, RETAILER CHARLOTTE SNUGGLER, HOTEL CHOCOLAT SALTED CARAMEL CHOCOLATE PUDDLES 11, KETTLER CORA RECTANGULAR GARDEN COFFEE TABLE FSC-C, SOFI SOFA IN A BOX SMALL 2 SEATER SOFA DARK LEG NA, RETAILER OTLEY PILLOW BACK LARGE 3 SEAT, RETAILER OLIVER SMALL 2 SEATER LEATHER, RETAILER CAMDEN 5 SEATER RHF CHAISE COR, RETAILER HARBOUR BLUE RIM DINNERWARE SE, JELLY BELLY ASSORTED BEAN TIN 65G, APPLE SILICONE CASE WITH MAGSAFE FOR IPHONE 12 PRO, LITTLE ACORNS HARLINGTON DOUBLE WARDROBE WHITE, BREVILLE VST082 SANDWICH TOASTER, KUB COMFY ECO SPRING COTBED MATTRESS 140 X 70CM, DYSON CYCLONE V10 ABSOLUTE VACUUM CLEANER, ANYDAY RETAILER OPEN SPRING COMFORT MAT, RETAILER BRUNSWICK SPRUCE UNLIT CHRISTM, RETAILER ESSENCE DOUBLE WARDROBE OAK, WOOD FRAMED OVERMANTLE WALL MIRROR 70 X 92CM BLACK, WEST ELM MID-CENTURY NARROW BOOKSHELF ACORN, SWYFT MODEL 01 MEDIUM 2 SEATER SOFA SEAGLASS LINEN, RETAILER DRAPER LARGE 3 SEATER SOFA MET, RETAILER SILICONE PASTRY BRUSH GREY, RETAILER WINTER SPICE INCLUSION 3 WICK, APPLE IPHONE 13 IOS 6 1 5G SIM FREE 256GB PRODUCT, SILVER CROSS WAVE TANDEM SEAT UNIT CHARCOAL, TEMPUR HYBRID ELITE POCKET SPRING MEMORY FOAM MATT, STOKKE XPLORY X PUSHCHAIR BLACK, APPLE WATCH SERIES 6 GPS CELLULAR 40MM SILVER ALUM, KURT GEIGER  LANEY HI-TOP LEATHER TRAINERS B, ACQUA DI PARMA COLONIA FUTURA AFTERSHAVE BALM 100M, RETAILER CHESTER MEDIUM 2 SEATER SOFA, TALA SPHERE IV 8W ES LED DIM TO WARM GLOBE BULB MA, RETAILER RATTAN SIDEBOARD BLACK, SAMSUNG GALAXY S21 CLEAR VIEW COVER PHANTOM BLACK, ANYDAY RETAILER EASY CARE 200 THREAD CO, RETAILER DIGITAL OIL RADIATOR, RETAILER EVELYN AQUACLEAN VELVET DINING, RETAILER STAINLESS STEEL BBQ SPATULA WI, G PLAN VINTAGE SCATTER CUSHION TONIC CHARCOAL, RETAILER SELMA TUNIC LOUNGE SET STEEL S, MJYT2ZM/A, RETAILER PEWTER BALL CURTAIN POLE KIT D, RETAILER BABY ANIMAL SOCKS PACK OF 5 MU, LG OLED65G16LA 2021 OLED HDR 4K ULTRA HD SMART TV, ANYDAY RETAILER SKYE OVAL JUTE RUG L240, WEST ELM VIVIEN SIDEBOARD GREY FSC-CERTIFIED POPLA, RETAILER ELEGANCE TOWEL RAIL W35CM SILV, RETAILER SWOON URELLA GLASS CONSOLE TAB, ICANDY PEACH MAIN CAR SEAT ADAPTORS, NETGEAR ORBI RBK753 WHOLE HOME MESH WI-FI SYSTEM W, TECHLINK PANORAMA PM160 TV STAND FOR TVS UP TO 80, RETAILER ARCHIE II MEDIUM 2 SEATER SOFA, LOUIS DE POORTERE MEDALLION RUG MINERAL BLACK L240, RETAILER CASHMERE CREW NECK JUMPER PINK, RETAILER ELEVATE LARGE 2 SEATER SOFA, SAMSUNG HW-T550 BLUETOOTH SOUND BAR WITH VIRTUAL D, RETAILER GEO HURRICANE CANDLE HOLDER H3, RETAILER COLLAGE STICKS CUSHION PAPRIKA, SEALY ACTIVSLEEP LATEX 1400 POCKET SPRING PILLOWTO, RETAILER KIDS FLARED SEQUIN PARTY DRESS, VISPRING CERES FULL DEPTH UPHOLSTERED HEADBOARD KI, JOULES DUCKS MARCH DOUBLE DUVET COVER SET NAVY, EBBE GEHL FOR RETAILER MIRA STORAGE CABINET WHIT, RETAILER PADMA 2 DRAWER BEDSIDE TABLE B, RETAILER SPINDLE BED FRAME SMALL DOUBLE, LOUIS DE POORTERE COLUMBUS RUG GOLD L180 X W120CM, RETAILER PADMA 5 DRAWER TALLBOY CHEST B, RETAILER PARAWOOD FLOOR LAMP LIGHT BROW, RETAILER DEVON TABLE LAMP WHITE, ANYDAY RETAILER WIRE SIDE TABLE BLACK, SE241HGX, SILENTNIGHT SLEEP SOUNDLY MIRACOIL ORTHO DIVAN BAS, D R SAIGON CRYSTAL FLUSH CEILING LIGHT CLEAR CHROM, KOTI HOME WINGED BUTTON UPHOLSTERED BED FRAME KING, RETAILER OTLEY ARMCHAIR, 11317, RETAILER DRAPER GRAND 4 SEATER SOFA, BOSE SOUND BAR 700 WITH WI-FI BLUETOOTH VOICE RECO, BELKIN 3 0 USB-C TO USB-A ADAPTER, BABYDAN AVANTGARDE PRESSURE INDICATOR SAFETY BABY, ONE FOR ALL EVOLVE 4 REPLACEMENT REMOTE FOR UP TO, SWOON PORTO LARGE 3 SEATER SOFA DARK LEG INK VELVE, ADIDAS FLUIDSTREET MEN S RUNNING SHOES CORE BLACK, RETAILER SANTINO DINING CHAIR TAN OAK, ANYDAY RETAILER FORM ACCENT CHAIR BLACK, PHILIPS HUE WHITE AND COLOUR AMBIANCE RESONATE LED, G PLAN VINTAGE THE SIXTY FIVE FOOTSTOOL MARL GREEN, NORDLUX DARCI TOUCH WALL LIGHT BLACK, TURTLE MAT MOLLY STRIPE RUNNER DOOR MAT, PANASONIC NN-SD25HBBPQ MICROWAVE BLACK, ICANDY PEACH DUO POD DARK GREY TWILL, RETAILER CHARLOTTE HIGH BACK MEDIUM 2 S, RETAILER TRINITY MARBLE BEDSIDE TABLE B, APPLE LIGHTNING TO USB CAMERA ADAPTER, WEST ELM MID-CENTURY LARGE SIDEBOARD FSC-CERTIFIED, RETAILER HECTOR ARCHED FLOOR LAMP BLACK, BOSE SPORT EARBUDS TRUE WIRELESS SWEAT WEATHER-RES, RETAILER FLUX CUSHION VERDE, HYPNOS FIRM EDGE 4 DRAWER DIVAN STORAGE BED KING S, RETAILER ELSTRA 250CM WARDROBE WITH WHI, RETAILER TUCK 2-SEATER GARDEN DINING TA, RETAILER PADMA 2 DRAWER BEDSIDE TABLE G, RETAILER CLIMATE COLLECTION COPPER 2000, DYSON AIRWRAP COMPLETE LONG MULTI HAIR STYLER PINK, SAMSUNG GALAXY WATCH 4 CLASSIC 4G CELLULAR 46MM ST, SWOON KALMAR OTTOMAN DARK LEG FERN VELVET, SAMSUNG GALAXY S20 FE 5G SMARTPHONE WITH WIRELESS, ANYDAY RETAILER COVE ARMCHAIR DARK LEG, RETAILER CAPE MEDIUM 2 SEATER SOFA, RETAILER CLIMATE COLLECTION 2000 POCKET, BT VIDEO SMART 2 8INCH SCREEN BABY MONITOR, HYPNOS WOOLTEX NO 1 POCKET SPRING MATTRESS MEDIUM, CROFT COLLECTION IONA 4-6 SEATER EXTENDING ROUND D, RETAILER FIRESIDE ARMCHAIR, PHILIPS 40W A60 BC LED DIMMABLE CLASSIC BULB CLEAR, WEST ELM ORGANIC COTTON CLOUD JERSEY KING DUVET CO, MANGO KIDS DUBLINI SKATER SWEATSHIRT BLACK 9-10 YE, DYSON CORRALE CORD-FREE HAIR STRAIGHTENERS FUCHSIA, RETAILER PADMA 5 DRAWER TALLBOY CHEST G, RETAILER SPECIALIST SYNTHETIC ACTIVE AN, HALO GROUCHO MEDIUM 2 SEATER LEATHER SOFA RIDERS N, MICROSOFT 365 FAMILY OFFICE SOFTWARE FOR UP TO 6 P, RETAILER CHEVRON 2-SEAT GARDEN SOFA BLA, 2020 APPLE IMAC PRO 27 ALL-IN-ONE, ANYDAY RETAILER ADDED COMFORT OPEN SPRI, STOMPA S FLEX ECO SPRUNG CHILDREN S MATTRESS MEDIU, ANYDAY RETAILER BETTY BIRD CUSHION MUST, RETAILER SUPERSOFT FLEECE THROW PINK, ANYDAY RETAILER FALLOWFIELD DESK NATURA, SAMSUNG GALAXY S20 FE CLEAR VIEW CASE WHITE, RETAILER BAILEY LEATHER FOOTSTOOL DARK, TARGUS CLICK-IN CASE FOR IPAD 10 2 IPAD AIR 10 5 A, D R SOREN TEXTURED GLASS CEILING LIGHT SMOKE, MM LINEN FIORELLA KING DUVET COVER SET MULTI, STOMPA S FLEX AIRFLOW MATTRESS MEDIUM FIRM TENSION, BABYMOOV YOO MOOV BABY MONITOR, RETAILER OLIVER CORNER CHAISE SOFA, RETAILER METAL EXTENDABLE CURTAIN POLE, HERSCHEL SUPPLY CO ANCHOR LAPTOP SLEEVE FOR MACBOO, RETAILER RUBBERWOOD TOILET SEAT NATURAL, LG OLED77C14LB 2021 OLED HDR 4K ULTRA HD SMART TV, RETAILER COTTON RIB FULL ZIP CARDIGAN N, RETAILER EMILY OTTOMAN STORAGE UPHOLSTE, RETAILER CHARLOTTE SMALL 2 SEATER SOFA, BEABA SET OF 2 GLASS STORAGE JARS PINK DARK BLUE, RETAILER BARBICAN 5 SEATER LEATHER CORN, RETAILER MORITZ CONSOLE TABLE, HP DESKJET 3760 ALL-IN-ONE WIRELESS PRINTER HP INS, APPLE WATCH SERIES 7 GPS CELLULAR 41MM PRODUCT RED, RETAILER SAVANNA ZEBRA STRIPE SLEEPING, RETAILER ARLO 5 SEATER LHF CHAISE END S, RETAILER BARBICAN SMALL 2 SEATER SOFA, RETAILER JENNY VELVET CYLINDER LAMPSHAD, G PLAN VINTAGE THE SIXTY FIVE MEDIUM 2 SEATER LEAT, APPLE IPHONE XR IOS 6 1 4G LTE SIM FREE 64GB WHITE, RETAILER BOOTH LARGE 3 SEATER SOFA, RETAILER WOODEN RAMPS RACER, SAMSUNG QE65QN95A 2021 NEO QLED HDR 2000 4K ULTRA, LIZ EARLE CLEANSE POLISH HOT CLOTH CLEANSER 200ML, GARDEN BOTANICALS FRAMED PRINTS SET OF 6 42 X 32CM, WEST ELM WRIGHT BEDSIDE TABLE FSC CERTIFIED EUCALY, CHARBONNEL ET WALKER DARK CHOCOLATE MINT THINS 200, MULBERRY MINI ALEXA HEAVY GRAIN LEATHER CROSS BODY, MOLTON BROWN MESMERISING OUDH ACCORD GOLD EAU DE P, CYBEX GAZELLE S SEAT SOHO GREY, IITTALA ESSENCE RED WINE GLASSES 450ML SET OF 2 CL, RETAILER PROFESSIONAL HAND TEA TOWELS P, RETAILER HENDRICKS FOOTSTOOL, STOMPA UNO S PLUS SMALL CLIP-ON SHELF GREY, SHNUGGLE MOSES BASKET SLATE GREY, THOMAS KENT ANALOGUE SKELETON ROMAN NUMERAL OUTDOO, EAZIGLIDE 25CM NON-STICK PANCAKE PAN BLACK, RETAILER BAMBOO PRINT PVC COATED PEG BA, ANYDAY RETAILER MIX IT BEDSIDE TABLE GR, SOLO3, KD77AG9, WEST ELM RYDER LEATHER ARMCHAIR SADDLE LEATHER, WOODMANSTERNE WONDERFUL WIFE BIRTHDAY CARD, RETAILER BASKET ROPE 2-SEAT GARDEN SOFA, SWYFT MODEL 02 MEDIUM 2 SEATER SOFA TEAL VELVET, TISSOT T0580093303100 WOMEN S LOVELY BRACELET STRA, DE LONGHI LA SPECIALISTA ARTE COFFEE MACHINE, RETAILER MILLHOUSE FLOOR LAMP BRASS, SWOON EVESHAM GRAND 4 SEATER LHF CORNER END SOFA D, RETAILER ETIENNE 3 DRAWER CHEST OAK, MORRIS CO STRAWBERRY THIEF CUSHION RED, HALO SPENCER MEDIUM 2 SEATER LEATHER SOFA HAND TIP, SONOS ONE SL SMART SPEAKER BLACK, SWYFT MODEL 01 MEDIUM 2 SEATER SOFA SHADOW LINEN, HYPNOS FIRM EDGE 4 DRAWER DIVAN STORAGE BED SUPER, DURESTA VAUGHAN II SMALL 2 SEATER SOFA TATE VELVET, KETTLER CORA GARDEN DINING ARMCHAIRS SET OF 2 FSC-, ICANDY PEACH PHANTOM PUSHCHAIR AND CARRYCOT DARK G, BOORI ETON CONVERTIBLE PLUS COTBED WHITE, RETAILER RATTAN 5 DRAWER CHEST OAK, LG 75NANO866PA 2021 LED HDR NANOCELL 4K ULTRA HD S, DELL KM7120W MULTI-DEVICE WIRELESS KEYBOARD AND MO, RETAILER WHITE JASMINE TEALIGHTS PACK O, SPECK PRESIDIO CASE FOR AIRPODS GEN 1 AND GEN 2 PI, SEBO FELIX EXCEL VACUUM CLEANER, RETAILER LUXURY NATURAL COLLECTION CASH, RETAILER PLATFORM 4-SEAT WOOD-EFFECT GA, RETAILER SPINDLE BED FRAME DOUBLE STORM, NUNA BASE NEXT CAR SEAT BASE BLACK, RETAILER MARLOW 200CM MIRRORED HINGED W, RETAILER GIRLS BUNNY SOCKS PACK OF 5 MU, SAMSUNG QE65QN85A 2021 NEO QLED HDR 1500 4K ULTRA, RETAILER COPPER FEATURES PAN SET 5 PIEC, RETAILER COSY MEDIUM 2 SEATER SOFA, LG 55NANO966PA 2021 LED HDR NANOCELL 8K ULTRA HD S, SONOS MOVE SMART SPEAKER WITH VOICE CONTROL BLACK, VITRA EAMES DSR SIDE CHAIR CHROME LEG MUSTARD, RETAILER COTTON VELVET CUSHION HIBISCUS, RETAILER ROUEN UPHOLSTERED OTTOMAN STOR, KOTI HOME FLUTED UPHOLSTERED BED FRAME DOUBLE CLAS, TETRAD LEWIS FOOTSTOOL MAHOGANY LEG WICK HERRINGBO, SAMSUNG HW-Q950A BLUETOOTH WI-FI CINEMATIC SOUND B, RETAILER SPINDLE 6 DRAWER TALLBOY CHEST, APPLE WATCH NIKE SERIES 6 GPS CELLULAR 44MM SILVER, 2020 APPLE IPAD 10 2 A12 IPADOS WI-FI 32GB SILVER, LOGITECH MK540 WIRELESS KEYBOARD AND MOUSE BLACK, NEOM WELLBEING FOR DAY AND NIGHT GIFT SET, WEBER ONE TOUCH E4710 ORIGINAL KETTLE CHARCOAL BBQ, SMEG KSED65NEE 60CM CHIMNEY COOKER HOOD BLACK, RETAILER ELSTRA 3 DRAWER BEDSIDE TABLE, ANYDAY RETAILER AGRA RUG MINT L300 X W2, RETAILER ESSENCE DRESSING TABLE OAK, RETAILER ORNATE LEAF WALL MIRROR CHAMPA, SONY BRAVIA XR XR65A90J 2021 OLED HDR 4K ULTRA HD, RETAILER THE ULTIMATE COLLECTION GOAT A, RETAILER GIRLS EASY CARE PLEATED SCHOOL, RETAILER DELANEY METALLIC GLAZE BULBHOL, RETAILER HEIRLOOM COLLECTION KIDS CHINO, KETTLER PALMA 8 SEATER GARDEN CORNER SET WITH GLAS, SWOON PRITCHARD LARGE 3 SEATER SOFA DARK LEG PEPPE, HYPNOS WOOLCOTT PILLOW TOP POCKET SPRING MATTRESS, BRITAX R MER EVOLVA 1-2-3 SL SICT GROUP 1 2 3 CAR, RETAILER HARMONY LARGE RIBBON CEILING L, LE CREUSET ESSENTIALS CAST IRON ROUND CASSEROLE SO, CHARLOTTE TILBURY PILLOW TALK ON-THE-GO MAKEUP GIF, ANYDAY RETAILER ELEMENTARY COTBED WHITE, RETAILER BERGEN LEATHER FOOTSTOOL DARK, STRING FLOOR PANEL SIDE RACKS H200CM PACK OF 2 BLA, RETAILER WELLINGTON RUG L300 X W200CM N, RETAILER MULTI MEDALLION RUG RED L290 X, SAMSUNG HW-T400 BLUETOOTH NFC ALL-IN-ONE COMPACT S, LOUIS DE POORTERE COLUMBUS RUG L280 X W200 CM, DR BROWN S OPTIONS ANTI-COLIC GLASS BOTTLE PACK OF, WEST ELM MID-CENTURY 8-10 SEATER EXTENDING DINING, RETAILER SALSA GARDEN MINI CHAIR AGAVE, RETAILER DANTE 3 SEATER GARDEN SOFA GRE, RETAILER SPECIALIST SYNTHETIC 5-ZONE SU, PHILIPS HUE WHITE AMBIANCE STRUANA LED SMART FLUSH, HAVAIANAS CHILDREN S BRASIL LOGO FLIP FLOPS MARINE, ORLA KIELY TILE LAMPSHADE MULTI DIA 40CM, SAMSUNG QE65QN94A 2021 NEO QLED HDR 2000 4K ULTRA, RETAILER RISE LARGE 3 SEATER SOFA METAL, RETAILER TOKYO STORAGE TABLE, RETAILER 100 LINEN SUPER KING DUVET COV, RETAILER JULES MARINE HEAD FLOOR LAMP G, WEST ELM GRID TUFTED UPHOLSTERED BED FRAME DOUBLE, STOKKE CLIKK HIGHCHAIR CLOUD GREY, SHARK IZ320 CORDLESS VACUUM CLEANER WITH ANTI HA, NATURALLY MED OLIVE WOOD CHOPPING BOARD 30CM, BOBBI BROWN LIP PENCIL ROSE, SWYFT MODEL 02 MEDIUM 2 SEATER SOFA BRICK VELVET, ALLSAINTS MIRA T-SHIRT OPTIC WHITE S, TETRAD LEWIS LARGE 3 SEATER SOFA OBAN CHECK IRIS, SN Z SN ZKOT TODDLER BED RAILS WHITE, SWYFT MODEL 05 MEDIUM 2 SEATER SOFA TURQUOISE LINE, MAXI-COSI KORE PRO I-SIZE CHILDREN S CAR SEAT AUTH, RETAILER MARLOW 300CM HINGED WARDROBE P, RETAILER GRAYSON STORAGE SIDEBOARD OAK, NATASHA BARNES SEMBLANCE I FRAMED PRINT 62 X 42CM, UPPABABY VISTA V2 PUSHCHAIR AND CARRYCOT EMMETT, ENVY 6030, ERGOBABY OMNI 360 MESH BABY CARRIER CLASSIC WEAVE, VITRA EAMES DSW SIDE CHAIR LIGHT MAPLE LEG GRANITE, RETAILER ST IVES 4 DRAWER CHEST SLATE, POWERBEATS PRO, WEST ELM PENELOPE 5 DRAWER CHEST FSC CERTIFIED EUC, TEFAL UNLIMITED ALUMINIUM NON-STICK PANCAKE PAN 25, RETAILER FLAME LED OUTDOOR STAKE LIGHTS, GALLERY DIRECT OUTLINE GLASS COFFEE TABLE BRONZE, APPLE WATCH 41MM SPORT BAND REGULAR STARLIGHT, RETAILER ELEVATE LARGE 2 SEATER POWER R, RETAILER MARLOW ALUMINIUM 4 SEATER GARD, ANYDAY RETAILER POLYCOTTON EMBROIDERY S, EMILE ET ROSE BABY ANNABELLE SLEEPSUIT CARDIGAN AN, VISPRING PLYMOUTH SUPREME 1200 POCKET SPRING MATTR, RETAILER RYE GARDEN LOUNGING ARMCHAIRS, RETAILER COTTON VELVET CUSHION IVY, HYPNOS FIRM EDGE DIVAN BASE SUPER KING SIZE LINOSO, SAMSUNG GALAXY TAB S8 ULTRA WITH BLUETOOTH S PEN A, RETAILER TOKYO GRAND 4 SEATER SOFA, SWYFT MODEL 04 LARGE 3 SEATER DOUBLE SOFA BED PUMI, SIMBA HYBRID MATTRESS MEDIUM TENSION DOUBLE, MULBERRY CONTINENTAL GRAIN VEG TANNED LEATHER WALL, RETAILER DRAPER LARGE 3 SEATER LEATHER, RETAILER BALDWIN DESK LAMP PEWTER COPPE, STOMPA UNO S PLUS MID-SLEEPER WITH WHITE HEADBOARD, NUNA MIXX PUSHCHAIR BIRCH, KETTLER PALMA OUTDOOR TABLE AND STOOLS COVER, SN Z SN ZKOT SKANDI COTBED NATURAL HAZE GREY, RETAILER CAPE SMALL 2 SEATER LEATHER SO, TETRAD LEWIS PETITE 2 SEATER SOFA OBAN CHECK IRIS, MICROSOFT SURFACE MODERN PRODUCTIVITY HUB, RETAILER GRAYSON TV STAND SIDEBOARD FOR, ANYDAY RETAILER VELVET FRONT CUSHION MU, BELKIN 4K HDMI 2 1 CABLE 2M BLACK, EAZIGLIDE NEVERSTICK2 3-PIECE SAUCEPAN SET WITH FR, ANYDAY RETAILER ALBANY 2 DOOR WARDROBE, RETAILER BOW SLATTED HEADBOARD BED FRAM, SILENTNIGHT SLEEP GENIUS 2200 POCKET LATEX MATTRES, SISLEY BLACK ROSE SKIN INFUSION CREAM PLUMPING RAD, PANASONIC TX-55JZ1000B 2021 OLED HDR 4K ULTRA HD S, EBBE GEHL FOR RETAILER MIRA CERAMIC TOP 8-10 SEA, RETAILER CROSS FAUX FUR SLIDER SLIPPERS, RETAILER CAMFORD LEATHER ARMCHAIR GALVE, WEST ELM ALPINE DINING CHAIR WHITE, ANYDAY RETAILER BRANDON FLOOR LAMP BLAC, RETAILER ELSTRA 150CM WARDROBE WITH MIR, LENOVO L24E-30 FULL HD GAMING MONITOR 23 8 BLACK, SAMSUNG GALAXY TAB S7 FE TABLET BOOK COVER PINK RO, STOMPA S FLEX AIRFLOW CHILDREN S MATTRESS MEDIUM F, SWEATY BETTY GARY JUMPSUIT BLACK M, RETAILER CHARLOTTE HIGH BACK GRAND 4 SE, ERGOBABY OMNI 360 BABY CARRIER PURE BLACK, HARLEQUIN HIDE AND SEEK REVERSIBLE COTTON DUVET CO, WEST ELM SPUN METAL LARGE STANDING PLANTER BRASS, LOUIS DE POORTERE COLUMBUS RUG GOLD L240 X W170CM, ANYDAY RETAILER WHISTLER BAR STOOL WHIT, 2021 APPLE MACBOOK PRO 16 M1 MAX PROCESSOR 32GB RA, APPLE WATCH SERIES 7 GPS CELLULAR 45MM BLUE ALUMIN, KENWOOD HMP30 HANDHELD FOOD MIXER, POLARN O PYRET BABY GOTS ORGANIC COTTON STRIPE BEA, HP 305 BLACK INK CARTRIDGE, LG OLED77B16LA 2021 OLED HDR 4K ULTRA HD SMART TV, LAVA LAMP STARRY NIGHT TABLE LAMP GREY, VOYAGE SUNFLOWER DOUBLE DUVET COVER SET MULTI, LAURA ASHLEY CLIFTON 6 DRAWER CHEST GREY, ROYAL WORCESTER SERENDIPITY BONE CHINA DINNER PLAT, RETAILER COTTON VELVET CUSHION FIG, RETAILER ST IVES BED FRAME DOUBLE WHITE, RETAILER BROOKS VELVET OFFICE CHAIR GRE, RETAILER PURITAN DINNER PLATES SET OF 4, RETAILER THE ULTIMATE COLLECTION 1600 T, OXO GOOD GRIPS BOX GRATER, ANYDAY RETAILER DOUBLE OVEN GLOVE BLACK, BUGABOO FOX CAMELEON LYNX SUN CANOPY MIDNIGHT BLAC, VISPRING PREMIER DIVAN BASE SUPER KING SIZE AMATHE, SCION MINI MR FOX CUSHION STEEL LIME, RETAILER ST IVES 2 DRAWER BEDSIDE TABLE, RETAILER METAL FRAME SMALL ROUND MIRROR, B400BB, RETAILER OSLO LEATHER LARGE 3 SEATER SO, PACIFIC LIFESTYLE GLASS PENDANT CEILING LIGHT SMOK, POWERBEATS WIRELESS BLUETOOTH IN-EAR SPORT HEADPHO, RETAILER DECO GLASS WALL MIRROR, HOBBS SEY SLIM JEANS LIGHT INDIGO 10, LANSINOH BREASTMILK STORAGE BAGS, MORPHY RICHARDS 305003 SATURN INTELLITEMP STEAM IR, RETAILER SPECIALIST SYNTHETIC CLUSTER M, RETAILER ADA SEMI FLUSH 5 ARM CEILING L, RETAILER MEDAN 2 DOOR 1 DRAWER WARDROBE, HUGO MEN S STREETDIVER BRACELET STRAP WATCH BLACK, UMBRA CAPPA EXTENDABLE CURTAIN POLE KIT NICKEL DIA, RETAILER BALDWIN DESK LAMP ANTIQUE BRAS, CRICUT EASYPRESS 2 CRAFT HEAT PRESS MACHINE, RETAILER EVERYDAY EGYPTIAN COTTON HAND, SWOON KALMAR ARMCHAIR DARK LEG KINGFISHER VELVET, RETAILER ELEVATE MEDIUM 2 SEATER LEATHE, MAXI COSI MINLA 6-IN-1 HIGHCHAIR ESSENTIAL GRAPHIT, JOSEPH JOSEPH INTELLIGENT WASTE TOTEM COMPACT BIN, RETAILER HAIRPIN DESK DARK OAK, RETAILER HIDE SEEK STRIPED WALL MIRROR, ANYDAY RETAILER SPOKE WALL LIGHTS SET O, RETAILER EASY CARE ORGANIC COTTON KING, H G CAPISCO 8106 OFFICE CHAIR BLUE, ANYDAY RETAILER WHISTLER DINING CHAIR E, WEST ELM MID-CENTURY 6 DRAWER CHEST FSC CERTIFIED, RETAILER MATTHEW WILLIAMSON PLANET PEND, RETAILER POM POM FLEECE ONESIE GREY XS, SKIP HOP MOBY BATH RINSER GREY, RETAILER ESSENCE DRESSING TABLE STOOL O, SONY BRAVIA KD65X81J 2021 LED HDR 4K ULTRA HD SMAR, RETAILER SPECIALIST TEMPERATURE BALANCI, CONTENT BY TERENCE CONRAN BALANCE METAL NARROW SHE, SWEATY BETTY HIGH SHINE 7 8 GYM LEGGINGS BLACK M, RETAILER SWOON COLE GLASS BAR CART BLAC, LACIE STGH1000400 EXTERNAL HARD DISK DRIVE, 1TB, PHILIPS HUE WHITE AND COLOUR AMBIANCE LILY LED SMA, SKANDINAVISK SKOG SCENTED CANDLE 90G, RETAILER BAILEY HIGH BACK GRAND 4 SEATE, TETRAD FLYNN II ARMCHAIR BRACKEN HERRINGBONE, ASTRO AMALFI WALL LIGHT, TED BAKER CRYSTAL ROUND STUD EARRINGS GOLD, SOFI SOFA IN A BOX 5 SEATER CORNER SOFA DARK LEG C, SILENTNIGHT SLEEP GENIUS 1200 POCKET MEMORY MATTRE, SWOON PRITCHARD MEDIUM 2 SEATER SOFA DARK LEG KING, HOME SPEAKER 500, KETTLER PALMA GARDEN ARMCHAIR WHITE WASH GREY TAUP, RETAILER COTTON POLAR BEAR PYJAMA SET B, RETAILER CAMBER SNUGGLER, SAMSUNG GALAXY NOTE 20 ULTRA SMARTPHONE WITH BLUET, RETAILER KITCHEN DOOR MAT GREY, KVELL BOTO OTTOMAN POUFFE DARING GREEN, RETAILER BAILEY LHF CHAISE END SOFA BED, HERMAN MILLER SETU MULTI PURPOSE CHAIR BLUE, NZ801, RETAILER CAMDEN MEDIUM 2 SEATER LEATHER, FABRIC FLAVOURS KIDS SPIDERMAN GRAPHIC SEQUIN LONG, RETAILER SNUGGLE ACCENT SWIVEL CHAIR GO, RETAILER ZEN GARDEN KING DUVET COVER SE, LOUIS DE POORTERE CRACKS DEEP MINE RUG L180 X W120, DYSON SUPERSONIC HAIR DRYER IRON FUCHSIA, RETAILER SHAKER OAK COAT RACK LIGHT GRE, ANYDAY RETAILER DINE SQUARE DINNERWARE, RETAILER BURFORD GARDEN SIDE TABLE FSC-, ANYDAY RETAILER MICRO-FRESH EASY CARE W, RETAILER MARLOW 250CM HINGED WARDROBE M, TETRAD LEWIS LARGE 3 SEATER SOFA HARRIS TWEED PEAT, LOUIS DE POORTERE SARI INSPIRED RUG L170 X W240 CM, RETAILER FOLKLORE CUSHION HERITAGE GREY, TREAT REPUBLIC PERSONALISED SLATE HANGING SIGN, DYSON V11 ABSOLUTE CORDLESS VACUUM CLEANER, CHARLOTTE TILBURY BROW CHEAT REFILL MEDIUM BROWN, MAXI-COSI I-SIZE FAMILYFIX2 GROUP 0 1 CAR SEAT BAS, ANYDAY RETAILER SWIRL METAL SIDE TABLE, SMEG TSF01 2-SLICE TOASTER PINK, SHNUGGLE BABY BATH BRUSH GREY, RETAILER MARLOW 300CM MIRRORED HINGED W, ERCOL FOR RETAILER SHALSTONE 6 DRAWER TALLBOY CH, EKO DLX PHANTOM SENSOR BIN 45L, RETAILER MIAMI CERAMIC-EFFECT GLASS TOP, RETAILER PORTSMAN DOUBLE BATHROOM WALL, POTTERY BARN KIDS CHARLESTON SLIM RECLINING CHAIR, RETAILER DECO TOILET ROLL HOLDER, RETAILER HARROGATE HIGH BACK SMALL 2 SE, WEBER SPIRIT E-315 GBS 3-BURNER GAS BBQ, RETAILER OSLO MEDIUM 2 SEATER SOFA, BES100GB, BABY JOULE BABY POM POM HAT NAVY 0-6 MONTHS, DAISY  STACKED BEAD AND BAR HOOP EARRINGS GO, WEST ELM PORTSIDE GARDEN RECLINING SUN LOUNGER FSC, ANYDAY RETAILER DIME ACCENT CHAIR DARK, SAMSUNG GALAXY SMARTTAG BLACK, RETAILER ETIENNE DOUBLE WARDROBE OAK, RETAILER MID-CENTURY SWEEP 6 DRAWER CHE, ANYDAY RETAILER VENICE FOLDING GARDEN D, MAC LIP PENCIL STRIP DOWN SPICE, SONY BRAVIA KD55X89J 2021 LED HDR 4K ULTRA HD SMAR, KETTLER CORA ROUND GARDEN COFFEE TABLE FSC-CERTIFI, RETAILER AMERICAS WORLD MAP ROUND WALL, KETTLER RHS HARLOW CARR GARDEN BISTRO TABLE AND CH, RETAILER SANSA NARROW ARM SOFA BED WITH, J MARSHALL BY VISPRING NO 1 POCKET SPRING MATTRESS, HUMANSCALE LIBERTY OFFICE CHAIR BLACK, RETAILER BEDFORD FULL DEPTH UPHOLSTERED, GOOCH LUXURY HISTORIA MOSAIC RUG BROWN L230 X W160, VISPRING ARES FULL DEPTH UPHOLSTERED HEADBOARD SUP, WEBER BBQ ENAMELLED CAST IRON DUTCH OVEN DUO SET B, LSA INTERNATIONAL TERRACE STORM LANTERN 30CM, ANGLEPOISE TYPE 75 DESK LAMP JET BLACK, DBRAMANTE1928 MODE BARCELONA SNAP ON BIODEGRADABLE, EMMA HYBRID MATTRESS MEDIUM TENSION SINGLE, SWYFT MODEL 02 LARGE 3 SEATER SOFA VINE VELVET, SHARK HZ500T ANTI HAIR WRAP PET CORDED VACUUM CL, POLO RALPH LAUREN DOUBLE-KNIT JOGGING BOTTOMS POLO, RETAILER MEDAN 5 DRAWER TALLBOY CHEST D, RETAILER LUX SHOWER BASKET DOUBLE, LASCELLES LARGE ROMAN NUMERAL SKELETON WALL CLOCK, 10914, BEURER WL50 WAKE UP TO DAYLIGHT TABLE LAMP WHITE, RETAILER CALIA COFFEE TABLE WITH NEST O, RETAILER SHEEPSKIN MULE SLIPPERS MID GR, RETAILER HARROGATE HIGH BACK GRAND 4 SE, RETAILER BABY GOTS ORGANIC COTTON CELLU, TOM RAFFIELD SMALL SKIPPER CEILING LIGHT DIA 41CM, RETAILER BURFORD 5-SEAT WOVEN CORNER GA, SAMSUNG GALAXY S21 PLUS LED VIEW COVER PHANTOM VIO, RETAILER NATURAL COLLECTION SIBERIAN GO, RETAILER COW PARSLEY CUSHION PUTTY, ANYDAY RETAILER TIGER PRINT SLEEPING BA, OONI FYRA 12 PORTABLE OUTDOOR PIZZA OVEN BLACK SIL, SMEG KLF03 KETTLE BLACK, RETAILER SWOON HAFSTROM SIDEBOARD NATUR, KETTLER PALMA 3-SEATER GARDEN SOFA WHITE WASH GREY, RETAILER KIDS EXPLORE BORG JACKET ORANG, WEST ELM WRIGHT 6 DRAWER CHEST FSC CERTIFIED EUCAL, RETAILER ROUND ACACIA WOOD TRAY 36CM NA, JOULES JARVIS JUMPER FRENCH NAVY XL, SILENTNIGHT SLEEP SOUNDLY MIRACOIL COMFORT MATTRES, RETAILER SWIRL SEMI FLUSH CEILING LIGHT, RETAILER ARRAY STORAGE CABINET BLACK, RETAILER PADSTOW MEDIUM 2 SEATER FIXED, INGENUITY COZY SPOT REVERSIBLE ACTIVITY GYM, RETAILER PADSTOW LARGE 3 SEATER SOFA, RETAILER CAMBER SMALL 2 SEATER LEATHER, SN Z SN ZPOD 4 BEDSIDE CRIB WHITE, TOMMEE TIPPEE CLOSER TO NATURE COMPLETE FEEDING SE, RETAILER MULTI STRIPE RUGS HARVEST L240, HALO GROUCHO SMALL 2 SEATER LEATHER SOFA ANTIQUE W, RETAILER CALIA SOFA SIDE TABLE DARK WOO, HW-Q900T, RETAILER ST IVES CANOPY BED FRAME KING, HERMAN MILLER AERON OFFICE CHAIR SIZE C MINERAL PO, RETAILER SWOON MENDEL SIDEBOARD GREY, RETAILER KIDS HEART PRINT TIGHTS PACK O, WEST ELM MID-CENTURY CHIFFOROBE FSC CERTIFIED EUCA, JAY-BE PIONEER FOLDING BED WITH FOAM FREE SMART FI, TARGUS NEWPORT CONVERTIBLE TOTE BACKPACK FOR LAPTO, CHEEKY RASCALS BATH SUPPORT, WEBER SPIRIT EPX-315 GBS WEBER CRAFTED SMART GRILL, RETAILER HAMMERED TEALIGHT HOLDER NICKE, ANYDAY RETAILER ROLLED DEEP MEMORY FOAM, KETTLER ELBA GARDEN DINING TABLE FSC-CERTIFIED TEA, BABYZEN YOYO STROLLER CAR SEAT PARASOL NAVY BLUE, SAMSUNG QE75QN800A 2021 NEO QLED HDR 2000 8K ULTRA, RETAILER SPINDLE BED FRAME DOUBLE OAK, HYPNOS ELEANOR FULL DEPTH HEADBOARD SUPER KING SIZ, DARTINGTON CRYSTAL SIMPLICITY RED WINE GLASSES 350, MONDAINE OFFICIAL SWISS RAILWAYS WALL CLOCK BRUSHE, HYPNOS HIDEAWAY STORAGE UPHOLSTERED DIVAN BASE SIN, RETAILER BOOTH MEDIUM 2 SEATER SOFA LIG, BELKIN 10W QI WIRELESS CHARGING PAD BLACK, HALO GROUCHO LEATHER ARMCHAIR HAND TIPPED GRAPHITE, RETAILER ARLO LARGE 3 SEATER LEATHER SO, RETAILER PLAIN GARDEN CUSHION 43 X 43CM, SWOON DENVER LOVESEAT INK VELVET, SAMSUNG QE75QN85A 2021 NEO QLED HDR 1500 4K ULTRA, ANYDAY RETAILER WHITBY DINING CHAIRS SE, RETAILER 4 BURNER BBQ COVER GREY, STOKKE TRIPP TRAPP HIGHCHAIR BLACK, SAMSUNG QE50QN94A 2021 NEO QLED HDR 2000 4K ULTRA, BABYBJ RN BLISS BOUNCER 3D GREY, CANON EF M 11-22MM F 4-5 6 ULTRA WIDE IS STM LENS, EMMA J SHIPLEY AMAZON PAIR LINED PENCIL PLEAT VELV, WIZ 11W LED MULTICOLOUR 1 METRE STRIP EXTENSION FO, RETAILER RATTAN BED FRAME DOUBLE BLACK, GOOGLE NEST HELLO VIDEO DOORBELL, KETTLER ELBA GRANDE CORNER 5-SEAT GARDEN LOUNGING, POLO RALPH LAUREN FLEECE HOODIE BILLIARD GREEN L, DENBY LINEN GLAZE COUPE DINNERWARE SET 12 PIECE WH, RETAILER CANE ACCENT ARMCHAIR LIGHT LEG, RETAILER MARLOW 200CM HINGED DOOR WARDR, BOSE SOUNDLINK REVOLVE II WATER-RESISTANT PORTABLE, ANYDAY RETAILER CLAYTON 2-4 SEATER DROP, HERMAN MILLER LINO OFFICE CHAIR MINERAL BISCAY, ORLA KIELY EARLY BIRD VELVET CUSHION GRANITE, RETAILER KIDS SPORTY STRIPE SOCKS PACK, RETAILER RATTAN BEDSIDE TABLE OAK, RETAILER MATCHBOX COMPACT 2 SEATER SOFA, HYPNOS FIRM EDGE 4 DRAWER DIVAN STORAGE BED SMALL, SLEEPGREEN NATURAL LATEX POCKET SPRING MATTRESS ME, RETAILER NO 045 LED PLUG-IN WALL LIGHT, BEATS FIT PRO TRUE WIRELESS BLUETOOTH IN-EAR SPORT, RETAILER BISTRO BULB WALL LIGHT ANTIQUE, RETAILER SINGLE MIRRORED BATHROOM CABIN, KETTLER PALMA 7-SEATER CORNER GARDEN MINI CASUAL D, SILENTNIGHT 2 DRAWER CONTINENTAL END DIVAN STORAGE, RETAILER BABY SAFARI ZEBRA SLEEPSUIT PA, PAPER SALAD FRUIT 7TH BIRTHDAY CARD, DUALIT DOMUS KETTLE CHARCOAL, UPPABABY VISTA V2 JORDAN PUSHCHAIR AND CARRYCOT CH, ANYDAY RETAILER 2-TIER EXPANDABLE SHOE, RETAILER ST IVES DOUBLE WARDROBE WITH 2, HUMANSCALE DIFFRIENT WORLD TASK OFFICE CHAIR BLACK, LG SP8Y BLUETOOTH WI-FI SOUND BAR WITH MERIDIAN TE, 4 SEASONS OUTDOOR VALENTINE HIGH BACK GARDEN CHAIR, MATTHEW HILTON FOR CASE DULWICH 6-10 SEATER EXTEND, RETAILER DRAPER 5 SEATER RHF CHAISE END, APPLE SILICONE CASE FOR IPHONE 11 PRO BLACK, RETAILER CADIZ RUG BLUE L120 X W180CM, PORTMEIRION BOTANIC GARDEN FLOWER DINNER PLATES SE, TOMMEE TIPPEE PERFECT PREP DAY NIGHT BLACK, RETAILER BARBICAN ARMCHAIR LIGHT LEG AQ, ANYDAY RETAILER FERN STORAGE CABINET OA, BOORI UNIVERSAL 3 DRAWER DRESSER WITH SQUARED CHAN, RETAILER OLIVER GRAND 4 SEATER SOFA, PARKER KNOLL OBERON ARMCHAIR MURRAY HERRINGBONE GO, 2020 APPLE IPAD 10 2 A12 IPADOS WI-FI CELLULAR 128, ANYDAY RETAILER SUNSET RUG MULTI L180 X, RETAILER FLARE SMALL 2 SEATER SOFA LIGH, BUGABOO DONKEY3 MONO PUSHCHAIR AND CARRYCOT BLACK, D R LARGE CIRCLE PENDANT CEILING LIGHT MOTTLED COP, CREED AVENTUS FOR HER EAU DE PARFUM 30ML, RETAILER BARBICAN GRAND 4 SEATER LEATHE, SWYFT MODEL 04 LARGE 3 SEATER DOUBLE SOFA BED BRIC, PANASONIC TX-48JZ1500B 2021 OLED HDR 4K ULTRA HD S, CHICCO POLLY MAGIC RELAX HIGHCHAIR GREY, RETAILER MARLOW 150CM HINGED WARDROBE P, ERCOL FOR RETAILER SHALSTONE STORAGE BENCH OAK, RETAILER HARROGATE HIGH BACK LARGE 3 SE, SWOON EVESHAM MEDIUM 2 SEATER SOFA DARK LEG FERN V, MICROSOFT SURFACE STUDIO LAPTOP INTEL CORE I5 16GB, ORLA KIELY LINEAR STEM PAIR LINED EYELET CURTAINS, ANYDAY RETAILER IRONING BOARD L122 X W3, TOMMEE TIPPEE PERFECT PREP MACHINE BLACK, RUCOMFY INDOOR OUTDOOR CUSHION SET OF 2 TURQUOISE, RETAILER ORB MULTI ARMED CEILING LIGHT, SCION MR FOX CUSHION NEW STEEL LIME, DELL S2722QC 4K ULTRA HD MONITOR 27 PLATINUM SILVE, UGG SCUFFITA CROSS OVER STRAP SHEEPSKIN SLIPPERS C, CONTENT BY TERENCE CONRAN BALANCE ALCOVE SHELVING, STOKKE XPLORY X CARRYCOT GREY, ARMANI EXCHANGE AX2164 MEN S CHRONOGRAPH BRACELET, RETAILER JAVA II LEATHER ARMCHAIR METAL, RETAILER NATURAL GOOSE FEATHER DOWN STA, RETAILER RATTAN BED FRAME DOUBLE OAK, RETAILER BAILEY DOUBLE SOFA BED, RETAILER DISTRESSED VELVET CUSHION MID, STOMPA UNO S PLUS 3 DRAWER CHEST WHITE, RETAILER BAILEY RHF CHAISE END SOFA BED, HUSH NOA EAR CUFF GOLD, TOM FORD PRIVATE BLEND TOBACCO VANILLE CANDLE 200G, CHICCO NEXT 2 ME AIR BEDSIDE CRIB STONE, LOUIS DE POORTERE HADSCHLU RUG L280 X W200 CM, WEST ELM ZANE MINI DESK BROWN, RETAILER MARLOW 150CM HINGED WARDROBE M, HALO GROUCHO MEDIUM 2 SEATER LEATHER SOFA HAND TIP, RETAILER MEADOW FRETWORK SHADE CEILING, RETAILER CHILDREN S LEATHER CHELSEA BOO, WEST ELM MID-CENTURY BED FRAME KING SIZE FSC CERTI, RETAILER STRIPE HAND TOWEL BRIGHT BLUE, SCION STIPA WALLPAPER NZAW112019, TUTTI CO AMBLE TEXTURED OPEN BANGLE GOLD, SCION KIVI KING DUVET COVER SET MULTI, OCULUS QUEST 2 ELITE STRAP WITH BATTERY AND CARRYI, M LIFE STRIPED YOGA LEGGINGS BLACK M, RETAILER GRACE UPHOLSTERED BED FRAME DO, DYSON SV22 D15 VACUUM CLEANER, RETAILER DUHRER COFFEE TABLE, MARGO SELBY TANKERTON BATH TOWEL GREEN, RETAILER GEMSTONES PENDANT NECKLACE BLU, PHILIPS GC4938 20 AZUR ADVANCED STEAM IRON BLUE, OYSTER 3 CARRYCOT MERCURY, MORRIS CO SEASONS BY MAY KING DUVET COVER SAFFRON, IMPEX CARLO CRYSTAL FLUSH CEILING LIGHT LARGE CHRO, RETAILER GEO HURRICANE CANDLE HOLDER H2, RETAILER DEVON EASY-TO-FIT LARGE CEILIN, SERIOUS READERS ALEX LED DESK LAMP WHITE NICKEL, SONOS FIVE SMART SPEAKER BLACK, JABRA ELITE 3 TRUE WIRELESS BLUETOOTH IN-EAR HEADP, RETAILER LARGE ACACIA WOOD CHOPPING BOA, RETAILER CAMDEN LEATHER SNUGGLER DARK L, RETAILER CRADLE ROPE GARDEN SOFA CHAIRS, RETAILER BAILEY LARGE 3 SEATER SOFA, CROFT COLLECTION MELROSE FIXED COVER GRAND 4 SEATE, RETAILER KONE 2 LEVER PROFESSIONAL PULL, DESSER RAFFLES RATTAN COFFEE TABLE NATURAL, RETAILER FLORAL DECKCHAIR SLING MULTI, MICROSOFT SURFACE PRO SIGNATURE TYPE KEYBOARD COVE, RETAILER TOKYO RHF MEDIUM MODULAR ARM U, RETAILER SELSEY SEMI FLUSH 3 PENDANT CE, DELL XPS 15 9510 LAPTOP INTEL CORE I7 PROCESSOR 16, PHILIPPE STARCK FOR KARTELL MASTERS CHAIR GREY, ANYDAY RETAILER ARLO PAIR LINED PENCIL, CYBEX E-PRIAM PUSHCHAIR CHASSIS CHROME BLACK, WEST ELM MID-CENTURY STORAGE CABINET ACORN, HUMANSCALE DIFFRIENT WORLD TASK OFFICE CHAIR GREY, RETAILER OSLO SNUGGLER, LACIE STHG4000400 EXTERNAL HARD DISK DRIVE, 4TB, SAMSUNG LC27T550FDRXXU FULL HD CURVED MONITOR 27 G, RETAILER SWOON LYON LOVESEAT WILDWOOD G, STOMPA COMPACT MID-SLEEPER BED FRAME SINGLE WHITE, ANYDAY RETAILER TRAPEZE SHELVING UNIT B, RETAILER CLOUD COTBED WHITE, SWYFT MODEL 02 LARGE 3 SEATER SOFA SEAGLASS LINEN, ANYDAY RETAILER MIX IT BEDSIDE TABLE NA, TOMMEE TIPPEE ORTHODONTIC DAYTIME SOOTHER 0-2 MONT, RETAILER ELEVATE ARMCHAIR METAL LEG CON, RETAILER DRAPER LEATHER GRAND 4 SEATER, RETAILER BARBICAN LHF CHAISE END LEATHE, SAMSUNG QE85QN95A 2021 NEO QLED HDR 2000 4K ULTRA, RETAILER KIP SMALL DOUBLE SOFA BED LIGH, RETAILER ABACUS LARGE FILING CABINET FS, APPLE CLEAR CASE WITH MAGSAFE FOR IPHONE 13 MINI, APPLE WATCH SE GPS CELLULAR 44MM SPACE GREY ALUMIN, KARNDEAN CLEAN 750ML, HP ENVY 6430E ALL-IN-ONE WIRELESS PRINTER HP ENABL, TETRAD LEWIS LARGE 3 SEATER SOFA HARRIS TWEED BRAC, RETAILER ROSE VANILLA TEALIGHTS PACK OF, RETAILER MARLOW 300CM MIRRORED SLIDING, LG 55NANO806PA 2021 LED HDR NANOCELL 4K ULTRA HD S, RUCOMFY INDOOR OUTDOOR BEAN CUBE TURQUOISE, EPSON ECOTANK ET-2756 THREE-IN-ONE WI-FI PRINTER W, SN Z SN ZCLOUD SLEEP AID, KOTI HOME AVON UPHOLSTERED BED FRAME DOUBLE CLASSI, RETAILER ELSTRA 4 DRAWER CHEST OF DRAWE, RETAILER BUDDHA GARDEN SCULPTURE H75CM, JOSEPH JOSEPH FLIP UP DISH RACK, TOM FORD PRIVATE BLEND ROSE PRICK EAU DE PARFUM 50, D R ILARIO STAR LARGE CEILING LIGHT ANTIQUE BRASS, BRABANTIA PERFECTFLOW IRONING BOARD WITH SOLID STE, KETTLER CORA 10 SEATER RECTANGULAR GARDEN DINING T, RETAILER POSTER FRAME MOUNT WHITE A1 60, RETAILER ST IVES 4 DRAWER CHEST WHITE, GOOGLE WI-FI MESH NETWORK SYSTEM ROUTER POINT AC12, RETAILER CHESTER LARGE 3 SEATER SOFA, SAMSUNG GALAXY Z FLIP 3 5G FOLDABLE SMARTPHONE 8GB, ANYDAY RETAILER CLASSIC BOBBIN SIDE TAB, AVF MB6713 OUTDOOR MULTI POSITION MOUNT FOR TVS FR, SWOON EVESHAM LARGE 3 SEATER SOFA DARK LEG KINGFIS, APPLE CLEAR CASE WITH MAGSAFE FOR IPHONE 13 PRO MA, LAVAZZA A MODO MIO MILKEASY MILK FROTHER, SAMSUNG LC32R500FHRXXU FULL HD CURVED MONITOR 32 G, RETAILER OLIVER MODULAR LEATHER STORAGE, NEFF T58FD20X0 80CM INDUCTION HOB BLACK, LIDO PEARL AND CUBIC ZIRCONIA STACKED COCKTAIL RIN, MODE LEATHER PARIS SLEEVE CASE FOR MACBOOK AIR MAC, RETAILER NON-SPRUNG 4 DRAWER STORAGE UP, MORRIS CO STRAWBERRY THIEF LAMPSHADE DUCK EGG MULT, RETAILER OLIVER ARMLESS MODULAR CORNER, ANYDAY RETAILER FERN TV STAND FOR TVS U, RETAILER GRACE UPHOLSTERED BED FRAME SM, DUALIT STUDIO KETTLE WHITE GREY, SKINNYDIP DOMINICA DOUBLE DUVET COVER SET GREEN, SUPERDRY INDIE COACH LEATHER JACKET WASHED TAN L, RETAILER LISBETH EASY-TO-FIT CEILING SH, THOUGHT CASSANDRA ORGANIC COTTON MAXI DRESS RED MU, AARKE CARBONATOR SPARKLING WATER MAKER GAS CYLINDE, ANYDAY RETAILER BABY ELEPHANT PRINT SLE, RETAILER HECTOR TABLE LAMP ANTIQUE BRAS, PACIFIC LIFESTYLE TALL SMOKED GLASS TABLE LAMP SMO, NUMATIC HENRY PET PRO VACUUM CLEANER, RETAILER SWOON URELLA GLASS SIDE TABLE, RETAILER BABY GOTS ORGANIC COTTON SCRAT, KETTLER FREESTANDING FREE ARM LED LIGHT WIRELESS S, RETAILER CHARLOTTE HIGH BACK ARMCHAIR, SWYFT MODEL 04 LARGE 3 SEATER DOUBLE SOFA BED SHAD, POTTERY BARN KIDS GRAHAM PERFORMANCE BASKETWEAVE G, LG 75NANO806PA 2021 LED HDR NANOCELL 4K ULTRA HD S, WEST ELM MID-CENTURY 4-6 SEATER EXTENDING DINING T, 4 SEASONS OUTDOOR VALENTINE 2-SEATER SUNBED PURE, JOIE BABY SPIN 360 GROUP 0 1 CAR SEAT DARK PEWTER, RETAILER ETIENNE SLEIGH BED FRAME SUPER, RETAILER KATIE STICK LAMP BASE CREAM H3, RETAILER MARLOW 300CM HINGED WARDROBE M, RETAILER HECTOR FLOOR LAMP SATIN NICKEL, G PLAN VINTAGE THE SIXTY FIVE FOOTSTOOL PLUSH SLAT, RETAILER TRINITY MARBLE SIDEBOARD BROWN, SILVER CROSS CLASSIC TRUE FIT TM COTBED MATTRESS 1, TOSHIBA CANVIO ADVANCE PORTABLE HARD DRIVE 1TB BLA, BEATS FLEX WIRELESS BLUETOOTH IN-EAR HEADPHONES WI, NANOB B COMPACT DRYING RACK, RETAILER CHEVRON 4-SEATER ROUND GARDEN, RETAILER CAMFORD II ARMCHAIR, KETTLER CORA LOUNGING 2 SEATER SOFA FSC-CERTIFIED, STRING SHELVING UNIT WITH DOUBLE CABINETS SHELVES, LAURA ASHLEY PUSSY WILLOW KING DUVET COVER SET DOV, AMERICAN TOURISTER AIRCONIC 77CM 4-WHEEL LARGE SUI, IVYLINE HERITAGE FIREPIT BOWL BLACK, RETAILER CALIA BAR STOOL OAK, NICKY CHUBB AURUMN FRAMED CANVAS PRINT MOUNT 84 X, FRUGI BABY ORGANIC COTTON FARM PRINT SLEEPSUIT MUL, ERCOL FOR RETAILER SHALSTONE DRESSING TABLE, LG OUTDOOR BERGEN 2-SEAT ROUND GARDEN BISTRO TABLE, RETAILER LEVEL BED FRAME DOUBLE OAK, SILVER CROSS MOTION I-SIZE 360 ROTATION BABY CAR S, RETAILER SPECIALIST SYNTHETIC LUXURY ME, OONI KODA 12 GAS FUEL PORTABLE PIZZA OVEN, RETAILER CHARLOTTE LARGE 3 SEATER SOFA, LITTLELIFE LIGHT UP CAR MIRROR, ANYDAY RETAILER STONEWARE MUGS SET OF 4, BUGABOO UNIVERSAL FOOTMUFF MIDNIGHT BLACK, PHILIPS GC4537 86 AZUR STEAM IRON BLACK, SWOON KALMAR OTTOMAN DARK LEG INK VELVET, CROFT COLLECTION FROME LOVESEAT, RETAILER MARTHA CERAMIC TABLE LAMP BLUE, APPLE HOMEPOD MINI SMART SPEAKER BLUE, RETAILER CAMBER FOOTSTOOL, PANASONIC DP-UB820EBK SMART 3D 4K UHD HDR UPSCALIN, CIRCULON STYLE HARD-ANODISED ALUMINIUM NON-STICK S, RETAILER STRIPE QUILTED BEDSPREAD GREY, LITTLE HOME AT RETAILER OUTER SPACE WALL STICKER, RETAILER CLASSIC COLLECTION LUXURY SUPP, RETAILER SOFT CLOSE BATHROOM PEDAL BIN, RETAILER SWOON RADLEY MEDIUM 2 SEATER S, KETTLER PALMA GARDEN CORNER SOFA FURNITURE COVER, RETAILER RISE LARGE 3 SEATER REVERSIBLE, BABYZEN YOYO FOOTMUFF NAVY, PANASONIC TX-65HZ980B 2020 OLED HDR 4K ULTRA HD SM, ANYDAY RETAILER NESTING RECTANGULAR PLA, WEBER BBQ MITT BLACK, RETAILER COTTON VELVET CUSHION NOUGAT, RETAILER CAMBER SMALL 2 SEATER SOFA, RETAILER PILLOW SMALL 2 SEATER SOFA, RETAILER GRACE KITAMI BED FRAME KING SI, ANYDAY RETAILER BORDER WOOL RUG IVORY L, RETAILER ELEPHANT HOODED TOWEL, ANYDAY RETAILER CLEAR WASTE PAPER BIN, RETAILER BARBICAN LARGE 3 SEATER SOFA L, BABYZEN YOYO CHASSIS COLOUR PACK BUNDLE BLACK, AVF JXPL401 TILTING WALL MOUNT FOR TVS UP TO 55, RETAILER PETAL ARMCHAIR DARK LEG WINDSO, ANYDAY RETAILER STONEWARE CEREAL BOWLS, GOOCH LUXURY DISTRESSED MEDALLION RUG GOLD L180 X, RETAILER JAVA II GRAND 4 SEATER SOFA ME, STOKKE STROLLER CAR SEAT ADAPTERS BLACK, HP OFFICEJET 8015E ALL-IN-ONE WIRELESS PRINTER WIT, RETAILER STAINLESS STEEL MILK JUG 300ML, RETAILER BURFORD GARDEN WOVEN LOUNGING, RETAILER CALIA DESK DARK, BUGABOO DONKEY 5 CARRYCOT STORMY BLUE, MODERN ARCH WINDOW METAL FRAME INDOOR OUTDOOR WALL, RETAILER CLASSIC WOOL PILLOW TOP 1400 P, ORCHARD TOYS DINOSAUR LOTTO MATCH AND MEMORY GAME, VISPRING MEDUSA FULL DEPTH UPHOLSTERED HEADBOARD D, APPLE 45W MAGSAFE 2 POWER ADAPTER FOR MACBOOK AIR, SILVER CROSS WAVE CARRYCOT STAND BLACK, RETAILER RECLINE MEDIUM 2 SEATER SOFA L, RETAILER SHOW WOOD SOFA BED LIGHT LEG T, CALVIN KLEIN INTENSE POWER COTTON STRETCH TRUNKS P, FRENCH CONNECTION AIDEN MIDI SHIRT DRESS FIERY RED, SPECK BALANCE FOLIO FOR 10.2"" IPAD AND 10.2"" IPAD, BAY LIGHTING GRACE GLASS TOUCH TABLE LAMP CLEAR NI, JXPL601, ANYDAY RETAILER BATH TOWELS PACK OF 2 W, RETAILER CLAVERDON FOOTSTOOL, NINJA OP350 6L 9IN1 MULTI COOKER, WEBER ORIGINAL GBS CAST IRON BBQ GRIDDLE, LOUIS DE POORTERE CASABLANCA RUG TERRACOTTA L240 X, ANYDAY RETAILER INDOOR OUTDOOR DIAMOND, SHNUGGLE BABY BATH WITH PLUG GREY WHITE, WEST ELM STREAMLINE MARBLE COFFEE TABLE LIGHT BRON, 4 SEASONS OUTDOOR VALENTINE HIGH BACK GARDEN BISTR, RETAILER ARC 8 SEATER DINING TABLE OAK, RETAILER HAIRPIN 8 SEATER DINING TABLE, MARLENE MIRROR 69 X 69CM ANTIQUE GOLD LEAF, PHILIPS 60W A60 B22 BC LED NON DIMMABLE CLASSIC BU, RETAILER PLECTRUM SIDE TABLE WALNUT, WEST ELM PROFILE WIDE BOOKCASE ANTIQUE BRASS, ANYDAY RETAILER CAR MIRROR, SHARK NZ801T ANTI HAIR WRAP PET CORDED VACUUM CL, BELKIN 4K HDMI 2 0 CABLE 2M BLACK, TOMMY HILFIGER TOMMY FLAG NECK TEE DESERT SKY XXXL, PHILIPS BRL140 00 SATINSHAVE ADVANCED WET AND DRY, HALO GROUCHO SMALL 2 SEATER LEATHER SOFA HAND TIPP, SWYFT MODEL 01 LARGE 3 SEATER SOFA SEAGLASS LINEN, AVF CALIBRE TV STAND FOR TVS UP TO 55 GREY, RETAILER SPINDLE TABLE LAMP WALNUT STAI, RETAILER THEALE UPHOLSTERED HEADBOARD D, NAIM MU-SO 2ND GENERATION WIRELESS BLUETOOTH MUSIC, POLO RALPH LAUREN CUSTOM SLIM POLO SHIRT COLLEGE O, RETAILER CAMDEN SMALL 2 SEATER SOFA LIG, NEMO POCKET SPRING ROLLED MATTRESS MEDIUM TENSION, BODUM DOUBLE-WALLED STAINLESS STEEL TRAVEL MUG 350, CHANEL BLEU DE CHANEL EAU DE TOILETTE SPRAY 50ML, KETTLER SURF ACTIVE 6-SEATER GARDEN DINING TABLE R, KETTLER PALMA LUXURY SUN LOUNGER GARDEN FURNITURE, TETRAD LEWIS PETITE 2 SEATER SOFA HARRIS TWEED SKY, RETAILER MARLOW 250CM MIRRORED HINGED W, RETAILER ROUND ART MIRROR 80CM BLUE, RETAILER ORGANIC COTTON STRIPE BOXERS P, RETAILER EMILIA CRYSTAL DRUM FLOOR LAMP, RETAILER ALUMINIUM POSTER FRAME BLACK 1, DOCKATOT DELUXE WILLOW BOUGHS BABY POD 0-8 MONTHS, APPLE WATCH 44MM BLACK UNITY SPORT BAND, KETTLER ELBA GARDEN CUSHIONED SUN LOUNGER CHARCOAL, FR333040, POTTERY BARN KIDS WOODEN COT MOBILE ARM IVORY, SWOON PORTO LARGE 3 SEATER SOFA DARK LEG INDIGO WO, MOBY ELEMENTS WRAP BABY CARRIER ASPHALT, RETAILER MORITZ VELVET DINING CHAIR AQU, HARLEQUIN STANDING OVATION SALICE PASTE THE WALL W, ANYDAY RETAILER OPEN SPRING MATTRESS ME, TOMMEE TIPPEE ULTRA LIGHT SENSITIVE SOOTHER 0-6 MO, RETAILER LARGE DOME METAL EASY-TO-FIT C, UNDER THE ROSE PERSONALISED MEN S LEATHER BRACELET, WEST ELM MID-CENTURY ASYMMETRICAL WALL MIRROR 167, RETAILER BALDWIN OUTDOOR WALL LIGHT PEW, ANGLEPOISE ORIGINAL 1227 BRASS DESK LAMP ELEPHANT, RETAILER FUSION OVAL IRON LANTERN WHITE, RETAILER HECTOR MINI FLOOR LAMP SATIN N, BIG GREEN EGG LARGE BBQ ACACIA WOOD SHELVES NEST B, RETAILER SOLAR LED OUTDOOR STAKE LIGHT, RETAILER ST IVES STORAGE BEDSIDE TABLE, RETAILER NEWINGTON PRE-LIT CHRISTMAS TR, SERAX DIP POT EXTRA LARGE GREEN, TOMMEE TIPPEE MADE FOR ME SINGLE SILICONE BREAST P, BLUEAIR BLUE 3210 AIR PURIFIER, RETAILER CLIMATE COLLECTION COPPER 1200, PHILIPS 8W ES LED CLASSIC LIGHT BULB FROSTED, AVF AFFINITY PREMIUM BUCKINGHAM 1100 TV STAND FOR, CYBEX GAZELLE S KID BOARD, UPPABABY RUMBLE SEAT GREYSON, HYPNOS KINGSWOOD TURNABLE POCKET SPRING MATTRESS M, RETAILER POISE 3 SEATER BENCH OAK, JOIE BABY DUALLO GROUP 2 3 CAR SEAT TUXEDO BLACK, E-CLOTH GRANITE CLEANING CLOTHS PACK OF 2, BEATS SOLO WIRELESS BLUETOOTH ON-EAR HEADPHONES WI, RETAILER A-LINE MAC KHAKI 12, MICROSOFT SURFACE STUDIO LAPTOP INTEL CORE I7 16GB, RETAILER HUXLEY 9 ARM SEMI FLUSH CEILIN, RETAILER RISE SMALL 2 SEATER SOFA, RETAILER WHITE TEA BERGAMOT REED DIFFUS, DYSON V10 ANIMAL EXTRA VACUUM CLEANER, ANYDAY RETAILER ANTON COFFEE TABLE NATU, PANASONIC SC-HTB258 BLUETOOTH SOUND BAR WITH WIREL, SWYFT MODEL 01 LARGE 3 SEATER SOFA VINE VELVET, RETAILER TECHNICOLOUR SUPERNATURE DINOS, EBBE GEHL FOR RETAILER MIRA DESK OAK WHITE, RETAILER DRIFT TOILET BRUSH GREY, GREENPAN PREMIERE STAINLESS STEEL CERAMIC NON-STIC, SAMSUNG HW-Q700A BLUETOOTH WI-FI CINEMATIC SOUND B, RETAILER RYE GARDEN BISTRO TABLE NATURA, AVF AFFINITY PREMIUM BURGHLEY 1500 TV STAND FOR TV, BAY LIGHTING LIZA GLASS TABLE LAMP CLEAR ANTIQUE B, BABYZEN YOYO CHASSIS BASSINET COLOUR PACK BUNDLE B, ANYDAY RETAILER SEMI-CIRCLE BEDSIDE TAB, ERCOL FOR RETAILER SHALSTONE SHELVING UNIT OAK, TRULY CASHMERE CREW NECK JUMPER RUBY M, DESSER CENTURION RATTAN 2-SEATER SOFA NATURAL, RETAILER HAEGAN STORAGE CABINET BLACK, RETAILER OLIVER MODULAR SNUGGLER ARMLES, ANYDAY RETAILER LIGHT COTTON BATH SHEET, HUSH ELLE V-NECK ONESIE GREY MARL XL, RETAILER SALSA GARDEN CHAIR SET OF 2 MO, HUSH PUPPIES ELEVATE LEATHER TRAINERS NAVY 9, ANYDAY RETAILER QUICK DRY BOBBLE SHOWER, GOOCH ORIENTAL KHURJEEN RUG MULTI L307 X W198 CM, RETAILER HEMINGWAY NEST OF 3 TABLES, OWLET SMART SOCK PLUS BABY MONITOR MINT, RETAILER EXTENDING MAGNIFYING BATHROOM, CHICCO NEXT 2 ME MAGIC 2 BEDSIDE CRIB COOL GREY, RETAILER MARLOW 100CM HINGED WARDROBE G, APPLE WATCH 44MM SPORT BAND, RETAILER SOLAR BUBBLE OUTDOOR STAKE LIG, DEVON DUVETS NATURAL DEVON WOOL STANDARD PILLOW ME, SWYFT MODEL 01 MEDIUM 2 SEATER SOFA BRICK VELVET, MFQ2420BGB, RETAILER CASSIE LAMPSHADE BLACK BRASS D, ROYAL WORCESTER SERENDIPITY PLATINUM FINE BONE CHI, ANYDAY RETAILER OTTOMAN STORAGE BOX LAR, RETAILER VIENNA NEST OF 2 TABLES, RETAILER STAINLESS STEEL BBQ CLEANING B, RETAILER BEVELLED EDGE BATHROOM MIRROR, RETAILER BUTTON FOOTSTOOL STANDARD, RETAILER TELEPHONE BOX BAUBLE RED LARGE, RETAILER THE ULTIMATE COLLECTION BRITIS, HUSH REA TEA FLORAL MIDI DRESS LEAFY BLUE 10, ANYDAY RETAILER RIDGE SIDEBOARD GREY, RETAILER OGEE DOOR MAT, SWOON EVESHAM LARGE 3 SEATER SOFA DARK LEG INK VEL, RETAILER CERAMIC REACTIVE GLAZE PASTA B, MARSHALL EMBERTON PORTABLE BLUETOOTH SPEAKER BLACK, RETAILER SILK  PILLOWCASE WHITE, RETAILER DUPLET DAYBED LIGHT LEG HATTON, LG OUTDOOR DEVON 4 SEATER GARDEN DINING TABLE AND, SMEG BCC02 BEAN TO CUP COFFEE MACHINE WHITE, MOTHER OF PEARL SPOT ORGANIC SILK PILLOWCASE PINK, EVERDURE BY HESTON BLUMENTHAL PREMIUM BBQ TOOL SET, SN7CY, ANYDAY RETAILER SWEEP MEDIUM 2 SEATER S, RETAILER SYNTHETIC CLUSTERFIBRE STANDAR, SWOON DENVER FOOTSTOOL INK VELVET, RETAILER ELEVATE MEDIUM 2 SEATER POWER, RETAILER COMPTON LEATHER WING ARMCHAIR, MD812B/B, ANYDAY RETAILER JERSEY CUSHION STEEL, STOKKE TRIPP TRAPP HIGHCHAIR BABY SET MOSS GREEN, SWOON EVESHAM ARMCHAIR DARK LEG BISCUIT VELVET, ANYDAY RETAILER KIDS COTTON RICH TIGHTS, GOOCH LUXURY OVERDYE ZIEGLER RUG L290 X W200 CM, ANYDAY RETAILER JAX SMALL SIDE TABLE AL, TARGUS CYPRESS SLEEVE WITH ECOSMART FOR LAPTOPS UP, TEFAL IXEO POWER QT2020 ALL-IN-ONE IRON CLOTHES ST, RETAILER JACQUES TRIPOD FLOOR LAMP GREY, RETAILER BABY PIMA COTTON LONG SLEEVE B, RETAILER SAWN BED FRAME KING SIZE NATUR, TOMMEE TIPPEE THE ORIGINAL GROBAG NEWBORN EASY SWA, LOLLYS LAUNDRY JOBEL STRIPE JUMPER NEON PINK S, HYPNOS ELITE POCKET SPRING MATTRESS MEDIUM KING SI, APPLE LIGHTNING TO DIGITAL AV ADAPTER MD826, ROBERT WELCH STANTON CUTLERY SET 56 PIECE 8 PLACE, RETAILER NATURAL QUILTED TOP HYBRID STA, RETAILER TORTONA GRAND 4 SEATER SOFA, 11630, PANASONIC DP-UB9000 SMART 3D 4K UHD HDR BLU-RAY DV, 2020 APPLE IPAD 10.2"" 128GB SILVER, RETAILER SOFT EDGE FREESTANDING MIRROR, ANYDAY RETAILER SINGLE DUVET COVER WHIT, RETAILER MICRO-FRESH TREATED WASHABLE J, SHNUGGLE AIR BEDSIDE CRIB STONE GREY, EXTREME LOUNGING B BAG GARDEN BEANBAG GREY, ICANDY ORANGE DUO POD MIST, RETAILER SWOON URELLA GLASS COFFEE TABL, ANYDAY RETAILER MIX IT TRIPLE WARDROBE, RETAILER RUG HOLD UNDERLAY L240 X W70CM, RETAILER ARRAY STORAGE CABINET GREY, MORRIS CO PIMPERNEL RUG LINEN L280 X W200 CM, STOKKE TRIPP TRAPP HIGHCHAIR NATURAL, 317729-01, RETAILER EDGE RUNNER TERRACOTTA L240 X, KETTLER PANALSOL DELUXE ALUMINIUM CANOPY GAZEBO H2, RETAILER OLIVER LARGE 3 SEATER LEATHER, RETAILER BURFORD GARDEN LAWN CHAIR FSC-, NANOLEAF CANVAS STARTER KIT 9 LED PANELS MULTICOLO, SKIP HOP MOBY 3 STAGE BABY BATH TUB BLUE, ANYDAY RETAILER TIGER PRINT TODDLER DUV, RETAILER 400 THREAD COUNT SOFT SILKY EG, CLINIQUE DRAMATICALLY DIFFERENT MOISTURISING LOTIO, G PLAN VINTAGE THE SIXTY EIGHT ARMCHAIR MARL GREEN, FALLEN FRUITS ROUND STEEL BIRD BATH GREY, EPSON EXPRESSION PHOTO XP-970 THREE-IN-ONE A3 WIRE, SONY SRS-XB33 EXTRA BASS WATERPROOF BLUETOOTH NFC, UPPABABY CRUZ V2 PUSHCHAIR GREGORY, RETAILER ARCH MIRROR, RETAILER MARLOW 150CM SLIDING DOOR WARD, TALKING TABLES CRACKING CHRISTMAS JOKES, BOORI ALICE COTBED BARLEY, ANYDAY RETAILER JAX LARGE SIDE TABLE BL, TECHNICS SL-1500C PREMIUM DIRECT DRIVE TURNTABLE B, DIOR SAUVAGE EAU DE PARFUM 200ML, RETAILER ARTIFICIAL EVERGREEN LEAVES IN, CREED AVENTUS EAU DE PARFUM 50ML, RETAILER BUNDLE ARMCHAIR, AARKE CARBONATOR III SPARKLING WATER MAKER BLACK, RETAILER SANTINO DINING ARMCHAIR TAN OA, EAZIGLIDE NEVERSTICK2 ALUMINIUM NON-STICK MILK PAN, LSA INTERNATIONAL GIN COCKTAIL GLASS JUG WITH STIR, BUGABOO BEE6 PUSHCHAIR YELLOW, ANYDAY RETAILER MIX IT MIRROR WASHED OA, RETAILER NATURAL COLLECTION SILK 19400, SAMSUNG T7 PORTABLE SOLID STATE DRIVE USB 3 2 1TB, RETAILER SOLAR POWERED 100 LINE LIGHTS, RETAILER CHILDREN S SPOTTY CLAW SLIPPER, ELDEN RING LAUNCH EDITION PS4, SWOON LUNA LARGE 3 SEATER SOFA LIGHT LEG INDIGO WO, VITRA GEORGE NELSON SUNBURST QUARTZ ANALOGUE WALL, WEST ELM STREAMLINE MARBLE-EFFECT NARROW CONSOLE T, INNOVATION LIVING CUBED 140 SOFA BED NAVY BLUE, ANDA SEAT JUNGLE GAMING CHAIR JUNGLE BLACK, RETAILER BAILEY 5 SEATER LEATHER CORNER, VITRA EAMES DSW SIDE CHAIR LIGHT MAPLE LEG ICE GRE, CHICCO GOODY PLUS STROLLER GRAPHITE, SEALY 4 DRAWER STORAGE DIVAN BASE DOUBLE GREY, RECARO TIAN ELITE GROUP 1 2 3 CAR SEAT NIGHT BLACK, THE JUST SLATE COMPANY TABLE RUNNER BLACK, 46526 SLICE TOASTER, RETAILER SWOON FRANKLIN DESK BROWN, RETAILER KABIR MEDALLION RUG BLUE GREY, RETAILER SAWN BED FRAME SUPER KING SIZE, RETAILER BAILEY LEATHER SNUGGLER DARK L, ANYDAY RETAILER PLASTIC SIEVE 15CM WHIT, RETAILER DANTE DELUXE GARDEN DINING ARM, RADLEY LARKS WOOD LEATHER MEDIUM FOLDED PURSE INK, BABYMOOV HYGRO HUMIDIFIER WHITE, RETAILER SAVOY GUEST BED WITH TWO POCKE, RETAILER CHEVRON DOUBLE GARDEN SOFA POD, PLUM 10FT IN-GROUND TRAMPOLINE WITH NET, LENOVO Q24I-1L FULL HD MONITOR 23 8 BLACK, ANYDAY RETAILER EMBROIDERED FLOWER BOUD, RETAILER CAMBER LEATHER SNUGGLER DARK L, HYPNOS ALPACA COMFORT LAYER 5CM DEEP MATTRESS TOPP, RETAILER SWOON RADLEY LOVESEAT VIENNA G, TETRAD SKITTLE FOOTSTOOL ANTIQUE BRASS CASTORS HAR, BUGABOO UNIVERSAL FOOTMUFF BLACK, PHILIPPE STARCK FOR KARTELL MASTERS BAR CHAIR BLAC, ANYDAY RETAILER SYNTHETIC SOFT AND LIGH, RETAILER RATTAN CLOTHES RAIL BLACK, RETAILER BELGRAVE GRAND 4 SEATER SOFA, MARC JACOBS DAISY LOVE EAU SO SWEET EAU DE TOILETT, LITTLE ACORNS TRADITIONAL SLEIGH DOUBLE WARDROBE W, ANYDAY RETAILER KING DUVET COVER WHITE, RETAILER ARLO SMALL 2 SEATER LEATHER SO, DELL S2721QS 4K ULTRA HD MONITOR 27 COOL GREY, RETAILER MIAMI GARDEN RECLINING DINING, MAXI-COSI PEARL 360 I-SIZE INFANT CAR SEAT AUTHENT, RETAILER BALDWIN WALL LIGHT PEWTER COPP, ANGLEPOISE TYPE 80 DESK LAMP ROSE PINK, RETAILER HATCH STORAGE CABINET DARK BLU, RETAILER VALENCIA GARDEN COFFEE TABLE D, APPLE LEATHER CASE WITH MAGSAFE FOR IPHONE 12 PRO, GABOR LANZAROTE SLIP ON SANDALS NAVY 6, HABICO OVERLOCKING THREAD 5000Y BLACK, RETAILER BURFORD GARDEN COFFEE TABLE FS, RETAILER HENLEY BY KETTLER ROUND CHAIR, MORRIS CO SEAWEED RUG TEAL L200 X W140 CM, UMBRA COVERT EXTENDABLE CURTAIN POLE KIT SATIN NIC, KETTLER RHS HAMPTON GARDEN COFFEE TABLE SOFA CHAIR, EVA SOLO SUNLIGHT SOLAR LED OUTDOOR LAMP, TETRAD SKITTLE ARMCHAIR HARRIS TWEED SKYE MIDNIGHT, RETAILER DUAL TONE SCANDI DRESSER GREY, RETAILER STOCKHOLM EASY-TO-FIT CEILING, TARGUS VERSAVU CLASSIC CASE FOR IPAD 10 2 IPAD AIR, KETTLER CORA ROPE 3 SEAT GARDEN LOUNGING SOFA FSC-, ANYDAY RETAILER LULU 3 ARM CEILING LIGH, SIMPLEHUMAN WALL MOUNTED SENSOR MIRROR BRUSHED STA, RETAILER MEDAN 3 DRAWER BEDSIDE TABLE D, RETAILER ORB SEMI FLUSH CEILING LIGHT S, WEST ELM INDUSTRIAL OUTLINE FLOOR LAMP DARK BRONZE, PICASSO LE CHIEN FRAMED PRINT 40 X 50CM, RETAILER ROUEN UPHOLSTERED BED FRAME SU, RETAILER HENDRICKS LOVESEAT, LG SN9YG BLUETOOTH WI-FI SOUND BAR WITH MERIDIAN T, BRABANTIA DISH RACK DARK GREY, CAROLINE GARDNER LOVE YOU MUM MOTHER S DAY CARD, EGG2 PUSHCHAIR CUP HOLDER BLACK, AVF AFFINITY PREMIUM BURGHLEY 1250 TV STAND FOR TV, OONI 12-INCH BAMBOO PIZZA OVEN LAUNCHER 30CM, CROFT COLLECTION SKYE PAIR LINED PENCIL PLEAT CURT, RUCOMFY SLOUCHBAG JUMBO CORD BEAN BAG MUSTARD, RETAILER TORTONA 5 SEATER RHF CHAISE EN, RETAILER ST IVES DRESSING TABLE WHITE H, SWYFT MODEL 05 ARMCHAIR CHARCOAL VELVET, WEST ELM CANTO 6 SEATER DINING TABLE QUARTZ LIGHT, RETAILER REFINE LARGE 3 SEATER SOFA, STOMPA UNO S PLUS PACK OF 2 DOORS SMALL GREY, DESIGN PROJECT BY RETAILER NO 160 POT MEDIUM, HP 27M FULL HD MONITOR 27 BLACK, ANYDAY RETAILER WILTON DRESSING TABLE G, RETAILER CLAVERDON II LEATHER FOOTSTOOL, D R ORELLA CRYSTAL SMALL SEMI FLUSH CEILING LIGHT, RETAILER VALENCIA GARDEN 6-8 SEAT ADJUS, WEDGWOOD FABLED FLORAL RUG BLUE L240 X W170 CM, ANGLEPOISE TYPE 75 FLOOR LAMP JET BLACK, RETAILER DEVON FLOOR LAMP TAUPE, RETAILER 3-TIER HEATED INDOOR CLOTHES A, SAMSUNG GALAXY S21 PLUS CLEAR CASE TRANSPARENT, SONY WH-CH510 BLUETOOTH WIRELESS ON-EAR HEADPHONES, RETAILER HENDRICKS LEATHER ARMCHAIR DAR, EBBE GEHL FOR RETAILER MIRA FILING CABINET WHITE, TWEEZERMAN NOSE HAIR TRIMMER, EXTREME LOUNGING MIGHTY B BOX GARDEN BEANBAG GREY, NOSTIK TOASTIE TOASTER SLEEVES SET OF 2, INGENUITY COMFORT 2 GO PORTABLE FLORA SWING BOUNCE, TOM DIXON COPPER WIDE PENDANT CEILING LIGHT 50CM, SILENTNIGHT ROLLED FOAM JUNIOR BUNK BED MATTRESS M, RETAILER SPECIALIST SYNTHETIC MEMORY FO, LG GX BLUETOOTH SOUND BAR WITH HIGH RESOLUTION AUD, RETAILER GEM BOTTLE STOPPER, RETAILER CHARLOTTE LARGE 3 SEATER LEATH, SNUGGLEDOWN NATURAL DUCK FEATHER AND DOWN DUVET 4, LEITZ COSY GLASS DESK EASEL BLUE, RETAILER KNIFE SHARPENER, VITRA EAMES DSR SIDE CHAIR CHROME LEG LIGHT GREY, RETAILER MONTREAL 2 DOOR WARDROBE OAK, KETTLER CASSIS 2-SEATER GARDEN BISTRO TABLE CHAIRS, STOMPA UNO S PLUS MID-SLEEPER WITH PULL-OUT DESK 3, IT S ALL GOOD FOLK LONG SLEEVE COLOUR BLOCK RUGBY, RETAILER MARLOW 200CM MIRRORED SLIDING, RETAILER JELLY BEANS RUG NATURAL L150 X, TED BAKER NIKICON KNOT BOW SMALL ICON SHOPPER BAG, REST EASY SLEEP BETTER WEIGHTED EYE MASK PINK, RETAILER STAINLESS STEEL DEEP DISH DRAI, CALVIN KLEIN RECONSIDERED BIKINI KNICKERS PUNCH PI, CROFT COLLECTION MELROSE FIXED COVER MEDIUM 2 SEAT, POTTERY BARN KIDS GOTS ORGANIC SKY PRINT FITTED CO, SAMSUNG THE FREESTYLE HDR FULL HD SMART PORTABLE P, WEST ELM CRESCENT SWIVEL CHAIR FEATHER GREY, RETAILER THOMAS BUTTONED HIGH BACK ARMC, TEMPUR CLOUD SUPREME MEMORY FOAM MATTRESS SOFT EXT, RETAILER MURRAY ERGONOMIC OFFICE CHAIR, BURGUNDY TULIP 4 FRAMED PRINT MOUNT 56 X 56CM BURG, RETAILER CHESTER MEDIUM 2 SEATER SOFA D, SWYFT MODEL 01 ARMCHAIR TEAL VELVET, VITAL BABY NURTURE ADVANCED PRO UV STERILISER DRYE, RETAILER SLIM DIVAN BASE SUPER KING SIZ, RETAILER OSLO 15 LEATHER NYLON LAPTOP B, JOULES HOODED GO TO QUILTED JACKET DARK RED XL, ANYDAY RETAILER PLAIN COTTON CUSHION CL, APPLE HOMEPOD MINI SMART SPEAKER WHITE 2 PACK 2 SP, GHD PLATINUM HAIR STRAIGHTENERS WHITE, RITUALS PRIVATE COLLECTION SWEET JASMINE KITCHEN H, BOORI DELUXE PUROTEX POCKET SPRING MATTRESS 132 X, RETAILER SWOON LYON LOVESEAT CINDER GRE, CYBEX GAZELLE S CARRYCOT SOHO GREY, SWYFT MODEL 01 MEDIUM 2 SEATER SOFA LIGHT GREY VEL, RETAILER TROPEZ NEST OF 2 TABLES, PETER REED EGYPTIAN COTTON 2 ROW CORD  PILLO, RETAILER RONDA ROUND HANGING MIRROR 50C, LEGO STAR WARS 75277 BOBA FETT HELMET, BUGABOO CAMELEON3 PLUS PUSHCHAIR AND CARRYCOT BLAC, WEST ELM FINLEY VELVET DINING CHAIR PINK GRAPEFRUI, OYSTER 3 FOOTMUFF MERCURY, RETAILER HARROGATE HIGH BACK ARMCHAIR D, APPLE IPHONE 12 IOS 6 1 5G SIM FREE 256GB PURPLE, LAURA ASHLEY VIENNA CRYSTAL GLASS GLOBE CEILING LI, TRAEGER WOOD FIRED BBQ GRILL PREMIUM HICKORY HARDW, DESSER RAFFLES RATTAN FOOTSTOOL NATURAL, PHILIPS HUE WHITE AND COLOUR AMBIANCE OUTDOOR LED, TRUE GRACE PORTOBELLO OUD DIFFUSER REFILL 200ML, STOKKE TRIPP TRAPP HIGHCHAIR SERENE PINK, PANASONIC NN-CT56JBBPQ 27L SLIMLINE COMBINATION MI, WEST ELM NEWPORT RHF CHAISE END SOFA PERFORMANCE L, ANYDAY RETAILER FERN SIDE TABLE OAK, KIN EREN CHUNKY SOLE FLATFORM TRAINERS WHITE 6, RETAILER HARBOUR BLUE RIM DINNER PLATE, RETAILER HARVARD 3 DRAWER CHEST GREY, RETAILER ELEVATE LARGE 2 SEATER SOFA ME, VOYAGE ILINIZAS PAIR LINED PENCIL PLEAT CURTAINS P, SWYFT MODEL 02 MEDIUM 2 SEATER SOFA VINE VELVET, AMAZON ECHO DOT SMART SPEAKER WITH CLOCK AND ALEXA, APPLE WATCH NIKE SERIES 7 GPS CELLULAR 45MM STARLI, LITTLE HOME AT RETAILER VICTORIA 5 DRAWER CHEST, COACH PENN LEATHER CROSS BODY BAG BLACK, RETAILER DRAPER FOOTSTOOL, LAFUMA AIR COMFORT FUTURA SUN LOUNGER CORAL BLUE, RETAILER ORGANIC CANVAS HI-TOP TRAINERS, SPODE BLUE ITALIAN DINNER PLATES SET OF 4 27CM BLU, ROSIE MADE A THING REDUCE WINE BLANK GREETING CARD, KINGHAM OAK WOOD CHEVAL MIRROR 170 X 50CM NATURAL, BABYZEN YOYO CHASSIS COLOUR PACK BUNDLE BLACK GREY, RETAILER RATTAN DRESSING TABLE AND MIRR, RETAILER BATHTIME PIRATE BOAT, GOOGLE NEST HUB MAX HANDS-FREE SMART HOME CONTROLL, RETAILER COLLAGE CONNECT RUG MULTI L240, NINJA FOODI MAX 7-IN-1 7 5L MULTI-COOKER, ANYDAY RETAILER GARDEN DIRECTORS CHAIR, POTTERY BARN KIDS MID CENTURY CONVERTIBLE COTBED A, PHILIPS STAR LED TRIPLE SPOTLIGHT WHITE, PLAYSTATION 5 DUALSENSE WIRELESS CONTROLLER WHITE, RETAILER BABY COTTON RICH ROLL TOP SOCK, SWOON TULUM ARMCHAIR DARK LEG INK VELVET, CROFT COLLECTION LUNA FINE CHINA RIM PLATE 21 5CM, RETAILER PADMA PARQUET BED FRAME SUPER, RETAILER SOFT SILKY EGYPTIAN COTTON 800, RETAILER  SCROLL ARMCHAIR DARK LEG, MODE LEATHER PARIS SLEEVE CASE FOR LAPTOPS UP TO 1, LITTLE HOME AT RETAILER CAMPING REVERSIBLE COTTO, RETAILER SOREN BOUCLE OFFICE CHAIR GREY, PHILIPS BRI947 00 LUMEA PRESTIGE IPL HAIR REMOVAL, SAMSUNG GALAXY WATCH 4 4G CELLULAR 44MM ALUMINIUM, ERCOL FOR RETAILER SHALSTONE CONSOLE TABLE OAK, ANYDAY RETAILER MIX IT BEDSIDE TABLE WH, DARTINGTON CRYSTAL SIMPLICITY WHITE WINE GLASSES 2, RETAILER GRAYSON BUREAU OAK, KETTLER FREESTANDING LED LIGHT PARASOL BASE WITH W, UMBRA TUCKER MULTI-APERTURE NOTICE BOARD PHOTO FRA, RETAILER AKANI TABLE LAMP GREY BRASS, RETAILER BOYD LED SEMI FLUSH 3 ARM CEIL, RETAILER HELENA LAPTOP BAG, ANYDAY RETAILER ROLLED MEMORY FOAM MATT, RETAILER CERAMIC HEART VOTIVE CANDLE, GINGER RAY ROSE GOLD BIRTHDAY BALLOON DOOR KIT, RETAILER ASPECT DOUBLE MIRRORED AND ILL, RETAILER RICHMOND LANTERN CANDLE HOLDER, IMPEX DIORE CRYSTAL FLUSH CEILING LIGHT SMALL CHRO, SAMSUNG GALAXY S21 LED VIEW COVER PHANTOM BLACK, LITTLE ACORNS TRADITIONAL SLEIGH CHANGING TABLE DR, MINT VELVET ABSTRACT PRINT BARDOT MIDI DRESS GREEN, RETAILER WELLINGTON RUG L300 X W200CM D, WEST ELM HAVEN LARGE 3 SEATER LEATHER SOFA LUDLOW, CIRCLES WALL MIRROR 91 X 56CM GOLD, RETAILER PETAL CHAIR, RETAILER CHARLOTTE COTBED WHITE, RETAILER JAVA II MOTION MEDIUM 2 SEATER, RETAILER BOOTH GRAND 4 SEATER SOFA, STRING WALL PANEL SIDE RACK H75CM PACK OF 2 WHITE, RETAILER BUNDLE LEATHER ARMCHAIR NATURE, LUMIE DESKLAMP TOUCH DIMMABLE SAD LIGHT, HP OFFICEJET PRO 9014E ALL-IN-ONE WIRELESS PRINTER, SAMSUNG LF22T450FQRXXU FULL HD MONITOR 22 BLACK, CLINIQUE CLARIFYING LOTION 2 400ML, AMAZON KINDLE PAPERWHITE WATERPROOF EREADER 6 HIGH, CYBEX CLOUD Z I-SIZE ROTATING LIE FLAT BABY SEAT A, SAMUEL GROVES TRI-PLY STAINLESS STEEL SAUTE PAN LI, MARSHALL MOTIF ANC ACTIVE NOISE CANCELLING TRUE WI, THE LITTLE GREEN SHEEP ORGANIC COTBED MATTRESS, COLE MASON AMESBURY STEMLESS SALT PEPPER MILL GIFT, RETAILER CHUNKY WEAVE 2-SEATER GARDEN S, RETAILER DICE TALL SHELVING UNIT WALNUT, RETAILER CAPE SMALL 2 SEATER SOFA, RETAILER HAIRPIN DESK OAK, RETAILER MARLOW 250CM HINGED DOOR WARDR, VAX RAPID POWER CARPET CLEANER, SAMSUNG GALAXY S21 ULTRA SMARTPHONE, KITCHENAID MINI STAND MIXER MATTE BLACK, ANYDAY RETAILER BRANDON DESK LAMP BLACK, RETAILER BROOKLYN CLOTHES RAIL, RETAILER SANSA SPLAYED ARM SOFA BED WIT, WEST ELM MODERN PETAL UPHOLSTERED DINING CHAIR NAT, INNOVATION LIVING CUBED 140 SOFA BED TWIST GRANITE, RETAILER 8K HDMI CABLE 1 5M BLACK, SILENTNIGHT SLEEP GENIUS FULL HEIGHT HEADBOARD DOU"
item8,87,"LIVING DINING FURNITURE, OUTDOOR ACCESSORIES, BATHROOM ACCESSORIES, BED LINEN, BABYWEAR, STORAGE ORGANISATION, COOKWARE, SOFT FURNISHINGS, NURSERY FURNITURE, LINGERIE HOISERY, MEN S FOOTWEAR, DECORATIVE ACCESSORIES, BABY FEEDING, TELEVISIONS HOME CINEMA, BEDROOM FURNITURE, WOMEN S CLOTHES, CARPETS RUGS FLOORING, BARWARE, BATH LINEN, LIGHTING, TABLEWARE, KITCHEN ACCESSORIES, WOMEN S FOOTWEAR, TOYS, MEN S CLOTHES, WINDOW DRESSING, BABY CHILD TRAVEL, COMPUTERS, MAKEUP, BABY PLAY EQUIPMENT, PICNICWARE, PENS PENCILS, NURSERY LINEN, LIVING & DINING FURNITURE, HOUSEHOLD CLEANING, BAGS WALLETS ACCESSORIES, CHRISTMAS DECORATIONS, LAUNDRY CLOTHESCARE, CARPETS, RUGS & FLOORING, HOME AND PERSONAL SECURITY, GREETING CARDS PERSONALISED STATIONERY, STORAGE & ORGANISATION, DRESSMAKING, CABLES ADAPTERS, CRAFT, WARRANTY, COOKING APPLIANCES, FOOD PREPARATION, THEMED GIFTS, POWER & BATTERIES, OUTDOOR FURNITURE, BOYSWEAR, BABY CHANGING, PRINTERS SCANNERS, FACIAL SKINCARE, FILING DESK ACCESSORIES, HOME OFFICE, SCHOOLWEAR, NURSERY TOYS, JEWELLERY WATCHES, NURSERY ACCESSORIES, COMPUTER PERIPHERALS ACCESSORIES, MEN S NIGHTWEAR, SERVICE, WOMENS CLOTHES, TABLE LINEN, BATHROOM FIXTURES, KITCHEN STORAGE, HOT DRINK PREPARATION, BARBECUES ACCESSORIES, GARDENING EQUIPMENT, KITCHEN UTENSILS GADGETS, BOOKS, BABY & CHILD TRAVEL, FRAGRANCE, DECORATING, HEATING COOLING APPLIANCES, STATIONERY SUNDRIES, BAGS CARRY CASES, FOOD STORAGE, AUDIO ACCESSORIES, TELEPHONE ACCESSORIES, KITCHEN SCALES & MEASURES, LAUNDRY & CLOTHESCARE, CHILDREN S ACCESSORIES, PRESERVING BAKING EQUIPMENT, HEALTH BEAUTY ELECTRICAL"
item17,44,"TABLEWARE, STORAGE ORGANISATION, COOKWARE, BABY FEEDING, BABY CHANGING, NURSERY FURNITURE, BED LINEN, JEWELLERY WATCHES, COOKING APPLIANCES, LIVING DINING FURNITURE, DRESSMAKING, HOUSEHOLD CLEANING, BATHROOM ACCESSORIES, KITCHEN UTENSILS & GADGETS, BABYWEAR, LAUNDRY CLOTHESCARE, BABY PLAY EQUIPMENT, DECORATIVE ACCESSORIES, LIGHTING, GIRLSWEAR, BARBECUES ACCESSORIES, BEDROOM FURNITURE, GIFT FOOD DRINK, HOME AND PERSONAL SECURITY, KITCHEN STORAGE, KITCHEN SCALES & MEASURES, HAIRCARE, CHILDREN S FURNITURE, WINDOW DRESSING, BABY CHILD TRAVEL, HOT DRINK PREPARATION, BATHROOM FIXTURES, LAUNDRY & CLOTHESCARE, SOFT FURNISHINGS, CRAFT, HI-FI, KITCHEN UTENSILS GADGETS, BATH LINEN, WOMEN S CLOTHES, KITCHEN ACCESSORIES, NURSERY ACCESSORIES, BARWARE, TOYS, PRESERVING BAKING EQUIPMENT"
make1,425,"APPLE, SAMSUNG, SONY, LG, RETAILER, BUGABOO, PANASONIC, SWYFT, HERMAN MILLER, HYPNOS, DYSON, KETTLER, SWOON, ANYDAY RETAILER, TRAEGER, HALO, INNOVATION LIVING, TEMPUR, WEST ELM, WEBER, HARLEQUIN, SILENTNIGHT, PHILIPS, LOAF, LG OUTDOOR, JOSEPH JOSEPH, MODE, SOFI, UPPABABY, OYSTER, GABOR, TURTLE MAT, LOGITECH, JANOME, KARNDEAN, ERCOL FOR RETAILER, AESOP, FRANKE, BIG GREEN EGG, G PLAN VINTAGE, LEIFHEIT, NUNA, NAIM, HOBBS, MICROSOFT, EGG, STOVES, MORRIS CO, DELL, BABY JOGGER, VISPRING, GINGER RAY, ASUS, VITRA, DESIGN PROJECT BY RETAILER, H G, DURESTA, FREYA, EAZIGLIDE, KARTELL, EMMA, HUMANSCALE, TETRAD, TOMMEE TIPPEE, BOSE, CHARLOTTE TILBURY, OCULUS, CRICUT, HERSCHEL SUPPLY CO, STOMPA, SKECHERS, SEE BY CHLO, SUNCAST, NIKON, MARGO SELBY, MSPA, ONEPLUS, LAURA ASHLEY, OXO, OONI, RUCOMFY, SIMBA, BANG OLUFSEN, SILVER CROSS, DESSER, BELKIN, CROFT COLLECTION, HP, LE CREUSET, BRABANTIA, TOMY, LEVI S, PUREBABY, ORIGINAL BTC, CYBEX, ESTEBAN, SANDERSON, CRANE GARDEN BUILDINGS, KOTI HOME, NESPRESSO, WROUGHT IRON AND BRASS BED CO., SIMPLICITY, LACIE, BIALETTI, DUALIT, INGENUITY, DIPTYQUE, DUNLOPILLO, BOORI, TARGUS, FILOFAX, STOKKE, PRYM, MAXI-COSI, TONIES, SMEG, ICANDY, JOULES, FARMER S COTTAGE, POTTERY BARN KIDS, JOLIE MOI, EMU, GOOGLE, GOOCH LUXURY, PARKER KNOLL, TECHNICS, SONOS, BABYZEN, BARLOW TYRIE, MINT VELVET, BROTHER, SEALY, TREAT REPUBLIC, THE NORTH FACE, SKIP HOP, EMMA BRIDGEWATER, TOM DIXON, NEWGATE CLOCKS, IMPEX, ABC, CASE, ORLA KIELY, LEGO, THE HOME EDIT, AEG, TACHE CRAFTS, LA HACIENDA, GOOCH ORIENTAL, CYBERJAMMIES, RALPH LAUREN, DE LONGHI, SHARK, IXIA FLOWERS, FLOS, DEKNUDT MIRRORS, FARMERS COTTAGE, 4 SEASONS OUTDOOR, BIRKENSTOCK, HUGO BOSS, ANGEL ROCKET, ROYALCRAFT, JAY-BE, TOMMY HILFIGER, VITAL BABY, MICHAEL KORS, BEABA, SPECK, EDDINGTONS, RING, CONTENT BY TERENCE CONRAN, D R, LITTLE HOME AT RETAILER, BRAKEBURN, UNBRANDED, WROUGHT IRON AND BRASS BED CO, VELFONT, ALLSORTED, NIELSEN, KIN, CELESTRON, CAROLINE GARDNER, LOUIS DE POORTERE, KITCHENAID, ASTRO, CANON, NANIT, CLINIQUE, AVF, SIMPLEHUMAN, MOUNTAIN BUGGY, MAGIMIX, CASIO, DISNEY, RUSSEL, LANSINOH, STRING, PAUL SMITH, CHARLES TYRWHITT, BAY LIGHTING, SCRABBLE, BABYDAN, THE FINE BEDDING COMPANY, GALLERY DIRECT, WHISTLES, JOIE BABY, SKINNYDIP, GARMIN, GHD, CHAR-BROIL, NORTON, TOM RAFFIELD, NEOM ORGANICS , WHITTARD, PEHR, THULE, UMBRA, SN Z, KALLY SLEEP, PLUM, PROFESSOR PUZZLE, EMPORIO ARMANI, FIAM, RODIAL, JOSEF SEIBEL, FABRIC FLAVOURS, MY CARRY POTTY, BENEFIT, LAY-Z-SPA, ALESSI, AMAZON, DOCKATOT, BARBOUR, ULTIMATE EARS, EVERDURE BY HESTON BLUMENTHAL, MULBERRY, MARVEL, ROBERT WELCH, THERAGUN, SWEATY BETTY, FRENCH CONNECTION, LSA INTERNATIONAL, MARSHALL, GREENPAN, GREAT LITTLE TRADING CO, IITTALA, ACER, MORPHY RICHARDS, CONNUBIA BY CALLIGARIS, SHNUGGLE, ELVIE, ARTHUR PRICE, MERRELL, LAFUMA, COLE & SON, BBHUGME, ANGLEPOISE, DENBY, WATERROWER, TEFAL, TRUE GRACE, STACKERS, THOMAS KENT, CROCS, TATAY, HUSH, TOM FORD, BT, THOUGHT, BEATS, REISS, SOPHIE ALLPORT, DBRAMANTE1928, CREED, AND OR, SNUGGLEDOWN, CHANEL, SISTEMA, PHASE EIGHT, SAGE, CHICCO, MANGO, DONE BY DEER, WRENDALE DESIGNS, HALSALL, LE IRWIN, BABY EINSTEIN, MICRO SCOOTERS, RTA, KAEMINGK, WOODMANSTERNE, NUMATIC, SLEEPGREEN, RUARK AUDIO, AURORA WORLD, FITBIT, BABY BREZZA, TALA, SAMUEL GROVES, WEAVER GREEN, OLD FOLDING MAPS, LAURA MERCIER, ERGOBABY, WHITE STUFF, NEAL S YARD REMEDIES, OWLET, NEW BRIGHT, LAVAZZA, MODE., INSTANT POT, MAM, WANDERLUST CO, ROYAL BOTANIC GARDENS KEW, RETAILER HEIRLOOM COLLECTION, EKO, NARS, TINC, SCALEXTRIC, MICRO, MILTON & HUMBLE JEWELLERY, DELIVITA, KUHN RIKON, LIBRA, SIEMENS, TOSHIBA, VTECH, SANDISK, RAPHA, NEW BALANCE, RH, ROLSER, COMPACTOR, G TERMANN CREATIV, CLARINS, RANGEMASTER, LONGCHAMP, DIOR, DUNE, POLS POTTEN, GAIA BABY, THE LITTLE BOTANICAL, WIZ, JUMPKING, LANC ME, DESIGNERS GUILD, PORTMEIRION, RONHILL, THE LITTLE GREEN SHEEP, RAPOO, SKANDINAVISK, 4MOMS, EXTREME LOUNGING, AB AUDIO, MAISON FRANCIS KURKDJIAN, KENWOOD, DKNY, APPLE SMART, BABYBJ RN, TECHLINK, BABYMOOV, SARA MILLER, JO MALONE , ROBERTS, AARKE, LITTLE ACORNS, TOTES, HARRY POTTER, BAJEN, SAMSONITE, WEDGWOOD, TED BAKER, ORCHARD TOYS, CALVIN KLEIN, ACCTIM, VANS, SWAROVSKI, CHILLY S, YVES SAINT LAURENT, METHOD, DEVON DUVETS, MEACO, JAMIE OLIVER BY TEFAL, MAC, EVA SOLO, NATALIE, TALKING TABLES, THEIR NIBS, SOPHIE CONRAN FOR PORTMEIRION, CIRCULON, GINGER FOX, WATERFORD, TOM SCHNEIDER, ROMO, SARAH CHAPMAN, CREATIVE TOPS, BOSCH, LAVA LAMP, RADLEY, ANDEA, ANGELCARE, OSCO, KING COLE, MAGFORMERS, COLEMAN, LILY-FLAME, BRONTE BY MOON, MORRIS & CO., LENOVO, ALPHASON, REST EASY SLEEP BETTER, WER, BLUEAIR, RITUALS, PETER REED, BESAFE, JULIETTE HAS A GUN, SENNHEISER, NORDLUX, SPODE, IVYLINE, ROSIE MADE A THING, LOLA ROSE, DARTINGTON CRYSTAL, EASIGRASS, KNOMO, PEONY"
model1,3438,"2020 APPLE MACBOOK AIR 13 3 RETINA DISPLAY M1 PROC, APPLE WATCH SERIES 6 GPS 44MM SPACE GREY ALUMINIUM, SAMSUNG QE75Q70A 2021 QLED HDR 4K ULTRA HD SMART T, 2020 APPLE IPAD AIR 10 9 A14 BIONIC PROCESSOR IOS, SONY BRAVIA KE48A9 2020 OLED HDR 4K ULTRA HD SMART, APPLE WATCH NIKE SERIES 7 GPS 41MM STARLIGHT ALUMI, SONY BRAVIA XR XR75X90J 2021 LED HDR 4K ULTRA HD S, 2020 APPLE MACBOOK PRO 13 TOUCH BAR M1 PROCESSOR 8, 2021 APPLE MACBOOK PRO 14 M1 PRO PROCESSOR 16GB RA, LG OLED55C14LB 2021 OLED HDR 4K ULTRA HD SMART TV, SAMSUNG THE FRAME 2021 QLED ART MODE TV WITH SLIM, 2022 APPLE IPAD AIR 10 9 M1 PROCESSOR IPADOS WI-FI, APPLE WATCH SERIES 6 GPS 40MM BLUE ALUMINIUM CASE, 2021 APPLE IPAD PRO 11 M1 PROCESSOR IOS WI-FI 128G, 2019 APPLE MACBOOK PRO 16 TOUCH BAR INTEL CORE I7, RETAILER MARLOW 300CM MIRRORED HINGED W, RETAILER LORN 6-10 SEATER EXTENDING DIN, APPLE WATCH SERIES 7 GPS 45MM GREEN ALUMINIUM CASE, APPLE WATCH SERIES 7 GPS 41MM GREEN ALUMINIUM CASE, SAMSUNG QE65QN94A 2021 NEO QLED HDR 2000 4K ULTRA, 2020 APPLE MACBOOK PRO 13 TOUCH BAR INTEL CORE I5, RETAILER BAILEY HIGH BACK GRAND 4 SEATE, 2021 APPLE MACBOOK PRO 16 M1 PRO PROCESSOR 16GB RA, 2021 APPLE IPAD PRO 12 9 M1 PROCESSOR IOS WI-FI 25, APPLE MAGIC KEYBOARD FOR 11 IPAD PRO 2020 BLACK, LG OLED55B16LA 2021 OLED HDR 4K ULTRA HD SMART TV, LG OLED65C14LB 2021 OLED HDR 4K ULTRA HD SMART TV, RETAILER, 2021 APPLE IPAD PRO 12 9 M1 PROCESSOR IOS WI-FI 12, SAMSUNG GALAXY TAB S8 ULTRA WITH BLUETOOTH S PEN A, APPLE IPHONE 12 PRO, APPLE WATCH SERIES 7 GPS CELLULAR 41MM SILVER STAI, 2020 APPLE IMAC 27 ALL-IN-ONE INTEL CORE I5 8GB RA, LG OLED48A16LA 2021 OLED HDR 4K ULTRA HD SMART TV, APPLE PENCIL 2ND GENERATION 2018 MATTE WHITE, SAMSUNG GALAXY WATCH 4 CLASSIC 4G CELLULAR 46MM ST, BUGABOO DONKEY3 DUO PUSHCHAIR AND CARRYCOT BLACK, APPLE WATCH SERIES 7 GPS 41MM STARLIGHT ALUMINIUM, PANASONIC TX-55JZ1000B 2021 OLED HDR 4K ULTRA HD S, APPLE WATCH SERIES 7 GPS 45MM BLUE ALUMINIUM CASE, 2021 APPLE IMAC 24 ALL-IN-ONE M1 PROCESSOR 8GB RAM, APPLE WATCH SERIES 7 GPS 45MM STARLIGHT ALUMINIUM, SAMSUNG QE55QN95A 2021 NEO QLED HDR 2000 4K ULTRA, APPLE WATCH SERIES 7 GPS CELLULAR 41MM MIDNIGHT AL, RETAILER BOOTH MEDIUM 2 SEATER SOFA LIG, SAMSUNG GALAXY S21 ULTRA 5G SMARTPHONE WITH WIRELE, RETAILER CROMWELL CHESTERFIELD GRAND 4, APPLE WATCH SERIES 7 GPS 41MM MIDNIGHT ALUMINIUM C, SAMSUNG QE65QN800A 2021 NEO QLED HDR 2000 8K ULTRA, SWYFT MODEL 04 LARGE 3 SEATER DOUBLE SOFA BED VINE, APPLE WATCH SERIES 6 GPS 40MM SILVER ALUMINIUM CAS, HERMAN MILLER AERON OFFICE CHAIR SIZE B MINERAL PO, HYPNOS LUXURY WOOL NO 2 PILLOW TOP POCKET SPRING M, 2020 APPLE MAC MINI DESKTOP COMPUTER M1 PROCESSOR, 2020 APPLE IMAC 27 ALL-IN-ONE INTEL CORE I7 8GB RA, SAMSUNG QE55QN700A 2021 NEO QLED HDR 2000 8K ULTRA, APPLE IPHONE SE, LG OLED55CX5LB 2020 OLED HDR 4K ULTRA HD SMART TV, SAMSUNG QE55QN94A 2021 NEO QLED HDR 2000 4K ULTRA, APPLE WATCH SERIES 6 GPS 40MM SPACE GREY ALUMINIUM, APPLE IPHONE 12, APPLE WATCH SERIES 6 GPS 44MM GOLD ALUMINIUM CASE, SONY BRAVIA XR XR50X90J 2021 LED HDR 4K ULTRA HD S, LG OLED65G16LA 2021 OLED HDR 4K ULTRA HD SMART TV, APPLE WATCH SERIES 7 GPS CELLULAR 45MM MIDNIGHT AL, LG OLED48C14LB 2021 OLED HDR 4K ULTRA HD SMART TV, KETTLER PANALSOL PAGODA GAZEBO 3M GREY, RETAILER SANSA SPLAYED ARM SOFA BED WIT, RETAILER BROOKS GAS LIFT ADJUSTABLE BAR, RETAILER DUPLET DAYBED, APPLE WATCH SERIES 6 GPS CELLULAR 44MM SILVER STAI, HERMAN MILLER AERON OFFICE CHAIR SIZE B GRAPHITE, SAMSUNG GALAXY TAB S7 FE TABLET WITH BLUETOOTH S P, LG 75NANO806PA 2021 LED HDR NANOCELL 4K ULTRA HD S, SONY BRAVIA XR XR55A90J 2021 OLED HDR 4K ULTRA HD, 2021 APPLE IPAD PRO 12 9 M1 PROCESSOR IOS WI-FI CE, RETAILER BROOKS DINING ARMCHAIRS SET OF, ANYDAY RETAILER GIRAFFES TERRY COTTON B, APPLE MJ1L2ZM A USB-C VGA MULTIPORT ADAPTOR, 2020 APPLE IPAD PRO 12.9"", APPLE WATCH SERIES 7 GPS 45MM PRODUCT RED ALUMINIU, TRAEGER TIMBERLINE D2 850 WIFI CONNECTED WOOD PELL, 2021 APPLE IPAD PRO 11 M1 PROCESSOR IOS WI-FI 512G, SAMSUNG GALAXY A52S SMARTPHONE ANDROID 6GB RAM 6 5, 2021 APPLE IPAD PRO 11 M1 PROCESSOR IOS WI-FI CELL, HALO EARLE CHESTERFIELD GRAND 4 SEATER LEATHER SOF, RETAILER SWOON RADLEY LARGE 3 SEATER SO, APPLE WATCH NIKE SERIES 6 GPS 44MM SILVER ALUMINIU, RETAILER MARLOW 250CM HINGED WARDROBE M, APPLE IPHONE 12 MINI, SAMSUNG GALAXY TAB S7 TABLET WITH BLUETOOTH S PEN, APPLE WATCH SERIES 7 GPS 45MM MIDNIGHT ALUMINIUM C, SAMSUNG GALAXY S20 FE SMARTPHONE WITH WIRELESS POW, ANYDAY RETAILER WILTON CHILD COMPLIANT, BUGABOO DONKEY 5 DUO PUSHCHAIR CARRYCOT MIDNIGHT B, APPLE WATCH SERIES 7 GPS CELLULAR 45MM BLUE ALUMIN, APPLE IPHONE 11, APPLE WATCH SERIES 6 GPS CELLULAR 44MM GOLD STAINL, DYSON CORRALE CORD-FREE HAIR STRAIGHTENERS, 2020 APPLE IMAC 21.5 ALL-IN-ONE, APPLE WATCH SE GPS CELLULAR 40MM GOLD ALUMINIUM CA, LG OLED55A16LA 2021 OLED HDR 4K ULTRA HD SMART TV, APPLE WATCH NIKE SERIES 7 GPS 45MM STARLIGHT ALUMI, SONY BRAVIA XR XR65A90J 2021 OLED HDR 4K ULTRA HD, APPLE WATCH SERIES 7 GPS 41MM BLUE ALUMINIUM CASE, RETAILER SWOON MENDEL TV STAND SIDEBOAR, LG OLED55G16LA 2021 OLED HDR 4K ULTRA HD SMART TV, SAMSUNG QE85Q70A 2021 QLED HDR 4K ULTRA HD SMART T, SAMSUNG UE75AU9000 2021 HDR 4K ULTRA HD SMART TV 7, RETAILER CLASSIC ECO 1000 POCKET SPRING, INNOVATION LIVING CUBED 140 SOFA BED NIST BLUE, RETAILER BARBICAN LARGE 3 SEATER LEATHE, KETTLER CORA 8 SEATER RECTANGULAR GARDEN DINING TA, APPLE IPHONE XR, RETAILER DRAPER MOTION LARGE 3 SEATER L, SAMSUNG QE65QN700A 2021 NEO QLED HDR 2000 8K ULTRA, TEMPUR SENSATION ELITE MEMORY FOAM MATTRESS FIRM T, APPLE WATCH SERIES 6 GPS 44MM SILVER ALUMINIUM CAS, RETAILER SAVOY GUEST BED WITH TWO POCKE, APPLE WATCH NIKE SERIES 7 GPS 41MM MIDNIGHT ALUMIN, ANYDAY RETAILER PEDAL BIN 30L STONE, RETAILER ROUEN 2 DRAWER STORAGE UPHOLST, SAMSUNG QE75Q80A 2021 QLED HDR 1500 4K ULTRA HD SM, RETAILER OLIVER LARGE 3 SEATER LEATHER, OLED65GX, RETAILER TORONTO SIDE DINING CHAIRS SET, WEST ELM MID-CENTURY 6 DRAWER CHEST FSC CERTIFIED, APPLE SMART KEYBOARD FOLIO FOR 11 IPAD PRO 2020 BL, RETAILER DRAPER 5 SEATER RHF CHAISE END, LG OLED77C14LB 2021 OLED HDR 4K ULTRA HD SMART TV, APPLE WATCH SERIES 7 GPS CELLULAR 45MM GREEN ALUMI, LG 50NANO806PA 2021 LED HDR NANOCELL 4K ULTRA HD S, SAMSUNG QE55QN90A 2021 NEO QLED HDR 2000 4K ULTRA, RETAILER DANTE GARDEN HANGING POD CHAIR, WEBER SPIRIT E-315 GBS 3-BURNER GAS BBQ, SAMSUNG QE55QN85A 2021 NEO QLED HDR 1500 4K ULTRA, 2020 APPLE IPAD 10 2 A12 IPADOS WI-FI 128GB SPACE, RETAILER MARLOW 300CM HINGED DOOR WARDR, APPLE WATCH SERIES 6 GPS 40MM GOLD ALUMINIUM CASE, 2021 APPLE IPAD PRO 11 M1 PROCESSOR IOS WI-FI 256G, HYPNOS DELUXE POCKET SPRING MATTRESS MEDIUM SUPER, SONY BRAVIA XR XR65X90J 2021 LED HDR 4K ULTRA HD S, APPLE WATCH SERIES 7 GPS CELLULAR 45MM STARLIGHT A, SONY BRAVIA KD65X81J 2021 LED HDR 4K ULTRA HD SMAR, 2020 APPLE IPAD PRO 11"", RETAILER DRAPER MOTION LARGE 3 SEATER S, 2019 APPLE MACBOOK PRO 16 TOUCH BAR INTEL CORE I9, 2021 APPLE IPAD PRO 12 9 M1 PROCESSOR IOS WI-FI 51, RETAILER NATURAL COLLECTION SWALEDALE W, RETAILER PLATFORM MODULAR 4-SEAT GARDEN, RETAILER ST IVES BEDSIDE TABLE WHITE HA, HARLEQUIN ZENDO PAIR LINED EYELET CURTAINS SILVER, SONY BRAVIA XR XR55A80J 2021 OLED HDR 4K ULTRA HD, RETAILER CHARLOTTE GRAND 4 SEATER SOFA, 2021 APPLE MACBOOK PRO 14 M1 MAX PROCESSOR 32GB RA, APPLE IPHONE 12 PRO MAX, KD77AG9, SONY BRAVIA KD55X89J 2021 LED HDR 4K ULTRA HD SMAR, APPLE PENCIL 1ST GENERATION 2015 WHITE, APPLE WATCH SERIES 7 GPS CELLULAR 45MM GRAPHITE ST, WEST ELM MID-CENTURY 8-10 SEATER EXTENDING DINING, SONY BRAVIA KD75X81J 2021 LED HDR 4K ULTRA HD SMAR, LG OLED65CX5LB 2020 OLED HDR 4K ULTRA HD SMART TV, RETAILER CAMDEN LHF STORAGE CHAISE END, LG OLED65A16LA 2021 OLED HDR 4K ULTRA HD SMART TV, SAMSUNG GALAXY S21 ULTRA SMARTPHONE, RETAILER LUNAR ROUND METAL FRAME MIRROR, RETAILER MARLOW 250CM HINGED DOOR WARDR, LG OLED77CX6LA 2020 OLED HDR 4K ULTRA HD SMART TV, SAMSUNG GALAXY Z FLIP 3 5G FOLDABLE SMARTPHONE 8GB, RETAILER FUSION MANISA KELIM RUG L180 X, WEST ELM MID-CENTURY CHIFFOROBE FSC CERTIFIED EUCA, APPLE WATCH SERIES 6 GPS 44MM BLUE ALUMINIUM CASE, SAMSUNG QE50QN94A 2021 NEO QLED HDR 2000 4K ULTRA, LG OLED65B16LA 2021 OLED HDR 4K ULTRA HD SMART TV, SONY BRAVIA XR XR65A80J 2021 OLED HDR 4K ULTRA HD, RETAILER 4K HDMI CABLE 1 5M BLACK, RETAILER BARBICAN 5 SEATER LHF CHAISE E, RETAILER RATTAN BED FRAME KING SIZE OAK, APPLE WATCH SERIES 6 GPS CELLULAR 44MM GRAPHITE ST, APPLE WATCH SERIES 6, EBBE GEHL FOR RETAILER MIRA CERAMIC TOP 8-10 SEA, RETAILER LUXURY NATURAL COLLECTION EGYP, APPLE WATCH MAGNETIC CHARGING CABLE, SAMSUNG QE65Q70A 2021 QLED HDR 4K ULTRA HD SMART T, RETAILER CALIA 3-SEATER DINING BENCH OA, HALO LITTLE PROFESSOR PETITE 2 SEATER ANILINE LEAT, RETAILER BARBICAN 5 SEATER CORNER SOFA, SONY BRAVIA XR XR55X90J 2021 LED HDR 4K ULTRA HD S, 2020 APPLE IMAC 21 5 ALL-IN-ONE INTEL CORE I5 8GB, AC3829/60, SQUISHMUFFIN SNUGGLER BY LOAF AT RETAILER BRUSHE, RETAILER MARLOW 250CM HINGED WARDROBE P, PANASONIC TX-65JZ1000B 2021 OLED HDR 4K ULTRA HD S, SAMSUNG GALAXY TAB S8 TABLET WITH BLUETOOTH S PEN, RETAILER CAMBER MEDIUM 2 SEATER SOFA, SWYFT MODEL 01 ARMCHAIR BRICK VELVET, JOSEPH JOSEPH EDITIONS DRAWERSTORE EXPANDING CUTLE, MODE LEATHER PARIS SLEEVE CASE FOR MACBOOK AIR MAC, APPLE MAGIC KEYBOARD FOR 11 IPAD PRO 2021 WHITE, KETTLER PALMA 5-SEATER GARDEN LOW LOUNGING TABLE C, RETAILER BAILEY 5 SEATER LHF CHAISE END, APPLE WATCH NIKE SERIES 6 GPS 44MM SPACE GREY ALUM, EBBE GEHL FOR RETAILER MIRA 3 SEATER DINING BENC, SAMSUNG GALAXY S21 5G SMARTPHONE WITH WIRELESS POW, RETAILER DRAPER LARGE 3 SEATER SOFA, APPLE STUDIO DISPLAY WITH TILT-ADJUSTABLE STAND ST, APPLE AIRPODS PRO WITH MAGSAFE CHARGING CASE, UPPABABY VISTA V2 JORDAN PUSHCHAIR AND CARRYCOT CH, APPLE WATCH SERIES 7 GPS CELLULAR 45MM SILVER STAI, WEST ELM MID-CENTURY DESK ACORN, RETAILER BARBICAN MEDIUM 2 SEATER LEATH, RETAILER CALIA CONSOLE TABLE OAK, APPLE WATCH NIKE SERIES 7 GPS 45MM MIDNIGHT ALUMIN, APPLE MJ1M2ZM A USB-C TO USB ADAPTOR, OYSTER 3 LUXURY 7 PIECE PUSHCHAIR AND CARRYCOT BUN, RETAILER MARLOW 150CM HINGED WARDROBE P, APPLE WATCH NIKE SERIES 6 GPS CELLULAR 44MM SPACE, LG 75NANO866PA 2021 LED HDR NANOCELL 4K ULTRA HD S, RETAILER CHESTER LEATHER SNUGGLER DARK, KETTLER PALMA GARDEN MINI CORNER SOFA FURNITURE CO, RETAILER ROUEN UPHOLSTERED BED FRAME KI, APPLE MAGIC KEYBOARD FOR 12 9 IPAD PRO, 2021 APPLE IPAD PRO 12 9 M1 PROCESSOR IOS WI-FI 2T, GABOR CAMPUS LOW TOP LEATHER TRAINERS WHITE GOLD 6, TURTLE MAT MULTI-GRIP DOOR MAT RUG FAWN L100 X W75, SAMSUNG QE85Q60A 2021 QLED HDR 4K ULTRA HD SMART T, SWYFT MODEL 02 LARGE 3 SEATER SOFA VINE VELVET, LOGITECH COMBO TOUCH FULL-SIZE BACKLIT KEYBOARD CO, DYSON OUTSIZE ABSOLUTE VACUUM CLEANER, 2021 APPLE IPAD PRO 12 9 M1 PROCESSOR IOS WI-FI 1T, JANOME MEMORY CRAFT 500E EMBROIDERY MACHINE WHITE, RETAILER NATURAL COLLECTION HUNGARIAN G, SONY BRAVIA XR XR77A80J 2021 OLED HDR 4K ULTRA HD, SAMSUNG GALAXY WATCH 4 BLUETOOTH 40MM ALUMINIUM WI, RETAILER BURFORD 6-SEAT GARDEN DINING T, KARNDEAN REFRESH 750ML, APPLE MAGIC KEYBOARD FOR 12 9 IPAD PRO 2021 WHITE, ERCOL FOR RETAILER SHALSTONE BED FRAME OAK KING, INNOVATION LIVING CUBED 160 SOFA BED TWIST GRANITE, AESOP RESURRECTION AROMATIQUE HAND WASH 500ML, APPLE SMART FOLIO FOR IPAD AIR 2020 DEEP NAVY, SAMSUNG GALAXY WATCH 4 CLASSIC BLUETOOTH 46MM STAI, WEST ELM AXEL LARGE 3 SEATER LEATHER SOFA SADDLE, FRANKE OMNI 4-IN-1 INSTANT BOILING HOT FILTERED WA, RETAILER TERRY CHECK COTTON TEA TOWEL G, RETAILER MARLOW 300CM HINGED WARDROBE P, INNOVATION LIVING RECAST SOFA BED WITH POCKET SPRU, RETAILER ELSTRA 300CM WARDROBE WITH MIR, SAMSUNG GALAXY WATCH 4 BLUETOOTH 44MM ALUMINIUM WI, BIG GREEN EGG LARGE EGG BBQ WITH INTEGGRATED NEST, RETAILER BELGRAVE MEDIUM 2 SEATER SOFA, SAMSUNG QE50QN90A 2021 NEO QLED HDR 1500 4K ULTRA, BUGABOO FOX2 AND LYNX CAR SEAT ADAPTER, APPLE WATCH SERIES 7 GPS CELLULAR 45MM GOLD STAINL, RETAILER LUXURY NATURAL COLLECTION MOHA, RETAILER CALIA 6 SEATER DINING TABLE OA, RETAILER CLASSIC COLLECTION COMFORT SUP, SAMSUNG GALAXY Z FOLD 3 5G FOLDABLE SMARTPHONE 12G, NUNA MIXX NEXT 4 PIECE PUSHCHAIR BUNDLE GRANITE, SAMSUNG HW-Q600A BLUETOOTH CINEMATIC SOUND BAR WIT, HYPNOS FIRM EDGE 4 DRAWER DIVAN STORAGE BED SUPER, NAIM MU-SO 2ND GENERATION WIRELESS BLUETOOTH MUSIC, RETAILER JAVA II LEATHER ARMCHAIR METAL, HOBBS CAMILLA SWEATSHIRT IVORY M, RETAILER OLIVER CORNER SOFA LIGHT LEG A, KETTLER PALMA 6-SEAT COMPACT GARDEN DINING TABLE C, APPLE WATCH SERIES 7 GPS CELLULAR 41MM GOLD STAINL, EBBE GEHL FOR RETAILER MIRA SIDEBOARD WHITE OAK, RETAILER ARLO LHF CHAISE END SOFA BED L, RETAILER LUXURY NATURAL COLLECTION LINE, OLED55GX, MICROSOFT 365 PERSONAL OFFICE SOFTWARE PC MAC TABL, APPLE WATCH SERIES 6 GPS CELLULAR 40MM GOLD ALUMIN, SAMSUNG QE75QN800A 2021 NEO QLED HDR 2000 8K ULTRA, KD65AG9, RETAILER CALIA 8-12 SEATER EXTENDING DI, APPLE WATCH SERIES 6 GPS CELLULAR 40MM BLUE ALUMIN, RETAILER BARBICAN LARGE 3 SEATER SOFA L, 2021 APPLE IPAD MINI 8 3 A15 BIONIC PROCESSOR IPAD, RETAILER NATURAL COTTON QUILTED MATTRES, LG 86NANO866PA 2021 LED HDR NANOCELL 4K ULTRA HD S, RETAILER JAVA II MEDIUM 2 SEATER SOFA L, RETAILER SYNTHETIC SOFT TOUCH WASHABLE, STOMPA CLASSIC CHILD COMPLIANT BUNK BED WITH TRUND, BIG GREEN EGG LARGE BBQ ACACIA WOOD SHELVES NEST B, MICROSOFT SURFACE STUDIO LAPTOP INTEL CORE I7 16GB, SILENTNIGHT SLEEP GENIUS 800 POCKET ECO COMFORT PI, EGG2 PUSHCHAIR LUXURY TRAVEL SYSTEM BUNDLE QUARTZ, SILENTNIGHT SLEEP SOUNDLY MIRACOIL COMFORT DIVAN B, APPLE MAC STUDIO DESKTOP M1 MAX PROCESSOR 32GB RAM, SONY CYBER-SHOT DSC-RX10 IV BRIDGE CAMERA 4K ULTRA, APPLE IPHONE 11 PRO, RETAILER BOW 6 DRAWER CHEST NATURAL, STOVES RICHMOND 550DFW DUAL FUEL MINI RANGE COOKER, SAMSUNG QE85QN85A 2021 NEO QLED HDR 1500 4K ULTRA, MORRIS CO WILHELMINA RUG LINEN L280 X W200 CM, SWYFT MODEL 02 MEDIUM 2 SEATER SOFA PUMICE LINEN, RETAILER PARISIAN VELVET DINING CHAIR D, LG 55NANO806PA 2021 LED HDR NANOCELL 4K ULTRA HD S, DELL XPS 13 9305 LAPTOP INTEL CORE I5 PROCESSOR 8G, BABY JOGGER CM2 RAIN COVER AND BELLY BAR PUSHCHAIR, ANYDAY RETAILER HINTON OFFICE CHAIR GRE, RETAILER BARBICAN MEDIUM 2 SEATER SOFA, RETAILER CLASSIC ECO 800 POCKET SPRING, RETAILER MARLOW 100CM HINGED WARDROBE W, PANASONIC TX-55JZ2000B 2021 OLED HDR 4K ULTRA HD S, SAMSUNG QE65QN900A 2021 NEO QLED HDR 3000 8K ULTRA, 2019 APPLE AIRPODS WITH CHARGING CASE, ANYDAY RETAILER WILTON BUNK BED NATURAL, VISPRING FURSDON SUPREME 1500 POCKET SPRING MATTRE, RETAILER BAILEY HIGH BACK LARGE 3 SEATE, RETAILER CLASSIC WOOL 1000 POCKET SPRIN, RETAILER CLASSIC SUSTAINABLE WAITROSE W, APPLE AIRPODS PRO WITH WIRELESS CHARGING CASE, RETAILER OTLEY GRAND 4 SEATER LEATHER S, SAMSUNG GALAXY BOOK LAPTOP INTEL CORE I5 PROCESSOR, RETAILER CAMDEN LARGE 3 SEATER SOFA, RETAILER FAUX SILK SLUB PAIR BLACKOUT L, RETAILER CAMDEN MEDIUM 2 SEATER SOFA, SAMSUNG QE55Q70A 2021 QLED HDR 4K ULTRA HD SMART T, APPLE MAGIC KEYBOARD FOR 12 9 IPAD PRO 2021 BLACK, APPLE WATCH NIKE SERIES 7 GPS CELLULAR 45MM MIDNIG, RETAILER BARBICAN 5 SEATER RHF CORNER E, SAMSUNG QE43QN90A 2021 NEO QLED HDR 1500 4K ULTRA, KETTLER PALMA 7-SEATER CORNER GARDEN MINI CASUAL D, RETAILER CAMDEN RHF STORAGE CHAISE END, BIG GREEN EGG EXTRA LARGE BBQ ACACIA WOOD SHELVES, KETTLER PALMA 8 SEATER CORNER GARDEN CASUAL DINING, SAMSUNG QE55Q80A 2021 QLED HDR 1500 4K ULTRA HD SM, SAMSUNG HW-Q950A BLUETOOTH WI-FI CINEMATIC SOUND B, RETAILER RATTAN STORAGE BEDSIDE TABLE O, 2021 APPLE IPAD 10 2 A13 BIONIC PROCESSOR IPADOS W, GINGER RAY AVOCADO PINATA, SAMSUNG QE65Q65A 2021 QLED HDR 4K ULTRA HD SMART T, ASUS CHROMEBOOK FLIP C436FA-E10097, EGG2 SPECIAL EDITION PUSHCHAIR LUXURY TRAVEL SYSTE, WEBER SMALL ALUMINIUM BBQ DRIP TRAYS PACK OF 10, RETAILER BAILEY 5 SEATER RHF CHAISE END, INNOVATION LIVING VOGAN SOFA BED NIST BLUE, RETAILER BARBICAN 5 SEATER LHF CORNER E, APPLE WATCH SERIES 6 GPS CELLULAR 44MM SPACE GREY, RETAILER BARBICAN 5 SEATER RHF CHAISE E, RETAILER REFINE GRAND 4 SEATER SOFA, RETAILER SHELL PRINT EXTRA LARGE PICNIC, RETAILER PLATFORM 5 SEATER RHF CORNER E, SWYFT MODEL 04 LARGE 3 SEATER DOUBLE SOFA BED PUMI, 2021 APPLE IPAD PRO 11 M1 PROCESSOR IOS WI-FI 1TB, RETAILER BAILEY DOUBLE SOFA BED LIGHT L, SILENTNIGHT SLEEP SOUNDLY MIRACOIL ORTHO MATTRESS, RETAILER PAUSE RECLINING CHAIR WITH FOO, RETAILER NATURAL LIGHT COTTON COMFORT D, H G CAPISCO 8106 OFFICE CHAIR GREEN, RETAILER CAMBER SNUGGLER, HALO GROUCHO MEDIUM 2 SEATER LEATHER SOFA RIDERS N, DURESTA VAUGHAN II SMALL 2 SEATER SOFA ETON VELVET, SAMSUNG QE65QN85A 2021 NEO QLED HDR 1500 4K ULTRA, FREYA EXPRESSION UNDERWIRED PLUNGE BRA NATURAL BEI, G PLAN VINTAGE THE SIXTY FIVE MEDIUM 2 SEATER SOFA, APPLE IPHONE, SAMSUNG QE85QN800A 2021 NEO QLED HDR 2000 8K ULTRA, RETAILER NATURAL COLLECTION SILK 19400, EAZIGLIDE NEVERSTICK2 NON-STICK BAKING TRAY L37CM, KARTELL RE-CHAIR DOVE GREY, INNOVATION LIVING CUBED 140 SOFA BED KENYA DARK GR, SONY BRAVIA KD85X85J 2021 LED HDR 4K ULTRA HD SMAR, SAMSUNG GALAXY S22 ULTRA 5G SMARTPHONE WITH WIRELE, RETAILER CALIA SOFA SIDE TABLE DARK WOO, TEMPUR CLOUD ELITE MEMORY FOAM MATTRESS SOFT KING, RETAILER ROUEN OTTOMAN STORAGE UPHOLSTE, RETAILER CHARLOTTE LARGE 3 SEATER SOFA, RETAILER CAPE MEDIUM 2 SEATER SOFA, SAMSUNG GALAXY S21 PLUS 5G SMARTPHONE WITH WIRELES, WEST ELM JACK VELVET DINING CHAIR BEETLE GREEN BRA, PANASONIC TX-65JZ2000B 2021 OLED HDR 4K ULTRA HD S, LG OUTDOOR BERGEN 6-SEAT ROUND GARDEN DINING TABLE, RETAILER BARBICAN LARGE 3 SEATER SOFA, ASUS CHROMEBOOK FLIP, ANYDAY RETAILER WAFFLE BORDER COTTON TE, APPLE WATCH SERIES 7 GPS CELLULAR 41MM PRODUCT RED, EMMA HYBRID MATTRESS MEDIUM TENSION SUPER KING SIZ, APPLE WATCH SERIES 6 GPS CELLULAR 40MM SILVER ALUM, HUMANSCALE DIFFRIENT WORLD TASK OFFICE CHAIR BLACK, RETAILER CLAVERDON II LEATHER ARMCHAIR, RETAILER JEWEL MARBLE 4 SEATER PEDESTAL, SAMSUNG GALAXY WATCH 4 CLASSIC BLUETOOTH 42MM STAI, SAMSUNG QE65QN95A 2021 NEO QLED HDR 2000 4K ULTRA, 2021 APPLE MACBOOK PRO 16 M1 MAX PROCESSOR 32GB RA, RETAILER PADSTOW LARGE 3 SEATER SOFA, RETAILER MOSTYN SLOT HEADED VOILE FABRI, RETAILER COTTON CHINO SHORTS STONE 36R, 2020 APPLE IPAD PRO 12 9 A12Z BIONIC IOS WI-FI 512, RETAILER BOLD ABSTRACT RUG NAVY L290 X, LG OLED42C24LA 2022 OLED HDR 4K ULTRA HD SMART TV, RETAILER DRAPER LARGE 3 SEATER LEATHER, RETAILER COSY MEDIUM 2 SEATER SOFA, LG OLED77G16LA 2021 OLED HDR 4K ULTRA HD SMART TV, ERCOL FOR RETAILER SHALSTONE DRESSING TABLE, RETAILER BASKET ROPE 2-SEAT GARDEN SOFA, SAMSUNG QE75QN95A 2021 NEO QLED HDR 2000 4K ULTRA, APPLE MLL82ZM A USB-C CHARGE CABLE 2M, ANYDAY RETAILER BABY SLEEPSUIT PACK OF, RETAILER SWOON LYON MEDIUM 2 SEATER SOF, RETAILER CAMDEN 5 SEATER LHF CORNER END, JOSEPH JOSEPH EXTEND EXPANDABLE DISH RACK GREY, SAMSUNG HW-Q900A BLUETOOTH WI-FI CINEMATIC SOUND B, TOMMEE TIPPEE PERFECT PREP DAY NIGHT WHITE, BOSE SMART SOUND BAR 300 WITH WI-FI BLUETOOTH AND, RETAILER CROMWELL CHESTERFIELD LARGE 3, APPLE WATCH SERIES 7 GPS CELLULAR 41MM BLUE ALUMIN, CHARLOTTE TILBURY CHARLOTTE S MAGIC CREAM REFILLAB, SWYFT MODEL 04 LARGE 3 SEATER DOUBLE SOFA BED TEAL, SAMSUNG QE85QN95A 2021 NEO QLED HDR 2000 4K ULTRA, 2021 APPLE IPAD PRO 11 M1 PROCESSOR IOS WI-FI 2TB, RETAILER BROOKS SIDE DINING CHAIRS SET, APPLE MAGIC MOUSE 2 2015 WHITE, PANASONIC LUMIX DC-S5 COMPACT SYSTEM CAMERA WITH 2, OCULUS QUEST 2 ALL-IN-ONE VIRTUAL REALITY HEADSET, RETAILER ARLO LARGE 3 SEATER SOFA, UPPABABY VISTA LOWER ADAPTOR, H G CAPISCO 8106 OFFICE CHAIR BLUE, RETAILER OLIVER CORNER SOFA, BOSE TV SPEAKER BLUETOOTH SOUND BAR, RETAILER RECLINE LARGE 3 SEATER SOFA LI, WEST ELM MID-CENTURY WALL DESK ACORN, RETAILER CHARLOTTE HIGH BACK SMALL 2 SE, RETAILER BARBICAN SNUGGLER, RETAILER RATTAN BED FRAME SUPER KING SI, CRICUT MAKER 3 SMART CUTTING MACHINE, RETAILER DUHRER 4-6 SEATER EXTENDING RO, BIG GREEN EGG LARGE EGG BBQ ACACIA WOOD TABLE BUND, ANYDAY RETAILER SWEEP LARGE 3 SEATER SO, INNOVATION LIVING VOGAN SOFA BED KENYA DARK GREY, ANYDAY RETAILER ANTON DINING BENCH NATU, 2020 APPLE IPAD PRO 11 A12Z BIONIC IOS WI-FI CELLU, RETAILER LORN 6 SEATER DINING TABLE OAK, RETAILER ARLO RHF CHAISE END SOFA BED L, HYPNOS LUXURY WOOL NO 1 POCKET SPRING MATTRESS MED, APPLE WATCH SERIES 7 GPS CELLULAR 41MM STARLIGHT A, KETTLER RHS HAMPTON GARDEN COFFEE TABLE SOFA CHAIR, RETAILER EMILY 2 DRAWER STORAGE UPHOLST, HERSCHEL SUPPLY CO CITY MID-VOLUME BACKPACK BLACK, SONY BRAVIA XR XR75X95J 2021 LED HDR 4K ULTRA HD S, RETAILER DRAPER MOTION MEDIUM 2 SEATER, RETAILER ELEVATE LARGE 2 SEATER POWER R, SAMSUNG GALAXY WATCH 4 4G CELLULAR 40MM ALUMINIUM, SAMSUNG QE65QN90A 2021 NEO QLED HDR 2000 4K ULTRA, LG OLED55C24LA 2022 OLED HDR 4K ULTRA HD SMART TV, RETAILER BARBICAN GRAND 4 SEATER SOFA, RETAILER SWOON MENDEL BEDSIDE TABLE LIG, ANYDAY RETAILER WILTON BED FRAME DOUBLE, LG OLED77B16LA 2021 OLED HDR 4K ULTRA HD SMART TV, SKECHERS CHILDREN S GORUN 400 V2 RUNNING SHOES LAV, SEE BY CHLO TILLY SATIN BACKPACK BLACK, RETAILER TOKYO GRAND 5 SEATER LHF LARGE, RETAILER BAILEY MEDIUM 2 SEATER SOFA, BUGABOO DONKEY3 MONO PUSHCHAIR AND CARRYCOT GREY M, RETAILER CALIA 2-SEATER DINING BENCH OA, SUNCAST MODERNIST STORAGE SHED 2 1M X 2 1M GREY, NIKON Z6 II COMPACT SYSTEM CAMERA WITH 24-70MM LEN, VISPRING PREMIER DIVAN BASE DOUBLE GEM CREAM FSC-C, APPLE WATCH NIKE SERIES 6 GPS 40MM SILVER ALUMINIU, RETAILER PLATFORM 5 SEATER LHF CORNER E, SAMSUNG GALAXY WATCH 3 4G CELLULAR 45MM STAINLESS, MARGO SELBY EASTBORNE BATH MAT, RETAILER POISE 6 SEATER GLASS DINING TA, RETAILER ST IVES DRESSING TABLE GREY HA, RETAILER SHOW WOOD 4 DRAWER CHEST NOUGA, HALO GROUCHO SMALL 2 SEATER LEATHER SOFA ANTIQUE W, MSPA MONO QUICK-HEATING UV-SANITISED ROUND INFLATA, APPLE WATCH SERIES 6 GPS CELLULAR 40MM GOLD STAINL, HALO EARLE CHESTERFIELD LARGE 3 SEATER LEATHER SOF, ONEPLUS 9 PRO SMARTPHONE ANDROID 6 7 12GB RAM 5G S, LAURA ASHLEY WINCHESTER 9 ARM CEILING LIGHT POLISH, RETAILER MID-CENTURY SWEEP 3 DRAWER CHE, RETAILER MARLOW 200CM HINGED DOOR WARDR, RETAILER DIGITAL OIL RADIATOR, WEST ELM GRID TUFTED UPHOLSTERED BED FRAME DOUBLE, ANYDAY RETAILER BONN OTTOMAN STORAGE UP, OXO GOOD GRIPS SNAP GLASS STORAGE CONTAINER CLEAR, PANASONIC TX-65JZ1500B 2021 OLED HDR 4K ULTRA HD S, 2020 APPLE IPAD 10 2 A12 IPADOS WI-FI 32GB SPACE G, SWYFT MODEL 03 LARGE 3 SEATER SOFA PUMICE LINEN, SWYFT MODEL 01 LARGE 3 SEATER SOFA VINE VELVET, 65HZ2000, RETAILER BUNDLE SMALL 2 SEATER LEATHER, INNOVATION LIVING CUBED 140 SOFA BED TWIST GRANITE, KETTLER ELBA GARDEN RELAXER RECLINING CHAIR FOOTST, APPLE WATCH SERIES 7 GPS 41MM PRODUCT RED ALUMINIU, APPLE WATCH NIKE SERIES 6 GPS 40MM SPACE GREY ALUM, KD65A8, RETAILER NATURAL COLLECTION CASHMERE 26, TEMPUR ORIGINAL ELITE MEMORY FOAM MATTRESS MEDIUM, RETAILER DRAPER LARGE 3 SEATER SOFA LIG, RETAILER PADMA 6 DRAWER CHEST BROWN BRA, RETAILER MATCHBOX COMPACT 2 SEATER SOFA, RETAILER BERGEN ARMCHAIR, APPLE WATCH SERIES 6 GPS CELLULAR 40MM SILVER STAI, RUCOMFY INDOOR OUTDOOR BEAN CUBE NAVY, EBBE GEHL FOR RETAILER MIRA WIDE 2 DRAWER BOOKCA, KETTLER ELBA LOW CORNER 4-SEAT GARDEN LOUNGING TAB, SWYFT MODEL 01 LARGE 3 SEATER SOFA SHADOW LINEN, SIMBA HYBRID MATTRESS MEDIUM TENSION DOUBLE, RETAILER DRAPER MEDIUM 2 SEATER SOFA, SAMSUNG QE75QN85A 2021 NEO QLED HDR 1500 4K ULTRA, TRAEGER PRO D2 575 WIFI CONNECTED WOOD PELLET BBQ, RETAILER COSY LARGE 3 SEATER SOFA, RETAILER DRAPER MOTION ARMCHAIR WITH FO, BANG OLUFSEN BEOSOUND A1 2ND GENERATION PORTABLE B, LG 65NANO916PA 2021 LED HDR NANOCELL 4K ULTRA HD S, MADE TO MEASURE CURTAINS, SAMSUNG GALAXY BOOK LAPTOP INTEL CORE I7 PROCESSOR, RETAILER LOZE GRAND 5 SEATER LHF CHA, SILVER CROSS WAVE PUSHCHAIR CARRYCOT ZINC, SAMSUNG GALAXY S20 FE 5G SMARTPHONE WITH WIRELESS, DESSER VIOLA RATTAN 4-SEATER LOUNGING TABLE CHAIRS, ANYDAY RETAILER CLAYTON 2-4 SEATER DROP, APPLE EARPODS WITH REMOTE AND MIC LIGHTNING CONNEC, RETAILER MARLOW 250CM HINGED WARDROBE G, ANYDAY RETAILER WILTON BED FRAME KING S, RETAILER OLIVER STORAGE CHAISE SOFA, APPLE MAGIC MOUSE 2021 SILVER, WEST ELM WRIGHT BED FRAME KING SIZE BROWN FSC CERT, RETAILER CAMDEN RHF CORNER END CHAISE U, RETAILER CALIA 8 SEATER DINING TABLE OA, SILVER CROSS WAVE PUSHCHAIR CARRYCOT SIMPLICITY PL, WEST ELM NEWPORT LHF CHAISE END SOFA PERFORMANCE L, RETAILER CALIA 6-10 SEATER EXTENDING DI, RETAILER CALIA SMALL SIDEBOARD DARK, RETAILER NEWTON MEDIUM 2 SEATER SOFA BE, BUGABOO FOX 3 PUSHCHAIR TURTLE AIR BY NUNA CAR SEA, PHILIPPE STARCK FOR KARTELL VICTORIA GHOST CHAIR C, RETAILER BARBICAN ARMCHAIR LIGHT LEG AQ, RETAILER DRAPER MEDIUM 2 SEATER SOFA LI, SWOON TULUM LARGE 3 SEATER SOFA DARK LEG FERN VELV, RETAILER SOREN NARROW DESK WALNUT, RETAILER BAILEY RHF CHAISE END SOFA BED, LG 55NANO966PA 2021 LED HDR NANOCELL 8K ULTRA HD S, RETAILER CAMBER GRAND 4 SEATER SOFA, BELKIN 4K HDMI 2 1 CABLE 2M BLACK, RETAILER HARVARD TV STAND SIDEBOARD FOR, APPLE MAGIC TRACKPAD 2022 BLACK, KETTLER PALMA ALUMINIUM GARDEN CUSHION STORAGE BOX, CROFT COLLECTION FINDON GRAND 4 SEATER SOFA, RETAILER BROOKS VELVET OFFICE CHAIR ROS, INNOVATION LIVING ASLAK SOFA BED WITH POCKET SPRUN, SWYFT MODEL 04 LARGE 3 SEATER DOUBLE SOFA BED LIGH, LG TONE FREE HBS-FN4 TRUE WIRELESS BLUETOOTH IN-EA, ANYDAY RETAILER CAR MIRROR, 2020 APPLE IPAD 10 2 A12 IPADOS WI-FI 128GB SILVER, APPLE WATCH SERIES 7 GPS CELLULAR 41MM GRAPHITE ST, HERMAN MILLER AERON OFFICE CHAIR SIZE C GRAPHITE, RETAILER ARLO 5 SEATER LHF CHAISE WITH, RETAILER CARVED 5 DRAWER CHEST WALNUT, RETAILER HENDRICKS HIGH BACK ACCENT CHA, HP ENVY X360 13-BD0017NA CONVERTIBLE LAPTOP INTEL, G PLAN VINTAGE THE SIXTY EIGHT SMALL 2 SEATER SOFA, RETAILER CAMDEN LARGE 3 SEATER LEATHER, RETAILER NATURAL GOOSE FEATHER DOWN 3-I, LE CREUSET ECOLOGICAL CAST IRON CLEANER PROTECTOR, BRABANTIA NEW TOUCH BIN MINERAL MOONLIGHT BLACK 30, ANYDAY RETAILER BONN UPHOLSTERED BED FR, SONY BRAVIA KD55X81J 2021 LED HDR 4K ULTRA HD SMAR, EGG2 PUSHCHAIR LUXURY AND CARRYCOT BUNDLE SAPPHIRE, TOOMIES HIDE AND SQUEAK EGGVENTURES EGG BUS, BUGABOO FOX3 PUSHCHAIR GREY MELANGE, DESSER VIOLA RATTAN 2-SEATER SOFA NATURAL, RETAILER CALIA SOFA SIDE TABLE OAK, SAMSUNG GALAXY WATCH 3, 2020 APPLE IPAD 10 2 A12 IPADOS WI-FI 32GB SILVER, TEMPUR HYBRID ELITE POCKET SPRING MEMORY FOAM MATT, RETAILER BAILEY LARGE 3 SEATER SOFA, RETAILER SOREN DESK, 2020 APPLE IPAD PRO 11 A12Z BIONIC IOS WI-FI 512GB, HP 27M FULL HD MONITOR 27 BLACK, RETAILER RATTAN DOUBLE WARDROBE OAK, WEST ELM QUINN 5 DRAWER CHEST HAZE, LEVI S RELAXED GRAPHIC LOGO T-SHIRT WHITE XL, RETAILER COTTON VELVET CUSHION SOFT PIN, PUREBABY ORGANIC COTTON RIB BASIC GROWSUIT GREEN 0, WEST ELM NEWPORT RHF CHAISE END SOFA PERFORMANCE L, ORIGINAL BTC HECTOR PLEAT FLOOR LAMP, TEMPUR CLOUD ELITE MEMORY FOAM MATTRESS SOFT SINGL, ANYDAY RETAILER CLICK LUXURY VINYL TILE, CYBEX GAZELLE S PUSHCHAIR CARRYCOT WITH CLOUD Z CA, RETAILER SHOW WOOD 6 DRAWER CHEST JADE, DYSON SUPERSONIC HAIR DRYER NICKEL, RETAILER OLIVER ARMCHAIR, ESTEBAN ULTRASONIC PERFUME MIST DIFFUSER GOLD, RETAILER CLIMATE COLLECTION 1600 POCKET, RETAILER SWOON LYON RHF CHAISE END SOFA, APPLE WATCH SERIES 6 GPS CELLULAR 44MM BLUE ALUMIN, RETAILER RAISE CONSOLE TABLE WALNUT, SAMSUNG THE FREESTYLE HDR FULL HD SMART PORTABLE P, RETAILER PILLOW MEDIUM 2 SEATER SOFA, RETAILER ROUEN FULL DEPTH UPHOLSTERED H, SAMSUNG THE FRAME 2022 QLED ART MODE TV WITH SLIM, TETRAD SKITTLE ARMCHAIR HARRIS TWEED SKYE MIDNIGHT, STOMPA UNO S PLUS HIGH-SLEEPER BED WITH FIXED DESK, RETAILER TORONTO DINING ARMCHAIRS SET O, RETAILER CAMDEN 5 SEATER RHF CORNER END, ANYDAY RETAILER FERN COFFEE TABLE OAK, SAMSUNG GALAXY NOTE 20 ULTRA SMARTPHONE WITH BLUET, ANYDAY RETAILER DOUBLE HEIGHT ADJUSTABL, HALO NOUGAT GRAND 4 SEATER LEATHER SOFA NATURAL WA, APPLE AIRPODS MAX NOISE CANCELLING WIRELESS BLUETO, HALO EARLE CHESTERFIELD MEDIUM 2 SEATER LEATHER SO, RETAILER PEA BLOSSOM KING DUVET COVER S, RETAILER TOKYO LHF LARGE MODULAR ARM UN, RETAILER ST IVES BED FRAME KING SIZE WH, RETAILER TRESTLE 4 SEATER ROUND DINING, ANYDAY RETAILER COVE PETITE 2 SEATER SO, HYPNOS SUBLIME PILLOWTOP POCKET SPRING MATTRESS ME, RETAILER DRAPER GRAND 4 SEATER SOFA, APPLE WATCH SE GPS CELLULAR 44MM SPACE GREY ALUMIN, RETAILER BOOTH LARGE 3 SEATER SOFA LIGH, TEMPUR SENSATION LUXE MEMORY FOAM MATTRESS FIRM TE, SONY BRAVIA XR XR83A90J 2021 OLED HDR 4K ULTRA HD, RETAILER JUNGLE STATEMENT PRINT FITTED, APPLE TV 4K 2021 64GB, RETAILER ESSENCE DOUBLE WARDROBE OAK, RETAILER NATURAL COLLECTION WENSLEYDALE, RETAILER CAMDEN 5 SEATER CORNER SOFA, SWYFT MODEL 03 MEDIUM 2 SEATER SOFA WITH OTTOMAN P, RETAILER ST IVES 4 SEAT GARDEN LOUNGING, KOTI HOME WINGED BUTTON UPHOLSTERED BED FRAME KING, NESPRESSO CITIZ MILK COFFEE MACHINE BY MAGIMIX BLA, ANYDAY RETAILER ARLO PAIR LINED PENCIL, RETAILER VELVET PAIR LINED EYELET CURTA, APPLE 20W USB-C POWER ADAPTER FOR IPHONE IPAD, RETAILER OPUS ROBE HOOK, RETAILER CALIA SIDEBOARD OAK, ANYDAY RETAILER JAX SMALL SIDE TABLE DU, SIMPLICITY MISSES ASYMMETRICAL PLEATED DRESS SEWIN, LACIE STHG4000400 EXTERNAL HARD DISK DRIVE 4TB USB, RETAILER BAILEY MEDIUM 2 SEATER SOFA BE, RETAILER LUXURY NATURAL COLLECTION SILK, RETAILER PADMA PARQUET BED FRAME KING S, APPLE WATCH SERIES 6 GPS CELLULAR 44MM GOLD ALUMIN, SAMSUNG GALAXY WATCH 4 CLASSIC 4G CELLULAR 42MM ST, RETAILER DRAPER GRAND 4 SEATER SOFA MET, 2020 APPLE IPAD 10.2"" 128GB GOLD, ANYDAY RETAILER AGRA RUG MINT L300 X W2, RETAILER CALIA DESK DARK, LG 75NANO916PA 2021 LED HDR NANOCELL 4K ULTRA HD S, RETAILER BLOCK LARGE SOFA BED LIGHT LEG, RETAILER RATTAN DRESSING TABLE STOOL BL, BIALETTI PREZIOSA FRENCH COFFEE PRESS SILVER 3 CUP, TEMPUR FOR RETAILER MEMORY FOAM MATTRES, RETAILER OLIVER SOFA BED, SAMSUNG QE75Q65A 2021 QLED HDR 4K ULTRA HD SMART T, HERMAN MILLER AERON OFFICE CHAIR SIZE B MINERAL, RETAILER SWOON MENDEL BED FRAME DOUBLE, SONY BRAVIA KD50X81J 2021 LED HDR 4K ULTRA HD SMAR, RETAILER ELSTRA MARLOW WARDROBE INTERNA, RETAILER CAMFORD LEATHER ARMCHAIR BUFFA, RETAILER NATURAL COLLECTION FLEECE WOOL, LOGITECH MX MASTER 3 FOR MAC BLUETOOTH WIRELESS MO, 2020 APPLE IPAD 10 2 A12 IPADOS WI-FI CELLULAR 128, DUALIT NEWGEN 4-SLICE TOASTER POLISHED, RETAILER DECKCHAIR STRIPE BEACH TOWEL N, RETAILER OLIVER GRAND 4 SEATER LEATHER, RETAILER ARLO ARMCHAIR, SONY BRAVIA KD65X89J 2021 LED HDR 4K ULTRA HD SMAR, CYBEX GAZELLE S SINGLE TO DOUBLE PUSHCHAIR SOHO GR, 2020 APPLE IMAC PRO 27 ALL-IN-ONE, HALO GROUCHO SMALL 2 SEATER LEATHER SOFA HAND TIPP, RETAILER PILLOW BED FRAME DOUBLE NATURA, RETAILER LUXURY NATURAL COLLECTION BRIT, ANYDAY RETAILER STAINLESS STEEL CAN OPE, RETAILER CAMDEN 5 SEATER RHF STORAGE CH, TETRAD COSY CLUB SKITTLE ARMCHAIR LIGHT LEG ODYSSE, RETAILER SWOON MENDEL 2 DOOR STORAGE CA, RETAILER HI PILE FLEECE ROBE PINK M, INGENUITY ITY BOUNCITY BOUNCE VIBRATING DELUXE BOU, RETAILER CHARLOTTE MEDIUM 2 SEATER SOFA, PANASONIC TX-55JZ1500B 2021 OLED HDR 4K ULTRA HD S, SOFI SOFA IN A BOX ARMCHAIR DARK LEG NAVY VELVET, RETAILER CAMBER MEDIUM 2 SEATER SOFA LI, RETAILER MARLOW 300CM HINGED WARDROBE G, APPLE WATCH NIKE SERIES 7 GPS CELLULAR 41MM MIDNIG, 2020 APPLE IPAD 10.2"" 32GB GOLD, SONY A7 III ALPHA ILCE-7M3 COMPACT SYSTEM CAMERA W, DUNLOPILLO ROYAL SOVEREIGN LATEX MATTRESS MEDIUM D, RETAILER SWOON FRANKLIN TV STAND SIDEBO, BOORI SLEIGH URBANE COTBED BARLEY WHITE, RETAILER SWOON FRANKLIN DESK BROWN, RETAILER BAILEY DOUBLE SOFA BED, HERMAN MILLER SAYL OFFICE CHAIR VICO, RETAILER CARTER DESK OAK WHITE, RETAILER CAMBER LARGE 3 SEATER SOFA, 2020 APPLE IPAD PRO 12 9 A12Z BIONIC IOS WI-FI 1TB, TETRAD SKITTLE ARMCHAIR HARRIS TWEED BRACKEN HERRI, HIGHCLARE SCHOOL CREW NECK SWEATSHIRT NAVY 3-4 YEA, RETAILER POISE DINING CHAIRS FSC-CERTIF, MODEL90, RETAILER CALIA COAT STAND SMALL OAK, TARGUS VERSAVU CLASSIC CASE FOR 11 IPAD PRO 1ST 2N, 2021 APPLE AIRPODS WITH MAGSAFE CHARGING CASE 3RD, LG 55NANO916PA 2021 LED HDR NANOCELL 4K ULTRA HD S, ANYDAY RETAILER ROLLED MEMORY FOAM MATT, RETAILER POISE 6-8 SEATER EXTENDING DIN, RETAILER OTLEY MEDIUM 2 SEATER SOFA LIG, RETAILER CALIA TV STAND FOR TVS UP TO 6, RETAILER CHARLOTTE SNUGGLER, DYSON CORRALE CORD-FREE HAIR STRAIGHTENERS FUCHSIA, RETAILER ST IVES 5 DRAWER CHEST GREY HA, ANYDAY RETAILER MIX IT DOUBLE WARDROBE, BUGABOO DONKEY3 DUO EXTENSION SET GREY MELANGE, RETAILER MINI BEANS RUG SILVER GREY L30, APPLE IPHONE 13 PRO MAX IOS 6 7 5G SIM FREE 256GB, SWOON EVESHAM GRAND 4 SEATER RHF CORNER END SOFA D, RETAILER PLECTRUM SIDE TABLE WALNUT, EBBE GEHL FOR RETAILER MIRA SMALL SIDEBOARD WHIT, HYPNOS DELUXE POCKET SPRING MATTRESS MEDIUM KING S, RETAILER ARLO MEDIUM 2 SEATER SOFA LIGH, HALO GROUCHO MEDIUM 2 SEATER LEATHER SOFA ANTIQUE, RETAILER SHOW-WOOD UPHOLSTERED BED FRAM, STOKKE STROLLER SUNSHADE PISTACHIO, PRYM EDGE TAPE INTERFACING 20MM WHITE, RETAILER OLIVER MODULAR SINGLE ARMLESS, KETTLER PALMA SUN LOUNGER WHITE WASH GREY TAUPE, RETAILER CLASSIC ECO 1200 POCKET SPRING, CYBEX GAZELLE S SEAT SOHO GREY, HALO GROUCHO SMALL 2 SEATER LEATHER SOFA RIDERS NU, MAXI-COSI PEBBLE 360 I-SIZE BABY CAR SEAT ESSENTIA, RETAILER REFINE MEDIUM 2 SEATER SOFA LI, SWOON PRITCHARD LARGE 3 SEATER SOFA DARK LEG PEPPE, EGG2 PUSHCHAIR LUXURY TRAVEL SYSTEM BUNDLE FEATHER, RETAILER ETIENNE LOUIS LOW END BED FRAM, SAMSUNG GALAXY WATCH 3 BLUETOOTH 45MM TITANIUM MYS, TONIES TONIEBOX STARTER SET PINK, LG 86NANO916PA 2021 LED HDR NANOCELL 4K ULTRA HD S, RETAILER BAILEY LHF CHAISE END SOFA BED, SAMSUNG UE85AU7100 2021 HDR 4K ULTRA HD SMART TV 8, KLF03WH, RETAILER PORTSMAN SINGLE TOWEL STORAGE, NUNA MIXX 5 PIECE PUSHCHAIR AND CARRYCOT BUNDLE BI, KETTLER PALMA 7-SEATER GARDEN LOUNGING ADJUSTABLE, RETAILER CAMBER SMALL 2 SEATER SOFA, HYPNOS WOOLTEX NO 1 POCKET SPRING MATTRESS MEDIUM, APPLE SMART FOLIO FOR IPAD PRO 12 9 5TH GENERATION, RETAILER HARMONY SMALL RIBBON CEILING L, SONY HT-SD35 BLUETOOTH SOUND BAR WITH WIRELESS SUB, RETAILER OSLO MEDIUM 2 SEATER SOFA, STOKKE TRIPP TRAPP HIGHCHAIR STORM GREY, ICANDY PEACH PHANTOM PUSHCHAIR AND CARRYCOT DARK G, SILENTNIGHT END DIVAN OTTOMAN STORAGE BED DOUBLE, RETAILER BAILEY LARGE 3 SEATER LEATHER, LG 55NANO866PA 2021 LED HDR NANOCELL 4K ULTRA HD S, RETAILER ROUEN UPHOLSTERED BED FRAME SU, HYPNOS WOOLTEX NO 3 POCKET SPRING MATTRESS MEDIUM, BUGABOO PLUS PUSHCHAIR COMFORT WHEELED BOARD, RETAILER OSLO SMALL 2 SEATER SOFA, RETAILER BAILEY FOOTSTOOL, RETAILER JAVA II LARGE 3 SEATER SOFA, RETAILER BARBICAN GRAND 4 SEATER LEATHE, APPLE LEATHER CASE WITH MAGSAFE FOR IPHONE 13 MIDN, RETAILER DUHRER LARGE SIDEBOARD OAK, APPLE SILICONE CASE WITH MAGSAFE FOR IPHONE 12 12, RETAILER SHOW WOOD 4 DRAWER CHEST JADE, RETAILER TANGENT WALL MOUNTED SHELVING, SAMSUNG QE75QN700A 2021 NEO QLED HDR 2000 8K ULTRA, RETAILER PAINTERLY STRIPED CERAMIC LARG, G PLAN VINTAGE THE SIXTY FIVE LARGE 3 SEATER SOFA, RETAILER DANTE CORNER GARDEN SOFA FOOTS, LG OLED77A16LA 2021 OLED HDR 4K ULTRA HD SMART TV, RETAILER BUNDLE CORNER SEAT UNIT, RETAILER DRAPER 5 SEATER LHF CHAISE END, APPLE USB TYPE-C DIGITAL AV MULTIPORT ADAPTER WHIT, RETAILER ETIENNE SLEIGH BED FRAME SUPER, RETAILER CALIA SMALL SIDEBOARD OAK, ANYDAY RETAILER CLAPTON FIXED BACK SOFA, ANYDAY RETAILER ESSENTIALS COLLECTION P, RETAILER SANTINO DINING ARMCHAIR BLACK, LG OLED83C14LB 2021 OLED HDR 4K ULTRA HD SMART TV, RETAILER MARLOW 3 DRAWER BEDSIDE TABLE, RETAILER CAMDEN GRAND 4 SEATER SOFA DAR, RETAILER ALASKA FAUX LEATHER BAR STOOL, WEST ELM MID-CENTURY LARGE SIDEBOARD FSC-CERTIFIED, JOULES HARBOUR FLORAL STRIPE TOP MULTI 8, RETAILER HARVARD TV STAND FOR TVS UP TO, RETAILER BAILEY SMALL 2 SEATER SOFA, KETTLER VERSA 4-SEAT GARDEN LOUNGING TABLE CHAIRS, NUNA LEAF GROW BABY ROCKER GRANITE, POTTERY BARN KIDS UNICORN STORAGE HAMPER NEUTRAL, PHILIPS HUE WHITE AMBIANCE STRUANA LED SMART FLUSH, POTTERY BARN KIDS MODERN WINGBACK RECLINING NURSIN, WEST ELM MID-CENTURY CANOPY BED FRAME DOUBLE FSC C, RETAILER CAMDEN MEDIUM 2 SEATER LEATHER, CYBEX BASE Z I-SIZE ROTATING CAR SEAT BASE BLACK, RETAILER DRAPER GRAND 4 SEATER LEATHER, RETAILER HENDRICKS MEDIUM 2 SEATER SOFA, SAMSUNG QE75QN94A 2021 NEO QLED HDR 2000 4K ULTRA, RETAILER OSLO LEATHER SNUGGLER DARK LEG, RETAILER ST IVES DOUBLE WARDROBE WITH 2, EN500 B, GOOGLE PIXELBOOK GO GA00526- LAPTOP, RETAILER GUERNSEY RUG L240 X W170 CM, BIG GREEN EGG EXTRA LARGE BBQ NEST BUNDLE WITH CON, SAMSUNG GALAXY S22 5G SMARTPHONE WITH WIRELESS POW, RETAILER CAMBER DOUBLE SOFA BED LIGHT L, RETAILER OLIVER LEATHER ARMCHAIR DARK L, SWYFT MODEL 02 MEDIUM 2 SEATER SOFA VINE VELVET, RETAILER PADMA DOUBLE WARDROBE WITH 1 D, RETAILER SWOON HARGREAVES DESK NATURAL, RETAILER VERO PASTRY FORKS SET OF 6 ASS, RETAILER VANESSA LEATHER DINING CHAIR C, RETAILER BUNDLE 5 SEATER CORNER SOFA, GOOCH LUXURY HAND KNOTTED KHAL MOHAMMADI RUG L195, PARKER KNOLL CHARLESTON POWER RECLINER LEATHER ARM, RETAILER  LEATHER MESSER BAG B, LE CREUSET CAST IRON 23CM SIGNATURE SKILLET CERISE, RETAILER DANTE GARDEN DINING TABLE 6 AR, DELL XPS 15 9510 LAPTOP INTEL CORE I5 PROCESSOR 8G, WEST ELM MID-CENTURY BED FRAME KING SIZE FSC CERTI, PANASONIC TX-65HZ980B 2020 OLED HDR 4K ULTRA HD SM, TECHNICS SL-1500C PREMIUM DIRECT DRIVE TURNTABLE B, RETAILER SWOON LATIMER LARGE 3 SEATER S, APPLE WATCH NIKE SERIES 6, RETAILER CHILDREN S RIPTAPE PLIMSOLLS W, SAMSUNG QE75QN90A 2021 NEO QLED HDR 2000 4K ULTRA, RETAILER BURFORD 5-SEAT WOVEN CORNER GA, RETAILER SWOON LYON LHF CHAISE END SOFA, APPLE AIRTAG BLUETOOTH ITEM FINDER 1 PACK, NUNA MIXX 5 PIECE PUSHCHAIR AND CARRYCOT BUNDLE CA, RETAILER SWOON MENDEL SIDEBOARD LIGHT B, RETAILER NATURAL DUCK FEATHER AND DOWN, WEST ELM HAVEN LARGE 3 SEATER SOFA WASHED CANVAS F, RETAILER ARLO SMALL 2 SEATER SOFA LIGHT, SONOS BEAM COMPACT SMART SOUND BAR WITH VOICE CONT, RETAILER 4 BURNER BBQ COVER GREY, RETAILER BAILEY MEDIUM 2 SEATER LEATHER, LG 65QNED916PA 2021 QNED MINILED HDR 4K ULTRA HD S, RETAILER BAILEY LEATHER SNUGGLER DARK L, TETRAD SKITTLE ARMCHAIR ANTIQUE BRASS CASTORS HARR, RETAILER CAPE MEDIUM 2 SEATER SOFA LIGH, RETAILER ARLO SOFA BED LIGHT LEG ERIN M, BARLOW TYRIE  3-SEAT TEAK WOOD GARDEN BENCH, SAMSUNG GALAXY BOOK2 360 CONVERTIBLE LAPTOP INTEL, SAMSUNG GALAXY S20 FE SMARTPHONE, NUNA MIXX NEXT STROLLER CARI NEXT CARRYCOT TODL I-, MICROSOFT SURFACE STUDIO LAPTOP INTEL CORE I7 32GB, EMMA ORIGINAL MEMORY FOAM MATTRESS MEDIUM TENSION, RETAILER GRILLSTREAM 4 BURNER HYBRID GA, HALO GROUCHO SMALL 2 SEATER LEATHER SOFA DARK LEG, SAMSUNG UE75AU7100 2021 HDR 4K ULTRA HD SMART TV 7, MINT VELVET FRESHWATER PEARL BEADED DROP EARRINGS, VITRA NOGUCHI COFFEE TABLE BLACK ASH, SWYFT MODEL 02 LARGE 3 SEATER SOFA SHADOW LINEN, SWOON PRITCHARD LARGE 3 SEATER SOFA DARK LEG FERN, WEST ELM SILHOUETTE MARBLE 4 SEATER PEDESTAL DININ, RETAILER CHRISSIE RECTANGULAR LAMPSHADE, RETAILER TOKYO MOTION LHF LARGE CORNER, M230E, TOMMEE TIPPEE SLEEPEE BABY MOSES BASKET AND ROCKIN, APPLE MAGIC KEYBOARD WITH NUMERIC KEYPAD TOUCH ID, SWYFT MODEL 04 LARGE 3 SEATER DOUBLE SOFA BED SEAG, APPLE MAGIC MOUSE 2022 BLACK, BIG GREEN EGG MINIMAX BBQ WITH CONVEGGTOR FOLDABLE, GOOGLE NEST MINI HANDS-FREE SMART SPEAKER 2ND GEN, RETAILER PILLOW MEDIUM 2 SEATER SOFA BE, DELL XPS 13 9310 LAPTOP INTEL CORE I7 PROCESSOR 16, ANYDAY RETAILER JAIPUR RUG PINK L230 X, SAMSUNG GALAXY Z FOLD 2, BOSE 700 NOISE CANCELLING OVER-EAR WIRELESS BLUETO, WEST ELM MID-CENTURY VELVET DINING CHAIR DOVE GREY, RETAILER CAMDEN SNUGGLER, RETAILER ARC 8 SEATER DINING TABLE OAK, RETAILER BOW 4 DRAWER CHEST OAK, SILVER CROSS SPECIAL EDITION PIONEER PUSHCHAIR CAR, RETAILER SWIVEL ARMCHAIR GOLD METAL BAS, ERCOL FOR RETAILER SHALSTONE 2 DRAWER BEDSIDE TA, HERMAN MILLER AERON OFFICE CHAIR SIZE B GRAPHITE P, RETAILER TORTONA PILLOW BACK RHF CHAISE, RETAILER RATTAN BED FRAME DOUBLE OAK, INNOVATION LIVING CUBED 140 SOFA BED NAVY BLUE, RETAILER RATTAN BED FRAME SINGLE OAK, BABYZEN YOYO CHASSIS COLOUR PACK BUNDLE BLACK AIR, SWYFT MODEL 01 LARGE 3 SEATER SOFA TEAL VELVET, RETAILER BARBICAN ARMCHAIR, WEST ELM PROFILE IRON 3-TIER SHELVING SIDE TABLE A, SONOS BEAM GEN 2 COMPACT SMART SOUND BAR WITH DOLB, RETAILER BAILEY LEATHER ARMCHAIR DARK L, WEBER SPIRIT EPX-315 GBS WEBER CRAFTED SMART GRILL, RETAILER SPINDLE BED FRAME SMALL DOUBLE, RETAILER PLASTIC TUMBLERS SET OF 4 420M, ANYDAY RETAILER WAVE UPHOLSTERED BAR ST, STOVES STERLING 600G FREESTANDING GAS COOKER STAIN, SONY BRAVIA KD65XH9505 2020 LED HDR 4K ULTRA HD SM, SEALY 2 DRAWER STORAGE DIVAN BASE SINGLE GREY, SILVER CROSS WAYFARER 2020 SIMPLICITY PLUS AND ISO, RETAILER ORGANIC COTTON HARE PRINT PYJA, RETAILER CHUNKY WEAVE GARDEN LOUNGE CHA, ICANDY PEACH PHANTOM PUSHCHAIR AND CARRYCOT NAVY T, CRANE GARDEN BUILDINGS 3 X 3M GARDEN STUDIO FSC-CE, WEST ELM ANDES 5 SEATER LHF SECTIONAL SOFA STONE T, RETAILER BAILEY HIGH BACK SMALL 2 SEATE, RETAILER ETIENNE LOW END SLEIGH BED FRA, APPLE WATCH SERIES 6 GPS CELLULAR 40MM GRAPHITE ST, VISPRING FURSDON BEDSTEAD SUPREME 1500 POCKET SPRI, KOTI HOME FLUTED UPHOLSTERED BED FRAME SUPER KING, THE NORTH FACE CARTO TRICLIMATE MEN S 3-IN-1 WATER, RETAILER CHESTER MEDIUM 2 SEATER SOFA D, RETAILER PEDESTAL 4 SEATER DINING TABLE, RETAILER NATURAL COLLECTION SIBERIAN GO, APPLE SMART KEYBOARD FOR 10 2 IPAD 10 5 IPAD PRO A, SKIP HOP MOBY BATH RINSER GREY, SAMSUNG QE65S95B 2022 OLED HDR 4K ULTRA HD SMART T, RETAILER RYE 7-SEATER CORNER GARDEN SOF, RETAILER CROMWELL CHESTERFIELD SMALL 2, RETAILER TORTONA 5 SEATER LHF CHAISE EN, G PLAN VINTAGE THE SIXTY FIVE LARGE 3 SEATER CHAIS, EMMA BRIDGEWATER HAWTHORN BERRIES HALF PINT MUG 30, BUGABOO FOX2 READY TO GO FURTHER BUNDLE ALUMINIUM, RETAILER CHUNKY WEAVE ROUND GARDEN COFF, ANYDAY RETAILER WHISTLER DINING CHAIR E, RETAILER JUTE RUG PINK L170 X W240 CM, CROFT COLLECTION EASDALE LLOYD LOOM DINING CHAIR O, TOM DIXON MELT MINI LED SURFACE LIGHT CHROME, SONY WH-1000XM4 NOISE CANCELLING WIRELESS BLUETOOT, SONOS ARC SMART SOUND BAR WITH DOLBY ATMOS VOICE C, SWOON EVESHAM MEDIUM 2 SEATER SOFA DARK LEG INDIGO, RETAILER ARLO MEDIUM 2 SEATER LEATHER S, RETAILER ST IVES SINGLE MODULAR GARDEN, RETAILER KIDS ORGANIC COTTON REVERSIBLE, KD75XH9505, APPLE WATCH SERIES 6 GPS 40MM PRODUCT RED ALUMINIU, PARKER KNOLL OBERON ARMCHAIR MURRAY HERRINGBONE GO, WEST ELM MID-CENTURY WIDE BOOKSHELF WITH STORAGE A, BUGABOO BEE6 CARRYCOT GREY MELANGE, RETAILER BAILEY GRAND 4 SEATER SOFA, RETAILER OLIVER MODULAR PAIR OF ARMS, BUGABOO DONKEY3 DUO PUSHCHAIR AND CARRYCOT ALUMINI, WEST ELM INDUSTRIAL STORAGE BOX FRAME COFFEE TABLE, WEBER GENESIS E-325 GBS WEBER CRAFTED 3-BURNER GAS, LG OUTDOOR MONACO 6-SEAT ROUND GARDEN DINING TABLE, KETTLER PALMA 7-SEAT MINI CORNER GARDEN CASUAL DIN, RETAILER BAILEY GRAND 4 SEATER LEATHER, SWYFT MODEL 02 LARGE 3 SEATER SOFA PUMICE LINEN, RETAILER GRAYSON SIDE TABLE OAK, SILVER CROSS WAVE 2020 DREAM CAR SEAT AND I-SIZE B, CROFT COLLECTION FINDON SNUGGLER, RETAILER DUHRER 6-10 SEATER EXTENDING D, RETAILER HARROGATE HIGH BACK GRAND 4 SE, SONY BRAVIA KD85XH9096 2020 LED HDR 4K ULTRA HD SM, VISPRING AXMINSTER SUPREME 2500 POCKET SPRING MATT, HYPNOS WOOLCOTT PILLOW TOP POCKET SPRING MATTRESS, SWYFT MODEL 01 LARGE 3 SEATER SOFA ELEPHANT GREY V, WEST ELM MODERN PETAL UPHOLSTERED DINING CHAIR NAT, SWOON PRITCHARD LARGE 3 SEATER SOFA DARK LEG KINGF, SWYFT MODEL 01 MEDIUM 2 SEATER SOFA BRICK VELVET, LG OUTDOOR MONACO 4-SEAT ROUND GARDEN DINING TABLE, ANYDAY RETAILER MIX IT WIDE 4 DRAWER CH, SWYFT MODEL 02 MEDIUM 2 SEATER SOFA ELEPHANT GREY, RETAILER STAINLESS STEEL TOILET BRUSH, SONY BRAVIA KD43X81J 2021 LED HDR 4K ULTRA HD SMAR, SAMSUNG HW-Q800A BLUETOOTH WI-FI CINEMATIC SOUND B, RETAILER COMPACT SMALL 2 SEATER SOFA, RETAILER BARBICAN LEATHER ARMCHAIR LIGH, RETAILER CLIMATE COLLECTION 2000 POCKET, SWOON PRITCHARD MEDIUM 2 SEATER SOFA DARK LEG PEPP, SAMSUNG QE65Q80A 2021 QLED HDR 1500 4K ULTRA HD SM, ABC, RETAILER MORITZ VELVET DINING CHAIR OLI, WEST ELM MID-CENTURY 3 DRAWER CHEST FSC CERTIFIED, RETAILER HENDRICKS ACCENT CHAIR, RETAILER MARLOW 4 DRAWER CHEST 75CM MAT, PHILIPPE STARCK FOR KARTELL MASTERS BAR CHAIR GREY, ERCOL FOR RETAILER SHALSTONE BED FRAME OAK DOUBL, JOSEPH JOSEPH INTELLIGENT WASTE TOTEM COMPACT BIN, RETAILER JAVA II LARGE 3 SEATER SOFA LI, RETAILER MARLOW ALUMINIUM 4 SEATER GARD, RETAILER CAMDEN MEDIUM 2 SEATER SOFA LI, RETAILER LUXURY NATURAL COLLECTION CASH, SAMSUNG GALAXY BOOK2 PRO 360 CONVERTIBLE LAPTOP IN, ERCOL FOR RETAILER SHALSTONE SHELVING UNIT OAK, RETAILER CAMBER MEDIUM 2 SEATER LEATHER, WEST ELM MID-CENTURY CANOPY BED FRAME KING SIZE FS, DURESTA VAUGHAN II SMALL 2 SEATER SOFA TATE VELVET, JOSEPH JOSEPH BREAD BIN WITH BAMBOO WOOD CUTTING B, RETAILER OTLEY GRAND 4 SEATER SOFA, BUGABOO FOX3 PUSHCHAIR STORMY BLUE, ANYDAY RETAILER 200 THREAD COUNT POLYCO, RETAILER MEDAN 3 DRAWER BEDSIDE TABLE D, KETTLER PALMA OUTDOOR TABLE AND STOOLS COVER, NAZANIN KAMALI FOR CASE OKI-NAMI DINING CHAIR OAK, RETAILER SUPREME SUPIMA COTTON FACE CLO, SWYFT MODEL 04 LARGE 3 SEATER DOUBLE SOFA BED BRIC, HALO GROUCHO LEATHER ARMCHAIR ANTIQUE WHISKY, KOTI HOME WINGED BUTTON UPHOLSTERED BED FRAME DOUB, WEST ELM TANNER HEMLOCK WOOD COFFEE TABLE BLACK, RETAILER HARROGATE HIGH BACK LARGE 3 SE, LG OUTDOOR BERGEN 8-SEAT MODULAR GARDEN LOUNGING S, WEST ELM MID-CENTURY LARGE SIDEBOARD GREY FSC CERT, APPLE MAGIC MOUSE 2 (2015), RETAILER CAMDEN SMALL 2 SEATER LEATHER, TETRAD LEWIS PETITE 2 SEATER SOFA HARRIS TWEED PEA, SWYFT MODEL 03 5 SEATER CORNER SOFA SHADOW LINEN, PHILIPPE STARCK FOR KARTELL MASTERS BAR CHAIR BLAC, RETAILER ROUEN UPHOLSTERED BED FRAME DO, ANYDAY RETAILER WILTON 2 DRAWER BEDSIDE, RETAILER KABIR GOBY RUG CRIMSON L235 X, RETAILER ATHENEA CHANDELIER CEILING LIG, SWOON PORTO GRAND 4 SEATER RHF CHAISE END SOFA DAR, G PLAN VINTAGE THE SIXTY EIGHT ARMCHAIR PLUSH TURM, EBBE GEHL FOR RETAILER MIRA 6-10 SEATER EXTENDIN, HERMAN MILLER AERON OFFICE CHAIR SIZE C GRAPHITE P, LOGITECH SLIM COMBO FOLIO TOUCH BACKLIT KEYBOARD W, RETAILER CALIA LOW SHELVING UNIT OAK, JOSEPH JOSEPH EDITIONS MILLTOP NO SPILL SALT PEPPE, LEGO TECHNIC 42125 FERRARI 488 GTE AF CORSE 51, RETAILER CAPE LARGE 3 SEATER SOFA LIGHT, HUMANSCALE LIBERTY OFFICE CHAIR BLACK, SWOON DENVER GRAND 4 SEATER RHF CORNER END SOFA IN, HERMAN MILLER COSM HIGH BACK OFFICE CHAIR NIGHTFAL, KOTI HOME WINGED BUTTON UPHOLSTERED BED FRAME SUPE, HERMAN MILLER AERON OFFICE CHAIR SIZE A MINERAL PO, RETAILER CAMDEN ARMCHAIR, RETAILER TORTONA 5 SEATER RHF CHAISE EN, MICROSOFT SURFACE STUDIO LAPTOP INTEL CORE I5 16GB, THE HOME EDIT IDESIGN STORAGE DRAWER, APPLE MAGIC KEYBOARD WITH NUMERIC KEYPAD 2017 BRIT, BUGABOO FOX 3 HIGH PERFORMANCE WINTER FOOTMUFF MID, RETAILER MARLOW 200CM HINGED WARDROBE P, LEGO NINJAGO KIDS LONG SLEEVE TOP GREY 5-6 YEARS, TECHNICS SL-1500C PREMIUM DIRECT DRIVE TURNTABLE S, AEG CHILLFLEX PRO AXP34U338CW PORTABLE AIR CONDITI, RETAILER CALIA NEST OF 3 TABLES OAK, APPLE USB SUPERDRIVE CD DVD READER WRITER, G PLAN VINTAGE THE SIXTY EIGHT LARGE 3 SEATER SOFA, PHILIPS HUE WHITE AMBIANCE MILLISKIN GU10 LED RECE, RETAILER SCANDI DINING CHAIR NATURAL FS, RETAILER COVE GARDEN SUN LOUNGER FSC-CE, LA HACIENDA SKYLINE STEEL CHIMINEA FIREPIT BLACK, APPLE WATCH NIKE SERIES 6 GPS CELLULAR 44MM SILVER, TECHNICS SC-C70MK2 OTTAVA FORTE PREMIUM HIGH RESOL, NUNA TRIV-PIPA 5 PIECE PUSHCHAIR BUNDLE CAVIAR, BUGABOO DONKEY3 MONO PUSHCHAIR AND CARRYCOT BLACK, GOOCH ORIENTAL KAZAK SUPREME RUG RED MULTI L371 X, SAMSUNG UE65AU9000 2021 HDR 4K ULTRA HD SMART TV 6, HALO GROUCHO MEDIUM 2 SEATER LEATHER SOFA DARK LEG, HALO GROUCHO LARGE 3 SEATER LEATHER SOFA ANTIQUE W, APPLE WATCH NIKE SERIES 7 GPS CELLULAR 45MM STARLI, CYBERJAMMIES GEORGE WHALE PRINT PYJAMA SHORTS BLUE, POLO RALPH LAUREN COTTON TRUNKS PACK OF 3 WHITE L, RETAILER DRAPER LARGE 3 SEATER SOFA DAR, HYPNOS LUXURY WOOL NO 3 POCKET SPRING MATTRESS FIR, BUGABOO FOX2 COMPLETE PUSHCHAIR AND CARRYCOT GREY, APPLE USB-C TO 3 5MM AUDIO JACK HEADPHONES ADAPTER, SONY BRAVIA XR XR85X95J 2021 LED HDR 4K ULTRA HD S, APPLE WATCH SERIES 7 GPS CELLULAR 45MM PRODUCT RED, LAY-Z-SPA MAJORCA HYDROJET PRO SQUARE HOT TUB WITH, RETAILER BARBICAN LARGE 3 SEATER SOFA D, DE LONGHI LA SPECIALISTA ARTE COFFEE MACHINE, RETAILER BROADVIEW LARGE 3 SEATER SOFA, RETAILER RATTAN BED FRAME KING SIZE BLA, APPLE MAC STUDIO DESKTOP M1 ULTRA PROCESSOR 64GB R, BUGABOO BEE6 PUSHCHAIR GREY MELANGE, RETAILER PADMA 1 DOOR PARQUET BEDSIDE T, RETAILER PADMA 2 DRAWER BEDSIDE TABLE B, WEST ELM MID-CENTURY STORAGE CABINET ACORN, STOVES RICH S1000DF ANT COOK, WEST ELM HAMILTON LARGE 3 SEATER LEATHER SOFA SIEN, INNOVATION LIVING CUBED 160 SOFA BED VIVUS DUSTY B, SHARK HE600 AIR PURIFIER, KETTLER CASSIS 4-SEATER ROUND GARDEN DINING TABLE, BIG GREEN EGG LARGE EGG BBQ AND MODULAR NEST BUNDL, PARKER KNOLL CHARLESTON LEATHER POWER RECLINER ARM, TEMPUR BUTTON OTTOMAN STORAGE UPHOLSTERED BED FRAM, SILVER CROSS SPECIAL EDITION PIONEER COMPLETE PUSH, KETTLER PALMA 8 SEATER GARDEN CORNER SET WITH GLAS, EGG2 SPECIAL EDITION STROLLER LUXURY TRAVEL SYSTEM, PANASONIC TX-48JZ1000B 2021 OLED HDR 4K ULTRA HD S, FLOS IC C W1 WALL LIGHT BRUSHED BRASS, DURESTA VAUGHAN II LARGE 3 SEATER SOFA TATE VELVET, RETAILER TOKYO EXTRA WIDE 5 SEATER RHF, DEKNUDT MIRRORS MARBLE ABSTRACT RECTANGULAR WALL M, APPLE LIGHTNING TO USB CABLE 1M, RETAILER BOW SLATTED HEADBOARD BED FRAM, ANYDAY RETAILER WILTON NARROW 2 DOOR WA, LG 75QNED916PA 2021 QNED MINILED HDR 4K ULTRA HD S, LG SL6Y BLUETOOTH SOUND BAR WITH DTS VIRTUAL X HIG, WEST ELM MID-CENTURY ASYMMETRICAL WALL MIRROR ACOR, ICANDY PEACH DESIGNER COLLECTION CERIUM PUSHCHAIR, RETAILER BELGRAVE GRAND 4 SEATER SOFA M, NAIM MU-SO WOOD EDITION 2ND GENERATION WIRELESS BL, RETAILER THEA GU10 LED 4 SPOTLIGHT CEIL, VISPRING WOOL BEDSTEAD SUPREME 1700 POCKET SPRING, 4 SEASONS OUTDOOR VALENTINE SUN LOUNGER PURE, TEMPUR LUXE OTTOMAN STORAGE UPHOLSTERED BED FRAME, RETAILER SWOON MENDEL BED FRAME KING SI, SILENTNIGHT SLEEP GENIUS 3000 POCKET GELTEX MATTRE, BUGABOO FOX3 PUSHCHAIR FOREST GREEN, SWOON PRITCHARD MEDIUM 2 SEATER SOFA DARK LEG KING, BIRKENSTOCK ARIZONA EVA DOUBLE STRAP SANDALS BLACK, RETAILER BECKETT CANE DINING CHAIR NATU, RETAILER CHESTER MEDIUM 2 SEATER SOFA, G PLAN VINTAGE SIXTY FIVE MEDIUM 2 SEATER SOFA PLU, LG OLED48C24LA 2022 OLED HDR 4K ULTRA HD SMART TV, RETAILER MARLOW 300CM HINGED WARDROBE M, RETAILER COMPACT LARGE 3 SEATER SOFA, 2022 APPLE IPHONE SE IOS 15 4 7 5G SIM FREE 128GB, RETAILER LLAMA DOOR STOP, STOMPA UNO S PLUS HIGH-SLEEPER BED WITH PULL-OUT D, SWYFT MODEL 02 LARGE 3 SEATER SOFA ELEPHANT GREY V, APPLE MAGIC KEYBOARD WITH TOUCH ID 2021 FOR MAC MO, RETAILER MARLOW 150CM MIRRORED HINGED W, TETRAD LEWIS ARMCHAIR HARRIS TWEED BRACKEN HERRING, WEST ELM FRAME SOLID MARBLE 6 SEATER DINING TABLE, SAMSUNG GALAXY WATCH 4 4G CELLULAR 44MM ALUMINIUM, RETAILER CLAVERDON SEMI-ANILINE LEATHER, WEST ELM PROFILE WIDE BOOKCASE ANTIQUE BRASS, VISPRING PLYMOUTH SUPREME 1200 POCKET SPRING MATTR, RETAILER SCANDI DINING CHAIR BLACK FSC, HUGO BY HUGO BOSS GELLOT EMBOSSED LEATHER BELT BRO, SWOON MUNICH 5 SEATER CORNER SOFA DARK LEG KINGFIS, RETAILER TOKYO RHF LARGE MODULAR ARM UN, LACIE STHG2000400 EXTERNAL HARD DISK DRIVE 2TB USB, RETAILER CHESTER LARGE 3 SEATER SOFA, RETAILER CROMWELL CHESTERFIELD SMALL SO, RETAILER MARLOW 150CM HINGED WARDROBE M, ANGEL ROCKET KIDS TIERED PRINT DRESS NAVY PINK 4 Y, RETAILER OLIVER LARGE 3 SEATER SOFA LIG, HUMANSCALE FREEDOM LEATHER OFFICE CHAIR PEBBLE CHR, SWOON DENVER GRAND 4 SEATER LHF CORNER END SOFA BI, ROYALCRAFT ASPEN 4-SEATER GARDEN DINING TABLE CHAI, MICROSOFT OFFICE HOME AND STUDENT 2019 1 PC ONE-OF, JAY-BE VITALITY FOLDING BED WITH FOAM FREE SMART F, VISPRING WOOLACOMBE SUPREME 2000 POCKET SPRING MAT, TEMPUR ORIGINAL SUPREME MEMORY FOAM MATTRESS MEDIU, KETTLER RHS HAMPTON 6-SEATER GARDEN DINING TABLE C, EMMA HYBRID MATTRESS MEDIUM TENSION DOUBLE, HERMAN MILLER AERON OFFICE CHAIR SIZE C MINERAL PO, RETAILER 14C BAGGED CYLINDER VACUUM CLE, RETAILER CRADLE ROPE GARDEN SOFA CHAIRS, KD85XH9505, INNOVATION LIVING CUBED 160 SOFA BED NIST BLUE, RETAILER CAMDEN GRAND 4 SEATER SOFA, 2020 APPLE IPAD AIR 10.9"", SILVER CROSS PIONEER 2021 PUSHCHAIR CARRYCOT DREAM, RETAILER MARLOW 250CM MIRRORED HINGED W, RETAILER DUPLET DAYBED LIGHT LEG ISABEL, WEBER SPIRIT 300 SERIES PREMIUM BBQ COVER, HP SPECTRE X360 13-AW2024NA CONVERTIBLE LAPTOP WIT, RETAILER BOOTH GRAND 4 SEATER SOFA, DYSON SUPERSONIC HAIR DRYER SPECIAL EDITION GIFT S, RETAILER SWEPT LEATHER ARMCHAIR DARK LE, STOMPA UNO S PLUS MID-SLEEPER WITH PULL-OUT DESK 3, RETAILER PEDAL BIN 30L BLACK, RETAILER CHESTER LARGE 3 SEATER SOFA DA, RETAILER MARLOW 300CM SLIDING DOOR WARD, SAMSUNG GALAXY BUDS 2 WITH QI-COMPATIBLE WIRELESS, GOOCH ORIENTAL KAZAK SUPREME RUG GREY MULTI L300 X, VITAL BABY NURTURE ADVANCED PRO UV STERILISER DRYE, KETTLER CORA ROPE GARDEN DINING ARMCHAIRS SET OF 2, MICHAEL KORS MK1024 WOMEN S LAI POLARISED AVIATOR, SEALY ACTIVSLEEP GELTEX 2200 POCKET SPRING PILLOWT, RETAILER MONTROSE MEDIUM 2 SEATER SOFA, LOGITECH MX KEYS BLUETOOTH WIRELESS KEYBOARD BLACK, POTTERY BARN KIDS MID CENTURY CONVERTIBLE COTBED A, CRANE GARDEN BUILDINGS 3 X 3 6M THE HUB OUTDOOR LE, RETAILER ALBA ABSTRACT CUSHION GREEN MU, BEABA SET OF 2 GLASS STORAGE JARS PINK DARK BLUE, CRANE GARDEN BUILDINGS 3 X 5 4M THE HUB PLUS LEFT-, APPLE MAGIC TRACKPAD 2021 SILVER, SAMSUNG GALAXY BOOK GO 4G LTE LAPTOP QUALCOMM SNAP, SILENTNIGHT 2 DRAWER CONTINENTAL END DIVAN STORAGE, STOKKE TRIPP TRAPP HIGHCHAIR BLACK, SPECK PRESIDIO PERFECT CLEAR CASE FOR IPHONE SE (2, RETAILER MARLOW 150CM HINGED DOOR WARDR, RETAILER HENDRICKS HIGH BACK LEATHER AC, EDDINGTONS EGG PERFECT EGG TIMER, RETAILER BALDWIN DESK LAMP PEWTER COPPE, SONY BRAVIA XR XR65X95J 2021 LED HDR 4K ULTRA HD S, RETAILER CRISP AND FRESH 200 THREAD COU, FARMER S COTTAGE 7 SEATER ROTATING GARDEN POD, ANYDAY RETAILER RIDGE TV STAND FOR TVS, RING FLOODLIGHT CAM WIRED PLUS SMART SECURITY CAME, APPLE SMART FOLIO FOR IPAD PRO 11 3RD GENERATION B, RETAILER OTLEY LARGE 3 SEATER LEATHER S, TARGUS NEWPORT SLEEVE FOR 13 MACBOOK PRO AIR BLACK, RETAILER BAMBOO CLOTHES RAIL WITH SHELF, RETAILER CHESTER LARGE 3 SEATER LEATHER, RETAILER RUSTIC JUTE STRIPE RUNNER RUG, HYPNOS FIRM EDGE 4 DRAWER DIVAN STORAGE BED SMALL, RETAILER SWOON MENDEL SIDEBOARD GREY, WEST ELM MID-CENTURY 5 DRAWER CHEST ACORN, RETAILER ST IVES DOUBLE WARDROBE WITH 1, RETAILER CHARLOTTE SMALL 2 SEATER SOFA, RETAILER BERGEN LEATHER FOOTSTOOL DARK, HALO LITTLE PROFESSOR PETITE 2 SEATER LEATHER SOFA, APPLE WATCH SE GPS 44MM SPACE GREY ALUMINIUM CASE, RETAILER REFLEX 6 SEATER DINING TABLE O, RETAILER CHARLOTTE HIGH BACK MEDIUM 2 S, APPLE WATCH SE GPS 40MM SPACE GREY ALUMINIUM CASE, SWOON DENVER GRAND 4 SEATER LHF CORNER END SOFA IN, ERCOL FOR RETAILER SHALSTONE 6 DRAWER TALLBOY CH, CONTENT BY TERENCE CONRAN BALANCE WIDE SHELVING UN, RETAILER MARLOW 200CM HINGED WARDROBE M, RETAILER SWOON FRANKLIN TV STAND FOR TV, RETAILER SWOON MENDEL BEDSIDE TABLE GRE, RETAILER MEDAN BED FRAME DOUBLE DARK WO, RETAILER ELSTRA 250CM WARDROBE WITH MIR, SWOON LUNA GRAND 4 SEATER LHF CHAISE END SOFA LIGH, MATTHEW HILTON FOR CASE CROSS 8-14 SEATER EXTENDIN, D R GIANNI CEILING LIGHT BLACK CHROME, ANYDAY RETAILER GLOSSY WASTE PAPER BIN, RETAILER RISE BED FRAME KING SIZE NATUR, APPLE WATCH SERIES 6 GPS CELLULAR 40MM PRODUCT RED, ROYALCRAFT ASPEN 6-SEATER GARDEN DINING TABLE CHAI, RETAILER JAVA II GRAND 4 SEATER LEATHER, LITTLE HOME AT RETAILER POM POM RUG MULTI L180 X, CHARLOTTE TILBURY AIRBRUSH FLAWLESS BRONZER 2 MEDI, WEST ELM FINLEY VELVET DINING CHAIR TAUPE, APPLE AIRTAG LEATHER KEY RING PRODUCT RED, BRAKEBURN COLOUR BLOCK SWEATSHIRT GREEN 18, RETAILER CHARLOTTE HIGH BACK LARGE 3 SE, ANYDAY RETAILER SPOKE SEMI FLUSH CEILIN, SILVER CROSS WAVE 2020 SIMPLICITY PLUS AND ISOFIX, MATISSE THE PLAIN TREE 1951 FRAMED PRINT MOUNT 102, CROFT COLLECTION IONA 4-6 SEATER EXTENDING ROUND D, LAURA ASHLEY FERNHURST CRYSTAL SEMI-FLUSH CEILING, ANYDAY RETAILER ANTON 4 SEATER DINING T, RETAILER SWOON RADLEY LOVESEAT WILDWOOD, APPLE WATCH SE GPS 40MM SILVER ALUMINIUM CASE WITH, RETAILER BARBICAN RECTANGULAR FOOTSTOOL, RETAILER ARRAY STORAGE CABINET BLACK, RETAILER HAIRPIN 6 SEATER DINING TABLE, TETRAD LEWIS PETITE 2 SEATER SOFA HARRIS TWEED BRA, LG OUTDOOR DEVON 4 SEATER GARDEN DINING TABLE AND, STOVES STERLING S900DF DUAL FUEL RANGE COOKER BLAC, SAMSUNG GALAXY WATCH 3 4G CELLULAR 41MM STAINLESS, VISPRING MARISTOW SUPREME 1700 MATTRESS AND PREMIE, RETAILER  SCROLL ARMCHAIR DARK LEG, RETAILER BAILEY HIGH BACK MEDIUM 2 SEAT, RETAILER BOW FOLDING CONSOLE TABLE OAK, APPLE THUNDERBOLT 2 TO GIGABIT ETHERNET ADAPTER, ERCOL FOR RETAILER SHALSTONE 4 DRAWER CHEST, RETAILER CALIA DESK OAK, SWOON TULUM MEDIUM 2 SEATER SOFA DARK LEG FERN VEL, RETAILER BUNDLE SINGLE SOFA SEAT UNIT W, RETAILER CLOTHES SHAVER GREY, BABY JOGGER CITY MINI 2 DOUBLE CITY MINI GT2 DOUBL, RETAILER SOFT CLOSE BATHROOM PEDAL BIN, SILVER CROSS PIONEER SPECIAL EDITION PUSHCHAIR CAR, CROFT COLLECTION IONA 4 SEATER ROUND DINING TABLE, KETTLER PALMA 6 SEATER GARDEN MINI CORNER TABLE AN, NORTON 360 PREMIUM 15 MONTHS PRE-PAID SUBSCRIPTION, PHILIPPE STARCK FOR KARTELL MASTERS CHAIR BLACK, THE BOOK OF POSITIVE THOUGHTS BY HELEN EXLEY, RETAILER TOKYO LARGE MODULAR UNIT, 55HZ1500, RETAILER HARROGATE HIGH BACK MEDIUM 2 S, ANYDAY RETAILER BROOM GREY, SWYFT MODEL 03 LARGE 3 SEATER SOFA WITH OTTOMAN PU, EBBE GEHL FOR RETAILER MIRA SIDEBOARD GREY DARK, RETAILER SANSA SCROLL ARM SOFA BED WITH, APPLE WATCH MAGNETIC CHARGING CABLE WITH USB TYPE-, NIELSEN QUADRUM OAK WOOD POSTER FRAME BLACK A4 21, TOMMEE TIPPEE DOUBLE ELECTRIC BREAST PUMP, RETAILER RAISE SOFA SIDE TABLE WALNUT, RETAILER RECAP COFFEE TABLE WALNUT, LE CREUSET SIGNATURE CAST IRON OVAL CASSEROLE FLIN, SWOON LUNA LARGE 3 SEATER SOFA LIGHT LEG THUNDER W, HW-Q950T, RETAILER BROOKS FAUX LEATHER SEAT PAD S, ANYDAY RETAILER QUILTED MICROFIBRE MATT, RETAILER RIB KNIT CUSHION MUSTARD, MORRIS CO STRAWBERRY THIEF RUG L200 X W140 CM SLAT, MSPA TUSCANY QUICK-HEATING HOT TUB WITH FILTER PAC, WEST ELM MID-CENTURY MEDIA CONSOLE UNIT ACORN FSC, LG OUTDOOR BERGEN 7-SEAT GARDEN LOUNGING DINING SE, RETAILER CALIA 4 SEATER DINING TABLE OA, MSPA TUSCANY QUICK-HEATING UV-SANITISED HOT TUB WI, HALO GROUCHO LEATHER ARMCHAIR RIDERS NUT, SWOON DENVER LOVESEAT NAVY WEAVE, RETAILER TWELVE DAYS OF CHRISTMAS CRACK, STOMPA UNO S PLUS LARGE CLIP-ON SHELF WHITE, RETAILER GRACE OTTOMAN STORAGE UPHOLSTE, KIN SIA FOLDOVER BACKPACK TAUPE, WEBER GENESIS II E-410 4-BURNER GAS BBQ BLACK, RETAILER RISE SMALL 2 SEATER SOFA, CELESTRON TRAVEL SCOPE 70 DX PORTABLE TELESCOPE, WEST ELM WRIGHT 6 DRAWER CHEST FSC CERTIFIED EUCAL, RETAILER COIN SIDE TABLE BROWN, RETAILER PADMA PARQUET BED FRAME SUPER, HALO EARLE CHESTERFIELD LEATHER ARMCHAIR ANTIQUE W, UPPABABY CRUZ V2 PUSHCHAIR JAKE, RETAILER TOKYO LARGE LHF CORNER GROUP, RETAILER CHARLOTTE LARGE 3 SEATER LEATH, BUGABOO FOX3 PUSHCHAIR MIDNIGHT BLACK, INNOVATION LIVING CUBED 140 SOFA BED ELEGANCE PAPR, CAROLINE GARDNER FLORAL ZIP POUCH GLASSES CASE, RETAILER POISE 2 SEATER BENCH OAK, ICANDY PEACH ALL TERRAIN PUSHCHAIR AND CARRYCOT FO, HYPNOS KINGSWOOD TURNABLE POCKET SPRING MATTRESS M, ANYDAY RETAILER MIX IT LOW WIDE SHELF U, 5120QDC, RETAILER COPPER RIVER GLITTER AUTUMN LE, LOUIS DE POORTERE BRONX AZURITE RUG BLUE L240 X W1, RETAILER PADSTOW ARMCHAIR, RETAILER DUCK FEATHER CUSHION PAD 50 X, HYPNOS FIRM EDGE 4 DRAWER DIVAN STORAGE BED DOUBLE, RETAILER MID-CENTURY SWEEP UPHOLSTERED, RETAILER CHEVRON 2-SEAT GARDEN SOFA BLA, SILVER CROSS PIONEER 2020 SIMPLICITY PLUS 10 PIECE, WEST ELM MID-CENTURY 4-6 SEATER EXTENDING DINING T, ANYDAY RETAILER ANTON 6-8 SEATER EXTEND, RETAILER COSY GRAND 4 SEATER SOFA, RETAILER SWOON LYON LARGE 3 SEATER SOFA, EBBE GEHL FOR RETAILER MIRA CERAMIC TOP 6 SEATER, BOSE QUIETCOMFORT EARBUDS NOISE CANCELLING TRUE WI, RETAILER CLASSIC WAITROSE WOOL PILLOW T, LG OUTDOOR STOCKHOLM 8-SEATER GARDEN DINING TABLE, RETAILER GARDEN DIRECTORS CHAIR FSC-CER, DUNLOPILLO ROYAL SOVEREIGN LATEX MATTRESS MEDIUM K, RETAILER CLIMATE COLLECTION COPPER 1600, RETAILER ELSTRA 150CM WARDROBE WITH GLA, RETAILER SPECIALIST TEMPERATURE BALANCI, RETAILER LAYLA RUG L300 X W200 CM TURME, LG OUTDOOR MILANO 7-SEAT DELUXE MODULAR CORNER GAR, RETAILER KIDS RECYCLED POLYESTER FUN SU, ANYDAY RETAILER MICRO-FRESH EASY CARE W, SAMSUNG QE55QN95B 2022 NEO QLED HDR 2000 4K ULTRA, RETAILER BABY ASSORTED PRINT COTTON MUS, SWOON DENVER MEDIUM 2 SEATER SOFA FERN VELVET, SAMSUNG GALAXY BOOK PRO LAPTOP INTEL CORE I7 PROCE, RETAILER BARBICAN RHF CHAISE END LEATHE, LEVI S 501 ORIGINAL STRAIGHT JEANS MARLON W34 L30, RETAILER CALIA BAR STOOL OAK, DYSON CYCLONE V10 ABSOLUTE VACUUM CLEANER, RETAILER VELVET STITCH SMALL CUSHION ST, ASTRO OLAN WALL LIGHT WITH SILK SHADE NICKEL OYSTE, SONY A7 III ALPHA ILCE-7M3 COMPACT SYSTEM CAMERA 4, PANASONIC KX-TGK220E DIGITAL CORDLESS TELEPHONE WI, TARGUS CLICK-IN CASE FOR IPAD AIR 10 9 AND IPAD PR, HUMANSCALE FREEDOM LEATHER OFFICE CHAIR BLACK CHRO, RETAILER CALIA BOOKSHELF OAK, RETAILER RUG HOLD UNDERLAY L240 X W170C, CANON PIXMA TS9551C ALL-IN-ONE A3 WIRELESS WI-FI P, CUSTOMISABLE MODERN FRAME BEZEL FOR SAMSUNG THE FR, WEST ELM HAVEN LARGE 3 SEATER LEATHER SOFA LUDLOW, WEST ELM ANDES LARGE 3 SEATER SOFA STONE TWILL, STOKKE XPLORY X PUSHCHAIR GREY, APPLE SILICONE CASE WITH MAGSAFE FOR IPHONE 12 PRO, RETAILER ELSTRA 150CM WARDROBE WITH WHI, RETAILER CALIA COFFEE TABLE OAK, OONI KARU 16 MULTI FUEL OUTDOOR PIZZA OVEN, NANIT PRO CAMERA WALL MOUNT BREATHING BAND, KETTLER LAMODE 3-SEATER GARDEN LOUNGING SOFA WITH, ERCOL FOR RETAILER SHALSTONE 4-6 SEATER EXTENDIN, D R YISKA RIBBED GLASS SEMI FLUSH CEILING LIGHT CL, WEST ELM ROUND MARBLE NESTING SIDE TABLE WHITE BUR, CLINIQUE CHUBBY STICK MOISTURISING LIP COLOUR BALM, RETAILER ELSTRA 250CM WARDROBE MIRRORED, ERCOL FOR RETAILER SHALSTONE BEDSIDE TABLE, AEG IKE64450FB 59CM MAXISENSE INDUCTION HOB BLACK, KETTLER PALMA 4 SEATER GARDEN CUBE TABLE AND CHAIR, SILVER CROSS REEF FASHION PACK FIT BED FOLDING CAR, ANYDAY RETAILER DIME ACCENT CHAIR LIGHT, TETRAD LEWIS PETITE 2 SEATER SOFA OBAN CHECK IRIS, RETAILER CHESTER GRAND 4 SEATER SOFA DA, KETTLER PALMA GARDEN MINI LOUNGE DINING SET WITH G, WEBER SPIRIT CLASSIC E-310 3-BURNER GAS BBQ, RETAILER 8K HDMI CABLE 3M BLACK, RETAILER MINI BEANS RUG SILVER GREY L23, RETAILER PORTSMAN BATHROOM LADDER SHELV, RETAILER FLOCK BIRDS LAMPSHADE WOOD GRE, JOSEPH JOSEPH STRETCH TRIVET BLACK, AVF AFFINITY PREMIUM CHEPSTOW 930 TV STAND WITH MO, RETAILER BOOTH LARGE 3 SEATER SOFA, RETAILER MARLOW 200CM HINGED WARDROBE G, RETAILER PILLOW BED FRAME KING SIZE NAT, MAXI-COSI TINCA I-SIZE CAR SEAT ESSENTIAL BLACK, SIMPLEHUMAN MINI SENSOR TRAVEL MAGNIFYING PEDESTAL, ANYDAY RETAILER SPINDLE DINING CHAIR SE, RETAILER NATURAL COLLECTION LECKFORD LI, BUGABOO DONKEY 3 MINERAL DUO PUSHCHAIR AND CARRYCO, RETAILER JAVA II GRAND 4 SEATER SOFA, APPLE MGN43B/A 5W USB POWER ADAPTER, MAGIMIX 5200 XL PREMIUM FOOD PROCESSOR BLACK, CASIO A700WEMG-9AEF UNISEX VINTAGE MESH BRACELET S, RETAILER DOUBLE POLY-RATTAN LAUNDRY BAS, DISNEY FROZEN 2 REVERSIBLE COTTON DUVET COVER AND, SONY BRAVIA KD43X89J 2021 LED HDR 4K ULTRA HD SMAR, APPLE WATCH SE GPS 40MM GOLD ALUMINIUM CASE WITH S, RETAILER CHEVRON GARDEN LOUNGING CHAIR, RETAILER ROUEN CHILD COMPLIANT UPHOLSTE, SWOON TULUM GRAND 4 SEATER LHF CHAISE END SOFA DAR, JACKY AL-SAMARRAIE COUPAR ANGUS PERTHSHIRE FRAMED, RETAILER TOKYO LARGE 5 SEATER RHF CORNE, RETAILER LARGE DOUBLE MIRROR-SIDED BATH, RETAILER DRAPER LARGE 3 SEATER SOFA MET, RETAILER ABACUS CORNER DESK FSC-CERTIFI, SAMSUNG QE85QN900A 2021 NEO QLED HDR 4000 8K ULTRA, CROFT COLLECTION FINDON FOOTSTOOL, LANSINOH ORGANIC NIPPLE BALM 60ML, RETAILER STAINLESS STEEL BBQ TOOL UTENS, ANYDAY RETAILER MIX IT T-BAR HANDLE MIR, WEST ELM MID-CENTURY SHOW WOOD LEATHER ARMCHAIR LI, RETAILER TUCK ACCENT ARMCHAIR, MAGIMIX POWER BLENDER BLACK, LG OUTDOOR BERGEN 4-SEAT ROUND GARDEN DINING TABLE, RETAILER DRAPER FOOTSTOOL, RETAILER ABACUS STORAGE BOOKCASE NATURA, RETAILER CAMDEN STORAGE FOOTSTOOL, RETAILER DRAPER ARMCHAIR, STRING SHELVING UNIT WITH WORK DESK SHELVES 2 DRAW, RETAILER BUNDLE 5 SEATER CORNER SOFA MA, RETAILER OTLEY MEDIUM 2 SEATER LEATHER, CHARLOTTE TILBURY AIRBRUSH FLAWLESS FOUNDATION 5 C, ANYDAY RETAILER DIME ACCENT CHAIR DARK, CANON PIXMA TS5151 ALL-IN-ONE WIRELESS WI-FI PRINT, PAUL SMITH REVERSE SWIRL STRIPE LEATHER MULTI M, PANASONIC LUMIX DC-GH5M2LE GH5 MARK II COMPACT SYS, RETAILER CAPE GRAND 4 SEATER SOFA, RETAILER LANDO FAUX LEATHER DINING CHAI, RETAILER SPINDLE BED FRAME KING SIZE OA, RETAILER 4 BURNER GAS BBQ SILVER BLACK, RETAILER HIKO LARGE CEILING LIGHT BLACK, RETAILER CROMWELL CHESTERFIELD LEATHER, CHARLES TYRWHITT SLIM FIT CHAMBRAY SHIRT INDIGO BL, RETAILER CHESTER GRAND 4 SEATER LEATHER, SONY BRAVIA XR XR85Z9J 2021 LED HDR 8K ULTRA HD SM, ANYDAY RETAILER MOTION CORDUROY UPHOLST, ANYDAY RETAILER DOMINO 5 DRAWER CHEST N, STOVES PRECISION DELUXE S1000G GAS RANGE COOKER A, HALO GROUCHO LEATHER LARGE 3 SEATER SOFA BIKER TAN, BAY LIGHTING LOPEZ CEILING LIGHT SATIN NICKEL, WEST ELM GRID TUFTED UPHOLSTERED BED FRAME KING SI, KETTLER SURF ACTIVE 6-SEATER GARDEN DINING TABLE R, AVF BUCKINGHAM 1400 STAND FOR TVS UP TO 65 WALNUT, RETAILER ARLO MEDIUM 2 SEATER SOFA, TOM DIXON SPRING LED MEDIUM CEILING LIGHT GOLD, RETAILER ARLO PILLOW BACK LARGE 3 SEATE, RETAILER GRAYSON TV STAND SIDEBOARD FOR, RETAILER POISE 6-10 SEATER EXTENDING DI, RETAILER SCANDI 3 DRAWER CHEST OAK, D R PLUTO FLUSH CRYSTAL CEILING LIGHT 50CM, HUMANSCALE DIFFRIENT WORLD TASK OFFICE CHAIR WHITE, RETAILER ELSTRA 100CM WARDROBE WITH GLA, RETAILER CLASSIC PAN SET 5 PIECE, SAMSUNG GALAXY BUDS LIVE WITH QI-COMPATIBLE WIRELE, RETAILER SANTINO DINING CHAIR BLACK WAL, SWYFT MODEL 01 MEDIUM 2 SEATER SOFA VINE VELVET, SCRABBLE HARRY POTTER BOARD GAME, RETAILER MARLOW 200CM SLIDING DOOR WARD, WEST ELM RYDER LEATHER ARMCHAIR SADDLE LEATHER, INNOVATION LIVING VOGAN SOFA BED TWIST GRANITE, RETAILER DEVON LONG SLEEVE NIGHTDRESS T, HERMAN MILLER AERON OFFICE CHAIR SIZE A GRAPHITE, RETAILER CHEVRON ROUND GARDEN COFFEE TA, RETAILER FINN DESK OAK, APPLE AIRTAG BLUETOOTH ITEM FINDER 4 PACK, DYSON V7 ABSOLUTE CORDLESS VACUUM CLEANER, RETAILER BABY FLAMINGO TOWELLING PONCHO, APPLE STUDIO DISPLAY WITH TILT HEIGHT ADJUSTABLE S, STOKKE TRIPP TRAPP HIGHCHAIR NATURAL, RETAILER WOOD CURTAIN POLE KIT WHITE FI, LE CREUSET SIGNATURE CAST IRON ROUND 24CM CASSEROL, DURESTA VAUGHAN II GRAND 4 SEATER SOFA TATE VELVET, RETAILER SANSA NARROW ARM SOFA BED WITH, RETAILER RATIO FAUX LEATHER OFFICE CHAI, CYBEX PRIAM PUSHCHAIR CHASSIS ROSE GOLD DEEP BLACK, RETAILER SHOW WOOD 3 DRAWER CHEST INK B, BABYDAN WOODEN BED GUARD RAIL WHITE, SWYFT MODEL 02 LARGE 3 SEATER SOFA LIGHT GREY VELV, RETAILER JAVA II GRAND 4 SEATER SOFA ME, RETAILER DRAPER LEATHER ARMCHAIR DARK L, RETAILER LORN 4 SEATER DINING BENCH OAK, APPLE WATCH SERIES 7 GPS CELLULAR 41MM GREEN ALUMI, RETAILER OTLEY SMALL 2 SEATER SOFA, THE FINE BEDDING COMPANY NIGHT OWL WAFFLE COVERLES, LG 50QNED816QA 2022 QNED HDR 4K ULTRA HD SMART TV, GALLERY DIRECT MELTON MARBLE SIDE TABLE WHITE BRUS, SILENTNIGHT END DIVAN OTTOMAN STORAGE BED KING SIZ, SWYFT MODEL 03 GRAND 4 SEATER SOFA SHADOW LINEN, PHILIPS HUE WHITE AND COLOUR AMBIANCE LILY LED SMA, 2019 APPLE AIRPODS WITH WIRELESS CHARGING CASE, JOIE BABY I-SPIN 360 I-SIZE CAR SEAT COAL, BRABANTIA BO TOUCH BIN 11L 23L WHITE, 65HZ1500, ANYDAY RETAILER WHISTLER DINING CHAIR D, EGG2 PUSHCHAIR LUXURY TRAVEL SYSTEM BUNDLE MONUMEN, RETAILER FLARE LARGE 3 SEATER SOFA LIGH, SKINNYDIP HEARTS DOUBLE DUVET COVER SET MULTI, GARMIN VENU 2 GPS SMARTWATCH 45MM SLATE BLACK, GHD AIR HAIR DRYING KIT, HYPNOS FIRM EDGE 4 DRAWER DIVAN STORAGE BED KING S, GOOCH LUXURY DISTRESSED MEDALLION RUG BRONZE L290, WEST ELM MID-CENTURY ENTRYWAY WOOD MIRROR PECAN, STOMPA CLASSIC CHILDREN S DAY BED FRAME WITH TRUND, CHAR-BROIL GAS2COAL 2 0 EUROFLEX 3 BURNER HYBRID G, DELL XPS 13 9305 LAPTOP INTEL CORE I7 PROCESSOR 8G, MD812B/B, RETAILER RAINBOW STRIPE FACE CLOTH SET, NORTON 360 DELUXE 1 YEAR PRE-PAID SUBSCRIPTION FOR, SONY BRAVIA KD75X89J 2021 LED HDR 4K ULTRA HD SMAR, LG OLED65B26LA 2022 OLED HDR 4K ULTRA HD SMART TV, RETAILER OTLEY LARGE 3 SEATER SOFA, EMMA HYBRID MATTRESS MEDIUM TENSION KING SIZE, RETAILER CHARLOTTE HIGH BACK GRAND 4 SE, PEANUTS SNOOPY WARHOL FRAMED PRINT MOUNT SET OF 2, STOKKE STEPS HIGHCHAIR TRAY WHITE, ONEPLUS 9 PRO SMARTPHONE ANDROID 6 7 8GB RAM 5G SI, RETAILER HAIRPIN COFFEE TABLE DARK OAK, FLOPPY JO LARGE CORNER SOFA BY LOAF AT RETAILER, RETAILER BILBAO 6-10 SEATER EXTENDING D, ANYDAY RETAILER WILTON DRESSING TABLE W, PANASONIC TX-48JZ1500B 2021 OLED HDR 4K ULTRA HD S, STOMPA ORIGINALS MULTI BUNK BED WITH TRUNDLE WHITE, SWYFT MODEL 02 MEDIUM 2 SEATER SOFA TEAL VELVET, RETAILER CALIA SIDE TABLE OAK, EBBE GEHL FOR RETAILER MIRA DESK OAK WHITE, KETTLER KALOS PLUSH ARCHED FLOORSTANDING ELECTRIC, BARLOW TYRIE AURA 8-SEATER TEAK WOOD GARDEN DINING, LE CREUSET SIGNATURE CAST IRON OVAL CASSEROLE TEAL, RETAILER CORSICA 4-SEATER GARDEN TABLE, G PLAN VINTAGE THE SIXTY FIVE MEDIUM 2 SEATER LEAT, APPLE MAGIC KEYBOARD WITH NUMERIC KEYPAD  E, RETAILER SIP RED WINE GLASS SET OF 4 65, APPLE HOMEPOD MINI SMART SPEAKER SPACE GREY, RETAILER SWOON SARTRE MARBLE COFFEE TAB, WHITTARD LUXURY WHITE HOT CHOCOLATE 350G, SWOON KALMAR LOVESEAT DARK LEG FERN VELVET, SWYFT MODEL 02 MEDIUM 2 SEATER SOFA SEAGLASS LINEN, HALO LITTLE PROFESSOR LEATHER ARMCHAIR ANTIQUE WHI, SILVER CROSS REEF ULTIMATE PACK FIRST BED FOLDING, RETAILER BARBICAN LEATHER ARMCHAIR DARK, RETAILER EVELYN VELVET DINING CHAIR TEA, RETAILER FINE DISC LAYERED NECKLACE GOL, RETAILER CAMFORD LEATHER ARMCHAIR PICAS, RETAILER ELEVATE POWER RECLINER LEATHER, SWOON DENVER LARGE 3 SEATER SOFA FERN VELVET, APPLE SMART KEYBOARD FOLIO FOR 12 9 IPAD PRO 2020, SAMSUNG MS23K3555EK MICROWAVE BLACK, WEST ELM MID-CENTURY WIDE BOOKSHELF WITH STORAGE P, DYSON SUPERSONIC HAIR DRYER FUCHSIA, MADE TO MEASURE ROMAN BLIND, RETAILER WARM COSY BRUSHED COTTON FITTE, RETAILER ETIENNE SLEIGH BED FRAME KING, RETAILER THOMAS LEATHER WING CHAIR DARK, KETTLER RHS HARLOW CARR 3 SEATER GARDEN SOFA NATUR, RETAILER CHESTER GRAND 4 SEATER SOFA, RETAILER ELEGANT TOWNHOUSE CANDELABRA 3, RETAILER ARLO LARGE 3 SEATER LEATHER SO, PHILIPS GC5039 30 AZURE ELITE STEAM IRON PURPLE, RETAILER JAVA II MEDIUM 2 SEATER SOFA, UPPABABY VISTA V2 PUSHCHAIR AND CARRYCOT EMMETT, DELL INSPIRON 13 5310 LAPTOP INTEL CORE I5 PROCESS, RETAILER PILLOW SMALL 2 SEATER SOFA LIG, UMBRA EXHIBIT MULTI HANGING PHOTO FRAME DISPLAY 5, ANYDAY RETAILER WHISTLER GAS LIFT ADJUS, TARGUS VERSAVU CLASSIC CASE FOR IPAD PRO 12 9 2020, RETAILER SNOW MOUNTAIN WILLOW STAR TREE, RETAILER CAMBER LARGE 3 SEATER SOFA BED, CHROMEBOOK FLIP C433TA-AJ0005, RETAILER RESTORATION SHELVING UNIT GREY, SN Z SN ZCLOUD SLEEP AID, AVF AFFINITY CHEPSTOW 930 TV STAND WITH MOUNT FOR, RETAILER ARLO LEATHER ARMCHAIR DARK LEG, RETAILER ECOMATTRESS MEDIUM TENSION SIN, VISPRING ARES FULL DEPTH UPHOLSTERED HEADBOARD KIN, NATIONAL TRUST BY CRANE GARDEN BUILDINGS FELBRIGG, MICROSOFT OFFICE HOME AND STUDENT 2021 1 PC ONE-OF, WEST ELM COSMO SIDE TABLE ANTIQUE BRASS, LOUIS DE POORTERE BAKHTIARI JANISSARY RUG L240 X W, RETAILER THE ULTIMATE COLLECTION MOUNTA, RETAILER LEVEL 2 DRAWER BEDSIDE TABLE O, RETAILER SALSA GARDEN HANGING CHAIR TEA, LG OUTDOOR TURIN 4-SEATER MODULAR GARDEN LOUNGING, RETAILER SWOON LATIMER LARGE 3 SEATER C, RETAILER PLANE CUTLERY SET 18 PIECE 6 P, RETAILER TREE SHELVING UNIT OAK, NIKON Z6 II COMPACT SYSTEM CAMERA 4K UHD 24 5MP WI, SWYFT MODEL 04 LARGE 3 SEATER DOUBLE SOFA BED SHAD, CRANE GARDEN BUILDINGS 3 0 X 4 2M LARGE GARDEN ROO, RETAILER RISE BED FRAME DOUBLE NATURAL, SILENTNIGHT SLEEP GENIUS 2000 POCKET ECO COMFORT M, SAMSUNG QE75QN900A 2021 NEO QLED HDR 4000 8K ULTRA, RETAILER REEDED GLASS BATHROOM ACCESSOR, KALLY SLEEP FULL LTH BODY SUPPORT PILLOW GREY, ANYDAY RETAILER LOTUS EASY-TO-FIT FLOWE, SWYFT MODEL 03 LARGE 3 SEATER SOFA WITH OTTOMAN SH, KETTLER ELBA GARDEN DINING TABLE FSC-CERTIFIED TEA, STOVES STERLING 600G FREESTANDING GAS COOKER BLACK, STOVES STERLING S900DF DUAL FUEL RANGE COOKER STAI, UPPABABY VISTA V2 PUSHCHAIR AND CARRYCOT GREGORY, SAMSUNG GALAXY BOOK PRO 360 LAPTOP INTEL CORE I7 P, ANYDAY RETAILER KIDS CORDUROY JOGGERS C, RETAILER BARBICAN LEATHER SNUGGLER DARK, LOUIS DE POORTERE HERIZ AMIR RUG L330 X W230 CM, SN Z SN ZKOT SKANDI 2 PIECE FURNITURE SET HAZE GRE, RETAILER CAPE LARGE 3 SEATER SOFA, FREYA AWAKENING PLUNGE BRA RED 30E, RETAILER SPINDLE 2 DRAWER BEDSIDE TABLE, VISPRING WOOLACOMBE SUPREME 2000 ZIP LINK MATTRESS, RETAILER REFLEX 6-10 SEATER EXTENDING D, DYSON PURE COOL ME PERSONAL PURIFIER FAN, WEST ELM PENELOPE 5 DRAWER CHEST FSC CERTIFIED EUC, ANYDAY RETAILER POTTER MINI CERAMIC TAB, RETAILER ELEVATE MEDIUM 2 SEATER POWER, G PLAN VINTAGE THE SIXTY FIVE MEDIUM 2 SEATER CHAI, RETAILER HENLEY BY KETTLER STRAIGHT SID, RETAILER MARLOW 150CM MIRRORED SLIDING, HERMAN MILLER AERON OFFICE CHAIR SIZE A MINERAL, PLUM GRAND WOODEN TEEPEE HIDEAWAY, TEMPUR WATER RESISTANT MATTRESS PROTECTOR WHITE DE, SWOON PORTO GRAND 4 SEATER LHF CHAISE END SOFA DAR, LE CREUSET 3-PLY STAINLESS STEEL SAUCEPANS AND FRY, PROFESSOR PUZZLE CLASSIC CHESS, ANYDAY RETAILER FERN 4-6 SEATER EXTENDI, RETAILER ELSTRA 200CM WARDROBE WITH WHI, RETAILER ARRAY STORAGE CABINET GREY, RETAILER MOTHER OF PEARL FRAME WALL MIR, CROFT COLLECTION EASDALE LLOYD LOOM DINING SIDE CH, CRANE GARDEN BUILDINGS 3 X 2 5M STORAGE CHALET DOO, RETAILER SHOW WOOD SOFA BED LIGHT LEG T, SWYFT MODEL 03 GRAND 4 SEATER SOFA WITH OTTOMAN PU, EMPORIO ARMANI MEN S CHRONOGRAPH DATE BRACELET STR, SEALY 4 DRAWER STORAGE DIVAN BASE SUPER KING SIZE, LG OUTDOOR MILANO 6-SEAT WOOD-EFFECT GARDEN DINING, STRING SHELVING UNIT WITH WORK DESK AND WALL FASTE, RETAILER CLOUD COTBED WHITE, FIAM SAMBA SUN LOUNGER NAVY, RETAILER ROYAL HERITAGE IMPERIAL BAKTIA, APPLE SMART FOLIO FOR IPAD AIR 2020 CYPRUS GREEN, ANYDAY RETAILER SLIPPER LOUNGE CHAIR GO, RETAILER ST IVES 7 DRAWER CHEST WHITE H, RETAILER PLATFORM LARGE RHF CORNER END, SWYFT MODEL 01 ARMCHAIR LIGHT GREY VELVET, 55HZ2000, RETAILER WARDROBE MOTION-SENSITIVE INTE, RETAILER BARBICAN RHF CHAISE SOFA BED W, RETAILER SALSA GARDEN CHAIR SET OF 2 JO, HALO GROUCHO LARGE 3 SEATER LEATHER SOFA RIDERS NU, RETAILER EMILY OTTOMAN STORAGE UPHOLSTE, PANASONIC SC-HTB600 BLUETOOTH SOUND BAR WITH DOLBY, RETAILER GP1140 TV STAND FOR TVS UP TO, LG OUTDOOR BERGEN 2-SEAT GARDEN SIDE TABLE RECLINI, RETAILER CLUB LEATHER ARMCHAIR DARK LEG, RETAILER BUNDLE 5 SEATER CHAISE END SOF, RETAILER GRACE UPHOLSTERED BED FRAME DO, RODIAL BANANA LOW LIGHTER CONCEALER 5 5ML, SWOON LUNA LARGE 3 SEATER SOFA LIGHT LEG FERN VELV, SKECHERS CROWDER COLTON TRAINERS TAN 8, SAMSUNG QE85QN94C 2021 NEO QLED HDR 2000 4K ULTRA, SAMSUNG QE50Q80A 2021 QLED HDR 1000 4K ULTRA HD SM, TOMMEE TIPPEE CLOSER TO NATURE COMPLETE FEEDING SE, SONOS FIVE SMART SPEAKER BLACK, SAMSUNG THE SERO 2020 QLED HDR 4K ULTRA HD SMART T, ANYDAY RETAILER BUIANI FOLDING CHAIR FS, LG 65QNED996PB 2021 QNED MINILED HDR 8K ULTRA HD S, JOSEF SEIBEL LOGAN 04 LEATHER FISHERMAN SANDALS ES, WEST ELM MID-CENTURY SMALL SIDEBOARD ACORN FSC-CER, RETAILER CAMDEN LEATHER STORAGE FOOTSTO, RETAILER ARLO SMALL 2 SEATER LEATHER SO, RETAILER ELSTRA 300CM WARDROBE WITH GLA, WEST ELM MID-CENTURY NARROW BOOKSHELF ACORN, UPPABABY VISTA CRUZ UPPER CAR SEAT ADAPTERS, RETAILER SHOW WOOD 6 DRAWER CHEST NOUGA, WROUGHT IRON AND BRASS BED CO LILY IRON NON SPRUNG, RETAILER WOVEN DINING CHAIRS OYSTER SET, EGG2 PUSHCHAIR QUARTZ, RETAILER RECLINE MEDIUM 2 SEATER SOFA L, LEIFHEIT INDOOR OUTDOOR BATH TUB CLOTHES AIRER, RETAILER ARLO ARMCHAIR LIGHT LEG OPAL M, G PLAN VINTAGE THE SIXTY FIVE FOOTSTOOL ETCH INK, FABRIC FLAVOURS KIDS PAW PATROL MARSHALL T-SHIRT G, RETAILER CAMDEN MEDIUM 2 SEATER SOFA DA, SONY A7 II ALPHA ILCE-7M2 COMPACT SYSTEM CAMERA WI, RETAILER ARLO LEATHER ARMCHAIR WINCHEST, SN Z SN ZPOD 4 BEDSIDE CRIB HAZE GREY, SWOON PRITCHARD LARGE 3 SEATER SOFA DARK LEG SILVE, G PLAN VINTAGE THE FIFTY SEVEN LARGE 3 SEATER SOFA, RETAILER HALLOWEEN BAT PLUSH TOY, ANYDAY RETAILER COTTON RIPSTOP SHORTS N, VITRA NOGUCHI COFFEE TABLE WALNUT, SN Z SN ZKOT SKANDI 3 PIECE NURSERY FURNITURE SET, RETAILER CHESTER SNUGGLER, RETAILER ARLO SMALL 2 SEATER SOFA, RETAILER COSY MEDIUM 2 SEATER SOFA LIGH, 4 SEASONS OUTDOOR KINGSTON 5 SEATER GARDEN MODULAR, RETAILER PILLOW LARGE 3 SEATER SOFA LIG, SANDERSON TERRARIUMS WALLPAPER DGLW216655, STOMPA S FLEX AIRFLOW CHILDREN S MATTRESS MEDIUM F, G PLAN VINTAGE THE SIXTY EIGHT FOOTSTOOL KRACKLE S, RING SMART VIDEO DOORBELL 1 2ND GENERATION WITH BU, STOMPA UNO S PLUS HIGH-SLEEPER BED FRAME WHITE, RETAILER ELSTRA 150CM MIRRORED 3 HINGED, MY CARRY POTTY TRAVEL POTTY DINO, CRANE GARDEN BUILDINGS 1 8 X 2 5M SUMMERHOUSE FSC-, NESPRESSO CREATISTA PLUS COFFEE MACHINE BY SAGE ST, HP ENVY X360 13-BD0018NA CONVERTIBLE LAPTOP INTEL, RETAILER REFINE MEDIUM 2 SEATER SOFA, RETAILER NO 209 WHEEL LED CEILING LIGHT, SWOON DENVER LARGE 3 SEATER SOFA NAVY WEAVE, RETAILER OLIVER SMALL 2 SEATER LEATHER, NUNA MIXX NEXT GENERATION BUNDLE CAVIAR, RETAILER ST IVES 7 DRAWER CHEST GREY HA, RETAILER STUDDED UPHOLSTERED BED FRAME, ANYDAY RETAILER ELEMENTARY COTBED WHITE, RETAILER HEW CUSHION TIGER S EYE, RING SMART VIDEO DOORBELL 3 WITH BUILT-IN WI-FI CA, RETAILER MARLOW 300CM MIRRORED SLIDING, SEALY ACTIV COMFORT OPEN SPRUNG MATTRESS MEDIUM TE, ANYDAY RETAILER SYNTHETIC SOFT AND LIGH, SWYFT MODEL 03 LARGE 3 SEATER SOFA WITH OTTOMAN TE, APPLE SMART COVER FOR 10 2 IPAD AND 10 5 IPAD AIR, DYSON AIRWRAP COMPLETE LONG MULTI HAIR STYLER PINK, RETAILER SWOON LOVELACE BAR CART GOLD, RETAILER BARBICAN SMALL 2 SEATER SOFA, RETAILER NATURAL COTTON QUILTED STANDAR, RETAILER BALDWIN BATHROOM WALL LIGHT PE, OLED77GX, DURESTA VAUGHAN II FOOTSTOOL ETON VELVET NAVY, RETAILER SHOW WOOD BEDSIDE TABLE NOUGAT, BENEFIT JINGLE BROWS HOLIDAY BROW HERO MAKEUP GIFT, SAMSUNG GALAXY BUDS PRO WITH QI-COMPATIBLE WIRELES, RETAILER GRAYSON STORAGE SHELVING UNIT, RETAILER DRAPER LEATHER GRAND 4 SEATER, RETAILER ELSTRA 150CM WARDROBE WITH MIR, SILVER CROSS PRIMROSE HILL COTBED DRESSER, LOGITECH CRAYON, RETAILER OLIVER MEDIUM 2 SEATER LEATHER, LG SN4 BLUETOOTH SOUND BAR WITH WIRELESS SUBWOOFER, JXNL655, RETAILER LETTSOM LED OUTDOOR SOLAR STAK, OONI KODA 16 GAS FUEL PORTABLE PIZZA OVEN COVER PI, ALESSI HEART TEASPOON SET SILVER, DELL XPS 15 9510 LAPTOP INTEL CORE I7 PROCESSOR 16, RETAILER BOBBIN 3 DRAWER CHEST GREY, AMAZON KINDLE PAPERWHITE 11TH GENERATION WATERPROO, DOCKATOT BABY MOBILE TOY ARCH AND HANGING CHEEKY C, RETAILER MARLOW 200CM MIRRORED HINGED W, MAXI-COSI MICA PRO ECO INFANT CAR SEAT AUTHENTIC B, RETAILER LOOP GLASS COFFEE TABLE CLEAR, BARBOUR GLENCOE SOCKS BURGUNDY L, ANYDAY RETAILER RIDGE STORAGE CABINET B, KETTLER PALMA 8 SEAT CORNER GARDEN LOUNGING ADJUST, BUGABOO CAMELEON READY TO GO FURTHER BUNDLE BLACK, LAY-Z-SPA PALMA HYDROJET PRO SQUARE HOT TUB WITH L, SAMSUNG T7 PORTABLE SOLID STATE DRIVE USB 3 2 1TB, RETAILER HEBRI BERBER STYLE RUNNER NATU, RETAILER ETIENNE UPHOLSTERED CHAIR, RETAILER MY FIRST CHRISTMAS SANTA S PLA, BIG GREEN EGG EXTRA LARGE BBQ AND ACACIA WOOD TABL, RETAILER CAMBER LARGE 3 SEATER LEATHER, RETAILER DRAPER MEDIUM 2 SEATER SOFA DA, VISPRING PREMIER DIVAN BASE SUPER KING SIZE PLUSH, RETAILER SPECIALIST SYNTHETIC LOW PROFI, SWYFT MODEL 01 MEDIUM 2 SEATER SOFA TEAL VELVET, ULTIMATE EARS WONDERBOOM 2 BLUETOOTH WATERPROOF PO, ANYDAY RETAILER MIX IT MIRRORED DOUBLE, WEST ELM CRESCENT SWIVEL CHAIR BLUE LEATHER, RETAILER ARLO 5 SEATER LHF CHAISE END S, RETAILER CLIMATE COLLECTION COPPER 2000, APPLE WATCH NIKE SERIES 6 GPS CELLULAR 40MM SILVER, HUMANSCALE FLOAT HEIGHT ADJUSTABLE SIT STAND DESK, RETAILER KINROSS DINING CHAIR NATURAL F, RETAILER MARLOW 150CM SLIDING DOOR WARD, SILVER CROSS DREAM I-SIZE CAR SEAT BASE BLACK, MICHAEL KORS MK5004 WOMEN S CHELSEA AVIATOR SUNGLA, APPLE LEATHER CASE WITH MAGSAFE FOR IPHONE 12 PRO, RETAILER ECOMATTRESS MEDIUM TENSION KIN, IMPEX ZOE CEILING LIGHT GOLD, SILENTNIGHT SLEEP GENIUS FULL HEIGHT HEADBOARD DOU, RETAILER SWOON GILBERT STORAGE CABINET, RETAILER EMILY UPHOLSTERED OTTOMAN STOR, BUGABOO TURTLE AIR BY NUNA I-SIZE CAR SEAT GREY, RETAILER CHARLOTTE UPHOLSTERED BED FRAM, ANYDAY RETAILER WILTON BEDSIDE TABLES S, RETAILER BOOTH MEDIUM 2 SEATER SOFA, EVERDURE BY HESTON BLUMENTHAL FUSION ELECTRIC IGNI, LG 65NANO866PA 2021 LED HDR NANOCELL 4K ULTRA HD S, APPLE TV 4K 2021 32GB, RETAILER ABACUS NARROW CUPBOARD FSC-CER, RETAILER CAMBER FOOTSTOOL, MULBERRY BAYSWATER SMALL CLASSIC GRAIN LEATHER TOT, SWOON DENVER GRAND 4 SEATER LHF CORNER END SOFA NA, SWYFT MODEL 02 LARGE 3 SEATER SOFA TEAL VELVET, RETAILER 400 THREAD COUNT SOFT SILKY EG, RETAILER OSLO LARGE 3 SEATER SOFA, RETAILER OTLEY GRAND 4 SEATER LHF CHAIS, HARLEQUIN TAKARA CUSHION TEAL INK, RETAILER BUNDLE LARGE 3 SEATER LEATHER, SWOON MUNICH LARGE 3 SEATER SOFA DARK LEG INK VELV, MARVEL SPIDERMAN WEIGHTED BLANKET 3KG, SILVER CROSS WAYFARER 2020 DREAM CAR SEAT AND I-SI, RETAILER ARRAY STORAGE CABINET DARK BRO, THERAGUN PRO 4TH GENERATION PERCUSSIVE THERAPY MAS, 4 SEASONS OUTDOOR VALENTINE 2-SEATER SUNBED PURE, SWEATY BETTY BALANCE BANDEAU SPORTS BRA BLACK M, LG OUTDOOR DEVON 8 SEATER GARDEN DINING TABLE AND, RETAILER ST IVES 5 DRAWER CHEST WHITE H, LSA INTERNATIONAL EPOQUE CANDLE HOLDER PEACOCK, CROFT COLLECTION FROME LOVESEAT, RETAILER CHEVRON SINGLE TOWEL CUPBOARD, WEST ELM STREAMLINE MARBLE-EFFECT NARROW CONSOLE T, ANYDAY RETAILER NATURAL BATH SPONGE, RETAILER CLIMATE COLLECTION COPPER 1200, BRABANTIA PERFECT FIT IRONING BOARD COVER DENIM BL, MARSHALL STANMORE II BLUETOOTH SPEAKER BLACK, SWOON ARON CHAIR DARK LEG NAVY WEAVE, RETAILER CROMWELL CHESTERFIELD SNUGGLER, DYSON LIGHTCYCLE MORPH DESK LAMP, PHILIPPE STARCK FOR KARTELL MASTERS CHAIR GREY, TEMPUR CLOUD LUXE MEMORY FOAM MATTRESS SOFT SUPER, TOMMEE TIPPEE CLOSER TO NATURE BABY HEALTHCARE KIT, SWYFT MODEL 02 LARGE 3 SEATER SOFA BRICK VELVET, RETAILER OLIVER SMALL 2 SEATER SOFA, GREAT LITTLE TRADING CO STAR BRIGHT DOUBLE WARDROB, RETAILER ESSENCE 1 DOOR BEDSIDE TABLE O, RETAILER ESSENCE 6 DRAWER CHEST OAK, BUGABOO LYNX PUSHCHAIR BLACK, RETAILER CHEVRON GARDEN SINGLE CHAIR PO, IITTALA ESSENCE RED WINE GLASSES 450ML SET OF 2 CL, NUNA MIXX NEXT PUSHCHAIR GRANITE, RETAILER EGYPTIAN COTTON BATH SHEET DAR, RETAILER ESSENCE BED FRAME SUPER KING S, GALLERY DIRECT OUTLINE GLASS CONSOLE TABLE BRONZE, ANYDAY RETAILER NESTING PLASTIC MIXING, ANYDAY RETAILER SHELF SMALL 2 SEATER SO, RETAILER SOFT AND SILKY SATIN STRIPE 20, WEST ELM UPHOLSTERED STACKING STOOL GREY, APPLE WATCH SE GPS CELLULAR 44MM SILVER ALUMINIUM, RETAILER STAINLESS STEEL PIZZA WHEEL, RETAILER SWEPT ARMCHAIR DARK LEG AQUACL, SAMSUNG QE50QN90B 2022 NEO QLED HDR 1500 4K ULTRA, RETAILER STAINLESS STEEL FOOTED COLANDE, RETAILER OLIVER LEATHER CORNER PACK UNI, RETAILER SMALL CORAL SCULPTURE H43CM SI, ACER CHROMEBOOK SPIN 713 CONVERTIBLE LAPTOP INTEL, NUNA TRIV-ARRA 5 PIECE PUSHCHAIR BUNDLE CAVIAR, RETAILER DIAMOND TUFTED BATH MAT, RETAILER SIP GLASS TUMBLER SET OF 4 390, RETAILER HENDRICKS MEDIUM 2 SEATER LEAT, 2020 APPLE IPAD 10 2 A12 IPADOS WI-FI CELLULAR 32G, RETAILER BELGRAVE GRAND 4 SEATER SOFA, MORPHY RICHARDS 501025 PERFECT SOUP MAKER WITH SCA, NANIT PRO CAMERA FLOOR STAND BREATHING BAND SMART, LOGITECH MX ANYWHERE 3 BLUETOOTH MOUSE BLACK, LOUIS DE POORTERE CRACKS DEEP MINE RUG L330 X W230, USB-C TO SD CARD READER, CONNUBIA BY CALLIGARIS NEW  DINING CHAIR DARK, NUNA TRIV-PIPA 5 PIECE PUSHCHAIR BUNDLE TIMBER, RETAILER CLIMATE COLLECTION 1200 POCKET, RETAILER EGYPTIAN COTTON 4 PIECE TOWEL, LG OUTDOOR BERGEN 7-SEAT MODULAR GARDEN LOUNGING S, SHARK IZ251 ANTI HAIR WRAP CORDLESS VACUUM CLEAN, BUGABOO DONKEY MONO CAR SEAT ADAPTOR, LE CREUSET STONEWARE DEEP RECTANGULAR OVEN DISH MA, ANYDAY RETAILER SCOOP ARMCHAIR LIGHT LE, RETAILER ELSTRA 200CM WARDROBE WITH MIR, RETAILER DOUBLE JIGGER, SHNUGGLE BABY BATH WITH PLUG GREY WHITE, RETAILER TOKYO FOOTSTOOL, DYSON V15 DETECT ABSOLUTE VACUUM CLEANER, ANYDAY RETAILER LACQUERED STORAGE BOX W, ELVIE SINGLE ELECTRIC BREAST PUMP, RETAILER SPECIALIST SYNTHETIC WATERPROO, SWOON LUNA LARGE 3 SEATER SOFA LIGHT LEG KINGFISHE, ANYDAY RETAILER SWIRL METAL BED FRAME K, SWYFT MODEL 05 LARGE 3 SEATER SOFA CHARCOAL VELVET, RETAILER THE BASICS MICROFIBRE MATTRESS PROTECTO, SWOON EVESHAM MEDIUM 2 SEATER SOFA DARK LEG FERN V, TETRAD FLYNN II ARMCHAIR MIDNIGHT SPECKLE, 2021 APPLE IMAC 24 ALL-IN-ONE M1 PROCESSOR 8GB RA, RETAILER ZENA LED TWIST CEILING LIGHT P, DOCKATOT DELUXE STRAWBERRY BABY POD COVER 0-8 MONT, ARTHUR PRICE OLD LISH TABLE FORK, RETAILER HEMINGWAY 6-10 SEATER EXTENDIN, RETAILER COTTON VELOUR STRIPED ROBE MUL, SAMSUNG THE TERRACE 2020 QLED HDR 2000 4K ULTRA HD, RETAILER BARBICAN 5 SEATER LEATHER CORN, RETAILER VALENCIA GARDEN MODULAR MIDDLE, ERCOL FOR RETAILER SHALSTONE 6-8 SEATER EXTENDIN, DELL XPS 13 9310 CONVERTIBLE LAPTOP INTEL CORE I7, SWYFT MODEL 03 5 SEATER CORNER SOFA WITH OTTOMAN P, DELL INSPIRON 13 5310 LAPTOP INTEL CORE I7 PROCESS, RETAILER TORTONA LHF CHAISE END SOFA LI, RETAILER MORITZ VELVET DINING CHAIR SIL, RETAILER REFINE SNUGGLER, G PLAN VINTAGE THE SIXTY FIVE FOOTSTOOL DELUXE SCU, TOM DIXON MELT MINI LED CEILING LIGHT COPPER, RETAILER FABRIC LINED WIRE BREAD BASKET, MERRELL ANTORA 2 WOMEN S WATERPROOF GORE-TEX TRAIL, CYBEX BALIOS S LUX PUSHCHAIR CARRYCOT WITH CLOUD Z, LAFUMA FUTURA SUN LOUNGER GALET, RETAILER OTLEY LARGE 3 SEATER SOFA LIGH, SHARK IZ320 CORDLESS VACUUM CLEANER WITH ANTI HA, SWYFT MODEL 03 5 SEATER CORNER SOFA PUMICE LINEN, RETAILER CHEVRON DOUBLE GARDEN SOFA POD, RETAILER LOUIS BED FRAME SUPER KING SIZ, JOSEPH JOSEPH PRESTO SOAP PUMP GREY, MICHAEL MICHAEL KORS JET SET TRAVEL EAST WEST LEAT, NORTON 360 STANDARD 1 YEAR PRE-PAID SUBSCRIPTION F, RETAILER CAMDEN MANUAL RECLINER LEATHER, RETAILER PADMA PARQUET BED FRAME DOUBLE, SWOON EVESHAM ARMCHAIR DARK LEG FERN VELVET, RETAILER LOUIS BED FRAME DOUBLE OAK, SMEG TSF01 2-SLICE TOASTER CHROME, UPPABABY VISTA V2 PUSHCHAIR AND CARRYCOT DECLAN, RETAILER CAMDEN MANUAL RECLINER ARMCHAI, RETAILER MANISA KELIM RUNNER RUG L240 X, BBHUGME PREGNANCY PILLOW BLUE ORANGE, LOUIS DE POORTERE MEDALLION RUG MAJESTIC FOREST L3, BROTHER FS210 SEWING MACHINE WHITE, JOIE BABY SERINA 2 IN 1 LOGAN SWING AND ROCKER, HALO GROUCHO MEDIUM 2 SEATER LEATHER SOFA HAND TIP, RETAILER PADMA 2 DRAWER BEDSIDE TABLE G, APPLE SMART FOLIO FOR IPAD AIR 2020 BLACK, APPLE SMART FOLIO FOR IPAD PRO 11 3RD GENERATION M, ANGLEPOISE ORIGINAL 1227 DESK LAMP BLACK, BELKIN 20K PORTABLE POWER BANK BLACK, RETAILER THE ULTIMATE COLLECTION SILK S, RETAILER SHOW WOOD 3 DRAWER CHEST NOUGA, RETAILER OTLEY MEDIUM 2 SEATER SOFA, SONOS ONE GEN 2 SMART SPEAKER WITH VOICE CONTROL W, GOOCH LUXURY DISTRESSED PAISLEY RUG GREY L290 X W2, RETAILER BAILEY SMALL 2 SEATER LEATHER, RETAILER FLARE CHAISE END SOFA LIGHT LE, DENBY QUARTZ ROSE MUGS SET OF 2 350ML PINK BLUE, NOHRD EAU-ME BALANCE BOARD WALNUT, TEFAL DT9100 ACCESS STEAM CARE HANDHELD GARMENT ST, RETAILER LEAF CHANGING MAT WHITE MULTI, SILVER CROSS WAYFARER 2020 SIMPLICITY PLUS 10 PIEC, RETAILER SPINDLE BED FRAME DOUBLE OAK, RETAILER HENLEY BY KETTLER ROUND BACK G, ANYDAY RETAILER SCROLL SMALL 2 SEATER S, TRUE GRACE PARAFFIN WAX DINNER CANDLE EAU DE NIL P, WROUGHT IRON AND BRASS BED CO SOPHIE IRON BED FRAM, BUGABOO CUP HOLDER BLACK, CRANE GARDEN BUILDINGS 2 4 X 3M WINDSOR GARDEN SHE, SONY WH-CH710N NOISE CANCELLING WIRELESS BLUETOOTH, SAMSUNG THE SERIF 2021 QLED HDR 4K ULTRA HD SMART, RETAILER SPINDLE TABLE LAMP WALNUT STAI, STACKERS CLASSIC JEWELLERY BOX LID TAUPE, RETAILER BERGEN FOOTSTOOL, ANYDAY RETAILER MIX IT TALL LONG T-BAR, NATIONAL TRUST BY CRANE GARDEN BUILDINGS BLICKLING, SAMSUNG WIRELESS QI-COMPATIBLE 10000MAH BATTERY PA, RETAILER SCRATCH VASE H21CM NATURAL, THOMAS KENT ARABIC NUMERALS WALL CLOCK 30CM DOLPHI, CROCS CHILDREN S CROCBAND CLOGS NAVY 11 JNR, JOSEPH JOSEPH PUSH AND TEAR KITCHEN ROLL HOLDER, LEVI S 501 ORIGINAL STRAIGHT JEANS ONE WASH W38 L3, SWYFT MODEL 01 LARGE 3 SEATER SOFA SEAGLASS LINEN, BUGABOO DONKEY 5 DUO PUSHCHAIR CARRYCOT FOREST GRE, ANYDAY RETAILER CUTHBERT DESK GREY, RETAILER TORTONA PILLOW BACK LHF CHAISE, TATAY UNDERBED STORAGE BOX 32L, HUSH BASSET COIN DROP HOOP EARRINGS GOLD, TOM FORD BEAU DE JOUR ALL OVER BODY SPRAY 150ML, RETAILER HAIRPIN 8 SEATER DINING TABLE, RETAILER SPINDLE BED FRAME DOUBLE STORM, RETAILER ALDA WEAVE PAIR LINED EYELET C, SONY BRAVIA XR XR75Z9J 2021 LED HDR 8K ULTRA HD SM, RETAILER BELGRAVE ARMCHAIR, RETAILER COVE GARDEN DECKCHAIR FRAME FS, BT VIDEO SMART 2 8INCH SCREEN BABY MONITOR, GOOCH LUXURY BOKHARA RUG L295 X W195 CM CREAM, RETAILER 9 RASPBERRY MARC DE CHAMPAGNE, SHARK NZ801T ANTI HAIR WRAP PET CORDED VACUUM CL, HERMAN MILLER AERON OFFICE CHAIR SIZE C MINERAL, RETAILER EMILY UPHOLSTERED BED FRAME DO, RETAILER CHARLOTTE OTTOMAN STORAGE UPHO, RETAILER CHARLOTTE ARMCHAIR, RETAILER SPECIALIST SYNTHETIC HINT OF S, RETAILER BOOTH SMALL 2 SEATER SOFA LIGH, THOUGHT ROSA FLAMINGO ANKLE SOCKS ROSE PINK ONE SI, BUGABOO FOX2 READY TO GO FURTHER BUNDLE BLACK, BEATS STUDIO WIRELESS BLUETOOTH OVER-EAR HEADPHONE, REISS CAR RINSE WASH JERSEY STRETCH SLIM JEANS BLU, ANYDAY RETAILER DINE PROSECCO FLUTE SET, RETAILER RISE LARGE 3 SEATER SOFA, KETTLER PALMA 8-SEAT GARDEN CORNER CASUAL DINING T, D R RONDA LARGE PENDANT CEILING LIGHT WHITE, CRANE GARDEN BUILDINGS 3 X 3M ROUND PAVILION SUMME, GOOCH ORIENTAL KHURJEEN RUG BLUE L241 X W170 CM, WEST ELM WRIGHT BEDSIDE TABLE FSC CERTIFIED EUCALY, UMBRA OTTO SENSOR SOAP PUMP STAINESS STEEL, RETAILER 200 THREAD COUNT COTTON DEEP F, TETRAD EDEN ARMCHAIR FLINT BLUE WOOL, G PLAN VINTAGE SCATTER CUSHION TONIC CHARCOAL, ANYDAY RETAILER MIX IT CORNER WARDROBE, RETAILER MARLOW 4 DRAWER CHEST 75CM GRA, OXO GOOD GRIPS PREP SERVE STAINLESS STEEL KITCHEN, RETAILER MATT LACQUER WASTE PAPER BIN N, RETAILER PARISIAN VELVET DINING CHAIR G, G PLAN VINTAGE THE FIFTY SEVEN ARMCHAIR MARL AUBER, GOOCH ORIENTAL KHURJEEN RUG GREEN L197 X W155 CM, APPLE SMART FOLIO FOR IPAD PRO 11 3RD GENERATION D, WEST ELM HAVEN LARGE 3 SEATER LHF CHAISE END SOFA, RETAILER BAILEY SNUGGLER, RETAILER ARLO 5 SEATER RHF CHAISE END S, SAMSUNG GALAXY BOOK PRO 360 LAPTOP INTEL CORE I5 P, PHILIPPE STARCK FOR KARTELL MASTERS BAR CHAIR WHIT, ANYDAY RETAILER ANTON 4-6 SEATER EXTEND, PHILIPS HUE PLAY GRADIENT SMART LIGHTING ADJUSTABL, CREED AVENTUS COLOGNE 50ML, CROFT COLLECTION EASDALE LLOYD LOOM DINING CHAIR I, BABYZEN YOYO COMPLETE STROLLER WHITE BLACK, TEMPUR ORIGINAL LUXE MEMORY FOAM MATTRESS MEDIUM T, AND OR CANVAS BOXY BACKPACK LIGHT BLUE, CROFT COLLECTION FINDON LARGE 3 SEATER SOFA OAK LE, HERMAN MILLER AERON OFFICE CHAIR SIZE A GRAPHITE P, SNUGGLEDOWN NATURAL DUCK FEATHER AND DOWN DUVET 4, SPECK BALANCE FOLIO FOR IPAD PRO 11 AND IPAD AIR 1, RETAILER SALSA 5-SEATER CORNER GARDEN S, DIPTYQUE BAIES SCENTED CANDLE 190G, ANYDAY RETAILER MIZAR CEILING LIGHT 5 A, LG OUTDOOR MONACO 4-SEAT GARDEN COFFEE TABLE SOFA, VISPRING PLYMOUTH SUPREME 1200 MATTRESS AND PREMIE, RETAILER RISE LARGE 3 SEATER CHAISE END, SILENTNIGHT SLEEP GENIUS 1200 POCKET MEMORY MATTRE, CHANEL PLATINUM GO STE EAU DE TOILETTE SPRAY 100ML, RETAILER FIRESIDE ARMCHAIR, SISTEMA RENEW SALAD BOX WITH KNIFE FORK 1 1L ASSOR, RETAILER VALENCIA GARDEN RIGHT END MODU, TEMPUR CLOUD ELITE MEMORY FOAM MATTRESS SOFT EXTRA, RETAILER ESSENCE TALL 6 DRAWER CHEST OA, STRING FLOOR PANEL SIDE RACKS H200CM PACK OF 2 BLA, RETAILER TROPEZ NEST OF 2 TABLES, AVF JXPL601 TILTING WALL MOUNT FOR TVS UP TO 65, MATTHEW HILTON FOR CASE PROFILE DINING CHAIR OAK, MICROSOFT SURFACE PRO 8 INTEL CORE I7 PROCESSOR 16, RETAILER TRINITY MARBLE BEDSIDE TABLE B, RETAILER RATTAN BED FRAME DOUBLE BLACK, PHASE EIGHT REMI QUILTED HOODED COAT NAVY 18, SWYFT MODEL 05 LARGE 3 SEATER SOFA MUSTARD VELVET, HALO FEDERICO LEATHER MOTION ARMCHAIR HAND TIPPED, KETTLER PALMA GARDEN CUSHION STORAGE BOX WHITE WAS, RETAILER JAVA II MOTION ARMCHAIR WITH F, BIALETTI MOKA INTENSO GROUND COFFEE 250G, SAGE SBL920BSS SUPER Q FOOD BLENDER STAINLESS STEE, HYPNOS ELITE POCKET SPRING MATTRESS MEDIUM KING SI, VITRA EAMES LARGE LEATHER LOUNGE CHAIR AND OTTOMAN, MANGO TEXTURED ZIP TAILORED JACKET BLACK M, RETAILER DELUXE BABY BATH WHITE, RETAILER BOYS SHORT SLEEVED STAIN RESIS, RETAILER BARBICAN LEATHER FOOTSTOOL DAR, RETAILER CAMBER LARGE 3 SEATER SOFA LIG, UPPABABY VISTA AND CRUZ SNUG SEAT INSERT, NESPRESSO VERTUO PLUS COFFEE MACHINE BY MAGIMIX SI, BOORI SLEIGH ROYALE COTBED BARLEY, KETTLER PANALSOL DELUXE ALUMINIUM CANOPY GAZEBO H2, DE LONGHI DISTINA X KETTLE 1 7L MATTE BLACK, SUNCAST TREMONT 1 STORAGE SHED 4M X 4 8M STONE, RETAILER ARLO 5 SEATER RHF CHAISE WITH, SAMSUNG QI WIRELESS CHARGER DUO BLACK, BENEFIT BOI-ING INDUSTRIAL STRTH CONCEALER 01, RETAILER ARCHIE II ARMCHAIR, RETAILER CHEVRON KNOT JUTE RUG L180 X W, DELL XPS 17 9710 LAPTOP INTEL CORE I7 PROCESSOR 16, VISPRING PLYMOUTH SUPREME 1200 POCKET SPRING ZIP L, 2020 APPLE IPAD 10.2"" 128GB CELLULAR SPACE GREY, KETTLER CORA 10 SEATER RECTANGULAR GARDEN DINING T, ANYDAY RETAILER POCKET 1000 LUXURY POCK, RETAILER 8K HDMI CABLE 1 5M BLACK, UPPABABY VISTA V2 PUSHCHAIR AND CARRYCOT FINN, RETAILER INES PAIR LINED EYELET CURTAIN, RETAILER HUXLEY CEILING LIGHT SMOKE ANT, RETAILER SOPHIA PURE LINEN LAMPSHADE MI, KETTLER PALMA 7-SEATER GARDEN DINING LOUNGE SET WI, RETAILER THE ULTIMATE COLLECTION GOAT A, RETAILER CRADLE ROPE 2-SEAT GARDEN SOFA, HP X360 14C-CA0004NA CHROMEBOOK LAPTOP, RETAILER MORITZ 4 SEATER GLASS DINING T, HP SMART TANK PLUS 559 ALL-IN-ONE WIRELESS PRINTER, ANYDAY RETAILER VENICE 2-SEAT FOLDING G, HARLEQUIN LIFE S A CIRCUS UP AND AWAY SHERPA FLEEC, SONOS ROAM SMART SPEAKER WITH VOICE CONTROL WHITE, RETAILER MORITZ VELVET DINING CHAIR AQU, ANYDAY RETAILER KIDS COLOUR BLOCK RAGLA, MORRIS CO POPPY PURE KING DUVET COVER ECRU, MAXI-COSI TITAN GROUP 1 2 3 CAR SEAT BASIC BLACK, SWYFT MODEL 02 MEDIUM 2 SEATER SOFA SHADOW LINEN, BUGABOO DONKEY 5 DUO PUSHCHAIR CARRYCOT STORMY BLU, GOOCH LUXURY DISTRESSED KAZAK RUG L230 X W160 CM, SHARK IZ201 ANTI HAIR WRAP CORDLESS VACUUM CLEAN, RETAILER HENLEY BY KETTLER 4-SEATER ROU, BAY LIGHTING ARIBELLA FLOOR LAMP NICKEL, PARKER KNOLL OBERON ARMCHAIR GREY CHECK, RETAILER DRAPER LEATHER ARMCHAIR METAL, RETAILER CAMDEN SMALL 2 SEATER SOFA, SONY HT-ZF9 WI-FI BLUETOOTH SOUND BAR WITH DOLBY A, RETAILER VELVET PAIR LINED PENCIL PLEAT, RETAILER EMPIRE CRYSTAL CHANDELIER CEIL, TEMPUR COMFORT CLOUD STANDARD SUPPORT PILLOW, BIG GREEN EGG LARGE EGG BBQ AND MODULAR NEST ACACI, RETAILER ROYAL HERITAGE PAZYRK RUGS RED, RETAILER SQUARE SEAGRASS BASKET NATURAL, SAMSUNG GALAXY BOOK2 PRO LAPTOP INTEL CORE I5 PROC, RETAILER BOUTIQUE HOTEL SILK BEDSPREAD, CYBEX PRIAM PUSHCHAIR CHASSIS CHROME BLACK, SNUGGLEDOWN NATURAL DUCK FEATHER AND DOWN DUVET 10, ERCOL FOR RETAILER SHALSTONE BAR STOOL OAK, HALSALL VINTAGE STYLE DOLL CARRIAGE PRAM, RETAILER BAILEY HIGH BACK 5 SEATER CORN, RETAILER EVELYN AQUACLEAN VELVET DINING, RETAILER PILLOW SMALL 2 SEATER SOFA, LE IRWIN HAND KNOTTED HORIZON RUG L240 X W170 CM, UPPABABY VISTA V2 PUSHCHAIR AND CARRYCOT GREYSON, SONOS ONE GEN 2 SMART SPEAKER WITH VOICE CONTROL B, RETAILER PADMA 5 DRAWER TALLBOY CHEST G, BELKIN 3-IN-1 WIRELESS DOCK CHARGER FOR APPLE WATC, EBBE GEHL FOR RETAILER MIRA 4-8 SEATER EXTENDING, RETAILER THE ULTIMATE COLLECTION 1000 T, RETAILER JAVA II MEDIUM 2 SEATER SOFA M, RETAILER ELEVATE POWER RECLINER ARMCHAI, APPLE AIRTAG LEATHER KEY RING SADDLE BROWN, RETAILER RATTAN DRESSING TABLE AND MIRR, PHILIPS GC558 36 COMFORTTOUCH PLUS GARMENT STEAMER, RETAILER BASKET WEAVE PAIR BLACKOUT LIN, RETAILER TRINITY MARBLE SIDEBOARD BROWN, RETAILER VACUUM STORAGE BAGS SET OF 2, SN Z SN ZPOD 4 BEDSIDE CRIB DOVE GREY, RETAILER GRAYSON DESK DARK, UPPABABY VISTA RIDE-ALONG PIGGYBACK BOARD, WOOD FRAMED OVERMANTLE WALL MIRROR 70 X 92CM GREY, MICRO SCOOTERS MAXI DELUXE FOLDABLE LED SCOOTER PU, SWOON DENVER GRAND 4 SEATER LHF CORNER END SOFA SI, RETAILER CHEVRON STATEMENT GARDEN CHAIR, RETAILER ABACUS FILING DESK FSC-CERTIFI, KETTLER LYON 2-SEATER GARDEN LOUNGING SIDE TABLE C, KETTLER ELBA GRANDE CORNER 5-SEAT GARDEN LOUNGING, BUGABOO BEE6 PUSHCHAIR BLACK, RETAILER EMILY UPHOLSTERED BED FRAME KI, RETAILER BARBICAN SMALL 2 SEATER LEATHE, RTA FREESTANDING WOOD WINE RACK 9 BOTTLE LIGHT OAK, RETAILER TOKYO EXTRA WIDE 5 SEATER LHF, RETAILER LONGSTOCK PAIR LINED PENCIL PL, CHARLOTTE TILBURY PILLOW TALK PUSH UP LASHES MASCA, ANYDAY RETAILER QUICK DRY BOBBLE PEDEST, PANASONIC TX-65JX940B 2021 LED HDR 4K ULTRA HD SMA, RETAILER BABY GOTS ORGANIC COTTON NAUTI, RETAILER LAWRENCE LED BUBBLE FLUSH LIGH, KAEMINGK NEON TOGETHER LIGHT WHITE, CRICUT EASYPRESS 2 HEAT PRESS MACHINE 12 X 10 INCH, WEST ELM MID-CENTURY WIDE BEDSIDE TABLE ACORN FSC-, ANGLEPOISE ORIGINAL 1227 MIDI WIDE PENDANT CEILING, SONY BRAVIA KD50X89J 2021 LED HDR 4K ULTRA HD SMAR, CROFT COLLECTION LUNA FINE CHINA RIM CHINA DINNERW, RETAILER CHUNKY WEAVE 2-SEATER GARDEN S, RETAILER WOVEN DINING CHAIRS PEBBLE SET, BABYZEN YOYO BAG PEPPERMINT, SILVER CROSS PIONEER 2021 PUSHCHAIR CARRYCOT SIMPL, SAMSUNG QE65QN900B 2022 NEO QLED HDR 3000 8K ULTRA, UPPABABY VISTA UPPER ADAPTOR, PANASONIC TX-65JX870B 2021 LED HDR 4K ULTRA HD SMA, SOFI SOFA IN A BOX LARGE 3 SEATER SOFA DARK LEG NA, RETAILER SHAFTESBURY ARMCHAIR, RETAILER JAVA II GRAND 4 SEATER SOFA LI, RETAILER CLASSIC COLLECTION ORTHO SUPPO, DESSER TURIN RATTAN 2-SEATER SOFA NATURAL, RETAILER HEMINGWAY 2 DOOR SIDEBOARD, SWOON PORTO GRAND 5 SEATER CORNER SOFA DARK LEG KI, LG OUTDOOR SARASOTA 4-SEAT ROUND GARDEN DINING TAB, ANYDAY RETAILER ELEMENTARY DRESSER WHIT, RETAILER TOKYO LARGE 5 SEATER LHF CORNE, UMBRA ADJUSTABLE DOUBLE CURTAIN POLE KIT NICKEL DI, SWOON DENVER GRAND 4 SEATER LHF CORNER END SOFA KI, LG SL8YG SUPREME BLUETOOTH WI-FI SOUND BAR WITH ME, SILVER CROSS ASCOT COTBED WARDROBE DRESSER, HP ENVY 6030E ALL-IN-ONE WIRELESS PRINTER HP ENABL, RETAILER THOMAS LEATHER ARMCHAIR DEMETR, RETAILER DOME TABLESPOON, CYBEX CLOUD Z I-SIZE ROTATING LIE FLAT BABY SEAT D, STOMPA S FLEX ECO SPRUNG CHILDREN S MATTRESS MEDIU, APPLE WATCH SE GPS CELLULAR 40MM SPACE GREY ALUMIN, RETAILER HEMINGWAY NEST OF 3 TABLES, WEST ELM MID-CENTURY COFFEE TABLE ACORN FSC-CERTIF, CROFT COLLECTION SKYE BAR TOILET ROLL HOLDER, RETAILER WILLOW LINED STORAGE BASKETS G, KETTLER FREESTANDING LED LIGHT PARASOL BASE WITH W, RETAILER BAILEY 5 SEATER LHF CORNER END, STOKKE XPLORY X CARRYCOT BLACK, HALO NOUGAT MEDIUM 2 SEATER LEATHER SOFA HAND TIPP, KIN CURVED HEM CORD SHIRT GREEN 12, GOOCH LUXURY DISTRESSED WATERFALL RUG L160 X W230, HENRY HEPA-FLO VACUUM CLEANER FILTER BAGS PACK OF, 2020 APPLE IPAD PRO 11 A12Z BIONIC IOS WI-FI 1TB S, SLEEPGREEN NATURAL LATEX STANDARD PILLOW MEDIUM FI, LEVI S WFH COTTON SWEATSHIRT HEATHER GREY S, RUARK R5 DAB DAB FM INTERNET RADIO CD BLUETOOTH WI, RETAILER KIDS FOX PRINT ONESIE BLUE 14, DR SEUSS THE GRINCH SANTA SOFT TOY, POWERBEATS PRO TRUE WIRELESS BLUETOOTH IN-EAR SPOR, CYBEX CLOUD Z I-SIZE ROTATING LIE FLAT BABY SEAT S, NESPRESSO KRUPS PIXIE XN304T40 COFFEE MACHINE TITA, SWOON PORTO GRAND 5 SEATER CORNER SOFA DARK LEG FE, RETAILER FACETED WINE GLASS 250ML CLEAR, WEST ELM MITZIE BEDSIDE TABLE PETROL BLUE, ANYDAY RETAILER PERCH COFFEE TABLE ALMO, RETAILER HARP HIGH BACK LARGE 3 SEATER, FITBIT INSPIRE 2 HEALTH AND FITNESS TRACKER WITH H, MSPA CARLTON QUICK-HEATING ROUND INFLATABLE HOT TU, RETAILER BUNDLE LARGE 3 SEATER CHAISE E, SWOON KALMAR GRAND 4 SEATER LHF CHAISE END SOFA DA, RETAILER BABY BUNNY PRINT PYJAMAS BLUE, ANYDAY RETAILER WILTON 6 DRAWER CHEST N, RETAILER TRESTLE 6 SEATER DINING TABLE, BABY BREZZA FORMULA PRO ADVANCED, HERMAN MILLER COSM HIGH BACK OFFICE CHAIR MINERAL, TALA KNUCKLE TABLE LAMP WITH LED VORONOI I 2W LED, RETAILER TORONTO GAS LIFT ADJUSTABLE BA, RETAILER MONTREAL BED FRAME DOUBLE OAK, RETAILER ST IVES CANOPY BED FRAME KING, WEBER GENESIS EPX-335 GBS WEBER CRAFTED SMART GRIL, RETAILER ARCHIE II ARMCHAIR LIGHT LEG F, RETAILER ELEVATE MEDIUM 2 SEATER SOFA, RETAILER DEVON FLOOR LAMP WHITE, RETAILER BAILEY LARGE 3 SEATER HIGH BAC, RETAILER COLLAGE STICKS CUSHION BLUE, KOTI HOME BUTTON UPHOLSTERED BED FRAME KING SIZE C, SAMUEL GROVES TRI-PLY STAINLESS STEEL FRYING PAN 2, EBBE GEHL FOR RETAILER MIRA TV STAND FOR TVS UP, RETAILER ROUND METAL FRAME WALL MIRROR, RETAILER HAIRPIN DESK OAK, RETAILER SPINDLE 6 DRAWER CHEST STORM, WEST ELM MID-CENTURY NARROW BOOKSHELF WITH STORAGE, ANYDAY RETAILER FERN 2-4 SEATER DINING, LG 55QNED816QA 2022 QNED HDR 4K ULTRA HD SMART TV, MSPA MONO QUICK-HEATING ROUND INFLATABLE HOT TUB W, RETAILER SNOW MOUNTAIN BAUBLES BOX OF 4, RETAILER RATTAN 3 DRAWER CHEST OAK, TETRAD COSY CLUB LEWIS PETITE 2 SEATER SOFA LIGHT, RETAILER CAPE LEATHER ARMCHAIR DARK LEG, WEBER SPIRIT CLASSIC E-210 2-BURNER GAS BBQ PROTEC, RETAILER EMILY UPHOLSTERED BED FRAME SM, PANASONIC DP-UB9000 SMART 3D 4K UHD HDR BLU-RAY DV, DESSER RATTAN 2-SEATER COCOON SOFA NATURAL, SOFI MODULAR SOFA SEAT UNIT DARK LEG CHARCOAL GREY, RETAILER NATURAL COLLECTION GOAT ANGORA, RETAILER LUXE CITY MERRY CHRISTMAS FOIL, SWOON PORTO LOVESEAT DARK LEG INK VELVET, ANYDAY RETAILER ALBANY BED FRAME DOUBLE, OLD FOLDING MAPS MAP OF THE WORLD 1861 VINTAGE FRA, RETAILER PANEL SMALL 2 SEATER SOFA BLAC, PHILIPS HUE WHITE AND COLOUR AMBIANCE APPEAR LED S, SWOON DENVER GRAND 4 SEATER RHF CORNER END SOFA FE, LOUIS DE POORTERE HADSCHLU RUG L330 X W230 CM, LAURA MERCIER TINTED MOISTURISER OIL FREE NATURAL, SONY BRAVIA KD32W800 2021 LED HDR HD READY 720P SM, ANYDAY RETAILER WHITBY DINING CHAIRS SE, LG 65NANO966PA 2021 LED HDR NANOCELL 8K ULTRA HD S, SILENTNIGHT SLEEP SOUNDLY MIRACOIL ORTHO DIVAN BAS, RETAILER TRINITY MARBLE 3 DRAWER CHEST, RETAILER DIAMONDS CUSHION PAPRIKA, RETAILER SILVER SHIMMER SHOWER CURTAIN, RETAILER HONEYCOMB WAFFLE UNISEX BATH R, WEST ELM PENELOPE MINI DESK, HYPNOS WOOLTEX NO 2 PILLOW TOP POCKET SPRING MATTR, RETAILER CAMDEN 5 SEATER LEATHER CORNER, TETRAD LEWIS LARGE 3 SEATER SOFA HARRIS TWEED BRAC, RETAILER STELLA 3 PENDANT DINER CEILING, SAMSUNG GALAXY TAB S7 KEYBOARD COVER BLACK, RETAILER ELSTRA 200CM MIRRORED 4 HINGED, G PLAN VINTAGE THE SIXTY EIGHT ARMCHAIR WITH FOOTR, HERMAN MILLER SAYL OFFICE CHAIR BLACK SPINOZA, RETAILER CAPE ARMCHAIR, RETAILER NON SPRUNG 4 DRAWER STORAGE UP, RETAILER SPECIALIST SYNTHETIC TEMPERATU, BABY EINSTEIN 4-IN-1 KICKIN TUNES MUSIC AND LANGUA, OYSTER 3 LUXURY 7 PIECE PUSHCHAIR BUNDLE GREY PEPP, ERGOBABY EMBRACE BABY CARRIER BLACK, RETAILER PURE COTTON EASY CARE SCALLOP, ANYDAY RETAILER COVE ARMCHAIR DARK LEG, RETAILER LAURA TOUCH LAMP PUTT, RETAILER ETIENNE DRESSING TABLE, RETAILER FROME ARMCHAIR, BENEFIT BADGAL BANG MASCARA BRIGHTENING BLUE, PARKER KNOLL FITZROVIA ARMCHAIR BRACKLYN TEAL WITH, PARKER KNOLL OBERON ARMCHAIR BERWICK CHECK NATURAL, JOSEPH JOSEPH GLIDE PLUS IRONING BOARD L108 X W38C, AM07, BUGABOO FOX2 PUSHCHAIR AND CARRYCOT BLACK, RETAILER HAIRPIN DESK DARK OAK, RETAILER BOW DESK OAK WHITE, SILENTNIGHT NON SPRUNG 2 DRAWER DIVAN STORAGE BED, RETAILER SEEK FAUX LEATHER DINING CHAIR, RETAILER PURE SILK PLAIN RUG TEAL L230, RETAILER CAMDEN 5 SEATER RHF CHAISE COR, RETAILER CAMDEN MEDIUM 2 SEATER SOFA BE, RETAILER KIDS JERSEY CHECK PYJAMAS BLUE, ICANDY PEACH 7 PUSHCHAIR ACCESSORIES BUNDLE GREY, RETAILER NATURAL COLLECTION EGYPTIAN CO, WINNIE TROUSERS PKMI 12 R, RETAILER SWOON KEATS WINGBACK ARMCHAIR, NEAL S YARD REMEDIES BABY BALM 50G, SAGE SES500BSS BAMBINO PLUS COFFEE MACHINE SILVER, SILVER CROSS WAVE PUSHCHAIR CARRYCOT DREAM I-SIZE, RETAILER RETRO FLORAL COTTON RICH ANKLE, WEST ELM ARTIFICIAL CRANE PLANT, RETAILER BELGRAVE SNUGGLER, SHARK IZ300 CORDLESS STICK VACUUM WITH ANTI HAIR, RETAILER HENDRICKS ROCKING CHAIR LIGHT, TEFAL IXEO POWER QT2020 ALL-IN-ONE IRON CLOTHES ST, RETAILER JUTE POUFFE, FARMER S COTTAGE 7 SEATER ROTATING GARDEN POD STAI, TALA GRAPHITE TRIPLE PENDANT CLUSTER CEILING LIGHT, OWLET BABY MONITOR DUO WHITE, APPLE USB-C TO LIGHTNING CABLE 2M, SONY BRAVIA KD75ZH8 2020 LED HDR 8K ULTRA HD SMART, G PLAN VINTAGE THE SIXTY FIVE LEATHER ARMCHAIR CAP, RETAILER CHEVRON ROUND GARDEN SIDE TABL, RETAILER LOUNGE ARMCHAIR, TETRAD LEWIS LARGE 3 SEATER SOFA HARRIS TWEED HEAT, RETAILER METAL FRAME RECTANGULAR HALL M, TETRAD FLYNN ARMCHAIR HARRIS TWEED BRACKEN HERRING, RETAILER CORDLESS STICK VACUUM CLEANER, WEST ELM WRIGHT BED FRAME DOUBLE BROWN FSC CERTIFI, NESPRESSO VERTUO NEXT COFFEE MACHINE BY MAGIMIX CH, SWOON EVESHAM LARGE 3 SEATER SOFA DARK LEG INDIGO, ERCOL FOR RETAILER SHALSTONE SIDEBOARD OAK, RETAILER JASPER LED SEMI FLUSH 3 ARM CE, RETAILER CHEVRON TALLBOY BATHROOM CABIN, RETAILER BOBBIN BEDSIDE TABLE GREY, IITTALA ESSENCE WHITE WINE GLASSES 330ML SET OF 2, DYSON AIRWRAP COMPLETE MULTI HAIR STYLER COPPER, RETAILER THOMAS ARMCHAIR, BEATS FIT PRO TRUE WIRELESS BLUETOOTH IN-EAR SPORT, LAVAZZA DEK CREMOSO A MODO MIO ESPRESSO ECO CAPSUL, RETAILER ELSTRA 150CM WARDROBE MIRRORED, STOMPA UNO S PLUS MID-SLEEPER BED FRAME WHITE, SWYFT MODEL 02 MEDIUM 2 SEATER SOFA BRICK VELVET, TOMMEE TIPPEE ULTRA UV 3-IN-1 ELECTRIC STERILISER, PARKER KNOLL FITZROVIA ARMCHAIR BRACKLYN BLUSH WIT, RETAILER SCANDI BED FRAME DOUBLE OAK, SONOS ONE SL SMART SPEAKER BLACK, TEMPUR CLOUD ELITE MEMORY FOAM MATTRESS SOFT DOUBL, JXPL601, TEMPUR ELECTRIC OTTOMAN DIVAN STORAGE BASE KING SI, SCHMOOZER GRAND 4 SEATER SOFA BY LOAF AT JOHN LEWI, RETAILER BASKET ROPE GARDEN LOUNGING AR, RETAILER COTTON VELVET CUSHION DUCK EGG, GOOCH LUXURY DISTRESSED ORNATE RUG BLUE L290 X W20, RETAILER CHEVRON DOUBLE MIRRORED BATHRO, RETAILER RATTAN DRESSING TABLE STOOL OA, RETAILER ARCHIVE FLORAL CUSHION ORANGE, ANYDAY RETAILER WHISTLER BAR STOOL WHIT, SWOON KALMAR ARMCHAIR DARK LEG KINGFISHER VELVET, HALO SPENCER LEATHER ARMCHAIR HAND TIPPED CHOCOLAT, LITTLE HOME AT RETAILER VICTORIA 5 DRAWER CHEST, RETAILER COCOON SWIVEL ARMCHAIR LIGHT L, SAMSUNG QE55S95B 2022 OLED HDR 4K ULTRA HD SMART T, KETTLER CORA LOUNGING 2 SEATER SOFA FSC-CERTIFIED, WEST ELM SLOPE LOUNGE CHAIR SADDLE LEATHER, RETAILER BABY QUILT WADDED PRAMSUIT GRE, MICROSOFT SURFACE PRO PEN PLATINUM, PARKER KNOLL OBERON ARMCHAIR BERWICK CHECK TEAL, SWYFT MODEL 01 LARGE 3 SEATER SOFA PUMICE LINEN, RETAILER RATTAN BEDSIDE TABLE BLACK, RETAILER BAILEY 5 SEATER RHF CORNER END, INSTANT POT DUO CRISP AIR FRYER 8L, RETAILER OVALS LED SEMI FLUSH CEILING L, ICANDY PEACH DUO POD DARK GREY TWILL, RETAILER SANTINO DINING ARMCHAIR TAN OA, MAM EASY START COMPLETE BOTTLE FEEDING SET SMALL, RETAILER SPEED STEAM IRON BLACK, RETAILER BOOTH LARGE 3 SEATER LEATHER S, WANDERLUST CO PAVE SUSPENDER HUGGIE HOOP EARRINGS, RETAILER ULTIMATE NATURAL COLLECTION 37, RETAILER WHALEFIN OFFICE CHAIR BLACK, SWOON EVESHAM LARGE 3 SEATER SOFA DARK LEG FERN VE, ANYDAY RETAILER POSTER FRAME BLACK 20 X, MAXI-COSI I-SIZE FAMILYFIX 360 ISOFIX ROTATING CAR, WROUGHT IRON AND BRASS BED CO LILY IRON BED FRAME, RETAILER EMILY KITAMI BED FRAME SMALL D, RETAILER TOKYO RHF GRAND MODULAR ARM UN, RETAILER PALM STRIPE KING DUVET COVER S, ANYDAY RETAILER MICROFIBRE STANDARD PIL, MORRIS CO STRAWBERRY THIEF SQUARE VELVET CUSHION G, VITRA EAMES DSR SIDE CHAIR CHROME LEG ICE GREY, ANYDAY RETAILER TAMARA HOODED CARDIGAN, RETAILER ELEVATE LEATHER ARMCHAIR DARK, OVAL 1200, DYSON V7 ANIMAL CORDLESS VACUUM CLEANER, APPLE SMART FOLIO FOR IPAD AIR 2020 WHITE, KOTI HOME PLAIN UPHOLSTERED BED FRAME KING SIZE LU, ANYDAY RETAILER LEONA DOUBLE SIDED VELO, LA HACIENDA HAWKESBURY MAGNESIA FIREPIT GREY STONE, RETAILER TOKYO LHF MEDIUM MODULAR ARM U, RETAILER JELLY BEANS RUG RUSSET L300 X, RETAILER ECOMATTRESS HEADBOARD AND SLIM, BUGABOO CAMELEON3 PLUS PUSHCHAIR AND CARRYCOT BLAC, AVF AFFINITY PREMIUM BAY 1500 CURVED TV STAND FOR, RETAILER RISE LARGE 3 SEATER REVERSIBLE, RETAILER LOUIS HIGH END SLEIGH BED FRAM, BUGABOO FOX2 PUSHCHAIR AND CARRYCOT GREY MELANGE, ROYAL BOTANIC GARDENS KEW WILD FIG REED DIFFUSER 2, RETAILER PROFESSIONAL NON-STICK BAKING, RETAILER MONTREAL BED FRAME SUPER KING, CHICCO NEXT 2 ME MAGIC 2 BEDSIDE CRIB MOON GREY, RETAILER HEIRLOOM COLLECTION BOYS FLORA, PARKER KNOLL OBERON LEATHER ARMCHAIR COMO OAK, ANYDAY RETAILER ANTON COFFEE TABLE NATU, CYBEX GAZELLE S PUSHCHAIR CARRYCOT WITH ATON M CAR, EBBE GEHL FOR RETAILER MIRA COFFEE TABLE OAK, BOSE SOUNDLINK AE2 WIRELESS BLUETOOTH OVER-EAR HEA, RETAILER HARVARD 3 DRAWER CHEST GREY, RETAILER ANIMALS POLAR BEAR STONEWARE E, HALO LITTLE PROFESSOR LEATHER ARMCHAIR RIDERS NUT, SAMSUNG LU28R550UQRXXU ULTRA HD 4K MONITOR 28 GREY, RETAILER DECORATIVE CURVED TOP WALL MIR, TARGUS NEWPORT CONVERTIBLE TOTE BACKPACK FOR LAPTO, ANYDAY RETAILER WILTON 3 DRAWER CHEST W, PARKER KNOLL FITZROVIA SNUGGLER BRACKLYN CHARCOAL, RETAILER OLIVER GRAND 4 SEATER SOFA, EN560.B, RETAILER SHEEPSKIN RUG DOUBLE IVORY, EKO MORANDI RECTANGULAR TOUCH BIN 20L BLUE, RETAILER HECTOR FLOOR LAMP ANTIQUE BRAS, RETAILER MARLOW 200CM MIRRORED SLIDING, ANYDAY RETAILER SWIRL METAL BED FRAME D, PARKER KNOLL MID-CENTURY MOTION ARMCHAIR DARK LEG, LOUIS DE POORTERE COLUMBUS RUG L330 X W230 CM, ANYDAY RETAILER WILTON BED FRAME SMALL, RETAILER DANTE LUXURY GARDEN SUN LOUNGE, APPLE IPHONE 13 IOS 6 1 5G SIM FREE 128GB BLUE, PHILIPS HUE WHITE AND COLOUR AMBIANCE CENTURA LED, RETAILER OLIVER MODULAR SNUGGLER ARMLES, RETAILER RISE MEDIUM 2 SEATER SOFA META, APPLE LEATHER WALLET WITH MAGSAFE FOR IPHONE 12 PR, DESSER DIJON RATTAN 4-SEATER LOUNGING TABLE CHAIRS, SAGE SES878BSS THE BARISTA PRO COFFEE MACHINE SILV, KETTLER LAMODE LARGE RECTANGULAR GARDEN COFFEE TAB, SAGE SES878BTR THE BARISTA PRO COFFEE MACHINE TRUF, ERCOL FOR RETAILER SHALSTONE WARDROBE, TINC MALLO SEQUIN SATCHEL LUNCH BAG PINK, JOSEPH JOSEPH TOILET BUTLER WITH FLEX TOILET BRUSH, KOTI HOME FLUTED UPHOLSTERED BED FRAME KING SIZE V, SWYFT MODEL 05 ARMCHAIR TURQUOISE LINEN, STOMPA UNO S PLUS MID-SLEEPER BED WITH WHITE HEADB, WEST ELM MID-CENTURY WIDE BOOKSHELF ACORN, RETAILER ELSTRA MARLOW WARDROBE HANGING, DOCKATOT DELUXE CLOUD GREY BABY POD 0-8 MONTHS, SONY HT-A7000 WI-FI BLUETOOTH ALL-IN-ONE SOUND BAR, RETAILER GRAYSON STORAGE SIDEBOARD OAK, VITRA EAMES DSW SIDE CHAIR LIGHT MAPLE LEG SEA BLU, SCALEXTRIC G1154M MY FIRST SCALEXTRIC BATTERY POWE, ANYDAY RETAILER WHISTLER DINING CHAIR W, ANYDAY RETAILER MIX IT MIRRORED TRIPLE, RETAILER PADMA 3 DRAWER CHEST BROWN BRA, LA HACIENDA WESTONBIRT CAST IRON FIREPIT COPPER, RETAILER TASSEL IKAT CUSHION MULTI, ROBERT WELCH RADFORD LONG HANDLED TEASPOON, TEFAL UNLIMITED ALUMINIUM NON-STICK SQUARE GRILL P, RETAILER COMPTON PAIR TEXTURED LINED MU, BAY LIGHTING NINA CRYSTAL WALL LIGHT CLEAR, HP ENVY 6020E ALL-IN-ONE WIRELESS PRINTER HP ENABL, RETAILER MEDAN 2 DOOR 1 DRAWER WARDROBE, TETRAD FLYNN II ARMCHAIR BRACKEN HERRINGBONE, SCHMOOZER SNUGGLER BY LOAF AT RETAILER BRUSHED C, PHILIPS HUE INFUSE LED SMART SEMI FLUSH CEILING LI, RETAILER OSLO LEATHER SNUGGLER LIGHT LE, ANYDAY RETAILER LOFT DESK GREY WHITE, H G TRIBUTE 9031 EXECUTIVE LEATHER OFFICE CHAIR DA, LOUIS DE POORTERE STREAKS RUG LONG ISLAND BLUE L28, RETAILER PILLOW LARGE 3 SEATER SOFA, RETAILER VENICE SUN LOUNGER FSC-CERTIFI, SKIP HOP MOBY 3 STAGE BABY BATH TUB GREY, INNOVATION LIVING CUBED 160 SOFA BED KENYA DARK GR, SOFI SOFA IN A BOX SMALL 2 SEATER SOFA DARK LEG NA, RETAILER DRAPER MEDIUM 2 SEATER LEATHER, BATTERSEA LARGE ROUND METAL FRAME MIRROR 105CM BRO, LITTLE HOME AT RETAILER BUTTERFLIES AND DITSY PR, CYBEX CLOUD Z I-SIZE ROTATING LIE FLAT BABY SEAT A, KETTLER PALMA 7 SEATER GARDEN LOUNGING SET RATTAN, SN Z SN ZPOD 4 BEDSIDE CRIB NATURAL, RETAILER CAPE MEDIUM 2 SEATER LEATHER S, RETAILER EMILIA LARGE CRYSTAL CEILING L, ANYDAY RETAILER CRAFT SPECKLE GLAZE DIN, RETAILER BOW 1 DRAWER BEDSIDE TABLE OAK, RETAILER SEEK DINING CHAIRS SET OF 2 GR, ANYDAY RETAILER DESK FAN 12 INCH WHITE, RETAILER SYNTHETIC SOFT LIKE DOWN STAND, RETAILER CALIA TALL WIDE SHELVING UNIT, ANYDAY RETAILER MIX IT LONG T-BAR HANDL, RETAILER ST IVES BED FRAME DOUBLE WHITE, DELIVITA PIZZA LOVER S COLLECTION WOOD-FIRED PORTA, ANYDAY RETAILER ALBANY 6 DRAWER CHEST W, KUHN RIKON KNIFE SHARPENER GREEN, MAXI-COSI KORE PRO I-SIZE CHILDREN S CAR SEAT AUTH, AND OR SILVERLAKE STRAIGHT LEG JEANS DEJA BLUE 27, THULE CHARIOT JOGGING KIT SINGLE, CYBERJAMMIES KIDS CHARLOTTE CHECK COTTON PYJAMA SE, RETAILER FRAME LEATHER OFFICE CHAIR NAT, FARMER S COTTAGE LARGE OVAL GARDEN SUMMERHOUSE POD, BAY LIGHTING SPIRAL LED LARGE CEILING LIGHT CHROME, SWOON EVESHAM GRAND 4 SEATER LHF CORNER END SOFA D, SWOON LUNA LARGE 3 SEATER SOFA LIGHT LEG INK VELVE, RETAILER SIMPLICITY 2-SLICE TOASTER GUN, CONNUBIA BY CALLIGARIS RILEY GAS LIFT ADJUSTABLE F, BUGABOO LYNX READY TO GO FURTHER BUNDLE ALUMINIUM, RETAILER WELLINGTON RUG NAVY L170 X W11, ANYDAY RETAILER SCOOP LARGE 3 SEATER SO, RETAILER MADE TO MEASURE REVOLUTION EYE, STOVES STERLING 600MFTI FREESTANDING ELECTRIC COOK, CRANE GARDEN BUILDINGS 2 4 X 3M GARDEN OFFICE FSC-, HAINES BEVELLED GLASS FRAME HANGING MIRRORS SET OF, SWEATY BETTY ALL DAY EMBOSS 7 8 GYM LEGGINGS BLACK, RETAILER CHARLOTTE HIGH BACK LEATHER AR, SANDERSON RAINFOREST RUG L170 X W240 CM TROPICAL N, RETAILER SWOON MILLER COFFEE TABLE BROW, PANASONIC LUMIX DC-GH5M2ME GH5 MARK II COMPACT SYS, EX651FEC1E, GOOGLE NEST HELLO VIDEO DOORBELL, J MARSHALL BY VISPRING NO 4 PILLOW TOP POCKET SPRI, RETAILER OTLEY LEATHER ARMCHAIR DARK LE, APPLE STUDIO DISPLAY WITH TILT-ADJUSTABLE STAND NA, TOMMEE TIPPEE TWIST CLICK NAPPY DISPOSAL SYSTEM ST, HP 305 TRI-COLOUR INK CARTRIDGE, JOSEPH JOSEPH FOOD WASTE CADDY STONE 4L, JOSEPH JOSEPH WASH DRAIN WASHING-UP BOWL WHITE GRE, ANYDAY RETAILER SPINDLE DESK MUSTARD, APPLE HOMEPOD MINI SMART SPEAKER WHITE 2 PACK 2 SP, RETAILER SWOON LATIMER MEDIUM 2 SEATER, LAURA ASHLEY CLIFTON 4 DRAWER CHEST GREY, RETAILER ST IVES BED FRAME DOUBLE GREY, ASTRO HOMEFIELD OUTDOOR LANTERN BLACK, ERGOBABY OMNI 360 MESH BABY CARRIER ONYX BLACK, LOUIS DE POORTERE JERSEY STONE RUG L330 X W230 CM, RETAILER MONTREAL STORAGE BED KING SIZE, HP X360 14C-CA0003NA CHROMEBOOK LAPTOP, APPLE IPHONE 13 MINI IOS 5 4 5G SIM FREE 128GB GRE, ANYDAY RETAILER CLAYTON DINING CHAIRS S, RETAILER PURITAN CEREAL BOWLS SET OF 4, FARMER S COTTAGE OVAL GARDEN SUMMERHOUSE POD, RETAILER THE ULTIMATE COLLECTION 1600 T, AEG QX6-1-46DB 2-IN-1 CORDLESS VACUUM CLEANER DENI, AEG CHILLFLEX PRO AXP26U338CW PORTABLE AIR CONDITI, VTECH RM7764HD 7INCH SMART WI-FI BABY MONITOR, MARGO SELBY FAVERSHAM BATH MAT, RETAILER MINI TREES CUSHION GREEN, RETAILER OSLO LEATHER MEDIUM 2 SEATER S, RETAILER ELSTRA 4 DRAWER GLASS FRONT CH, BEATS SOLO WIRELESS BLUETOOTH ON-EAR HEADPHONES WI, GOOGLE NEST HUB HANDS-FREE SMART SPEAKER WITH 7 SC, LANSINOH SMARTPUMP 2 0 DOUBLE ELECTRIC BREAST PUMP, RETAILER GRACE UPHOLSTERED BED FRAME KI, DENBY HALO DINNERWARE SET 12 PIECES, RETAILER MEDAN 6 DRAWER CHEST DARK WOOD, WEBER GENESIS II E-410 4-BURNER GAS BBQ CAST IRON, RETAILER CHESTER MEDIUM 2 SEATER LEATHE, SANDISK EXTREME PRO USB 3 1 SOLID STATE PORTABLE F, RETAILER PALAZZO GOLD BAND CUP SAUCER 2, SAMSUNG THE PREMIERE LSP7T HDR 4K ULTRA HD SMART U, SANDERSON DANDELION CLOCKS PAIR LINED EYELET CURTA, RETAILER EVERYDAY EGYPTIAN COTTON FACE, SWOON KALMAR OTTOMAN DARK LEG KINGFISHER VELVET, ANYDAY RETAILER AMELIA STRIPE RUG L240, BABYZEN YOYO CHASSIS NEWBORN KIT COLOUR PACK BUNDL, SWOON EVESHAM LARGE 3 SEATER SOFA DARK LEG KINGFIS, NEW BALANCE 200 SLIDERS NAVY 9 5, GOOCH LUXURY ILLUSION ICE RUG BLUE L230 X W160 CM, RETAILER BRIDGE ARMCHAIR BLACK FRAME ST, BAY LIGHTING NIKKI CEILING LIGHT CHROME, RETAILER EASY CARE ORGANIC COTTON KING, DIPTYQUE JASMIN SCENTED CANDLE 190G, HALO NOUGAT LARGE 3 SEATER LEATHER SOFA HAND TIPPE, PAUL SMITH PLAIN STRIPE TRUNKS PACK OF 3 MULTI L, RETAILER TIERED JERSEY DRESS BLACK 14, HUSH MURICA RIBBED CASHMERE BLEND ANKLE SOCKS LIGH, BABYZEN YOYO CHASSIS BASSINET COLOUR PACK BUNDLE B, RETAILER ESSENCE GALLERY MIRROR OAK, RETAILER OTLEY SMALL 2 SEATER LEATHER S, GOOCH LUXURY DISTRESSED WATERFALL RUG L120 X W180, LG SJ2 BLUETOOTH SOUND BAR WITH WIRELESS SUBWOOFER, SWOON MUNICH LARGE 3 SEATER SOFA DARK LEG FERN VEL, RETAILER SCANDI BED FRAME KING SIZE OAK, RETAILER SWOON CORNALL WIDE SHELVING UN, RING FLOODLIGHT CAM SMART SECURITY CAMERA WITH BUI, WEST ELM BRUTALIST GEO CUSHION SLATE, FARMER S COTTAGE ROTATING SEATED GARDEN POD, RETAILER SANTINO DINING ARMCHAIR GREY O, APPLE IPHONE 13 PRO MAX IOS 6 7 5G SIM FREE 512GB, SWEATY BETTY POWER 7 8 GYM LEGGINGS BLACK M, RETAILER ROUND BORDER JUTE PLACEMATS SE, BABYZEN YOYO 6 STROLLER WHITE GREY, G PLAN VINTAGE THE SIXTY EIGHT CORNER UNIT WITH FO, PHILIPS HUE LOW VOLTAGE 100W OUTDOOR POWER SUPPLY, LG TONE FREE UFP9 PLUG WIRELESS TRUE WIRELESS BLUE, RETAILER CAMFORD PETITE SOFA, RETAILER CLASSIC COLLECTION LUXURY SUPP, RH NEW LOGIC 220 OFFICE CHAIR GREY, MAM STORAGE SOLUTION POTS 120ML PACK OF 5, SOFI SOFA IN A BOX ARMCHAIR DARK LEG CHARCOAL GREY, RETAILER RYE 3-SEAT GARDEN SOFA NATURAL, KOTI HOME PLAIN UPHOLSTERED BED FRAME SUPER KING S, KETTLER PALMA GARDEN ARMCHAIR WHITE WASH GREY TAUP, CONCEPT III ABSTRACT FRAMED CANVAS PRINT 124 5 X 8, RETAILER 7 DENIER BARELY THERE LADDER R, STRING SHELVING UNIT WITH DOUBLE CABINETS SHELVES, PARKER KNOLL OBERON LEATHER ARMCHAIR COMO TAUPE, CHARLOTTE TILBURY EASY SMOKEY EYES TO HYPNOTISE MA, DUPE2060, ANYDAY RETAILER SWEEP SMALL 2 SEATER SO, ROLSER SAQUET TROLLEY BLACK, DESIGN PROJECT BY RETAILER NO 098 RIMMED DINNERW, LG OUTDOOR BERGEN 8-SEAT OVAL GARDEN DINING TABLE, RETAILER RATTAN SOLAR POWERED GARDEN LA, KETTLER RHS HARLOW CARR RECTANGULAR GARDEN COFFEE, DYSON SUPERSONIC HAIR DRYER IRON FUCHSIA, RETAILER ROUNDED WOOD MIRROR 140 X 40CM, CROFT COLLECTION MELROSE FIXED COVER GRAND 4 SEATE, MAXI-COSI PEBBLE PRO I-SIZE BABY CAR SEAT ESSENTIA, COMPACTOR NORVARA UNDERBED STORAGE BAG, WEST ELM VIVIEN SIDEBOARD GREY FSC-CERTIFIED POPLA, RETAILER HESSIAN BUNNY BROWN, HALO LITTLE PROFESSOR LEATHER ARMCHAIR BIKER TAN, RETAILER BABY GOTS ORGANIC COTTON SCRAT, G TERMANN CREATIV SEW-ALL THREAD 500M 696, RETAILER WOODEN DOLL HIGHCHAIR, WEST ELM MID-CENTURY BATHROOM STORAGE CABINET WHIT, ERGOBABY OMNI 360 BABY CARRIER PURE BLACK, ERCOL FOR RETAILER SHALSTONE STORAGE BENCH OAK, BARLOW TYRIE AURA GARDEN DINING ARMCHAIR WITH TEAK, RETAILER PORTSMAN TALLBOY BATHROOM STOR, RETAILER MARLOW 100CM HINGED WARDROBE G, RETAILER GRAYSON LARGE TV STAND FOR TVS, RETAILER BALDWIN FLOOR LAMP ANTIQUE BRA, RETAILER ARCHIE II MEDIUM 2 SEATER SOFA, RETAILER TORTONA GRAND 4 SEATER SOFA, LG 65NANO806PA 2021 LED HDR NANOCELL 4K ULTRA HD S, CLARINS NUTRI-LUMI RE COLLECTION SKINCARE GIFT SET, BES875, BABYZEN YOYO CAR SEAT ADAPTERS, BABY JOULE BYRON ORGANIC COTTON BYRON PETER RABBIT, PARKER KNOLL OBERON LEATHER CHAIR DALLAS LEATHER, RETAILER PLATFORM 4-SEAT WOOD-EFFECT GA, LEGO DUPLO TOWN 10929 MODULAR PLAYHOUSE, MINT VELVET PAISLEY PRINT BOHO BLOUSE GREEN MULTI, RETAILER BUNDLE 5 SEATER LEATHER CORNER, RETAILER MID-CENTURY SWEEP BEDSIDE TABL, HERSCHEL SUPPLY CO ANCHOR LAPTOP SLEEVE FOR MACBOO, ANYDAY RETAILER VENICE 6-SEATER FOLDING, LOUIS DE POORTERE STARFIELD RUG L330 X W230 CM, RANGEMASTER LEIHDC110BC CHIMNEY COOKER HOOD BLACK, KETTLER CORA GARDEN LOUNGING ARMCHAIRS SET OF 2 FS, ANYDAY RETAILER DIAMONDS CUSHION COVER, TEMPUR CLOUD LUXE MEMORY FOAM MATTRESS SOFT DOUBLE, RETAILER CHESTER FOOTSTOOL, PARKER KNOLL FITZROVIA ARMCHAIR BRACKLYN CHARCOAL, RETAILER SLIM DIVAN BASE DOUBLE FSC CER, RETAILER ILLUME PLAIN RUG OYSTER L230 X, VISPRING PREMIER DIVAN BASE SUPER KING SIZE TURTLE, CANON RF 24-70MM F 2 8L IS USM WIDE ANGLE ZOOM LEN, RETAILER BROADVIEW MEDIUM 2 SEATER SOFA, RETAILER RATTAN WRAPPED GUEST BED SINGL, RETAILER FIXED EYELET CURTAIN POLE KIT, POLO RALPH LAUREN ZIP POCKET FULL ZIP HOODIE POLO, RETAILER MEDAN DRESSING TABLE DARK WOOD, RETAILER SINGLE MIRRORED BATHROOM CABIN, TETRAD LEWIS FOOTSTOOL MAHOGANY LEG HARRIS TWEED B, LONGCHAMP LE PLIAGE ORIGINAL BACKPACK BILBERRY, RETAILER COSY LARGE 3 SEATER SOFA LIGHT, SILVER CROSS PIONEER 2020 DREAM CAR SEAT AND I-SIZ, DIOR MISS DIOR EAU DE PARFUM 50ML, HP ENVY 6430E ALL-IN-ONE WIRELESS PRINTER HP ENABL, RETAILER BABY CABLE KNIT TIGHTS PACK OF, RETAILER BURFORD GARDEN COFFEE TABLE FS, RETAILER NEWTON LARGE 3 SEATER CHAISE E, RETAILER MEDAN 7 DRAWER CHEST DARK WOOD, LSA INTERNATIONAL BOROUGH GIN BALLOON GLASSES SET, DUNE PRIME BUCKLE DETAIL LEATHER CALF BOOTS BLACK, RETAILER SEAGULLS PVC TABLECLOTH FABRIC, RETAILER REFLEX FAUX LEATHER BAR CHAIR, RETAILER WOMEN S WOOL SILK BLEND ANKLE, SMEG TSF03 4-SLICE TOASTER GREEN, PANASONIC LUMIX DC-S5 COMPACT SYSTEM CAMERA 4K ULT, SMEG TSF01 2-SLICE TOASTER BLACK, POLS POTTEN RIPPLE DIP HURRICANE CANDLE HOLDER GOL, RETAILER KIDS CAMO PRINT COTTON PYJAMAS, SNUGGLEDOWN INTELLIGENT WARMTH SUPREME COMFORT HEA, RETAILER KEEGAN FLOOR LAMP SATIN BRASS, LEVI S 511 SLIM FIT ROCK COD JEANS FLAT INDIGO 36S, 4 SEASONS OUTDOOR KINGSTON GARDEN LOUNGING CHAIR, RETAILER BERGEN LEATHER ARMCHAIR DARK L, RETAILER PADSTOW SNUGGLER, GAIA BABY SERENA CO-SLEEPER BEDSIDE CRIB COTBED AN, 4 SEASONS OUTDOOR METROPOLITAN 6-SEATER GARDEN LOU, STOKKE XPLORY X PUSHCHAIR BLACK, KETTLER CASSIS 2-SEATER GARDEN BISTRO TABLE CHAIRS, RETAILER CHILDREN S WELLINGTON BOOTS RE, APPLE LIGHTNING TO DIGITAL AV ADAPTER MD826, HUSH ELLE V-NECK ONESIE GREY MARL XL, RETAILER CALIA COFFEE TABLE WITH NEST O, RETAILER LOUNGE CHAIR LIGHT LEG WILTON, RETAILER 3 BURNER GAS BBQ SILVER BLACK, SWOON MUNICH 5 SEATER CORNER SOFA DARK LEG SILVER, RETAILER LOZE GRAND 5 SEATER RHF CHA, SONOS SUB GEN 3 WIRELESS SUBWOOFER BLACK, RETAILER ST IVES 2 DRAWER BEDSIDE TABLE, RETAILER KIDS RAINBOW SPOT STRIPE TIGHT, THE LITTLE BOTANICAL BEGINNERS PLANT GANG, SWYFT MODEL 01 LARGE 3 SEATER SOFA LIGHT GREY VELV, RETAILER HENLEY BY KETTLER FREESTANDING, KETTLER ELBA GARDEN DINING BENCH FSC-CERTIFIED TEA, RETAILER BURFORD GARDEN WOVEN DINING CH, MORRIS CO BULLERSWOOD RUG INDIGO L240 X W170 CM, BABYZEN YOYO 6 STROLLER WHITE AIR FRANCE BLUE, RETAILER FESTIVE FIR UNLIT CHRISTMAS TR, RETAILER WOOL SILK BLEND WELLINGTON BOO, HYPNOS HIDEAWAY STORAGE UPHOLSTERED DIVAN BASE SUP, VITRA GEORGE NELSON BALL ANALOGUE WALL CLOCK 33CM, RETAILER NATURAL COLLECTION HEMP 2500 S, MORRIS CO ACANTHUS RUG MOLE L280 X W200 CM, THE FINE BEDDING COMPANY BALL FIBRE 7CM DEEP MATTR, DE LONGHI DEDICA COFFEE MACHINE BUNDLE BLACK, STOVES STERLING 600E ELECTRIC COOKER BLACK, RETAILER FINDON LEATHER ARMCHAIR DARK L, OYSTER 3 PUSHCHAIR MIRROR MERCURY, RETAILER VALENCIA GARDEN 6-8 SEAT ADJUS, CRANE GARDEN BUILDINGS 1 8 X 2 5M GREENHOUSE FSC-C, APPLE CLEAR CASE WITH MAGSAFE FOR IPHONE 13, ANYDAY RETAILER CRESCENT 2 SEATER DININ, RETAILER CHARLOTTE MEDIUM 2 SEATER LEAT, RETAILER SHELL OFFICE CHAIR GREEN, SONY HT-S20R BLUETOOTH SOUND BAR WITH SUBWOOFER AN, TETRAD SKITTLE PETITE 2 SEATER SOFA HARRIS TWEED S, RETAILER PLATFORM LARGE 3 SEATER SOFA B, RETAILER OTLEY PILLOW BACK GRAND 4 SEAT, WIZ 20W LED MULTICOLOUR 2 METRE STRIP STARTER KIT, RETAILER HAEGAN SIDEBOARD BLACK, RETAILER NATURAL DUCK DOWN 3-IN-1 DUVET, KETTLER KALOS TERRACE FREESTANDING PATIO HEATER 21, CHANEL BOIS DES ILES LES EXCLUSIFS DE CHANEL EXTRA, RETAILER ARLO DOUBLE SOFA BED, SMEG TSF03 4-SLICE TOASTER CREAM, WEST ELM STREAMLINE MARBLE COFFEE TABLE LIGHT BRON, RETAILER REFINE LARGE 3 SEATER SOFA, RETAILER TOMMY LARGE TRIPOD FLOOR LAMP, ANYDAY RETAILER PLAIN SEAT PAD PAPRIKA, ORLA KIELY FLOWER TILE VELVET CUSHION CITRINE PINK, DYSON AIRWRAP COMPLETE MULTI HAIR STYLER PINK, RETAILER KIDS BRIGHT TRAINER LINERS PAC, JUMPKING 7 X 10FT OVAL TRAMPOLINE, STOKKE TRIPP TRAPP HIGHCHAIR HARNESS BEIGE, LOUIS DE POORTERE HERIZ GOLD DUST RUG L240 X W170, RETAILER DRAPER MOTION LEATHER ARMCHAIR, ANGLEPOISE PAUL SMITH DEFENDER TYPE 75 FLOOR LAMP, RETAILER SOLID ASH WOOD PLACEMATS SET O, RETAILER ELSTRA 250CM WARDROBE WITH GRE, RETAILER NON-SPRUNG 4 DRAWER STORAGE UP, MANGO PAOLA ZIP AROUND QUILTED WALLET PASTEL PINK, RETAILER ELEVATE MEDIUM 2 SEATER SOFA M, RETAILER DOUBLE MIRRORED BATHROOM CABIN, SAMSUNG HW-A550 BLUETOOTH SOUND BAR WITH VIRTUAL D, ANYDAY RETAILER KIDS JERSEY JUMPSUIT BL, LANC ME ADVANCED G NIFIQUE EYE CREAM 15ML, MAXI-COSI MICA 360 I-SIZE CAR SEAT AUTHENTIC GRAPH, RETAILER ALDA PRINT PAIR BLACKOUT COATE, RETAILER KINROSS BAR CHAIR BLACK, BRABANTIA TOUCH BIN FINGERPRINT PROOF MATT STEEL 6, RETAILER X FRAME DESK NATURAL GREEN, RETAILER WATER HYACINTH LIDDED BOX LARG, 4 SEASONS OUTDOOR VALENTINE HIGH BACK GARDEN ARMCH, MOUNTAIN BUGGY DUET DOUBLE STORM COVER, RETAILER DRAPER FOOTSTOOL METAL LEG, PORTMEIRION BOTANIC GARDEN FLOWER SIDE PLATES SET, ANYDAY RETAILER FERN SIDEBOARD OAK, THE LITTLE GREEN SHEEP NATURAL TWIST COTBED MATTRE, RETAILER OLIVER ARMLESS MODULAR CORNER, BEATS STUDIO BUDS TRUE WIRELESS BLUETOOTH IN-EAR H, RAPOO 9300M BLUETOOTH DESKTOP KEYBOARD AND MOUSE W, ANYDAY RETAILER ADDED COMFORT OPEN SPRI, RETAILER JESSICA MULTIWAY BRA NATURAL 3, BUGABOO DONKEY3 DUO EXTENSION COMPLETE BLACK, D R LAS GLASS CEILING LIGHT ANTIQUE GOLD, RETAILER ETIENNE DRESSING TABLE AND MIRROR, RETAILER KIDS COLOURED MARL TRUNKS PACK, SKANDINAVISK KOTO DIFFUSER REFILL 200ML, SWYFT MODEL 03 MEDIUM 2 SEATER SOFA PUMICE LINEN, 4MOMS MAMAROO ROCKER MULTI, RETAILER ABACUS 7 SHELF BOOKCASE FSC-CE, EXTREME LOUNGING MIGHTY PASTEL BEAN BAG BLUE, KETTLER PALMA GARDEN RECLINING SUN LOUNGER WITH FO, RETAILER DEEP PILE CURVE BATH MAT WHITE, RETAILER HENLEY BY KETTLER 6-SEATER ROU, DIOR VERNIS NAIL POLISH ROUGE 999, THULE CHARIOT CROSS DOUBLE MAJOLICA BLUE, RETAILER FLUTED MEDIUM 2 SEATER SOFA BE, ROYALCRAFT MILAN 5-SEATER GARDEN CORNER SOFA COFFE, RETAILER KIDS PLAIN SHOWER RESISTANT GI, WEST ELM ARTIFICIAL FIDDLE LEAF FIG PLANT, PHILIPS SONICARE C3 PREMIUM PLAQUE DEFENCE INTERCH, ORLA KIELY LINEAR STEM PAIR LINED EYELET CURTAINS, RETAILER BALDWIN DESK LAMP ANTIQUE BRAS, MANGO POPLIN PUFF SLEEVE DRESS KHAKI 6, RETAILER SPINDLE BED FRAME KING SIZE ST, DIOR SAUVAGE PARFUM 60ML, RETAILER LOUVRE DESK NATURAL FSC CERTIF, ANYDAY RETAILER HARRY FLOOR LAMP GREY, AB AUDIO GO AIR TRUE WIRELESS BLUETOOTH IN-EAR H, SWOON DENVER GRAND 4 SEATER LHF CORNER END SOFA FE, MORRIS CO STRAWBERRY THIEF COTTON  PILLOWCAS, MATTHEW HILTON FOR CASE PROFILE BAR CHAIR OAK, EBBE GEHL FOR RETAILER MIRA STORAGE CABINET WHIT, TETRAD SKITTLE ARMCHAIR HARRIS TWEED SUMMER CHECK, RETAILER 100 LINEN DOUBLE FITTED SHEET, RETAILER SCANDI ROUND OAK WOOD MIRROR N, RETAILER JAVA II LARGE 3 SEATER LEATHER, G PLAN VINTAGE THE SIXTY EIGHT ARMCHAIR KRACKLE SL, RETAILER NATURAL GOOSE FEATHER DOWN DUV, APPLE WATCH NIKE SE GPS 44MM SPACE GREY ALUMINIUM, ANYDAY RETAILER GROOVE 2 DRAWER BEDSIDE, ANYDAY RETAILER VELVET CUSHION NIGHT SK, STOMPA UNO S PLUS MID-SLEEPER BED FRAME WITH PULL-, DYSON SMALL BALL ALLERGY VACUUM CLEANER, RETAILER GONDOLA CLUB CHAIR DARK LEG NA, MAISON FRANCIS KURKDJIAN BACCARAT ROUGE 540 EAU DE, NUNA MIXX NEXT GENERATION BUNDLE PINE, WEST ELM WRIGHT 3 DRAWER CHEST FSC CERTIFIED EUCAL, RETAILER TOKYO MOTION RHF MEDIUM CORNER, WROUGHT IRON AND BRASS BED CO LILY IRON SPRUNG BED, RETAILER SPINDLE 1 DRAWER BEDSIDE TABLE, MORRIS CO BULLERSWOOD RUG INDIGO L280 X W200 CM, KENWOOD TTP210 4-SLICE LONG TOASTER WHITE, ICANDY PEACH 7 PUSHCHAIR ACCESSORIES BUNDLE TRUFFL, DOCKATOT DELUXE GINGER BABY POD 0-8 MONTHS, RETAILER STRIPE BATH TOWEL BRIGHT BLUE, WEST ELM STAGGERED MILK GLASS CHANDELIER CEILING L, GOOCH LUXURY HERITAGE SHAH ABBAS RUG BLUE L340 X W, DKNY SUPERIOR LACE BRALETTE BLACK M, DIOR DIORSKIN FOREVER SKIN CORRECT MOISTURISING CR, SILVER CROSS PIONEER 2020 SIMPLICITY PLUS 11 PIECE, RETAILER 400 THREAD COUNT CRISP FRESH E, APPLE SMART, SWYFT MODEL 02 LARGE 3 SEATER SOFA SEAGLASS LINEN, RETAILER HAIRPIN TALL BOOKCASE DARK OAK, SWOON MUNICH MEDIUM 2 SEATER SOFA DARK LEG BISCUIT, BABYBJ RN ONE AIR BABY CARRIER NAVY BLUE, HYPNOS DELUXE POCKET SPRING MATTRESS MEDIUM DOUBLE, OYSTER3 PUSHCHAIR GREY MERCURY, GOOCH LUXURY HISTORIA MOSAIC RUG BROWN L230 X W160, SONY HT-G700 WI-FI SOUND BAR WITH DOLBY ATMOS DTS, SWOON DENVER MEDIUM 2 SEATER SOFA BISCUIT VELVET, RETAILER BAILEY 5 SEATER CORNER SOFA, IMPEX MILLIE CRYSTAL FLUSH CEILING LIGHT SMALL CHR, RETAILER BAMBOO PVC TABLECLOTH FABRIC N, LG OLED48A26LA 2022 OLED HDR 4K ULTRA HD SMART TV, TECHLINK PANORAMA PM160 TV STAND FOR TVS UP TO 80, FARMER S COTTAGE GARDEN POD WINTER COVER, LAURA ASHLEY MULROY 5 ARM CHANDELIER CEILING LIGHT, BELKIN F3Y021BT2M 3D AND 4K COMPATIBLE HIGH SPEED, KENWOOD KMIX KMX750 STAND MIXER RED, RETAILER TALL EMILY UPHOLSTERED BED FRA, PHASE EIGHT KIRAN EYELET TUNIC DRESS KHAKI 12, CROFT COLLECTION MELROSE FIXED COVER SMALL 2 SEATE, RETAILER BAILEY ARMCHAIR, FRANKE DORIC FILTER FLOW 3 LEVER KITCHEN TAP SILK, DESSER RAFFLES RATTAN 5-SEATER MODULAR CORNER SOFA, WEST ELM AVERY WISHBONE 8 SEATER DINING TABLE BROW, MICROSOFT SURFACE PRO 8 INTEL CORE I5 PROCESSOR 16, RETAILER FRESCO RUG L240 X W170 CM, LOUIS DE POORTERE HADSCHLU RUG L280 X W200 CM, TEMPUR SENSATION SUPREME MEMORY FOAM MATTRESS FIRM, CYBEX E-PRIAM PRIAM SEAT PACK SOHO GREY, ANYDAY RETAILER BABY SHORT SLEEVE BODYS, LITTLE HOME AT RETAILER 15CM DEEP POCKET SPRING, RETAILER CLOUD WARDROBE WHITE, VITRA EAMES DSR SIDE CHAIR CHROME LEG LIGHT GREY, RETAILER VELVET BEAN BAG GRANDE MOLE, LEVI S 310 SHAPING SUPER SKINNY JEANS BLACK SQUARE, APPLE IPHONE 13 IOS 6 1 5G SIM FREE 128GB PINK, HYPNOS SUPERB PILLOW TOP POCKET SPRING MATTRESS FI, MORRIS CO STRAWBERRY THIEF ROLLER BLIND DUCK EGG W, BUGABOO DONKEY3 CARRYCOT GREY MELANGE, APPLE IPHONE 13 MINI IOS 5 4 5G SIM FREE 256GB PIN, RETAILER PLASTIC CLOTHES PEGS MULTI PAC, TEMPUR CONTINENTAL DRAWER DIVAN STORAGE BED KING S, TARGUS VERSAVU CLASSIC CASE FOR IPAD 10 2 IPAD AIR, RETAILER ELSTRA 250CM WARDROBE WITH GLA, HYPNOS HIDEAWAY STORAGE UPHOLSTERED DIVAN BASE KIN, VITRA EAMES DSW SIDE CHAIR LIGHT MAPLE LEG MUSTARD, SILVER CROSS CLIC STROLLER FOOTMUFF SET BLACK, SILENTNIGHT SLEEP SOUNDLY MIRACOIL COMFORT MATTRES, SHARK S6003 KLIK N FLIP AUTOMATIC STEAM MOP CLEA, BABYMOOV YOO MOOV BABY MONITOR, RETAILER OASIS 4 SEATER GARDEN LOUNGING, RETAILER TOKYO MEDIUM MODULAR UNIT, APPLE AIRTAG LOOP DEEP NAVY, ANYDAY RETAILER CLIP SOFA SIDE TABLE BR, KOTI HOME AVON UPHOLSTERED BED FRAME SUPER KING SI, RETAILER BABY EXTRA LARGE ANIMAL MUSLIN, D R ILARIO STAR SMALL CEILING LIGHT ANTIQUE BRASS, SAMSUNG ODYSSEY G3 LF27G35TFWUXXU FULL HD GAMING M, RETAILER TOKYO MEDIUM 5 SEATER LHF CORN, KETTLER CORA GARDEN BENCH 270CM FSC-CERTIFIED ACAC, SARA MILLER CHELSEA COLLECTION BOXED DINNERWARE SE, RETAILER BRASS AND RESIN CUPBOARD KNOB, RETAILER TORTONA LARGE 3 SEATER SOFA, JO MALONE  LIME BASIL MANDARIN SCENT SURROUN, HALO NOUGAT LARGE 3 SEATER LEATHER SOFA NATURAL WA, RETAILER JAVA II ARMCHAIR, QC35 II, FRANKE MYTHOS MYX120-34-34 2 BOWL UNDERMOUNTED KIT, RETAILER ELSTRA 3 DRAWER GLASS FRONT BE, TARGUS CLICK-IN CASE, ROBERTS STREAM 67 DAB FM INTERNET RADIO WI-FI BLUE, RETAILER SPECIALIST SYNTHETIC CLUSTER M, RETAILER MONTROSE LARGE 3 SEATER SOFA D, RETAILER GLAZED CERAMIC TABLE LAMPS SET, SWEATY BETTY FAST TRACK THERMAL PADDED RUNNING JAC, KARTELL RE-CHAIR BLACK, VELFONT VIRUSAN KNITTED COTTON MATTRESS PROTECTOR, RETAILER FISH NET LANTERN CANDLE HOLDER, RETAILER ORB SEMI FLUSH CEILING LIGHT S, RETAILER PADMA 2 DRAWER BEDSIDE TABLE F, CAROLINE GARDNER HEARTS COMPACT MIRROR, CREED LOVE IN WHITE EAU DE PARFUM 75ML, WEST ELM NEVE MARBLE SIDE TABLE WHITE BRASS, AARKE CARBONATOR III SPARKLING WATER MAKER STEEL, TOMMEE TIPPEE PERFECT PREP DAY NIGHT BLACK, ANYDAY RETAILER MIX IT PANELLED DOUBLE, RETAILER BELGRAVE GRAND 4 SEATER LEATHE, RETAILER RATTAN HEADBOARD KING SIZE, LITTLE ACORNS HARLINGTON COTBED WHITE, RETAILER BABY QUILT WADDED PRAMSUIT NAV, RETAILER CALIA BOOKSHELF DARK, TOTES SUEDETTE MOCCASIN SLIPPERS BLACK L, ANYDAY RETAILER CLASSIC BOBBIN PEDESTAL, 4 SEASONS OUTDOOR COTTAGE 6-SEATER ROUND GARDEN DI, HARRY POTTER REVERSIBLE DUVET COVER AND PILLOWCASE, BAJEN DRAKE ORGANIC COTTON JACKET FREN 12, RETAILER GROUP 0 BELTED BABY CAR SEAT C, GALLERY DIRECT SUTTON MARBLE COFFEE TABLE NATURAL, PANASONIC NN-E28JMMBPQ FREESTANDING MICROWAVE SILV, RETAILER POLY-RATTAN RECTANGULAR STORAG, RETAILER CONNOISSEUR SHERRY GLASSES SET, G PLAN VINTAGE THE SIXTY FIVE ARMCHAIR PLUSH SLATE, JBUDDIES STUDIO BLUETOOTH, SILVER CROSS COASTLINE COTBED WARDROBE DRESSER, RETAILER STEEL EXTENDABLE CURTAIN POLE, RETAILER LISBETH EASY-TO-FIT CEILING SH, RETAILER CHEVRON GARDEN DINING CHAIR SE, RETAILER CAMFORD II ARMCHAIR, ANYDAY RETAILER BASIC LIGHT COTTON FACE, APPLE WATCH 40MM SPORT BAND, STRING FLOOR SIDE PANEL EXTENSION FEET SET OF 2 WH, SAMSONITE UPSCAPE 4-WHEEL 75CM EXPANDABLE LARGE SU, SWOON MUNICH 5 SEATER CORNER SOFA DARK LEG NAVY WE, KETTLER PALMA LUXE 5-SEATER GARDEN LOUNGING TABLE, STOKKE CLIKK HIGHCHAIR CLOVER GREEN, BARBOUR HERITAGE BOATYARD LIDDESDALE QUILTED JACKE, RETAILER BABY MITTENS PACK OF 3 BLUE MU, RETAILER RYE GARDEN COFFEE TABLE NATURA, ERCOL FOR RETAILER SHALSTONE DRESSING TABLE CHAI, RETAILER LEVEL 5 DRAWER TALLBOY CHEST O, GALLERY DIRECT BOHO 6 SEATER ROUND DINING TABLE BL, WEDGWOOD FABLED FLORAL RUG BLUE L300 X W200 CM, CROFT COLLECTION FINDON MEDIUM 2 SEATER SOFA, ANYDAY RETAILER HANDHELD FOLDABLE FAN 4, SWOON DENVER GRAND 4 SEATER RHF CORNER END SOFA BI, NUNA MIXX NEXT GENERATION BUNDLE GRANITE, RETAILER 60 BATTERY OPERATED RAINBOW ST, SWOON EVESHAM LARGE 3 SEATER SOFA DARK LEG INK VEL, CROFT COLLECTION FROME ARMCHAIR, HERMAN MILLER COSM HIGH BACK OFFICE CHAIR GRAPHITE, RETAILER CAMBER ARMCHAIR, TOMMEE TIPPEE CLOSER TO NATURE BATH ROOM THERMOMET, APPLE USB-C TO LIGHTNING CABLE 1M, RETAILER CAPE UPHOLSTERED DINING CHAIRS, RETAILER BAILEY MEDIUM 2 SEATHER LEATHE, RETAILER HUSK VELVET CUSHION BRONZE, RETAILER PILLOW FOOTSTOOL, RETAILER HENDRICKS LEATHER ARMCHAIR DAR, GC362/86, WHITE STUFF ATLANTIC MIDI DRESS BLUE MULTI 12, RETAILER CASSIE LAMPSHADE ROSA CHAMPAGN, RETAILER HARROGATE HIGH BACK SMALL 2 SE, WEBER BBQ SKEWER SET 4 PIECE, RETAILER COTTON VELVET CUSHION STORM, RETAILER TORTONA RHF CHAISE END LEATHER, RETAILER EGYPTIAN COTTON BATH MAT CHERR, SAGE THE DUO TEMP PRO ESPRESSO COFFEE MACHINE BRUS, RETAILER MIAMI GARDEN DINING CHAIR SET, TEMPUR CLOUD LUXE MEMORY FOAM MATTRESS SOFT SINGLE, MAXI-COSI TITAN PRO I-SIZE CAR SEAT AUTHENTIC BLAC, KETTLER FREESTANDING PARASOL BASE WITH WIRELESS SP, BUGABOO UNIVERSAL FOOTMUFF GREY MELANGE, LOUIS DE POORTERE YUZU RUG CREAM L180 X W120 CM, RETAILER MONTREAL BED FRAME KING SIZE O, RETAILER JAVA II LARGE 3 SEATER SOFA ME, SMEG KLF03 KETTLE CHROME, WEST ELM JUNO CHAIR WHEAT TWILL, DE LONGHI MAGNIFICA S SMART COFFEE MACHINE, HALO LITTLE CAPTAIN LEATHER ARMCHAIR HAND TIPPED P, RETAILER JAVA II LEATHER ARMCHAIR DARK, ORCHARD TOYS RED DOG BLUE DOG COLOUR MATCH GAME, VISPRING PREMIER SHALLOW DIVAN BASE DOUBLE GEM PRU, RETAILER SWOON MENDEL 3 DRAWER CHEST GR, RETAILER GLIDE CORNER DESK NATURAL, CALVIN KLEIN KIDS TRUNKS PACK OF 2 GREY BLUE 8-10, HARLEQUIN MOTION SUPER KING DUVET COVER YELLOW, VANS DOHENY CANVAS TRAINERS BLACK WHITE 9, SHNUGGLE WASH CLOTH SET WHITE, RETAILER CLAVERDON ARMCHAIR, LOUIS DE POORTERE CASABLANCA RUG TERRACOTTA L180 X, RETAILER ARC CUTLERY SET 56 PIECE 8 PLA, GOOCH LUXURY OMBRE STRIPE WOOL SILK RUG MULTI L300, SWOON PORTO LARGE 3 SEATER SOFA DARK LEG KINGFISHE, RETAILER HARVARD STORAGE CABINET PEACOC, BUGABOO CHANGING BAG BLACK, ANYDAY RETAILER WHISTLER DINING CHAIRS, RETAILER ROK LAYERED ROUND WALL MIRROR, RETAILER STERLING ARMCHAIR, TOMMY HILFIGER TOMMY FLAG NECK TEE DESERT SKY XXL, TARGUS CITYGEAR 3 SLEEVE FOR LAPTOPS UP TO 14 BLAC, SWYFT MODEL 01 MEDIUM 2 SEATER SOFA SEAGLASS LINEN, POLO RALPH LAUREN CUSTOM SLIM POLO SHIRT OUTBACK G, RETAILER TORTONA RHF CHAISE END SOFA LI, TETRAD FLYNN II ARMCHAIR BRACKEN WITH BROMPTON TAN, SWOON EVESHAM LARGE 3 SEATER SOFA DARK LEG THUNDER, RETAILER FLEECE LINED LEATHER GLOVES BL, SWAROVSKI CRISTALLINE BALLPOINT PEN ROSE GOLD, KETTLER FREESTANDING 360 ROTATING ARM PARASOL BASE, RETAILER BURFORD 2-SEAT WOVEN GARDEN SO, TETRAD LEWIS FOOTSTOOL MAHOGANY LEG HARRIS TWEED S, CHILLY S EMMA BRIDGEWATER BEES INSULATED LEAK-PROO, RETAILER WIRE LAUNDRY BASKET, ANYDAY RETAILER OPEN SPRING MATTRESS ME, RETAILER EMILIA LARGE CRYSTAL DRUM FLUS, HALO LITTLE PROFESSOR LEATHER ARMCHAIR CLASSIC COG, CROFT COLLECTION FROME LEATHER ARMCHAIR OAK LEG SE, JOIE BABY FORTIFI GROUP 1 2 3 CAR SEAT COAL, RETAILER GRILLSTREAM 6 BURNER HYBRID GA, APPLE SMART FOLIO FOR IPAD MINI 2021 BLACK, RETAILER SAFARI ANIMAL MOBILE, LEVI S 312 SHAPING SLIM JEANS SOFT BLACK W28 L32, MORRIS CO STRAWBERRY THIEF RUG L170 X W240 CM SLAT, SWOON PORTO MEDIUM 2 SEATER SOFA DARK LEG INDIGO W, KOTI HOME FLUTED UPHOLSTERED BED FRAME KING SIZE H, TOM DIXON BEAT FLOOR LAMP BLACK, RETAILER CALIA 2-SEATER DINING BENCH DA, ANYDAY RETAILER BONN CHILD COMPLIANT UP, CROFT COLLECTION FINDON LARGE 3 SEATER SOFA, RETAILER BABY ORGANIC COTTON BUNNY BUND, RETAILER MARLOW 250CM MIRRORED SLIDING, RETAILER BROOKS VELVET OFFICE CHAIR GRE, RETAILER COSY GRAND 4 SEATER SOFA LIGHT, RETAILER BALDWIN LARGE PENDANT CEILING, RETAILER CAMFORD II PETITE 2 SEATER LEA, RETAILER COMPACT MEDIUM 2 SEATER SOFA, BABYBJ RN ONE AIR BABY CARRIER ANTHRACITE, RETAILER 100 LINEN KING DUVET COVER DUS, RETAILER WOODEN SNAKES LADDERS AND LUDO, METHOD GRANITE AND MARBLE CLEANING SPRAY, ANYDAY RETAILER LORRIE LED CLIP WITH SW, RETAILER CASHMERE CREW NECK JUMPER PINK, WEST ELM MID-CENTURY VELVET SWIVEL OFFICE CHAIR DO, SONOS SUB GEN 3 WIRELESS SUBWOOFER WHITE, RETAILER PETAL CHAIR, RETAILER ORGANIC COTTON BRIEFS PACK OF, RETAILER EGYPTIAN COTTON HAND TOWEL SIL, SAGE BARISTA TOUCH BARISTA QUALITY BEAN-TO-CUP COF, JO MALONE  POMEGRANATE NOIR SCENT SURROUND R, LSA INTERNATIONAL DUSK BALLOON GLASS 650ML SET OF, RETAILER VALENCIA GARDEN OTTOMAN FOOT S, WEST ELM PROFILE CONSOLE TABLE ANTIQUE BRONZE, RETAILER HEMINGWAY SIDEBOARD BROWN, RETAILER HARVARD BEDSIDE TABLE DARK GRE, DESSER CENTURION RATTAN LOUNGE CHAIR NATURAL, DELL S2721H FULL HD MONITOR 27 PLATINUM SILVER, RETAILER HARROGATE HIGH BACK ARMCHAIR, TETRAD LEWIS FOOTSTOOL HARRIS TWEED BRACKEN HERRIN, LG 50NANO866PA 2021 LED HDR NANOCELL 4K ULTRA HD S, RETAILER HARVARD STORAGE CABINET LIGHT, RETAILER CHEVRON GARDEN HANGING SEAT BL, ANYDAY RETAILER LIGHT COTTON BATH SHEET, RETAILER SPECIALIST SYNTHETIC 5-ZONE SU, BABYBJ RN MINI BABY CARRIER BLACK, APPLE SMART FOLIO FOR IPAD AIR 2020 PINK CITRUS, RETAILER 240 LED FIRECRACKER LIGHTS SIL, RETAILER INCLINE STORAGE CABINET OAK, SWOON MUNICH GRAND 4 SEATER RHF CORNER END SOFA DA, LE CREUSET TOUGHENED NON-STICK SAUCEPAN LID SET 3, RETAILER ELEPHANT CHANGING MAT, APPLE WATCH NIKE SE GPS 40MM SPACE GREY ALUMINIUM, RETAILER HARVARD BEDSIDE TABLE LIGHT GR, DEVON DUVETS NATURAL DEVON WOOL 600G DUVET 8-14 TO, GALLERY DIRECT MADRID SIDEBOARD WALNUT, RETAILER CONTEMPORARY OAK WOOD TRAY NAT, CROFT COLLECTION FINDON MEDIUM 2 SEATER SOFA OAK L, 10000R, RETAILER MID-CENTURY SWEEP 6 DRAWER CHE, ANYDAY RETAILER BRANDON FLOOR LAMP BLAC, RETAILER RAISE COFFEE TABLE WALNUT, RETAILER OLIVER MODULAR MEDIUM 2 SEATER, STOVES RICHMOND DELUXE S1000G GAS RANGE COOKER CLA, JAMIE OLIVER BY TEFAL HARD ANODISED ALUMINIUM NON-, RETAILER REVINA TEARDROP VELVET CUSHION, RETAILER FESTIVE FIELD ROBIN CLIP ON TR, MAC BLOT POWDER PRESSED MEDIUM DARK, RETAILER SWOON MENDEL SIDEBOARD BLACK, SWOON KALMAR LOVESEAT DARK LEG INK VELVET, MAXI-COSI CORAL 360 I-SIZE BABY CAR SEAT ESSENTIAL, RETAILER CERAMIC REACTIVE GLAZE SERVING, H G CAPISCO 8106 OFFICE CHAIR LIGHT GREY, DIOR ADDICT SHINE LIPSTICK REFILL 329 TIE DIOR, EVA SOLO SUNLIGHT SOLAR LED OUTDOOR STAKE LAMP, LG OLED55B26LA 2022 OLED HDR 4K ULTRA HD SMART TV, WEST ELM FINLEY VELVET DINING CHAIR PINK GRAPEFRUI, RETAILER SPOT CHANGING MAT PINK WHITE, NATALIE TRADITIONAL CHOCOLATE COATED NUTS 400G, RETAILER CURTAIN TRACK EXTENSION BRACKE, RETAILER MONTSERRAT LEAF WALL LIGHT GOL, EVERDURE BY HESTON BLUMENTHAL FURNACE 3 BURNER GAS, ANYDAY RETAILER WILTON NARROW DRESSING, SAMSUNG GALAXY S20 FE CLEAR VIEW CASE NAVY, SWOON DENVER MEDIUM 2 SEATER SOFA INK VELVET, TALKING TABLES LUXE SILVER GLITTER BIRTHDAY CANDLE, RETAILER CLASSICO LEATHER OFFICE DINING, SWOON EVESHAM LARGE 3 SEATER SOFA DARK LEG NAVY WE, KHC29, STOKKE TRIPP TRAPP HIGHCHAIR MOSS GREEN, RETAILER MARLOW 150CM HINGED WARDROBE G, RETAILER SWOON SCHOTT BAR CART BROWN, THEIR NIBS SEASHORSES SHORTS SATIN PYJAMA SET BLUE, RETAILER METAL FRAME OCTAGONAL MIRROR 7, RETAILER JAVA II MOTION LARGE 3 SEATER, WEST ELM SPHERE STEM CEILING LIGHT BRASS, ANYDAY RETAILER WILTON 2 DOOR WARDROBE, RETAILER SAWN BEDSIDE TABLE NATURAL, SILVER CROSS DREAM I-SIZE NEWBORN BABY CAR SEAT DO, HUSH WOODSTOCK DOUBLE STRAP SLIDER SANDALS GOLD 5, ANYDAY RETAILER EXTENDABLE CURTAIN POLE, DREAMING BIG HAND-FINISHED ABSTRACT STRETCHED CANV, CANON PIXMA G4511 ALL-IN-ONE WIRELESS WI-FI PRINTE, SOPHIE CONRAN FOR PORTMEIRION ARBOR DINNERWARE SET, TETRAD LEWIS PETITE 2 SEATER SOFA HARRIS TWEED DOG, 30239, CALVIN KLEIN SEDUCTIVE COMFORT SMOOTH LIFT T-SHIRT, RETAILER RATTAN 5 DRAWER TALLBOY CHEST, CALVIN KLEIN POPLIN SLIM FIT SHIRT BLACK 14 5, LEIFHEIT PEGASUS 200 DELUXE MOBILE INDOOR CLOTHES, ICANDY ORANGE PUSHCHAIR MIST, TED BAKER PETERR SUEDE MULE SLIPPERS NAVY 8, RETAILER SNUGGLE ACCENT SWIVEL CHAIR GO, RETAILER SAVOY GUEST BED WITH TWO OPEN, WEAVER GREEN PROVENCE RECYCLED PLASTIC INDOOR OUTD, STOKKE TRIPP TRAPP HIGHCHAIR BABY SET NATURAL, OVERMANTLE BOW MIRROR GOLD 95 X 106CM, CLINIQUE MOISTURE SURGE HYDRATING SUPERCHARGE CONC, LG OUTDOOR BERGEN 10-SEAT ROUND MODULAR GARDEN LOU, RETAILER TEA STRAINER WITH STAND, CIRCULON STYLE HARD-ANODISED ALUMINIUM NON-STICK S, CHICCO NEXT 2 ME MAGIC 2 BEDSIDE CRIB COOL GREY, RETAILER DANTE DELUXE GARDEN DINING ARM, DIOR ADDICT LIP GLOW 001 PINK, LEVI S 511 SLIM JEANS NIGHTSHINE W32 L30, SILVER CROSS MOTION ALL SIZE 360 I-SIZE CAR SEAT B, GINGER FOX AMAZING FACTS TRUE OR FALSE GAME, SHNUGGLE MOSES BASKET SLATE GREY, WATERFORD CRYSTAL GIN JOURNEYS LISMORE CUT GLASS B, RETAILER BOLD ABSTRACT RUG NAVY L180 X, RETAILER POCKET SPRUNG 2500 2 DRAWER ST, RETAILER FINDON MEDIUM 2 SEATER SOFA, PANASONIC DP-UB820EBK SMART 3D 4K UHD HDR UPSCALIN, TAPER 1250, RETAILER BUNDLE FOOTSTOOL, GX, RETAILER SANTINO DINING CHAIR TAN OAK, ROMO POMAC WALLPAPER EAU DE NIL W420 02, RETAILER LOOP GLASS SIDE TABLE CLEAR SI, LSA INTERNATIONAL BAR COLLECTION CHAMPAGNE BUCKET, ANYDAY RETAILER BABY ANIMALS PRINT SLEE, VISPRING PREMIER DIVAN BASE SUPER KING SIZE GEM CR, LG OUTDOOR RODIN 3 5M SAIL AWNING GREY, SWOON KALMAR LOVESEAT DARK LEG BISCUIT VELVET, NAIM MU-SO 2ND GENERATION SPEAKER GRILLE PEACOCK, HERMAN MILLER SETU MULTI PURPOSE CHAIR BLUE, CREED MILL SIME IMPERIAL EAU DE PARFUM 100ML, RETAILER KIDS TOWELLING DRESSING GOWN N, RETAILER GOOSE FEATHER CUSHION PAD 40 X, WEST ELM FOUNDATIONS SMALL GLASS BUD VASE H11CM SM, CYBEX MELIO CARBON STROLLER DEEP BLACK, ANYDAY RETAILER GEO CUT VELVET CUSHION, VITRA EAMES DSW SIDE CHAIR LIGHT MAPLE LEG WHITE, JOIE BABY SNACKER 2-IN-1 HIGHCHAIR LOGAN, SEALY 4 DRAWER STORAGE DIVAN BASE KING SIZE GREY, DESSER RATTAN 3-SEATER DAYBED SOFA NATURAL, SARAH CHAPMAN FACIALIFT, CREATIVE TOPS MARBLE PLACEMATS SET OF 2 WHITE GREY, 72923, TWK86101GB, RETAILER TOKYO GRAND 5 SEATER RHF CORNE, RETAILER SHELVING UNIT BOOKCASE OAK GRE, LAVA LAMP 25W R39 REFLECTOR NON DIMMABLE REPLACEME, ANYDAY RETAILER PLASTIC COLANDER 20CM W, KETTLER CORA GARDEN BENCH 230CM FSC-CERTIFIED ACAC, RADLEY SAFFRON HILL MEDIUM LEATHER MULTIWAY BAG IN, LE CREUSET STONEWARE SQUARE OVEN DISH SET OF 2 BLA, ANDEA STERLING SILVER THREE TEARS DROP EARRINGS, ANYDAY RETAILER DINE WHITE WINE GLASS S, ANYDAY RETAILER CHARLOTTE THROW PLASTER, RETAILER CUBOID SEMI FLUSH CEILING LIGH, GAIA BABY ECO STRETCHY WRAP BABY CARRIER EBONY, RETAILER CAMBER GRAND 4 SEATER LEATHER, THE LITTLE BOTANICAL XL ARECA PALM CERAMIC POT PLA, ANGELCARE SOFT TOUCH BATH SUPPORT WHITE GREY, RETAILER CORAL LAPTOP CASE, RETAILER HARVARD LOW WARDROBE DARK GREY, RETAILER STAINLESS STEEL APPLE CORER SL, RETAILER ASPECT DOUBLE MIRRORED AND ILL, CRANE GARDEN BUILDINGS 1 8 X 2 4M BALMORAL GARDEN, DYSON AIRWRAP COMPLETE HAIR STYLER, RETAILER COTTON VELVET CUSHION CLARET, ANYDAY RETAILER FERN DINING CHAIRS SET, POTTERY BARN KIDS BLYTHE CONVERTIBLE COTBED FRENCH, BOSE SOUNDSPORT SWEAT WEATHER-RESISTANT WIRELESS I, RETAILER BELGRAVE MOTION MEDIUM 2 SEATE, LITTLE ACORNS TRADITIONAL SLEIGH COTBED WHITE, RETAILER TUCK ACCENT ARMCHAIR LIGHT LEG, LACIE STGH1000400 EXTERNAL HARD DISK DRIVE 1TB USB, ANYDAY RETAILER EASY CARE 200 THREAD CO, SONY HT-X8500 BLUETOOTH ALL-IN-ONE SOUND BAR WITH, RETAILER ARLO LEATHER LARGE 3 SEATER SO, RETAILER ETIENNE 5 DRAWER TALL MIRROR C, HUSH WIDE V-NECK JERSEY TOP KHAKI S, RETAILER ABACUS SMALL DESK FSC-CERTIFIE, DYSON V11 ABSOLUTE CORDLESS VACUUM CLEANER, OSCO FAUX LEATHER MOUSE MAT, RETAILER SYNTHETIC MEMORY MICROFIBRE ST, RETAILER PADMA 5 DRAWER TALLBOY CHEST B, RETAILER CAMFORD PETITE LEATHER SOFA GA, RETAILER VALENCIA GARDEN DINING BENCH D, MINT VELVET CAMILLE LEATHER LOAFERS BLACK 7, KING COLE EXPLORER CHUNKY YARN 100G SCOTT, SWEATY BETTY GO ANKLE SOCKS PACK OF 2 ASTER PURPLE, BABYZEN YOYO CUP HOLDER, RETAILER BOOTH SMALL 2 SEATER SOFA, SWYFT MODEL 03 GRAND 4 SEATER SOFA WITH OTTOMAN LI, SAMSUNG GALAXY WATCH 3 BLUETOOTH 41MM STAINLESS ST, MAGFORMERS STANDARD 14 PIECE CONSTRUCTION SET, RETAILER SWOON GILBERT TV STAND FOR TVS, LG OUTDOOR SARASOTA 4-SEAT GARDEN LOUNGING TABLE A, ANYDAY RETAILER WILTON 3 DOOR WARDROBE, RETAILER CHENILLE PAIR BLACKOUT LINED E, SWYFT MODEL 01 LARGE 3 SEATER SOFA BRICK VELVET, STOMPA S FLEX AIRFLOW 1000 POCKET SPRING MATTRESS, BARBOUR TARTAN PIQUE POLO SHIRT NAVY XL, RETAILER OLIVER STORAGE FOOTSTOOL, ROBERT WELCH IONA CUTLERY SET 42 PIECE 6 PLACE SET, JAY-BE PRESTIGE FOLDING BED WITH 3D AIRFLOW POCKET, RETAILER DUAL TONE COTBED GREY, RETAILER MARLOW 100CM HINGED WARDROBE P, APPLE THUNDERBOLT 3 USB-C TO THUNDERBOLT 2 ADAPTER, CRANE GARDEN BUILDINGS 3 X 5 4M THE HUB PLUS RIGHT, KETTLER CORA ROUND GARDEN COFFEE TABLE FSC-CERTIFI, RETAILER GRACE FULL DEPTH UPHOLSTERED H, COLEMAN EXTRA DURABLE RAISED AIR BED DOUBLE, RETAILER SYMMETRY SIDEBOARD DARK BROWN, IMPEX LOLA CRYSTAL PENDANT CEILING LIGHT GOLD, ANYDAY RETAILER OTTOMAN STORAGE BOX LAR, RETAILER ORB MULTI ARMED CEILING LIGHT, RETAILER BELGRAVE LARGE 3 SEATER SOFA M, LSA INTERNATIONAL GLASS BEER TANKARD CLEAR 750ML, WEST ELM TRIPOD SIDE TABLE CHARCOAL, RETAILER SWEPT ARMCHAIR, RETAILER DEEP PILE BATH MAT MEDIUM PALE, RETAILER OTLEY PILLOW BACK SMALL 2 SEAT, GOOCH ORIENTAL KAZAK SUPREME RUG BLUE MULTI L234 X, OONI COOKING WITH FIRE PIZZA OVEN COOK BOOK, RETAILER SHEER ROLLER BLIND PUTTY W61CM, RETAILER ST IVES DRESSING TABLE MIRROR, RETAILER MORITZ VELVET DINING CHAIR LAT, BOSE SOUNDLINK REVOLVE II WATER-RESISTANT PORTABLE, RETAILER ARCH ARMCHAIR GOLD METAL LEG T, SAMSUNG GALAXY BUDS+, PUREBABY MUSLIN WRAP PACK OF 2 PALE GREY, STOMPA UNO S PLUS MULTI CUBE UNIT WHITE, DESIGN PROJECT BY RETAILER NO 160 POT LARGE, ANYDAY RETAILER WILTON UPHOLSTERED STOO, RETAILER CLOUD VELVET DINING CHAIRS SET, RETAILER WOVEN DINING CHAIRS BROKEN WHI, RETAILER SWOON LYON LOVESEAT BALLET PIN, RETAILER GRILLSTREAM DUAL HOOD 5 BURNER, RETAILER POISE 6 SEATER ROUND GLASS DIN, TRAEGER IRONWOOD D2 650 BBQ PROTECTIVE COVER, RETAILER BOYD LED SEMI FLUSH 3 ARM CEIL, RETAILER MIAMI CERAMIC-EFFECT GLASS TOP, ANYDAY RETAILER TUFTED WAVES CUSHION EC, LG OUTDOOR STOCKHOLM 6-SEATER GARDEN DINING TABLE, MORRIS CO PIMPERNEL RUG L170 X W240 CM BULLRUSH, BANG OLUFSEN BEOSOUND STAGE ALL-IN-ONE SOUND BAR W, GOOCH LUXURY HAND KNOTTED PAKISTAN BOKHARA HANDMAD, DUALIT DOUBLE BOTTLE WARMER, KETTLER PALMA GARDEN TABLE AND STOOLS FURNITURE CO, CRANE GARDEN BUILDINGS 1 8 X 2 4M WINDSOR GARDEN S, APPLE IPHONE 13 IOS 6 1 5G SIM FREE 128GB MIDNIGHT, LENOVO Q27Q-1L QUAD HD MONITOR 27 IRON GREY, RETAILER SOFT SILKY EGYPTIAN COTTON 800, D R ESAROSA SMOKED GLASS PENDANT CEILING LIGHT BLA, ANYDAY RETAILER MIX IT T-BAR HANDLE DOU, SWOON MUNICH MEDIUM 2 SEATER SOFA DARK LEG INDIGO, ANYDAY RETAILER DOUBLE DUVET COVER WHIT, TETRAD SKITTLE ARMCHAIR HARRIS TWEED PEAT HERRINGB, RETAILER CHARLOTTE SMALL 2 SEATER LEATH, SNUGGLEDOWN NATURAL DUCK FEATHER AND DOWN DUVET 13, ALPHASON SALCOMBE DESK BLACK NATURAL, BRABANTIA PROTECTIVE ROTARY COVER, RETAILER NON-SPRUNG 2 DRAWER STORAGE UP, RETAILER MONTREAL TALL 5 DRAWER CHEST O, SILVER CROSS REEF ULTIMATE PACK FIT BED FOLDING CA, ARTHUR PRICE GRECIAN CUTLERY SET 24 PIECE 6 PLACE, EMU ARC EN CIEL STEEL GARDEN BISTRO TABLE AND CHAI, RETAILER CURVED MEDIUM 2 SEATER SOFA LI, ANYDAY RETAILER BOTANICA CUSHION DUCK E, DYSON FLOOR DOK VACUUM CLEANER DOCK, RETAILER ORATORIO SILK TAPERED LAMPSHAD, POWERBEATS PRO, RETAILER DUHRER NEST OF 3 TABLES, RETAILER SALSA 4-SEATER ROUND GARDEN DI, REST EASY SLEEP BETTER WEIGHTED EYE MASK GREY, RETAILER NATURAL COTTON SQUARE PILLOW L, CALVIN KLEIN RECONSIDERED UNLINED BRALETTE PUNCH P, KOTI HOME ASTLEY UPHOLSTERED BED FRAME SUPER KING, RETAILER PARASOL TEALIGHT CANDLE HOLDER, WEST ELM MITZIE BEDSIDE TABLE GREY, STOMPA UNO S PLUS HIGH-SLEEPER WITH WHITE HEADBOAR, BOSE BASS MODULE 700 WIRELESS SUBWOOFER BLACK, WER CITYFRIEND 15 6 LAPTOP BACKPACK BLACK, RETAILER BOUTIQUE UPHOLSTERED BED FRAME, BLUEAIR CLASSIC 605 AIR PURIFIER, WHITE STUFF COTTON HOODED SWEATSHIRT MID PINK 16, RETAILER GEORGEY LEATHER CHUNKY FLATFOR, RETAILER BEDFORD UPHOLSTERED HEADBOARD, RETAILER RYE GARDEN BISTRO TABLE NATURA, RETAILER RYE GARDEN LOUNGING ARMCHAIRS, SPECK GEMSHELL CLEAR CASE AND SCREEN PROTECTOR BUN, RITUALS PRIVATE COLLECTION SWEET JASMINE HAND WASH, BOORI ALICE COTBED BARLEY, LAY-Z-SPA BARBADOS AIRJET ROUND INFLATABLE HOT TUB, RETAILER TROPEZ CONSOLE TABLE CLEAR STE, PETER REED EGYPTIAN COTTON 2 ROW CORD KINGSIZE FLA, LEGO STAR WARS 75304 DARTH VADER HELMET, BESAFE IZI GO MODULAR X1 I-SIZE GROUP 0 BABY CAR S, WEST ELM HAVEN LARGE 3 SEATER RHF CHAISE END SOFA, NAIM MU-SO QB 2ND GENERATION WIRELESS BLUETOOTH MU, RETAILER LEVITY LED UPLIGHTER FLOOR LAM, RETAILER MEDAN BED FRAME SUPER KING SIZ, JULIETTE HAS A GUN DISCOVERY FRAGRANCE GIFT SET, RETAILER BOYD LED 6 ARM SEMI FLUSH CEIL, TRAEGER WOOD FIRED BBQ GRILL PREMIUM CHERRY HARDWO, TOMMY HILFIGER ETON LEATHER FLAP COIN WALLET BLACK, NEOM SCENT TO SLEEP ESSENTIAL OIL BLEND 10ML, STOKKE SLEEPI MINI OVAL CRIB WHITE, RETAILER HARP HIGH BACK MEDIUM 2 SEATER, AVF AFFINITY PREMIUM BURGHLEY 1250 TV STAND FOR TV, MORRIS CO STRAWBERRY THIEF VELVET CUSHION TEAL, SENNHEISER CX PLUS TRUE WIRELESS NOISE CANCELLING, LENOVO YOGA SLIM 7I LAPTOP INTEL CORE I7 PROCESSOR, SLEEPGREEN NATURAL LATEX POCKET SPRING MATTRESS ME, LG 65QNED816QA 2022 QNED HDR 4K ULTRA HD SMART TV, SILVER CROSS SPECIAL EDITION WAYFARER PUSHCHAIR AN, RETAILER DICE SHELVING UNIT BOOKCASE WA, LITTLE HOME AT RETAILER VICTORIA BED FRAME SINGL, LE CREUSET CLASSIC SALT MILL MERINGUE, VITRA EAMES CLASSIC LEATHER LOUNGE CHAIR AND OTTOM, ANYDAY RETAILER EASY WASH TODDLER DUVET, NORDLUX KETTLE 22 TAKE ME ANYWHERE LED SMALL INDOO, ANYDAY RETAILER STRIPE CHECK TEA TOWELS, SPODE BLUE ITALIAN TEA PLATES SET OF 4 15CM BLUE W, SWYFT MODEL 02 MEDIUM 2 SEATER SOFA LIGHT GREY VEL, MICROSOFT ERGONOMIC KEYBOARD BLACK, ROSIE MADE A THING BAGGING AREA BLANK GREETING CAR, LOUIS DE POORTERE USHAK TURKISH DELIGHT RUG L240 X, RETAILER WOODEN RAMPS RACER, RETAILER SIMPLICITY 2-SLICE TOASTER STA, RETAILER BELGRAVE MEDIUM 2 SEATER LEATH, POTTERY BARN KIDS MID CENTURY DRESSER ACORN, SONY WF-1000XM4 NOISE CANCELLING TRUE WIRELESS BLU, RETAILER CALIA SHOE STORAGE UNIT LARGE, RETAILER REED SIDEBOARD NATURAL BLACK, THOMAS KENT ROMAN NUMERALS LARGE SKELETON WALL CLO, MARGO SELBY SOAP DISH, LOLA ROSE FORMENTERA BEADED BRACELET MULTI, RETAILER CAMDEN LEATHER SNUGGLER DARK L, RETAILER ABACUS LARGE FILING CABINET FS, HP DESKJET 2720E ALL-IN-ONE WIRELESS PRINTER HP EN, KETTLER LAMODE 7 SEAT GARDEN LOUNGING CORNER TABLE, XN110840, MAM 2-IN-1 SINGLE BREAST PUMP, LOUIS DE POORTERE MEDALLION RUG BLUE NIGHT L330 X, DARTINGTON CRYSTAL SIMPLICITY BEER GLASSES 380ML S, SWYFT MODEL 02 CHAISE PIECE FOOTSTOOL TEAL VELVET, RETAILER COTTON BATH SHEETS PACK OF 2 S, KOTI HOME BUTTON UPHOLSTERED BED FRAME KING SIZE V, RETAILER TOKYO RHF MEDIUM MODULAR ARM U, RETAILER TEXTURED WEAVE RECYCLED POLYES, IVYLINE ARTISAN FIREPIT BOWL RUST, JOSEPH JOSEPH DRAWERSTORE CUTLERY UTENSIL TRAY DAR, IMPEX DIORE CRYSTAL BAR CEILING LIGHT CLEAR CHROME, PANASONIC TX-65JX800B 2021 LED HDR 4K ULTRA HD SMA, KNOMO CROMWELL ROLL TOP BACKPACK FOR 14 LAPTOPS BL, MINT VELVET TIE DYE HALF ZIP TUNIC TOP ORANGE MULT, RETAILER WELLINGTON RUG L300 X W200CM T, RETAILER CASSIE LAMPSHADE BERRY RED CHA, TEMPUR CLOUD LUXE MEMORY FOAM MATTRESS SOFT EXTRA, ANYDAY RETAILER AUDREY ACCENT CHAIR LIG, LG 86QNED996PB 2021 QNED MINILED HDR 8K ULTRA HD S, SWEATY BETTY TECHNICAL RUN SOCKS ICE BLUE S-M, SWYFT MODEL 03 5 SEATER CORNER SOFA WITH OTTOMAN T, STRING WALL PANEL SIDE RACK H75CM WHITE, WEST ELM FINLEY VELVET DINING CHAIR INK BLUE, RETAILER VIENNA NEST OF 2 TABLES, CONTENT BY TERENCE CONRAN FUSION CONSOLE TABLE, RETAILER BUNDLE LEATHER CHAISE END SOFA, MAXI-COSI KORI ROCKER ESSENTIAL BLUE, BRABANTIA LIFT-O-MATIC ROTARY CLOTHES OUTDOOR AIRE, ANYDAY RETAILER DARLINGTON UPLIGHTER FL, RETAILER BELGRAVE MOTION LARGE 3 SEATER, LSA INTERNATIONAL BOROUGH EXTRA LARGE GRAND CRU RE, ANYDAY RETAILER MIX IT T-BAR HANDLE WID, TOMMEE TIPPEE CLOSE TO NATURE TRAVEL BOTTLE WARMER, AND OR COSMO BUTTERFLY SATIN CAMISOLE AND SHORTS P, SAMUEL GROVES TRI-PLY STAINLESS STEEL CASSEROLE LI, OONI FYRA 12 PORTABLE OUTDOOR PIZZA OVEN WITH 30CM, RETAILER GRADIENT UPHOLSTERED BED FRAME, BRABANTIA PERFECT FLOW BUBBLE IRONING BOARD COVER, GARMIN VENU 2S GPS SMARTWATCH 40MM LIGHT GOLD SAND, WEBER SPIRIT CLASSIC E-210 2-BURNER GAS BBQ, RETAILER SNOW MOUNTAIN PHOTOGRAPHIC WIN, RETAILER SWOON LATIMER LARGE 3 SEATER L, NATIONAL TRUST BY CRANE GARDEN BUILDINGS LAVENHAM, RETAILER OLIVER MODULAR LEATHER STORAGE, ANYDAY RETAILER ARLO PAIR LINED EYELET, RETAILER DUAL TONE COTBED WHITE NATURAL, RETAILER MITCH TOUCH LAMPS SILVER SET O, KOTI HOME BUTTON UPHOLSTERED BED FRAME SUPER KING, SWOON MUNICH MEDIUM 2 SEATER SOFA DARK LEG KINGFIS, RETAILER OLIVER MEDIUM 2 SEATER SOFA LI, WEST ELM TERRACE BAR CART ANTIQUE BRASS, BRABANTIA BO TOUCH BIN 11L 23L CHAMPAGNE"
make7,186,"RETAILER, ANYDAY RETAILER, TEFAL, DESIGNERS GUILD, MAM, DYSON, SWOON, KALLY SLEEP, JOSEPH JOSEPH, BABY EINSTEIN, KNITTY CRITTERS, ELVIE, LE CREUSET, KETTLER, D R, UMBRA, JIGSAW, MICRO SCOOTERS, BINIBAMBA, STOMPA, TOO FACED, PACAPOD, BUGABOO, WENKO, THE JUST SLATE COMPANY, SARA MILLER, APPLE, MIELE, DUALIT, DENBY, TED BAKER, UNDER ARMOUR, TOMMEE TIPPEE, STOKKE, ANYSHARP, SILVER CROSS, JOULES, BABYBJ RN, GHD, SANDERSON, SIMPLEHUMAN, CHICCO, JANOME, BESAFE, MARGO SELBY, CROFT COLLECTION, CRICUT, ERGOBABY, OLIVER HRUBIAK, EMMA, DARTINGTON CRYSTAL, ESPA, MAXI-COSI, THE LITTLE BOTANICAL, AND OR, BEABA, JO MALONE , UNBRANDED, MOUNTAIN BUGGY, EAZIGLIDE, TOM DIXON, BRABANTIA, TEMPUR, SEALY, EST E LAUDER, CLARINS, SCION, CONTENT BY TERENCE CONRAN, SOPHIE CONRAN FOR PORTMEIRION, INNOVATION LIVING, MEDELA, WEBER, SN Z, TIFFANY CO, SAXBY, NEOM ORGANICS , KARTELL, KITCHENAID, LITTLE HOME AT RETAILER, DESIGN PROJECT BY RETAILER, POTTERY BARN KIDS, 4MOMS, BIALETTI, OONI, ORTHEX, PHILIPS, BROTHER, JOIE BABY, GALLERY DIRECT, ORLA KIELY, LOUIS DE POORTERE, ACQUA DI PARMA, BOORI, RUCOMFY, BAKER TAYLOR, HUSH, NUNA, GOOGLE, SMEG, MINI CUDDLES, SILENTNIGHT, EEBOO, WROUGHT IRON AND BRASS BED CO, HP, BABYZEN, MOTOROLA, JANOD, BT, MERRELL, EASIGRASS, MUGLER, DONE BY DEER, SKINNYDIP, PRESTIGE, WEST ELM, INGENUITY, SAGE, SAMSUNG, EARTHKIND, DUNE, VTECH, BABABING, NANOB B, HARLEQUIN, MORRIS CO, OXO, VANS, ROBERT WELCH, HP2, LANSINOH, GALLERY PERFECT, DREAMLAND, DURALEX, KENWOOD, MOTHER OF PEARL, SPEAR JACKSON, OYSTER, WABOBA, ADIDAS, BELKIN, TOTTER TUMBLE, GOLA, SWYFT, ELIZABETH ARDEN, THE HOME EDIT, PANASONIC, NEWGATE CLOCKS, CYBEX, ANGELCARE, STAUB, MILLER, DREAMFARM, GALERIE, FENELLA SMITH, HATLEY, LAURA ASHLEY, BABYMOOV, NESPRESSO, PANACHE, SKIP HOP, SHNUGGLE, G PLAN VINTAGE, POOLE POTTERY, MY EXPERT MIDWIFE, MANGO, BRAUN, NATURALLY MED, PARKER, DREAMGENII, STACKERS, VARILIGHT, GINGER RAY, LEGO, LEVI S, COLE SON, REISS, TRAEGER, GUCCI, PEHR, COLE MASON, BABYDAN, ARTHUR PRICE, EMMA J SHIPLEY, SAMUEL GROVES, UPPABABY, NANIT"
make11,107,"RETAILER, ANGELCARE, ANYDAY RETAILER, VIKTOR ROLF, ELVIE, BABYMOOV, BRABANTIA, LE CREUSET, MM LINEN, WHISTLES, TOMMEE TIPPEE, DYSON, TOO FACED, BODEN, JOSEPH JOSEPH, UNBRANDED, ORLA KIELY, SN Z, STOKKE, BIALETTI, JANOME, ALESSI, CROFT COLLECTION, DECENT, BUGABOO, HARLEQUIN, SWOON, DUALIT, WEST ELM, MORRIS CO, BOSE, LANSINOH, SHNUGGLE, CHICCO, POLAR GEAR, BABYDAN, MAM, TALA, WINNIE THE POOH, BRAUN, DISNEY, BT, DARTINGTON CRYSTAL, THE HOME EDIT, PANASONIC, TEMPUR, YVES SAINT LAURENT, OXO, PHILIPS, LEGO, CLARINS, NORDLUX, DENBY, LA HACIENDA, LIZ EARLE, MIU MIU, BABYBJ RN, PEHR, ROBERT WELCH, DOCKATOT, LILY-FLAME, WHITE STUFF, STRING, BOORI, WEBER, EAZIGLIDE, DR BROWN S, LSA INTERNATIONAL, MAC, GOOCH ORIENTAL, SILENTNIGHT, TOM DIXON, BABYLISS, MOTHER OF PEARL, TEFAL, DESIGN PROJECT BY RETAILER, CALEX, CUISINART, SISTEMA, LITTLE HOME AT RETAILER, ELIZABETH ARDEN, SPIEGELAU, SKIP HOP, CYBEX, FRENCH CONNECTION, MAXI-COSI, CLINIQUE, NANOB B, CONTENT BY TERENCE CONRAN, BBHUGME, LAURA ASHLEY, SUNDAY RILEY, TEMPLE ISLAND, BABABING, SIMPLEHUMAN, BABABING!, CARDS AGAINST HUMANITY, ALLSAINTS, SIEMENS, JELLYCAT, MORRIS & CO., GREAT LITTLE TRADING CO, BONDS, SMEG, SOPHIE CONRAN FOR PORTMEIRION, LUIGI BORMIOLI, CULINARY CONCEPTS"
goods_code21,72,"nan, 238251468, FULFILMENT, 240237083, 238980950, 238709874, 237406864, 239737456, 234388092, 238711442, 238960440, 238290504, 239331052, 236400089, 237847702, 239232738, 238463762, 238200219, 239896096, 237808655, 234269405, 234400391, 239368748, 238580882, 237335661, 238056469, 239759404, 238484327, 237002692, 238398475, 234434111, 234197152, 234319669, 231413138, 238427060, 236938780, 237405667, 234584069, 238061220, 236546765, 239797616, 238086373, 238286394, 236890912, 237170011, 231958722, 237966822, 236043874, 238298456, 240221626, 237641868, 237808659, 232832390, 239805347, 238088274, 240393619, 238091639, 238052092, 238287801, 238292726, 237428569, 238032351, 232687031, 238718108, 236822449, 239904628, 239805372, 239093675, 239797100, 238355146, 237464207, 238494742"
make6,205,"RETAILER, LITTLE HOME AT RETAILER, SWOON, TEFAL, DESIGNERS GUILD, ANYDAY RETAILER, TARGUS, OSCO, GALLERY DIRECT, JOSEPH JOSEPH, 4MOMS, CHICCO, VELFONT, APPLE, EAST END PRINTS, KARTELL, VITAL BABY, LE CREUSET, THE HOME EDIT, ROYAL SELANGOR, CROFT COLLECTION, DUALIT, DELL, ELVIE, LEVI S, DOCKATOT, MICRO SCOOTERS, TOMMEE TIPPEE, STOMPA, NANIT, BRAUN, TOO FACED, BABYBJÖRN, VTECH, WEST ELM, ERGOBABY, ELEMIS, RORY DOBNER, DE LONGHI, ASTRO, DENBY, HUGO BOSS, BUGABOO, CALEX, POLS POTTEN, MAXI-COSI, SARA MILLER, UNDER ARMOUR, CYBEX, POTTERY BARN KIDS, ROCKIT, OXO, DYSON, SILVER CROSS, DEVON DUVETS, RAPOO, JOULES, PHILIPS, INSTANT POT, STOKKE, INGENUITY, THE NORTH FACE, LG, TALKING TABLES, UNBRANDED, JANOME, SHARK, ROBERTS, TEMPUR, BABYBJ RN, TOM FORD, CRICUT, EMMA, TALA, SEALY, THE LITTLE BOTANICAL, AND OR, SWEATY BETTY, JO MALONE , MORRIS & CO., SOSANDAR, MOUNTAIN BUGGY, SANDERSON, EAZIGLIDE, SILENTNIGHT, BT, BRONTE BY MOON, TED BAKER, SIMPLEHUMAN, UMBRA, SOPHIE CONRAN FOR PORTMEIRION, NEOM ORGANICS , BRIGHT STARTS, EARTHKIND, MONTBLANC, REISS, CUDDLEDRY, MULBERRY, BABYMEL, TOM RAFFIELD, NUNA, MEDELA, SOPHIE ALLPORT, LAURA ASHLEY, SAMUEL GROVES, SAGE, PANASONIC, OONI, FELLOWES, BROTHER, BRITA, MORPHY RICHARDS, MARVEL, MARTIN GULLIVER, DUNE, SKANDINAVISK, RUCOMFY, HOBBS, SKATEHUT, EXTREME LOUNGING, NARCISO RODRIGUEZ, RITUALS, TOTTER TUMBLE, SAMSUNG, BABABING!, MAM, SAXBY, BRABANTIA, BABYZEN, HARLEQUIN, GREENPAN, BOSE, PAPER SALAD, MINDTHEGAP, GUND, WEBER, BLUEBELLGRAY, NORDLUX, UGG, HALO, SN Z, PRESTIGE, SMEG, THE LITTLE GREENE PAINT COMPANY, SUNTIME, ORLA KIELY, D R, LANSINOH, MORRIS CO, VAX, TOSHIBA2, ANGELCARE, LEGO, TRULY, LOUIS DE POORTERE, ERCOL FOR RETAILER, ADIDAS, MINI CUDDLES, LEIFHEIT, JOIE, BBHUGME, BABABING, HP, AMERICAN TOURISTER, CHEEKY RASCALS, DARTINGTON CRYSTAL, TINY LOVE, PACAPOD, OWLET, ANGLEPOISE, SNÜZ, MAGIMIX, GREAT LITTLE TRADING CO, ICANDY, CREW CLOTHING, ROBERT WELCH, UPPABABY, JOIE BABY, KIEHL S, MANGO, COLE MASON, GOOD2HEAT, SONY, NEWGATE CLOCKS, THE JUST SLATE COMPANY, TECHLINK, STACKERS, BINIBAMBA, TOM DIXON, SWYFT, VARILIGHT, AMAZON, LEON, MIELE, SHNUGGLE, BAY LIGHTING, SOMERSET BY ALICE TEMPERLEY, TRAEGER, BERTIE & JACK, SONOS, DESSER, DURALEX, MARGO SELBY, EMMA J SHIPLEY, MOLTON BROWN"
goods_code20,86,"nan, 238602122, 238944846, 239123463, 239073890, 239743871, 238433614, 240161396, 240257319, 238491838, 236094308, 239508666, 237516246, 233162556, 238070615, 231294767, 231266125, 239837114, FULFILMENT, 237426434, 236695076, 239969863, 235394324, 231958591, 238209965, 234400389, 239502824, 240039446, 240176837, 238668637, 238056472, 236553476, 236794509, 230193025, 239756890, 238382321, 238292720, 234197137, 238132988, 240865401, 238242294, 231946378, 236938835, 239988650, 237416852, 240170523, 236662191, 238554363, 234671317, 240161269, 237525159, 236890917, 236594905, 237518717, 239019038, 234648526, 231461661, 238244352, 238551881, 239872961, 237808683, 239944996, 237543621, 238267756, 238036087, 240393617, 239073972, 240347291, 238566471, 240212570, 236851560, 236695073, 239961196, 237849111, 238940163, 238534716, 237736389, 238097390, 236682710, 240258201, 238019527, 234710758, 238504521, 239801980, 234083205, 234822774"
make17,49,"ANYDAY RETAILER, RETAILER, MAM, BOORI, MONICA VINADER, TEFAL, SOPHIE ALLPORT, TOMMEE TIPPEE, ROBERT WELCH, LE CREUSET, TOTTER + TUMBLE, NEOM ORGANICS , KUB, WEBER, UMBRA, VELFONT, SARA MILLER, MEDELA, BT, LITTLE ACORNS, JOSEPH JOSEPH, PHILIPS, LISH PEWTER COMPANY, OXO, WEST ELM, AVEDA, GREAT LITTLE TRADING CO, SILVER CROSS, BODUM, THE HOME EDIT, STRING, SN Z, SPIEGELAU, SKIP HOP, BRABANTIA, MM LINEN, BIALETTI, ROBERTS, VITAL BABY, ERCOL FOR RETAILER, ICANDY, DARTINGTON CRYSTAL, L K BENNETT, BRAUN, ALBETTA, LANSINOH, UPPABABY, LEAPFROG, GALLERY DIRECT"
goods_code2,4729,"nan, 237841896, DMS5461, 234418518, 237816567, 238381262, FULFILMENT, 237901073, 236604736, 238667177, 233598811, 236917886, 240043599, 240041013, 238704823, 234966630, 240048099, 240264909, 236604737, 236604744, 238226101, 236866518, 238708391, 236998880, 233598912, DMS15, 238424605, 240376604, 235050844, 236807595, 238742052, 238386297, 236665679, 238512620, 240043592, 239092003, 238086343, 231808896, 236604752, 237620904, DMS6461, 238368589, DMS4462, 231083318, 236604727, 237189671, 236906850, 240575990, 236088594, 237189788, 238573040, 239001428, 239092004, 240156661, DMS20, 238222163, DMS5462, 238940040, 238665078, 240041017, 239246776, 231431353, 239061005, 238454703, 238552349, 238912971, 234283625, 238422732, 240575988, DMS22, 234942306, 239001415, 240376619, 238019865, 237775721, 235905585, 240371629, 234676734, 239784995, 239827061, 234687705, 238750305, 234090861, 236822050, 238701671, 236578709, 239091972, 238631014, 238548329, 237610185, 239765187, 233598818, 238107026, 236604753, 240076676, 238061678, 235486775, 240041022, 240264908, 238051211, 236546879, 237516228, 236647881, 237230068, 239246782, 238542030, 231955525, 231666132, 239873494, 240040975, 238060831, 239482916, 234090892, 239900853, 237254411, 238758026, 238701670, 240041004, 240041010, 237447326, 238674946, 239753454, 237791208, 240575996, DMS7683, 240041008, 238653728, 240108572, 240043590, 239001400, 239001426, 238088761, 237479938, 239847309, 239988666, 233658532, 240575998, 239978982, 236546768, 236799843, 239995961, 233977642, 231955524, 238982660, 236008891, 239842094, 239504674, 238204369, 238705804, 240041021, 240376714, 236822056, 239001495, 239246778, 234090860, 238572493, 236546880, DMS7585, 238204353, 237506269, 237127752, 240040978, 238652917, 236912402, 239120755, 235802336, 240040983, 240271888, 238674947, 238711578, 234406804, 235870811, 238960487, 238138908, 240067460, 234863571, 234307894, 232503913, 237841890, 237534322, 237816519, 236822100, 234283629, 238774172, 237689788, 237901043, 239001518, 237458113, DMS8086, 236917929, 238066422, 238553129, 238497951, 236604787, 239001536, 234090865, 236951923, 240056441, 240041020, 239001404, 240040987, 230983253, 239474666, 238868115, 239003117, 239246780, 236556715, 237628104, 234966534, 239001406, 239254660, 238298337, 238344079, 230603094, 234024574, 238923518, 239877111, 240041012, 239835952, 240376614, 238580214, 237615558, 238911182, 239001436, 239793327, 238084889, 238894084, 237250212, 238509647, 234863570, 231796410, 239396859, 238825446, 237037765, 231034699, 238825440, 232503901, 240076674, 236902782, 233598911, 240006689, 239004041, 238601320, 237653419, 238721744, 233054834, 240008138, 239001437, 236822127, 240271332, 232572497, 237013444, 238480242, 238449038, 238678455, 238271130, 238717992, 237499756, 238021208, 240041006, 236822064, 239001542, 238674731, 237080802, 238782819, 239841490, 236604728, 234966605, 240076678, 239246774, 240614900, 238911177, 238735587, 238511918, DMS19, 238079744, 237655578, 236053879, 238564048, 239001478, 237102920, DMS8081, 239838687, 232540557, 239852011, 232503899, 240241799, 238348073, 239900855, 237359254, 240040992, 239246779, 240575999, 238508811, 239092005, 234090863, 240342744, 239001477, 238479692, 238723783, 239091950, 235802346, 236669449, 240575997, 240162458, 237311779, 234418506, 240041015, 236834386, 238512927, 238940039, 237534789, 239827062, 238479718, 240072648, 240361426, 237197822, 238060989, 234090894, 238524689, 237534333, 234687706, 240302940, 238204666, 237728646, 239001540, 239842093, 239001474, 236917941, 240108899, 239096602, 236604738, 236799150, 240376716, 238152211, 239852018, 239003110, 238282616, 238653720, 237509760, 240242866, 240242346, 236951911, 237013510, 237845508, 239930378, 240041011, 238077842, 239948263, 237781337, 239790703, 238704361, 238589622, 239750033, 236917917, 236604786, 238744200, 239001440, 238868541, 234966566, 237699528, 237752087, 239123003, 236918138, 236088572, 237806529, 240102800, 238244189, 237359255, 238704820, 239091975, 238524159, 240040984, 237887356, 240108577, 239904690, 234182471, 238299020, 240192733, 236604761, 233939851, 238554936, 240087888, 235050841, 238450219, 238086341, 239773253, 238123821, DMS10423, DMS8881, 237859193, 236995169, 239081803, DMS8083, 239143116, 240651155, 238928181, 240041016, 239246773, 234175516, 240040999, 240376600, 240242347, 238399543, 239835928, 239983034, 238980934, 240376608, 238065492, 237963190, 238054341, 238511794, 239122905, 233004718, 240857134, 239003116, 240382074, 238629981, 240382077, 237231298, 238298771, 236917974, 238511863, 237288136, 240117639, 238674584, 238979361, 240376609, 236053876, 238614425, 239993387, 238447242, 235802363, 239246772, 239773259, 240376596, 239246783, 233940309, 240076679, 235863650, 239908662, 234720371, 237893062, 240040988, 240575992, 237735969, 239125313, 238653719, 238258074, 238402669, 236578652, 238086443, 237808687, 239789128, 239956865, 234966518, 237371401, 233940339, 239001418, 239246777, 231866604, 238232725, 238954075, 240271204, 238286404, 239246775, 240076677, 240164771, 237955072, 233977645, 237845523, 238449039, 239779635, 239093362, 240075830, 238723498, 239001469, 238735588, 240575995, 236917909, 239842080, 234735209, 238868177, 236917925, 238758451, 241018006, 238763459, 238653727, 237231372, 237758417, 231955529, 237765959, 236691430, 238585196, 239091960, 233606930, 232540550, 239001458, 240277318, 240376602, 240061484, 237553569, 240040997, 237653268, 236690978, 239859343, 240040969, 240300563, 237085179, 237628089, 239900859, 237997640, 233004709, 235006318, 238368886, 238868059, 237900662, 239091973, 231741620, 238940038, 233658505, 237688975, 238681164, 240087879, 233853450, 236604792, 237235589, 240854772, 236918072, 238580884, 240376597, 239001459, 234687708, 231034694, 238471223, 239760133, 237962135, 236134698, 236921429, 239929924, 234966606, 238513727, 236604724, 238905818, 238910406, 238805528, 238733602, 238517638, 238906325, 236852729, 238440200, 238723494, 233262772, 238835500, 238982966, 237761624, 238054135, 237452925, 237014141, 238381665, SKUCODE42, 239996213, 241018009, 238451405, 237719163, 232436694, 237619676, DMS9, 237475258, 236856289, 239096609, 231625549, 240348283, 240302937, 237985007, 238464231, 238607357, 239001407, 240361565, 237653281, 239003112, 236938441, 238204218, 239508667, 238892312, 238919082, 234403009, 240343601, 240171241, 238344074, 239773249, 240040963, 238580892, DMS8084, 239214780, 239081678, 238721833, 238204319, 238872362, 238282615, 233939855, 238929808, 235998590, 233894734, 240342801, 237091056, 240363232, 238003982, 237714204, 239001480, 240157931, 237646834, 240342736, 240041003, 239790704, 235622314, 233004763, 235998594, 238960415, 239214775, 234141154, 239001531, 239952954, DMS4463, 237859189, 239841491, 236346781, 236799849, 236691475, 233658511, 238928183, 240087881, 240072647, 238477596, 237230087, 238318144, 241018007, 239091988, 238204686, 238418095, 237181497, 237824433, 237197823, 240376719, 238704522, 236665680, 239001423, 236670968, 237764644, 238668604, 234740503, 238512429, 237756584, 238258121, 238204313, 238509646, 237595015, 238382023, 233971240, 235924376, 239866717, 233004711, 240615969, 238877350, 239766340, 240317067, 238927562, 238364337, 238222171, 238479709, 237166893, 233016779, 238949557, 238480180, 236918144, 237263561, 237553493, 237598048, 239081829, 238910400, 240265317, 238911522, 238868203, 239037676, 240342745, 238443185, 238349193, 236914497, 237447279, 232538318, 234966532, 237189929, 236845386, 239093363, 239797171, 237219467, 238930282, 238294123, 238004068, 239975337, 238835485, 237737134, 237926833, 237874608, 236446904, 238368585, 239859337, 239786758, 237228790, 240040993, 234026368, 233004779, 238746346, 240376593, 239091963, 231645880, 239947224, 238565910, 238868390, 238731518, 239741068, 236918073, 238925838, 238573544, 240614915, 239005343, 239990674, 238677672, 237719238, 238704822, 239173054, 238401080, 237295555, 239096604, 238704343, 238667157, 238667167, 238712021, 239001532, 239835953, 237288143, 238486649, 239894497, 240108852, 240031262, 231199973, 240242788, 238601186, 238115763, 238639097, 238886243, 238747608, 240040968, 238079636, 237745857, 234663833, 238689689, 240293620, 238444478, 239003121, 239033144, 240348176, 239819675, 239793276, 240243454, 238286394, 238005350, 234241380, 238522077, 239877654, 237720850, 239786668, 238204299, 237510045, 234966531, 233004717, 239924357, 238919951, 240286615, 237443571, 238315776, 238204656, 238204199, 238564040, 234240477, 233832915, 238759142, 237642109, 237056522, 239396846, 237721270, 237791222, 238990548, 238123058, 238147815, 240170540, 232503907, 236316772, 232503891, 237901059, 238632655, 238258119, 238246507, 240108602, 238401879, 238937588, 236869252, 236917921, 231238740, 238980926, 238051672, 239143096, 238479743, 239804775, 238835487, 236088580, 237652075, 238708403, 240393772, 240277735, 231571477, 239953301, 237689833, 238835456, 238348099, 239091952, 239096619, 238440246, 238298331, 238918084, 237837538, 240342758, 237013359, 237235386, 233119255, 238449040, 239990667, 238548324, 240624648, 238286398, 238266538, 239001556, 240043563, 236690934, 238423440, 240119870, 240076675, 240210155, 238445789, 240251167, 237983909, 240040985, 237796049, 235876606, 236951952, 240575314, 232503914, 237191786, 239900691, 237094335, 237650344, 231659350, 230856287, 236938429, 238511766, 239983535, 237397625, 237246491, 236918142, 237816497, 237299869, 240935820, 240040962, 236852734, 233959671, 238444468, 238742046, 238040036, 238587198, 237992597, 233988306, 235642312, 232331220, 237458414, 232352697, 237808634, 237331628, 236266324, 239482906, 238288665, 237688985, 238329588, 238511777, 240265315, 240040464, 239091978, 240054665, 238381046, 239046822, 236796387, 238054340, 239773260, 233054811, 237992492, 236917884, 239750032, 240041019, 240361491, 236398771, 236794522, 237138486, 238464166, 231571458, 239001442, 238222166, 234307891, 240235676, 233004772, 239841523, 238531440, 238153262, 236856348, 236936638, 234558646, 239092006, 233203341, 239948702, 233166330, 237781323, 239947273, 238292368, 231857482, 234028216, 231958739, 238926231, 236917881, 240190446, 230232592, 238348098, 239947235, 231958722, 240034281, 238403517, 238905582, 240376734, 233004836, 237948410, 233065469, 233119254, 239091957, 234800787, 236936644, 237781835, 238563706, 240342755, 238607369, 236918137, 238444218, 233138459, 237764562, 239482918, 238923516, 239954951, 237731997, 239092001, 237938558, 240278715, 239460681, 238187493, 240040972, 236799847, 239001399, 238614646, 237688989, 237948442, 232540537, 238402696, 239739729, 238973691, 234863572, 238935208, 237893073, 236976225, 238667165, 233568734, 238813445, 234966621, 239180669, 234388079, 239874808, 233119241, 238079669, 238833500, 238990554, 233004759, 239786755, 233677120, 237845516, 237426451, 237371145, 238274161, 239246781, 240108601, DMS10426, 238349302, 236074808, 237752566, 239866807, 231061540, 231519597, 237557939, 238564049, 238906466, 238929838, 238149135, 236822105, 236805788, 237996957, 239096616, 235222538, 239773255, 236918061, 240040958, 237992576, 240009745, 240192738, 240186266, 233119244, 241018020, 236691433, 240253895, 238440205, 238665076, 239941157, 237085155, 233544705, 240361555, 239001510, 239854899, 237762756, 238737819, 239826120, 237400777, 239894288, 238381056, 239003068, 238666321, 234045049, 232503892, 230468246, 240339014, 240271330, 239081770, 234090886, 238012331, 237688992, 241040345, 231796412, 238911550, 238919087, 238758097, 240383709, 238524438, 232456641, 240860361, 236917972, 239001563, 238983522, 237623667, 237761152, 239001467, 238774173, 233940303, 238925842, 236999135, 231539723, 240342751, 238602413, 238054119, 238403201, 240119828, 237311781, 230970009, 240644979, 239001548, 233964752, 237715930, 240192741, 237852649, 238054132, 239091945, 238758382, 231958642, 237244179, 236691444, 238388199, 239958879, 237816566, 237736316, 236446380, 236822134, 238033554, 232503880, 230559970, 238512626, 234251111, 238681163, 237900490, 238960384, 238039850, 237962987, 233050364, 239142917, 240129701, 237347143, 237189849, 232452515, 234419737, 238655689, 240242341, 240214141, 237458078, 238292206, 238204375, 237824451, 238251441, 238667176, 238401931, 238054263, 239538696, 238907745, 231238738, 240040971, 238735585, 238910067, 238497963, 240108859, 239003108, 239091993, 240040970, 239975323, 237231289, 238910019, 239955014, 237699519, 238939601, 238589647, 237720823, 233658515, 240192727, 236794510, 240041000, 238012306, 240158216, 238928450, 240242355, 238960407, 237893064, 239122912, 235973904, 240342741, 239001445, 241018000, 239132743, 238667174, 239158766, 236088617, 240124044, 239759408, 239102737, 236578762, 240357574, 238903992, 240170401, 237999843, 240187333, 238219162, 240108575, 233988308, 236822116, 238187497, 239714720, 237688996, 239117594, 234966615, 236917893, 238913003, 239093360, 240235491, 236546862, 238414466, 233004825, 238308067, 234018575, 237458182, 233568676, 236025117, 237288150, 240393780, 237845510, 237238848, 233004712, 238868220, 240217099, 238627756, 240286834, 238769655, 238905643, 239975347, 236951925, 240342814, 238910402, 238913040, 237013521, 237752570, 238815524, 238482066, 238270986, 240171356, 238588613, 237827094, 236938424, 237843838, 234045021, 235452317, 236917978, 237010279, 237367449, 234045022, 237230013, 238474732, 237037784, 238964292, 236446379, 238667161, 236446359, 240041028, 238513356, 236432911, 238286400, 234966604, 234900321, 237406850, 235959892, 238601317, 238204352, 238282706, 237375209, 239831141, 231974862, 240040989, 237762427, 236895590, 237619645, 236938440, 240039435, 239004042, 236706309, 238756762, 238197210, 238601319, 240242304, 239975339, 237189719, 237037781, 236556716, 239122986, 238741980, 241018010, 239122944, 238865512, 237447272, 237835363, 239780059, 234045014, 234427272, 239774076, 240575993, 240217108, 238564051, 240019646, 240172863, 239753453, 238209968, 234966617, 236978227, 238486650, 237991730, 236686945, 237891549, 239982043, 236917908, 230560131, 236938425, 237859186, 236690930, 238222161, 238365320, 238251473, 236822122, 239929546, 236690975, 238531205, 240264777, 236840400, 240376711, 241017996, 240156662, 237775720, 235802305, 234141187, 237202445, 238548306, 234966624, 238439688, 235590390, 238149383, 238120266, 238868055, 238197218, 238911545, 240214689, 238729664, 238663440, 239991691, 237166920, 238419101, 238524781, 237197741, 237761626, 240361504, 240344119, 237246535, 240108607, 236441850, 238275618, 236410817, 237699534, 239052698, 238074969, 233119258, 238949558, 239841527, 238493588, 239074673, 231827805, 237900589, 238370659, 239883270, 239091971, 236921428, 237899931, 237948434, 234562646, 240221227, 240040980, 238947857, 235850103, 236794544, 236834117, 231958689, 234964334, 237701695, 238234886, 238782813, 237720510, 237764639, 237816540, 236128413, 237781837, 238224523, 238440244, 232432342, 238043585, 238008231, 236758732, 236410754, 238079607, 239831693, 237993876, 236047144, 238548338, 238150002, 240361434, 231744067, 237615275, 238370686, 238075146, 239546660, 237887393, 231238642, 240087890, 240934660, 238069106, 237426420, 238054133, 237699529, 239020195, 237719183, 232184333, 238585220, 238548310, 236917932, 240381132, 237993874, 236822062, 235804305, 238084890, 238035539, 241018008, 234720309, 238282677, 231638918, 240342798, 231948241, 237447281, 234241376, 240382078, 236690962, 239508672, 238925925, 237997641, 237870446, 240140669, 240049324, 239046807, 238910694, 235802307, 236686949, 239761838, 236856256, 237920976, 236546867, 238449041, 238991289, 237637910, 237458062, 239780060, 236938428, 238919241, 236135737, 238404315, 239900862, 240045640, 238938861, 239944851, 240000491, 238677815, 239831394, 235668475, 236691515, 238455757, 232503903, 240344124, 238382848, 231638916, 232830521, 236510820, 240382450, 237219466, 237235496, 237609215, 236994231, 237782488, 238610146, 238825454, 233916381, 239866722, 235870603, 238835488, 239522680, 238835455, 240007946, 237228776, 239003109, 239786675, 238587190, 233939850, 237816484, 237899920, 233658536, 236057039, 238910690, 240192736, 238926048, 234966533, 236822111, 240220997, 238761227, 237688988, 238910055, 234676730, 234090888, 240320862, 238222167, 231625557, 240000493, 240253627, 234558684, 236679216, 240361548, 239859336, 237479979, 238200211, 236917977, 240854763, 240272176, 237405603, 238960369, 240192729, 238646573, 238959785, 239894491, 234558639, 234142479, 236053877, 237874685, 238893420, 238439691, 231459485, 238088741, 238629686, 237311716, 240862616, 239842097, 240108491, 236857467, 234730908, 238587084, 239037679, 237721265, 232331215, 238107641, 240253622, 237013378, 238906442, 231648865, 239832213, 238607380, 230404040, 240040976, 238678457, 239177039, 240316454, 237230094, 235622693, 238265674, 238556634, 238703840, 230865607, 240347569, 234966517, 237085140, 237371144, 238943263, 239091966, 240031263, 238605708, 240043582, 239877105, 238703099, 240083993, 237758882, 237652627, 238886517, 237457536, 238467883, 238061808, 238416057, 238742053, 237720535, 238150003, 237458371, 240186644, 239947223, 237458407, 236851694, 238980671, 235622341, 237470290, 238835462, 239941167, 231083316, 238909873, 238704819, 238043556, 238046673, 238667173, 238271129, 237688990, 237447262, 236074811, 234388091, 237371400, 238903991, 240242354, 232442362, 238149790, 240192732, 240305870, 240043565, 238703861, 239753456, 238906544, 238128214, 238054342, 238386299, 234648527, 239081725, 238524688, 238787366, 234400395, 240342747, 240865656, 237768875, 237543693, 240075468, 237006231, 238318763, 231634222, 239981037, 238960280, 237269683, 237754909, 239774075, 240087870, 234966536, 240271203, 231482384, 239001489, 240040960, 232851040, 236752554, 237534344, 238723782, 237720605, 238587102, 236604563, 234240461, 239831702, 237718861, 236594943, 240108900, 238485699, 237426399, 236604791, 240309970, 238629663, 238388202, 237816508, 240300597, 231797304, 238666323, 236556717, 237091048, 237230947, 238493555, 238393580, 239760185, 238668035, 238581053, 237288148, 238668311, 238384138, 234966519, 230728108, 237235592, 238348075, 238399620, 238905813, 237369715, 237816498, 239854784, 237377400, 237757045, 238311457, 239303047, 238927708, 238349168, 236693698, 238511861, 240171238, 238222170, 240951117, 236595036, 237049650, 234760344, 238674597, 240108929, 239001491, 236806041, 238816312, 239741074, 238107623, 240293615, 241018027, 240103071, 237845514, 238704510, 240116836, 236679146, 236690977, 240187705, 238212008, 239019584, 238054116, 238318764, 238667158, 237335661, 239877358, 233598915, 232484461, 239797006, 239091984, 238440247, 238693889, 240342836, 236823852, 240210519, 240342834, 238935232, 239807731, 233910841, 239797003, 238067225, 238277548, 232456905, 238311526, 238054123, 238904421, 240309971, 238990550, 237219461, 238302366, 240105403, 238225988, 231634223, 239086468, 238694042, 237202366, 240293623, 231958716, 237948447, 236917900, 237458433, 238348977, 237759589, 238935221, 240201763, 238960266, 237859187, 237752569, 239123385, 233054879, 236557755, 238258076, 238905645, 236989258, 239827065, 231958696, 237859191, 240361566, 238451407, 238641706, 238750164, 238397790, 238281047, 237553511, 239878388, 237553507, 237457818, 237975105, 240253628, 237126897, 238497924, 230956195, 237013346, 238631843, 237874604, 238825452, 237845513, 238876135, 237719185, 239081760, 238930196, 238349237, 230992774, 240376713, 238603806, 237598475, 237313625, 236604722, 233725409, 239742830, 237553490, 238868369, 238681162, 237192576, 238931429, 240041005, 238286406, 238104233, 235356772, 237701655, 238530017, 239817765, 240293628, 231946378, 238497927, 238735589, 238708401, 238509464, 238043517, 232538352, 238480172, 237747263, 239760206, 237230006, 237001420, 237235473, 238683130, 238298170, 238629978, 239901695, 238479703, 236484455, 238079603, 239837091, 238564064, 238979362, 238869262, 239015446, 236546871, 238482027, 237901061, 237614295, 237509431, 239790702, 237166919, 237754472, 238677813, 240587287, 238960381, 236912406, 240265316, 234044840, 238071171, 239737496, 239081795, 237453087, 231337417, 238903447, 240040996, 236053890, 238479913, 240889157, 238287797, 231659798, 240075471, 239873739, 239116125, 240017146, 238954080, 240030893, 236917960, 239794669, 232186306, 238680515, 237628088, 236604777, 238759628, 238629738, DMS8087, 241018017, 241018003, 238521675, 237013424, 239083068, 238054143, 237230102, 239975325, 239001503, 240040967, 239831374, 237901062, 240019610, 237772092, 238140460, 240043580, 240227306, 239841522, 241018025, 238497882, 241140464, 236951915, 239001422, 238493560, 240021353, 236604757, 239091994, 238851459, 237751996, 238262458, 238983527, 240217109, 234442853, 240259862, 233916373, 238923517, 237903066, 234526497, 238063964, 239851709, 240376601, 235961691, 231895973, 234224812, 237992549, 238265667, 240156660, 239784989, 238480168, 236917883, 233658509, 238471009, 238348959, 233984785, 238094690, 237874677, 240376715, 238919085, 237610187, 240100940, 238000100, 238211718, 238667159, 240217300, 239947225, 238277059, 239758295, 239930886, 237170011, 238699633, 239001451, 238935224, 239932701, 238911179, 240376591, 239146699, 237534296, 233054892, 241018004, 238919949, 233004813, 238548318, 233016784, 239996053, 237757103, 239993157, 237796245, 238443136, 238042048, 239082692, 233410306, 238825445, 237736217, 240087880, 239993821, 238704377, 233658533, 240972556, 239941159, 237367951, 240071154, 237230095, 234875242, 238704365, 233658530, 239029637, 237534334, 238979363, 237903049, 240010404, 233971220, 238893419, 237902452, 239001521, 238395356, 238704341, 237818283, 236834381, 232309854, 237458372, 240406666, 239029235, 238953761, 238919691, 240277319, 236546859, 238905644, 238267756, 236691492, 238521743, 236432869, 238774074, 238233792, 234240494, 236994268, 237173629, 237458393, 238585825, 236836659, 238066423, 232452566, 239903521, 238499262, 238742049, 240277733, 238910405, 237279126, 231797241, 237995943, 239743870, 239947237, 236594940, 231294767, 238945470, 240108604, DMS8088, 238653084, 234342719, 238719929, 239394919, 238711971, 232442365, 240342757, 238954115, 238488313, 238868391, 238054113, 238868176, 238925840, 239750220, 239091946, 238705792, 238710377, 238287801, 231616972, 237955777, 231083317, 238566480, 237816478, 238275075, 238924457, 237991506, 239091998, 236454336, 240603162, 240013394, 238225670, 236708822, 237013305, 235931034, 238782739, 239001454, 240253625, 236114353, 236410887, 238750126, 238617669, 237845537, 237598054, 237553506, 238282099, 237229984, 238276817, 236553463, 238013488, 238521670, 238118728, 238447947, 240161396, 239889169, 239003823, 238534517, 236917904, 237807607, 239882078, 240176770, 236904865, 238889770, 238204380, 236938410, 238093262, 232851036, 238278463, 236705535, 233598914, 238910401, 238868374, 238587025, 237279124, 238590606, 232474649, 240818870, 237320437, 238865521, 238935226, 238903990, 237761155, 237931181, 238255201, 234045079, 238642182, 238275628, 239484671, 238666315, 239973090, 236288308, 238286393, 238247258, 237013342, 238349181, 238693987, 237893061, 240315441, 240361435, 239012993, 240361538, 237035315, 237305446, 238837653, 238267922, 238753202, 237845517, 230586694, 232719057, 234558679, 237775244, 239091962, 238276212, 240140670, 238374170, 236918110, 240008612, 236917946, 238298343, 239841886, 238204377, 237997375, 240040977, 234034573, 237510046, 240343488, 237997156, 237235507, 238032021, 239482848, 238954037, 237948441, 239944760, 239948155, 234182477, 238275660, 237171817, 234863569, 238005351, 237331623, 236550347, 238533831, 236138638, 238280531, 237872960, 236822099, 236410947, 241018013, 239091985, 238572496, 240192739, 238868376, 238419404, 239783105, 237628100, 237599835, 238286392, 234241406, 237775881, 232387243, 239841885, 235876602, 234283606, 238178619, 238959073, 238054145, 237141935, 239889160, 230415612, 239902345, 239482856, 233410316, 237557931, 238906540, 239774080, 233706681, 239110678, 237157780, 239780080, 238904451, 236053887, 234584005, 240376603, 238458438, 239990668, 234427274, 239142913, 237719170, 239096611, 239480669, 238036800, 238990343, 238389025, 236088620, 233054893, 240013386, 238258142, 232272852, 231055682, 238349167, 238587049, 238646928, 239903578, 240108580, 238940154, 238910693, 240040959, 238940042, 240242852, 238114511, 236691437, 237395261, 238365413, 240586669, 238245630, 236691442, 240382452, 238382853, 238990363, 234427277, 238035533, 238256239, 230594037, 239096606, 230227890, 239149652, 238677814, 238349306, 238055458, 240376712, 239096613, 238942451, 238381196, 230949006, 233004704, 238280337, 234036319, 239482905, 238512494, 238909685, 238303384, 236917920, 239091982, 236410775, 237881787, 232536615, 239877653, 231878339, 238897446, 234320448, 238398433, 236288313, 239903728, 236546874, 240082006, 239091953, 240171727, 238054115, 240603166, 237209248, 239975340, 237357320, 238905810, 234268646, 236670965, 238303956, 238258143, 238911040, 238486651, 239961377, 237831832, 239306924, 239001453, 239801664, 238508814, 236094316, 237324164, 238704371, 240316167, 238491504, 238211971, 234663826, 237892310, 231083320, 239136942, 237446155, 238534717, 239975342, 230631075, 239793277, 238280153, 233016788, 238521762, 238315680, 240300632, 238107588, 237757373, 239123025, 239905290, 240896840, 240029951, 236288306, 237678962, 238200221, 237859192, 237827092, 238912041, 240823918, 236845393, 240192742, 231238741, 238280081, 237520089, 238033553, 240171234, 236310489, 238079690, 230400972, 236706317, 238666317, 238435353, 234427268, 239948268, 238524149, 238278296, 240204819, 233004756, 233988349, 239054662, 240091764, 237126874, 237845521, 238755915, 237170604, 240781772, 236702093, 230472069, 237233805, 231571445, 238888566, 236853300, 238705795, 238865504, 237535558, 238422391, 238367887, 236917913, 238440187, 240126070, 239838682, 238611485, 237166883, 238051177, 239474667, 240043923, 238947445, 238910407, 238440817, 233598812, 237920759, 238091568, 240126072, 239482904, 238348943, 239158761, 240376595, 238742024, 233004831, 238904449, 239831704, 239001420, 236951913, 238521671, 237313632, 240546788, 239854854, 234269704, 240031833, 237229985, 237267222, 239004704, 238282637, 239759401, 238607384, 240187532, 237480052, 236956261, 237520099, 238947858, 237637466, 237357212, 239831425, 237138267, 238865508, 238286407, 240221741, 232484427, 236904864, 237996960, 239096610, 231759512, 237235541, 237970400, 237620698, 238925664, 234562637, 239081653, 238242285, 238538786, 238234936, 238703837, 238269812, 239891645, 239037436, 238750711, 237288153, 238597656, 230957282, 239753452, 238946038, 237736218, 238521024, 239306748, 238897447, 238444213, 239019583, 237288152, 239776859, 239980608, 240376607, 235876595, 237969376, 238759650, 239091997, 240872661, 238977464, 238741605, 238480275, 238080551, 239943592, 238585158, 240108869, 238919151, 230693554, 238785509, 237447266, 239254757, 238036468, 237449853, 239769611, 236782448, 240376610, 236691432, 238302377, 237743956, 240376720, 233971244, 236621057, 238623213, 237699508, 239937272, 238524154, 238651829, 238954040, 233380629, 240673649, 238665093, 239753069, 238868058, 238909940, 231238690, 238479727, 240828956, 237470311, 237197820, 240040964, 239947496, 237303001, 237805717, 238805544, 239082990, 237761611, 237457947, 231035080, 237992823, 232503886, 235920981, 238292723, 238348982, 238935172, 240271351, 238863499, 239797007, 231958591, 234045085, 238667181, 237876949, 237765635, 239091980, 239756342, 240242352, 236410839, 238381098, 240078442, 236938427, 240286504, 237674049, 237641868, 240170538, 235394330, 237318855, 233728741, 233119251, 234447244, 234045062, 239975331, 231496057, 236594913, 238763460, 236917902, 239952375, 231721233, 238601707, 238719926, 236053892, 239020646, 238911517, 234342326, 231304710, 239096621, 239532664, 238247345, 239074902, 240177582, 237976242, 239786759, 240603173, 239120575, 239873329, 238868065, 239770414, 238349141, 239760170, 240242345, 237628096, 238019727, 240029957, 236917975, 237013514, 232503893, 239001492, 232540511, 238548327, 240241803, 240342826, 240045632, 236758733, 239758359, 238479761, 239883254, 239001471, 239177667, 238088274, 239948485, 239797184, 238054128, 238723964, 237553508, 238486654, 240575994, 239796994, 236053895, 237808639, 237413538, 238349177, 238745535, 240064905, 238869472, 238513744, 238274168, 237822427, 239958787, 238552343, 237625870, 238512630, 236978174, 238242295, 235856631, 235942407, 238581466, 239484676, 239827064, 238999525, 239760188, 240171325, 233940316, 238443168, 237762426, 237795309, 238520836, 237270159, 239900759, 237452537, 240243877, 238033324, 238349992, 238821597, 239774460, 238298189, 239835958, 238676163, 238891250, 238906543, 238943085, 238652144, 236918065, 239121817, 238204391, 239396843, 237845520, 239254663, 238403441, 239998756, 238443163, 240906705, 236822069, 238089282, 238094424, 239781251, 238422012, 236917848, 238479446, 237699525, 234045077, 236782421, 240227390, 232428507, 239015281, 238328055, 231590017, 237013403, 236938409, 240027620, 237543754, 240300552, 237458410, 239091969, 237933034, 236316762, 236546877, 238427444, 237719180, 234495942, 231577378, 237371155, 239981184, 238467972, 234090893, 237987255, 237679373, 239999526, 234966623, 238872008, 235802306, 237166902, 233940336, 231622481, 240034694, 239033209, 236856255, 238382598, 240624649, 238718140, 239975309, 238733792, 233658507, 238910455, 240041001, 237781329, 241017995, 238681161, 236546863, 239760225, 237676285, 240227387, 238910073, 238233800, 236346787, 233971222, 238924440, 238954038, 237922627, 239780073, 238258113, 239780062, 241054492, 238937067, 237781834, 240286829, 232452498, 239981096, 237479972, 238990350, 238629671, 236604783, 240342752, 239123265, 237509924, 236999134, 238666319, 238119577, 240108865, 237752574, 238298168, 238482054, 238953678, 233016785, 238576575, 240844665, 240315375, 238479466, 239354671, 237991509, 231035079, 238910847, 234456788, 240857133, 238222160, 238482057, 238925839, 237534309, 234007066, 239846972, 239120015, 236918102, 237430157, 240040965, 238587381, 238058416, 239037677, 237189665, 238548321, 238422734, 239482907, 236546854, 239714733, 238204356, 238162062, 238972372, 240361483, 237230100, 238759629, 238267452, 237013311, 238953658, 239968557, 239050698, 239838686, 238442974, 239874966, 239484666, 238030152, 233016777, 239975318, 237458399, 238945850, 237230180, 233892318, 237736556, 240376606, 238712124, 236918066, 237447310, 238587095, 234966526, 239091961, 238521756, 237094777, 239029635, 238479792, 237758885, 238704350, 238063981, 239831345, 237080833, 237269535, 236045861, 239716763, 238211982, 240019262, 237189842, 239013477, 238723464, 239120750, 240040966, 238298432, 238580890, 239975338, 231616970, 233054885, 238028456, 238375528, 239750030, 238447329, 237311783, 237476811, 238030787, 235942489, 238282622, 238446844, 238876213, 238413092, 238095368, 238066419, 237968530, 237962111, 238271148, 240242859, 235957159, 240355396, 239783303, 239981043, 233016794, 239835954, 238493666, 237992455, 234425399, 238349144, 237827093, 238693885, 238298178, 240100459, 240242339, 237244552, 232538356, 238931188, 236346786, 238632656, 239797488, 237992569, 237013408, 236594915, 238587944, 238382597, 237940150, 238868214, 239835933, 239024747, 239773241, 238482076, 239937940, 238282613, 238833507, 239984304, 240361516, 240171245, 237750859, 236587009, 238479675, 239781246, 240091998, 237816486, 239058753, 234714321, 239842096, 239794665, 230560140, 240108870, 238591874, 237462033, 236823791, 238911183, 239123015, 237037763, 234045052, 238055498, 239841727, 238298051, 234901621, DMS5444, 236578666, 238985746, 240300550, 238475680, 239851689, 238677811, 239001475, 239001429, 238759136, 238274142, 239004040, 237474189, 237870441, 236110651, 236921427, 239980604, 238868052, 236892293, 234499447, 239900858, 237629163, 238054112, 240387248, 236088645, 238282619, 239310799, 237332629, 238262367, 238602675, 236591493, 239081750, 238427744, 237808674, 238142648, 238758095, 239001398, 236410837, 238169907, 238349304, 240334424, 239743867, 238935217, 237189841, 240040982, 237231279, 237233797, 238569700, 237432830, 239835961, 238548313, 232540512, 240392812, 238676144, 238675937, 238868446, 239951367, 239627399, 236595024, 238911768, 238641988, 233004819, 234558635, 239230758, 238750795, 236663889, 239810795, 239948158, 238258118, 239122952, 234908305, 238440237, 238298271, 234036327, 236604758, 238046697, 239773251, 236410848, 239538701, 239975332, 238960417, 240108600, 240135089, 240293627, 237599228, 231281831, 237997154, 234082709, 238909764, 240242850, 240885589, 238475684, 234090855, 235920975, 237405626, 238455691, 240615008, 237642110, 238303399, 240000490, 238313671, 238954041, 237818295, 237637475, 237816488, 238286399, 237780059, 230486074, 240276259, 240272174, 240040986, 238564036, 238270999, 238750414, 238601157, 238447583, 239950825, 237457814, 240108871, 240860693, 240277731, 237189828, 237267181, 238286437, 238075131, 237609216, 239874803, 238938849, 238533847, 240344123, 238298195, 236308331, 237992864, 238417526, 238446855, 238903910, 239819684, 237903031, 238271007, 236578715, 236346784, 237166896, 240135054, 240860354, 239903448, 237515820, 237244205, 240040990, 239003118, 240243954, 237752576, 237534320, 238805527, 237823484, 238480292, 236799030, 237609204, 237311722, 235990310, 238286391, 238539820, 234182451, 238708404, 237405623, 238091648, 238382367, 238668044, 238475707, 240031837, 238744817, 238737654, 234403010, 238286401, 239944670, 237779482, 237209389, 238605972, 236691451, 239945352, 237170597, 240087884, 240108578, 236918082, 237553893, 238016103, 237762509, 239091968, 236881724, 239901242, 238336303, 238948213, 234320434, 238111834, 238703838, 231958647, 239760183, 231136991, 239218676, 240029664, 233971215, 239835951, 238644568, 238054344, 238678453, 237426445, 240361520, 239760127, 240185468, 238759633, 240293187, 239838756, 240019404, 237141645, 237901069, 238452371, 238967233, 238480258, 238251442, 236917943, 236917863, 238520872, 235870845, 239984292, 238455692, 237315611, 237696071, 240575991, 240376612, 239716754, 238881686, 240795876, 239790707, 238906562, 238524437, 239838688, 237515928, 240619016, 237992608, 234241374, 238753186, 237736282, 231238743, 237775760, 240361547, 234969263, 237736278, 240854705, DMS10422, 237996315, 231643641, 236578654, 236280560, 237988717, 237997616, 238491841, 238521638, 236895531, 230448461, 232605213, 240831641, 238399574, 234776611, 238980927, 240277771, 237999851, 237535575, 238464157, 240080404, 238631072, 234385293, 239173003, 240343478, 236838899, 231547837, 238349171, 238381205, 239128660, 237615911, 237992849, 236053875, 237331632, 240118905, 237746989, 236951916, 238944836, 237094318, 238369291, 237170502, 231796409, 239753773, 239981116, 238070761, 233932355, 238491476, 238344169, 236918114, 234374863, 234901615, 232116521, 238105678, 237126881, 237999849, 238497947, 238303387, 239991589, 238245652, 238303771, 240192728, 236346774, 237893065, 240583087, 237752985, 240022791, 237614333, 238868060, 236695091, 239903727, 238929834, 236716355, 237563543, 238548319, 238946913, 238596551, 238524510, 238277547, 237196718, 236546858, 236834904, 238529118, 237573780, 240117536, 237919782, 237901030, 238689763, 230404890, 238478728, 238763462, 238075240, 238271008, 239091959, 237762466, 239081626, 237718697, 234964331, 240044829, 237761655, 238905830, 237226853, 237170602, 239013835, 237798528, 237235391, 237299574, 237229228, 238590598, 234966528, 238381214, 239993101, 239742834, 239890825, 239530682, 239975341, 238278327, 236123099, 238477553, 240186267, 238944843, 238464265, 236856308, 237791258, 238709874, 239983033, 232536670, 237816563, 239091977, 239091949, 232504036, 237080804, 237992901, 238733983, 238197215, 238350008, 237920750, 239904208, 239096608, 238483583, 236938435, 238601273, 239962594, 234964320, 238084886, 238591170, 238349142, 238945474, 238282623, 238381218, 237805722, 238298332, 236690965, 238321706, 234036684, 240342735, 239163327, 237816477, 235802334, 237852414, 238227793, 238281015, 238309165, 240171321, 237458402, 239737307, 236691513, 237841892, 233832920, 238753201, 240192731, 239979876, 238194897, 240171730, 238711442, 239851667, 239785001, 233016778, 238348953, 238211720, 236644590, 232320630, 239903542, 238367844, 238381220, 238927953, 238204300, 238667160, 236594936, DMS7682, 238054122, 237626585, 238652910, 238585824, 238187494, 238931673, 239003831, 238062946, 239980595, 239784998, 238443146, 239776909, 239975328, 238944789, 237447296, 240530683, 234466880, 239192677, 237629248, 239789324, 238919084, 237189900, 240242359, 238617663, 238889565, 237457239, 236683680, 237370065, 238512920, 238589457, 238703196, 236844334, 237961142, 239975346, 238470355, 238099976, 238074942, 235876604, 238009434, 237458406, 238904444, 240261170, 238211551, 240170544, 239797151, 240051994, 240376611, 238668614, 237447293, 233894693, 239753235, 236679268, 238422416, 237091061, 238954114, 234964333, 239881052, 238211980, 238275068, 237357329, 238432978, 236951949, 238211989, 239780170, 237689003, 237231305, 233054872, 238524694, 238365884, 237752047, 233054865, 237768245, 239991603, 238011718, 239877685, 238254605, 239122958, 231416709, 233988311, 234863573, 238947326, 233725389, 238479842, 236844274, 237740056, 231647901, 239835956, 238227796, 237230105, 240062127, 234676735, 237160835, 239786756, 238228288, 238511791, 240530686, 234363292, 240603176, 237874622, 239992129, 239831347, 238677670, 240381158, 236346762, 236799090, 238036810, 240224142, 238868216, 234966530, 238404079, 239058748, 238704821, 238809800, 238603808, 237228965, 240261384, 240271224, 239842087, 237618748, 240185470, 238511864, 237781836, 236679242, 238949560, 236604712, 236957814, 239948157, 238019527, 234439622, 240072498, 237720533, 238959787, 240361522, 238954000, 240054666, 240192730, 237513323, 239482912, 237166913, 240164790, 239080726, 236917894, 239122997, 240361430, 238422731, 239082983, 238148855, 238868218, 237808694, 234045115, 238548320, 239127093, 237487557, 240103061, 239947239, 239058763, 238907024, 240386660, 240108898, 238868202, 239773610, 236346783, 238690000, 238950343, 238977135, 237650339, 240869465, 237534790, 236410753, 236646864, 234964330, 236938430, 239123266, 233940320, 240328470, 239820392, 238056460, 238278154, 238547749, 230751163, 238973668, 240277746, 238128213, 240000195, 236594946, 236794509, 237628078, 238349239, 236702115, 235924487, 239882169, 237357210, 237311731, 237013505, 238960255, 238203441, 237013455, 237070891, 239001431, 237919778, 240671262, 238556633, 238607360, 237699496, 236917933, 239714719, 238835486, 237458357, 236047150, 237230155, 231898344, 236604774, 240253629, 236546870, 239001439, 240243962, 239999435, 240081001, 239761240, 237816485, 236999133, 237618746, 240021492, 237458384, 237758865, 239773258, 239981072, 240051075, 240804461, 236755012, 238302359, 238342939, 234299342, 237406864, 237173630, 238865513, 238267929, 237333367, 240781771, 240102778, 238418153, 237687806, 240039214, 238865688, 239123012, 239883261, 236679127, 238046655, 234156368, 238486522, 238629979, 237321107, 240056442, 237902106, 239482838, 236446382, 237311727, 237806881, 238537383, 236917942, 239196662, 238554938, 238868120, 238566312, 230865136, 237816544, 238603809, 238996745, 236410910, 238942321, 238759147, 237893070, 238419817, 238336364, 238128665, 240642112, 239306747, 239044259, 239084693, 238868186, 237754386, 236644567, 237235571, 240361540, 240186265, 232503912, 235961678, 238614478, 236591506, 238967230, 239096603, 239953339, 238689726, 237078618, 238399635, 235622349, 238897460, DMS8462, 239096607, 238737691, 239091995, 240013425, 237432820, 238891246, 238082319, 232116517, 236167450, 239073972, 238705803, 240253478, 238312100, 238204226, 237680447, 238919944, 238574636, 238382052, 238438855, 233004769, 237874603, 234044824, 238880593, 239993438, 238228315, 238745502, 237719228, 238298409, 240386664, 234045024, 237166885, 240346936, 233176620, 240361432, 238204244, 238573300, 237087880, 238893431, 240041027, 238928184, 237219280, 238302383, 240361515, 240169667, 236691540, 238277549, 239947229, 238665843, 238759624, 238581091, 239069518, 240242353, 238471437, 238446849, 239091974, 237516241, 237752119, 238261726, 237230376, 238999057, 237357238, 240575987, 237230053, 239831348, 239755784, 239835959, 233642422, 231638917, 240343483, 236546882, 240343025, 234972743, 239894492, 240286832, 237458430, 234966524, 233004587, 238298439, 239158750, 237548908, 240010801, 237721239, 239773245, 238521766, 240040961, 238931420, 237685819, 236690939, 239835929, 238469704, 238463702, 238744409, 239096601, 238446848, 238207398, 238120115, 240300683, 239832768, 238667162, 238524152, 239091999, 238928308, 237719186, 238668053, 239001396, 237872953, 239093361, 238464285, 240640759, 239093294, 232436488, 236563730, 234710749, 236594935, 238268253, 240192740, 240277777, 236066318, 238204253, 240076671, 238054129, 237650527, 240241794, 238958529, 240319188, 239981035, 238667164, 240343480, 236716282, 237222245, 237499956, 237948443, 239947232, 238482024, 237231096, 237534783, 238303795, 237037769, 237918018, 240300535, 239780076, 240154799, 237549445, 239807924, 237013366, 238927573, 238960253, 238552347, 234792708, 238746334, 240575985, 238508812, 240775139, 237653278, 237458375, 239800977, 240376599, 239254669, 239805368, 236432822, 238497909, 240083071, 239000495, 236917963, 240037240, 238382285, 237244494, 237189733, 238759139, 238349174, 234007350, 238787367, 237701701, 234197152, 240075497, 238379935, 238242294, 240243959, 237736331, 239930845, 240192735, 239835930, 238919687, 234224813, 237869214, 238667172, 238298191, 233016787, 234295555, 237816496, 238689762, 239091987, 238262383, 240105423, 237534780, 237720918, 237643365, 237623671, 239522662, 238909636, 237757095, 240293617, 238614137, 239763319, 238267239, 240170543, 238705784, 237845507, 238947267, 236594934, 239091992, 238629739, 237418029, 240344988, 238360731, 239232683, 236553421, 238926040, 240621088, 239881897, 235903478, 234240495, 239091986, 239742826, 238582492, 238511859, 238474750, 238935237, 236546865, 239232671, 238039082, 240075490, 238472237, 237701416, 240222686, 237596578, 239981176, 237458343, 236410861, 240575986, 237642337, 237495461, 238203133, 238587242, 238707926, 237971837, 237845512, 232538328, 238551259, 240293622, 237770188, 240393828, 239854911, 239122968, 237453917, 236794543, 238758017, 238588748, 239100885, 237013355, 238719686, 232484444, 239472845, 240037247, 238576448, 239044252, 237762837, 238086432, 236999179, 237458409, 238591758, 239970256, 238329074, 238033551, 237013495, 239096599, 239841888, 240135092, 238215306, 237230153, 238247179, 238937465, 238960490, 238262480, 240087887, 238880131, 238349050, 238930195, 238980932, 238438856, 233128834, 237752103, 237721244, 239894494, 237902811, 237791203, 238905821, 238478614, 238487867, 235966175, 240818871, 239027227, 240108571, 237690598, 238399862, 238282678, 231659352, 239071674, 240172088, 237948329, 239138782, 239777218, 233170411, 238470419, 238939594, 238246986, 231294766, 234038831, 240169654, 232484448, 234247363, 239966931, 238569386, 238019888, 240041014, 236594948, 238382858, 237859188, 237754816, 238508819, 239975316, 237621352, 238953697, 239081660, 238520973, 238019732, 238758383, 238590608, 237466825, 240269012, 236294049, 238603810, 240242328, 239250714, 238480177, 238497866, 238880390, 238617667, 238869471, 238088782, 240321315, 238982665, 238479700, 240798663, 237134893, 231011166, 239482913, 240975436, 237067851, 240075483, 237816503, 238266450, 240091746, 234295552, 237911795, 237228778, 236938438, 240740661, 239889173, 238088731, 238440186, 237874625, 235935213, 237736430, 239774072, 232320596, 239981182, 239873493, 238587093, 238464286, 240014896, 236557341, 237534308, 239508682, 238497892, 238204242, 236176434, 239975335, 238455582, 239760169, 238285797, 238274159, 233677125, 237163720, 238497966, 239993670, 237458019, 238938854, 238098500, 238863603, 239873729, 240361506, 236446372, 238597305, 238478182, 240047930, 237719226, 238224516, 234388090, 237088154, 240108850, 238580879, 240286828, 238493541, 239229117, 238506949, 238381299, 238450303, 234732394, 238413090, 238282702, 237752800, 238619592, 238200230, 240804460, 237992882, 236917973, 239123010, 234142464, 239773199, 240186436, 238482072, 238508894, 237414215, 240242338, 240046911, 236853327, 238928127, 238277222, 238401925, 231686158, 239101320, 239831692, 237902128, 238270988, 236516439, 238943266, 239796999, 239781244, 238277216, 240614553, 238704366, 239993425, 237752575, 237013406, 1800, 238245447, 238782727, 238061235, 237510048, 237458368, 237893060, 238318771, 240094664, 237080786, 237534328, 240171230, 231237961, 240941035, 238552162, 238367906, 236679212, 240192737, 240256477, 230727595, 234141190, 238534716, 240157873, 239254679, 231030171, 239758294, 238521754, 239003066, 238665092, 237094413, 240361486, 238905794, 237501631, 238088758, 240242343, 236974222, 239122971, 236823237, 238797527, 239969252, 238942113, 233808383, 237761645, 237006233, 238869477, 234141156, 233717082, 239742673, 240361431, 238033806, 237899940, 237781833, 238399665, 237500878, 235292316, 235903476, 240814006, 238581548, 240105446, 239033145, 239981044, 238772406, 238680152, 239866716, 237405993, 237760887, 237302364, 233004770, 240100410, 238617664, 238482064, 239096826, 237392376, 237230156, 240164974, 237495442, 238678454, 237637476, 238254608, 236904866, 237098601, 236904868, 240000487, 238960256, 240271223, 238298209, 230550204, 233638623, 233054826, 234377703, 238960378, 239981073, 240084171, 238586675, 237870418, 238511846, 238639086, 237126896, 238879335, 237754944, 238382047, 239937941, 234652391, 236484484, 239081821, 240125883, 239742696, 239484681, 240263286, 233658510, 237781336, 236088583, 236604754, 238741983, 236917966, 231907812, 234796323, 237840377, 237246546, 237128528, 238750907, 238348439, 239001432, 238868054, 238511851, 239354660, 238709871, 237921851, 239741609, 236730210, 239807923, 238548325, 238520731, 237985409, 239975326, 232272857, 238056347, 238710442, 238949566, 238596460, 239967755, 238583713, 238602137, 238911552, 239859672, 236594905, 238228363, 239753225, 233062971, 232174320, 238629677, 240375037, 238890308, 238707598, 238564044, 239892074, 238521740, 238753926, 235622336, 241064505, 237940163, 238938710, 239123199, 239975313, 238718135, 233977626, 237894133, 237189891, 238042156, 237758889, 239482752, 234045070, 236822504, 238704439, 239254670, 238986710, 237679368, 234710759, 239119342, 236995429, 238923804, 238918083, 234125048, 237987256, 238204250, 238960282, 238480271, 240358051, 239883655, 240831681, 239081776, 238597200, 239760191, 240039434, 238894108, 230420034, 239000942, 237138422, 235570364, 239826560, 239789130, 239546661, 237754465, 238926554, 237235481, 230559968, 231825516, 238444193, 236563703, 240125884, 238440172, 239073888, 238869467, 236310468, 239091958, 237553377, 236690964, 236851709, 240268678, 237191788, 237831840, 238379936, 238513343, 237458059, 240875838, 238886746, 237796244, 237189981, 234652415, 238260522, 238571425, 238668176, 237013460, 231405827, 233191975, 236550306, 238954081, 237887404, 238910691, 238282002, 237246017, 237798479, 237458363, 240019449, 237969690, 239532667, 239508678, 237816501, 238042140, 239354665, 238382314, 240781773, 237976215, 237685796, 239214773, 239774044, 238132987, 238162053, 239998202, 237189912, 237775772, 239096614, 238478170, 237059662, 237775209, 240170518, 232474708, 238611773, 240277781, 240039423, 240293130, 236828165, 238897458, 240393831, 238079575, 231699734, 238911597, 238590997, 237035327, 238940369, 237426428, 240361455, 238422733, 236646831, 238367846, 237887373, 238350005, 238745475, 230449972, 237458385, 233705108, 237176541, 237992833, 237228977, 237235358, 231266124, 238085100, 235504601, 231647905, 240087883, 237534313, 238552352, 237246496, 238678456, 237299808, 240660160, 239143344, 238677673, 237274530, 237229978, 236025107, 238065937, 240342750, 237663911, 237458432, 238744421, 231638919, 237246557, 237458024, 240277827, 238532058, 238446846, 240615029, 238019818, 238751013, 237901067, 238298334, 238182832, 235028420, 237311765, 238873500, 238755789, 231083319, 237987404, 237553492, 239790715, 239003067, 238106289, 238521738, 239143086, 238906431, 239999430, 238000117, 237631619, 238835460, 238204775, 237775776, 238086435, 238455687, 238758107, 237637964, 238224527, 234292436, 237230927, 234536319, 240040998, 240342756, 239797013, 233704812, 238330268, 237246304, 236853328, 236920540, 237534793, 238481238, 237447278, 237151248, 239737487, 236082494, 234241393, 239904508, 232452496, 240029727, 238758511, 239092002, 234794307, 240019652, 239948262, 239883170, 238629778, 238440199, 230133896, 238085969, 238880387, 238222380, 233916374, 234045057, 237573781, 239975334, 239835957, 238731504, 237311763, 238455768, 238233795, 238479708, 236917918, 239992263, 238521736, 238999527, 240109033, 239006698, 237509434, 238665428, 236546765, 239818805, 234044830, 236053880, 238471465, 239117340, 240822976, 237745895, 239123001, 238704815, 236999171, 234341181, 238741776, 238937582, 239781245, 233704789, 240242348, 237852366, 239929878, 238913054, 239011755, 240264494, 237087739, 240009749, 237397623, 237080838, 239930890, 237708794, 238689761, 239740462, 238868443, 239112794, 238665837, 238580887, 233598917, 240242344, 237845533, 238581148, 236296308, 238665840, 230551446, 237795474, 232450570, 240376592, 238450306, 238534384, 231167144, 238607365, 237754464, 238919690, 238897449, 237457953, 237347149, 240041023, 238396017, 239006696, 240271894, 239941156, 237874616, 239993388, 238954032, 238946777, 237189924, 238949561, 237405608, 238298495, 239144310, 238954112, 238308059, 238600043, 231507286, 237202156, 237845529, 237534304, 238945473, 238298306, 238485721, 240014898, 239937256, 238070146, 238961267, 240242360, 239100824, 237996294, 237266196, 237458016, 240382076, 235944309, 239978205, 238629985, 240135047, 236642679, 238586623, 240150503, 239882141, 233062973, 239820515, 239753455, 238944735, 236604729, 239841887, 238868063, 238282614, 238097331, 238321888, 238999519, 237553505, 239586662, 237203794, 238583209, 237736321, 236837863, 237599945, 239052687, 234034556, 238281994, 238553126, 237534326, 239873667, 239081684, 237374164, 235874427, 238548323, 238674743, 239773479, 234714689, 238348034, 237094452, 238874476, 239780079, 237736232, 236799001, 237311762, 239142901, 238450308, 237421414, 238708390, 240201641, 239900765, 240286830, 238278260, 236938431, 238446858, 238036808, 237752061, 238287976, 240393829, 238909887, 238140421, 238268300, 236823245, 238274146, 239254674, 240000554, 237189697, 238699634, 239793384, 240082858, 240005052, 237230009, 234966529, 238450220, 237501790, 234135211, 238150001, 239003841, 240141499, 239797185, 239532663, 241113511, 238911774, 238278436, 238602538, 238614670, 238660207, 239122969, 238571449, 238588085, 240075470, 238675952, 239001417, 238704360, 237233814, 237534778, 240361440, 238738064, 238204248, 231306631, 239894500, 237458347, 239947238, 237067849, 231113066, 237821719, 238370582, 234966610, 240105399, 238298295, 239198999, 237447282, 230504433, 240286835, 231507285, 239096552, 237185068, 240170539, 237679411, 237509757, 237084632, 238493540, 238548331, 238089344, 234192101, 240073157, 235622353, 239774084, 236691496, 236490361, 237235480, 234723331, 237202314, 237457770, 237845506, 233232640, 234045007, 237626283, 238566314, 236918146, 238735592, 236938439"
item10,68,"BATHROOM ACCESSORIES, BEDROOM FURNITURE, BABYWEAR, BARWARE, SERVICE, LIGHTING, BED LINEN, STORAGE ORGANISATION, PRESERVING BAKING EQUIPMENT, LINGERIE HOISERY, HEALTH BEAUTY ELECTRICAL, BABY FEEDING, FILING DESK ACCESSORIES, DECORATIVE ACCESSORIES, BABY CHANGING, WOMEN S ACCESSORIES, BOYSWEAR, COOKWARE, HOUSEHOLD CLEANING, SOFT FURNISHINGS, LIVING DINING FURNITURE, WOMEN S CLOTHES, STATIONERY SUNDRIES, LIVING & DINING FURNITURE, WINDOW DRESSING, BATH LINEN, MAKEUP, NURSERY ACCESSORIES, KITCHEN UTENSILS GADGETS, TABLEWARE, OUTDOOR FURNITURE, STORAGE & ORGANISATION, GARDENING EQUIPMENT, COMPUTERS, BABY CHILD TRAVEL, CARPETS RUGS FLOORING, CARPETS, RUGS & FLOORING, CHRISTMAS DECORATIONS, DRESSMAKING, KITCHEN STORAGE, TOYS, FOOD PREPARATION, MEN S UNDERWEAR SOCKS, HOME OFFICE, LAUNDRY & CLOTHESCARE, FACIAL SKINCARE, GIRLSWEAR, BARBECUES ACCESSORIES, BATH BODYCARE, BABY PLAY EQUIPMENT, BARBECUES & ACCESSORIES, NURSERY FURNITURE, FOOD STORAGE, BAGS WALLETS ACCESSORIES, KITCHEN UTENSILS & GADGETS, BATHROOM, DECORATING, CHILDREN S FOOTWEAR, LAUNDRY CLOTHESCARE, CRAFT, COMPUTER SOFTWARE, PRESERVING & BAKING EQUIPMENT, FRAGRANCE, POWER BATTERIES, TABLE LINEN, GIFT FOOD DRINK, BABY & CHILD TRAVEL, WOMEN S FOOTWEAR"
make13,81,"RETAILER, JOSEPH JOSEPH, ANYDAY RETAILER, NANOB B, DUALIT, HERM S, BRITA, CHIOSTRO DI SARONNO, JOIE BABY, MINT VELVET, SN Z, FENELLA SMITH, SKIP HOP, SAXBY, TOMMEE TIPPEE, ACQUA DI PARMA, SHNUGGLE, SCION, MEDELA, MINI CUDDLES, EXTREME LOUNGING, J BRAND, PEONY, LSA INTERNATIONAL, UNBRANDED, MM LINEN, BABYBJÖRN, JANOD, DYSON, MORPHY RICHARDS, ROBERT WELCH, VITAL BABY, NANIT, NUNA, EDUSHAPE, KATIE LOXTON, UMBRA, THE HOME EDIT, OXO, SONOS, LEGO, RUCOMFY, DENBY, AVEDA, LAURA ASHLEY, TOTTER TUMBLE, LANSINOH, HARLEQUIN, UPPABABY, L K BENNETT, MATTHEW WILLIAMSON, BABY BREZZA, SWOON, LIGA, NATURALLY MED, ERGOBABY, PEPPA PIG, PHILIPS, EMMA BRIDGEWATER, DESIGN PROJECT BY RETAILER, CYBEX, WEBER, DE LONGHI, BUGABOO, JOIE, POTTERY BARN KIDS, AVF, OLIVIA BURTON, DARTINGTON CRYSTAL, GREAT LITTLE TRADING CO, L OCCITANE, CUDDLEDRY, THE LITTLE BOTANICAL, DISNEY, CHICCO, GOOGLE, WEST ELM, LITTLE HOME AT RETAILER, PANASONIC, SOPHIE ALLPORT, NOSTIK"
make3,357,"RETAILER, APPLE, SAMSUNG, KETTLER, BELKIN, TARGUS, HARLEQUIN, LACIE, ANYDAY RETAILER, LENOVO, GOOGLE, TOM RAFFIELD, SIMPLEHUMAN, SNUGGLEDOWN, SONOS, EKO, MAM, JURA, BABYBJ RN, MANGO, MORRIS CO, SILENTNIGHT, MICROSOFT, BRABANTIA, LG, BUGABOO, SPECK, LOGITECH, BABY JOGGER, BRONTE BY MOON, NEMO, CIRCULON, JOSEPH JOSEPH, LEVI S, TEFAL, EAZIGLIDE, TEMPUR, LAURA ASHLEY, NORTON, LE CREUSET, UPPABABY, JOIE BABY, NINTENDO, SHNUGGLE, EMMA, G PLAN VINTAGE, MARGO SELBY, WOOL AND THE GANG, SONY, CROFT COLLECTION, ORLA KIELY, AB AUDIO, CHICCO, ERCOL FOR RETAILER, RAY-BAN, WEST ELM, SWOON, STOKKE, THE LITTLE BOTANICAL, AVF, LITTLE HOME AT RETAILER, MARVEL, SANDERSON, VELFONT, GOOCH LUXURY, NINJA, CYBEX, WEAVER GREEN, DKNY, SOFI, GREAT LITTLE TRADING CO, MICROPLANE, ARTHUR PRICE, VITAL BABY, DUNE, HALO, TOMMEE TIPPEE, TONIES, SMEG, EMMA J SHIPLEY, HYPNOS, POTTERY BARN KIDS, ART FILE, SCION, LOUIS DE POORTERE, SAGE, 4MOMS, TOM FORD, PANACHE, EST E LAUDER, GÜTERMANN CREATIV, SWYFT, HP, SN Z, BABYMEL, CHARLOTTE TILBURY, WEBER, BOSE, DE LONGHI, ICANDY, EMU, SILVER CROSS, TRAEGER, EPSON, SHARK, GALLERY PERFECT, SAXBY, PHILIPS, BAY LIGHTING, ROBERT WELCH, BLISSHOME, DURESTA, ONE FOR ALL, MAXI-COSI, MIELE, SINGER, KOTI HOME, LSA INTERNATIONAL, DENBY, DYSON, EVA SOLO, ANGLEPOISE, THE HOME EDIT, TOM SCHNEIDER, ECOVIBE, UMBRA, SARA MILLER, PAUL LAMOND, DIOR, STOMPA, TINY LOVE, PURE, NORDLUX, D R, BODUM, BRIGGS RILEY, GABOR, CREED, KARTELL, JOULES, PACIFIC LIFESTYLE, IXIA FLOWERS, MODE, H G, LG OUTDOOR, TALKING TABLES, GHD, JUST SHEEPSKIN, OXO, LIBERTY, AMAZON, KITCHENAID, NEWGATE CLOCKS, TECHLINK, DESIGN PROJECT BY RETAILER, DARTINGTON CRYSTAL, BOBBI BROWN, MM LINEN, HERMAN MILLER, ELVIE, MOUNTAIN BUGGY, UNBRANDED, JORMAEPOURRI, CONTENT BY TERENCE CONRAN, MEACO, HUSH, GALLERY DIRECT, OONI, DUALIT, JOBY, ALLSAINTS, PANASONIC, TETRAD, DOCKATOT, JO MALONE , OCULUS, SANDISK, FREYA, BEATS, AND OR, VITAMIX, STONEGLOW, SOPHIE CONRAN FOR PORTMEIRION, TOMMY HILFIGER, BABYZEN, SKANDINAVISK, SELETTI, JABRA, OYSTER, THE LITTLE GREEN SHEEP, MAC, GUCCI, BARBOUR, WER, DELL, CELESTRON, CREATIVE TOPS, PURFLO, ERGOBABY, SPEAR & JACKSON, SOSANDAR, BODY CLOCK HEALTH CARE LTD, LIBRA, BURT S BEES, VISPRING, JOLIE MOI, TIFFANY CO, CLARINS, NIKON, AESOP, BABY EINSTEIN, LAFUMA, DR BROWN S, LA HACIENDA, MORRIS & CO., CULINARY CONCEPTS, HABICO, ANGELCARE, BABABING, ECLAT CRISTAL D ARQUES PARIS, VAX, JAMIE OLIVER BY TEFAL, ADIDAS, TURTLE MAT, RING, PARKER KNOLL, BREVILLE, LIKE-IT, SOPHIE ALLPORT, SKIP HOP, WENKO, SERAX, SLOGGI, STRING, LOAF, TASSIMO, PHASE EIGHT, EMMA BRIDGEWATER, MONSOON, BABYLISS, BLOOMINGVILLE, THERAGUN, MAD, VENICE BEACH, SUNNYLIFE, MINI BODEN, CRICUT, BANG OLUFSEN, NUNA, CHANEL, ALPHASON, INNOVATION LIVING, HEATHCOTE IVORY, POURTY, NATURAL HISTORY MUSEUM, BLUEBELLGRAY, BRITA, VIKTOR ROLF, NEOM ORGANICS , WESTERN DIGITAL, THE NORTH FACE, ASTRO, BOORI, TED BAKER, EGG, HUMANSCALE, WROUGHT IRON AND BRASS BED CO, LEGO, JAIPUR, BT, ACCTIM, VF JEWELLERY, INGENUITY, CARHARTT WIP, THE JUST SLATE COMPANY, ROBERTS, RALPH LAUREN, ROYAL WORCESTER, HOBBS, OWLET, THOMAS KENT, RUCOMFY, JELLYCAT, VITRA, CAROLINE GARDNER, PAPER SALAD, WHAT DO YOU MEME, E-CLOTH, NEALS YARD REMEDIES, CITIZEN, LAVAZZA, DISNEY, MOBY, WOODMANSTERNE, MINI CUDDLES, BIALETTI, FLORALSILK, SIMBA, NEW BALANCE, HUMAX, DORINA, FARMER S COTTAGE, CALEX, CANON, LITTLE ACORNS, NUMATIC, SOPHIE LA GIRAFFE, KOBO, LASCAL, BLANCO, FLOS, SERIOUS READERS, GOOCH ORIENTAL, WHITE STUFF, 4 SEASONS OUTDOOR, JOIE, MY EXPERT MIDWIFE, SUNTIME, CHILLY S, SIEMENS, LEIFHEIT, SAMSONITE, FOLK, MEDELA, IDESIGN, YAMAZAKI, SLEEPGREEN, TINKER TAILOR, CLARKS, HUGO BOSS, AEG, SNÜZ, CLINIQUE, KIN, NESPRESSO, ELEMIS, THIS WORKS, IMPEX, VTECH, GAIA BABY, NEFF, KARLSSON, ALESSI, UGG, PETER REED, DESSER, COLEFAX AND FOWLER, BABYMOOV, DURALEX, SPODE, ORANGE TREE, MADE BY ZEN, EARTHKIND, MINT VELVET, STACKERS, CHAR-BROIL, SAMUEL GROVES"
goods_code1,5966,"239246776, 239001518, 239842093, 239001422, 239952954, 240382074, 239903730, 239246780, 240575996, 239827061, 239841527, 241018003, 239001540, 240575990, 240040984, 238449038, 237816491, 238382853, 240376597, 239841523, 240376719, 239948158, 238742053, 237901034, 240575993, 240040978, 239246778, 238701671, 239841491, 239838687, 239246779, 236917921, 240041004, 240860354, 238121946, 239091954, 240376611, 240041012, 238923517, 239866717, 237841896, 240192734, 238639095, 240376608, 239001404, 239901242, 240376716, 240040963, 240376596, 239831425, 240376610, 238704821, 239774089, 234966617, 238704341, 240376609, 240575992, 239246783, 239001415, 239831382, 240243958, 239246775, 239001532, 236844278, 240108576, 239246773, 238923518, 240043922, 238708390, 238601186, 239948155, 239246782, 239001536, 239091975, 239001548, 239903525, 239827064, 240041028, 240376714, 239827062, 238653084, 239482917, 237627620, 238511917, 237761152, 239001450, 236669449, 239081828, 239246772, 240087884, 239001428, 239835930, 239900859, 240040997, 241018013, 238742052, 236822100, 238774065, 234418506, 238667167, 240376713, 238667165, 239143091, 240040975, 240087883, 240253628, 240041000, 234427274, 237770222, 239001542, 237816563, 240041014, 239246781, 240041027, 238905794, 240376619, 238386294, 240000488, 240040969, 236936639, 240818870, 240376612, 238349168, 239001451, 238602413, 238925843, 240343087, 239001440, 237845520, 239866722, 240382450, 238742046, 239900858, 239091995, 240376593, 240041015, 238098500, 239827065, 238261713, 239842077, 240040964, 239091956, 239837101, 240253627, 240108870, 238642180, 240040968, 237230121, 240575995, 236594916, 237758877, 238481124, 240043923, 236999133, 239001467, 240201746, 240382078, 237597912, 239841525, 239835958, 241018000, 239842080, 237189733, 238601320, 237688985, 236008891, 238674947, 236679155, 239838686, 240376591, 239835928, 239831394, 234558636, 238667161, 239091962, 239737307, 239842076, 239001399, 240376720, 238548310, 239001474, 240041020, 238222171, 238708394, 236088588, 238868205, 239903728, 240376603, 239903727, 238675934, 238905809, 238742049, 238667157, 238302373, 238449039, 239246777, 240041003, 240000487, 240041022, 238204352, 237599835, 239091966, 238935231, 238851456, 238912935, 239900853, 239975332, 240772319, 239091955, 240108572, 238095368, 241017996, 240040999, 239903542, 234942306, 240376734, 241018009, 240041010, 239091977, 240575999, 239001418, 236595024, 239903537, 238601317, 237775244, 238741996, 239866807, 239780059, 238595694, 238548312, 238601321, 240040960, 239001423, 240243873, 234730930, 234676735, 239001495, 237870449, 240286829, 238000174, 239091953, 239948157, 239841490, 239001407, 239900855, 238449040, 238735587, 239091963, 232536619, 240782334, 240056441, 239001478, 239001517, 238336303, 240361435, 238368585, 239842074, 231955524, 235622681, 236938437, 237987359, 241018006, 239790717, 239903521, 238925842, 239091990, 240040976, 239246774, 237489738, 241018007, 238668604, 237816508, 236632745, 239901263, 240041008, 240860352, 237761611, 240242349, 238674725, 240040965, 239780076, 240043599, 237457818, 239482904, 238427793, 237736238, 238302362, 239091974, 239001458, 236822050, 239774076, 236546882, 241018020, 240575998, 237758885, 238547749, 240376601, 239841522, 234663833, 239091999, 237230009, 239091949, 238708391, 238667162, 239091981, 239774081, 239474666, 233119251, 240575997, 240382077, 237736232, 234418518, 238711973, 237816485, 237269777, 239001454, 239835933, 238061002, 240393780, 239001489, 234966606, 236396447, 239091971, 237699529, 239091973, 238701670, 240041021, 240353544, 230211961, 237889523, 239842097, 240242359, 238704346, 240072647, 240117639, 239482915, 240040987, 239001426, 236088594, 240040961, 238786708, 237447279, 240087880, 239953301, 238349193, 240242865, 237791246, 234972761, 241018010, 240043590, 234241380, 238642189, 239091998, 238708403, 238750095, 239003117, 238548337, 240192743, 240040983, 237080786, 239092000, 237054937, 233746509, 238668201, 240575994, 237816488, 238667153, 234526497, 238521633, 240242851, 240129701, 238479727, 238155618, 237458336, 239831373, 232352697, 240376712, 233977649, 240361455, 235050844, 237845535, 240087879, 240241806, 239854858, 234676730, 239831702, 236346786, 236556716, 238088782, 238486521, 240192736, 239891829, 240243877, 240040988, 237013568, 240393770, 240376607, 236822116, 240040980, 237806828, 240361519, 238601319, 240087889, 238653728, 240040985, 238204382, 239001459, 239831347, 240782342, 236546859, 238094690, 238835487, 239091951, 240192730, 237197823, 239001453, 237013495, 240342752, 231083318, 240342744, 239838682, 239947834, 231898343, 238759630, 239466661, 240804460, 237859188, 238530014, 239004693, 236938428, 241018017, 237220253, 238349146, 237295555, 232194387, 239780064, 239842098, 240293125, 240243884, 239091986, 240242852, 239136942, 240040959, 239835929, 237948315, 240346954, 237094441, 239270661, 240342735, 240040962, 236030606, 238251441, 232503880, 240108900, 238548329, 237627614, 239900864, 239817713, 239091967, 239091980, 238086343, 238467929, 237903025, 237901043, 240108577, 240108575, 238424605, 237458068, 237699535, 239143086, 240087882, 240572743, 236917900, 237687807, 238553126, 236917909, 239842090, 240363232, 240043592, 240382452, 239930445, 232536670, 233054885, 238548325, 240204876, 234964330, 238742033, 239993669, 232484321, 239842094, 239851689, 237754728, 238910694, 240342751, 239331044, 239842075, 238708404, 238584291, 236918110, 239004704, 230728108, 237644630, 237736028, 240105470, 238302361, 238349144, 233054892, 239001480, 240376602, 232572488, 238298348, 240277284, 238349174, 238140708, 238704815, 240040982, 240243954, 240040996, 237955079, 236951911, 237736029, 238066968, 237196791, 239991581, 237761655, 231035079, 237992574, 237901059, 239842096, 238351823, 238479718, 238204347, 238349147, 238449041, 240087890, 238386261, 239091994, 239831374, 238204371, 236917920, 237347036, 239091952, 239994645, 238642181, 239985538, 241018004, 240854760, 234863573, 236999134, 238088728, 240075470, 238863603, 237037769, 237509944, 239774072, 238566315, 240041029, 240782336, 239900862, 238825453, 240302922, 234966530, 239396792, 238360808, 240376606, 239877685, 238919087, 239001471, 238128213, 240065095, 238930087, 240192729, 239831345, 240575991, 238905798, 233054865, 234451163, 239093669, 238667158, 240392813, 232503899, 240875727, 239091960, 237013431, 238480291, 239122958, 239831712, 234240495, 241018008, 240041002, 238271148, 239831378, 236670968, 237229228, 239001398, 239805398, 238474743, 238923516, 238605958, 237874615, 234231156, 239852018, 238475684, 237357212, 239005343, 234966604, 238668176, 240376595, 234966524, 239969248, 240243956, 238212008, 236999162, 239831348, 240040973, 238512494, 236665679, 238868390, 238970344, 240124044, 236918061, 237335661, 240041030, 239091947, 239991589, 236446380, 240342757, 237013319, 238729664, 240172087, 240040966, 235961691, 240019400, 232503893, 238847502, 240241794, 239546660, 240078442, 238318144, 239774087, 239993668, 238614646, 239091987, 238349142, 237637427, 232331220, 239012993, 238508812, 239832764, 239001406, 238667174, 238382023, 237806834, 240108860, 238442905, 236918102, 240376604, 238479722, 240393831, 239091993, 239001445, 240860361, 237754713, 237976242, 239210661, 239903534, 240040958, 238438857, 238689762, 238759643, 237816519, 239091961, 238481970, 238708401, 240192731, 240041006, 239826120, 240342758, 239831388, 240951279, 234966529, 238940038, 236936638, 239838688, 240617885, 239877943, 233977623, 233004770, 238607357, 235050841, 239046817, 240376711, 239091948, 240927463, 239466664, 239102737, 239945354, 238399622, 236866518, 239001556, 238140714, 238905671, 238630994, 238204311, 238381710, 240277798, 238204686, 233988311, 239472847, 239001481, 240041005, 234427272, 237627619, 240863754, 237758865, 239946560, 240860358, 236917963, 240271943, 234966528, 239091957, 239091978, 238211719, 238911685, 237750859, 238745535, 239538701, 237719183, 237253797, 239901695, 240108852, 237510046, 238703913, 239001436, 234558646, 240242885, 240242338, 238758026, 238741703, 238033324, 238349167, 236918146, 239482909, 240376614, 238667177, 239001469, 238632538, 238204353, 238422403, 237948441, 236995169, 238349181, 237219467, 239773610, 238905807, 239091982, 236822127, 236999135, 239780060, 236691437, 236917894, 239001516, 238744412, 238349162, 238954022, 239091968, 237874685, 240041001, 239091970, 238905797, 239091958, 232503901, 240242337, 238805527, 236546880, 240782345, 239842087, 239143096, 239123042, 239001503, 238302379, 238707527, 239841885, 240102800, 237627622, 240572738, 240264788, 240045617, 238990358, 239993384, 239091969, 237487557, 236546854, 239774078, 236556715, 238521765, 238521769, 238668183, 240242854, 239091976, 238258113, 238445789, 237013357, 240264909, 238933301, 240286834, 237457794, 231955529, 233940320, 240045644, 238905788, 238298497, 237197822, 238905810, 240376599, 236446379, 239091950, 240040967, 241014645, 240381698, 231441609, 237013505, 237637910, 239081840, 237126897, 240376594, 239877662, 237806881, 239841727, 238667163, 237615544, 237779482, 238349177, 238910400, 240342747, 241018044, 238743623, 236690968, 239001405, 237997641, 240243890, 238152204, 237763310, 240243961, 240782337, 232572506, 240342755, 238868541, 238758383, 240087887, 240192727, 239001432, 240376715, 236669442, 234966630, 237458441, 240040998, 238940047, 239122905, 239001439, 237510076, 240259410, 238204384, 238629731, 237235418, 237626283, 233153085, 236917946, 236827976, 238685548, 240041013, 238204307, 234966534, 237457814, 237699496, 239976875, 239310977, 238548319, 238889670, 236053892, 240041017, 240222697, 239993416, 233119241, 238905680, 239001429, 236396442, 233004829, 239001550, 236845386, 239482916, 238667173, 238755789, 238910690, 240342753, 238493541, 239147359, 240772323, 237758875, 237619190, 239928691, 238298495, 231024959, 236999141, 232536668, 237870450, 240941686, 240034083, 239091979, 238204655, 238905789, 238668198, 239081725, 240187705, 240192741, 237013424, 236088620, 237257170, 240253629, 238666315, 238668170, 239001563, 238258075, 238719873, 240361430, 240041019, 238258119, 240822976, 238086434, 237140430, 238311557, 240913610, 237035327, 237311758, 233939851, 238954041, 240243876, 231747449, 236917973, 238954109, 238905836, 238033552, 239142992, 239753453, 233964752, 240164771, 239502821, 233977646, 237938558, 238509464, 238479769, 239851662, 238805528, 237534291, 236546870, 240343025, 238704823, 236999159, 239904690, 240383234, 240040971, 238868065, 231607568, 240243883, 238204328, 236917933, 240041023, 236917944, 240264777, 237251560, 240300552, 234090892, 236316762, 237590467, 240893373, 236994231, 237189828, 236691430, 238585089, 239092004, 240241801, 233704785, 238513719, 230983247, 231955525, 240129712, 238036803, 240192737, 234966620, 238204391, 240157920, 238277549, 239832775, 240361530, 237993876, 238642182, 239001491, 240192739, 239739729, 238245449, 237628109, 239001400, 239980604, 235966175, 239841886, 235622336, 237948321, 236094349, 240192738, 238868055, 237320438, 238145292, 239999404, 237735968, 239842079, 238450219, 236844276, 238940040, 241017997, 238149383, 238924471, 239976877, 238905674, 237013521, 233658507, 230419925, 238204242, 239958879, 238667168, 239780063, 239001395, 230872031, 237235496, 238340049, 238471439, 236053895, 239903552, 238580892, 238925839, 239091985, 239081666, 238603810, 238868217, 240361428, 240192728, 238667159, 238020678, 236917903, 238601734, 240106892, 240310246, 238036797, 237235411, 237493993, 239868726, 239975323, 239901696, 238763461, 238035523, 238521762, 238741691, 240382423, 239001437, 237502790, 230575984, 238286392, 238729647, 238520871, 236642056, 240854769, 238036800, 234966518, 238517641, 238444193, 237406890, 238443020, 237902122, 233376499, 237962987, 237762790, 238667176, 237420740, 236784815, 238315776, 238667149, SKUCODE40, 236856289, 240192735, 239995961, 240361506, 240575988, 239841898, 238480290, 238699635, 238382848, 237457778, 231974862, 233054879, 239975326, 238427762, 237458437, 240315375, 240277855, 237985077, 238464255, 238607373, 237230432, 236852716, 237230006, 238937703, 241018034, 239091959, 239981076, 238520973, 236822111, 234090865, 238212064, 236088572, 237642110, 238708392, 233988308, 236938431, 237756580, 240342741, 238980934, 233150897, 240040992, 232503886, 237013318, 238833501, 234175516, 234403010, 233940336, 240108869, 238548323, 238911550, 238580890, 231035080, 240253625, 238149135, 239484666, 238261977, 239081750, 239004677, 237189717, 233016791, 238605902, 231958722, 238905675, 238872360, 238030156, 238833500, 240108580, 239091992, 235877581, 239838681, 237798528, 239842000, 237091047, 237689788, 236550346, 238281012, 240000493, 238548326, 238493554, 238386270, 237762758, 237721220, 237976246, 238089344, 240108939, 240076679, 236410887, 233704789, 239091972, 238061678, 236691513, 238949557, 238382597, 233658536, 236938427, 239990671, 239835934, 237699525, 240108846, 236799847, 236691525, 238548331, 233004763, 238905790, 235920975, 240860360, 238348977, 231634217, 237230156, 240343477, 235876606, 239093362, 238204657, 239905241, 238911552, 240044093, 236758732, 237996275, 237795469, 238868021, 239873041, 238704521, 240204875, 238533748, 239753452, 236679242, 240860439, 238299020, 233016787, 237831840, 238631014, 233119255, 237653268, 236822062, 239001521, 237534344, 238986813, 238926048, 239827063, 237816567, 239123025, 237235592, 237688975, 238667172, 238926047, 239760225, 240154243, 238910399, 237758887, 240342737, 235622341, 238918815, 239482914, 239955014, 237627618, 234492776, 240242863, 238123534, 237189829, 239877686, 238750795, 238226101, 237736344, 238493535, 238741971, 238043414, 237997158, 237166914, 233016777, 237641868, 238480995, 238617664, 239948152, 239742808, 237263583, 240277763, 238631062, 233940325, 237996468, 237993892, 240040989, 239001477, 238471014, 239999402, 237718861, 238868052, 240348176, 237948443, 237269779, 239001396, 240865420, 240361426, 237961141, 237189893, 240854771, 238911650, 240242360, 238493560, 240941702, 238954125, 238529678, 232653035, 238704379, 238013483, 231314061, 238005011, 238704382, 239741068, 236446939, 236672206, 240346941, 234676733, 238758017, 239091984, 236917889, 238718135, 238974319, 239001510, 234427268, 239091983, 234026363, 239831376, 238480285, 240170544, 238668209, 240040993, 238493555, 238904422, 237845510, 237720850, 238348439, 239774083, 238906326, 237642109, 237543693, 237781836, 238439679, 236053876, 240300586, 238946867, 239001401, 239966784, 240361491, 239990663, 237719228, 237013461, 238140777, 237901534, 236963745, 239774080, 238704365, 234218363, 241016868, 240087881, 238990362, 240969596, 240804454, 238282615, 240156660, 236918144, 238088747, 240031263, 238886519, 239841997, 241114389, 231802880, 240242356, 239081728, 236822134, 236823287, 238302447, 237256796, 240361496, 238458354, 238632586, 240265317, 240361574, 240243960, 238349185, 241018025, 239993666, 238368886, 239750033, 240346939, 237085179, 238971266, 238135932, 237357320, 236917974, 238382858, 238554347, 235802346, 240242849, 240045635, 240064682, 235802363, 236844275, 240075468, 234090863, 237509922, 238763462, 239780067, 240056442, 240039434, 239773257, 239841925, 240242336, 232503913, 239760223, 240277318, 238459177, 239877661, 239990667, 240530686, 238534017, 236758733, 238677671, 238265456, 238564044, 240108609, 238951513, 239031023, 237720510, 234778388, 240040986, 238349194, 237056522, 238632521, 239789135, 238904424, 240342748, 239854736, 240170538, 239891557, 238349187, 234966517, 238189300, 236994284, 237901080, 234240481, 239001446, 237903056, 240300536, 238483583, 240131552, 240108848, 240108849, 238937582, 238910536, 239774075, 238932542, 237447288, 238704820, 237614333, 241094348, 240170525, 237189841, 237246535, 238479700, 239905049, 240037247, 238835485, 238303771, 239993670, 238035335, 236557755, 239001417, 237720533, 238152493, 238906544, 238723494, 239981036, 237228959, 237181497, 238275660, 240108850, 239588700, 238632514, 240361518, 239001541, 237761155, 238440264, 236904868, 237070891, 234663826, 238935208, 233004764, 240361418, 237013342, 238639097, 237235471, 236595036, 240530687, 240302927, 240039455, 239482907, 239990668, 236794522, 237534296, 238548308, 240242355, 238286393, 238265689, 238904442, 236690930, 238318026, 237458406, 238632502, 238711479, 237903032, 238427742, 236834136, 240575315, 238482027, 238566314, 239081627, 240242343, 240302928, 237191786, 238580887, 236822122, 240300670, 240575316, 232572497, 237173559, 240376592, 238220467, 239976876, 238694013, 239780062, 238367518, 238935215, 239831693, 237235586, 238665078, 237457813, 238667151, 238666322, 239081745, 239842092, 14081, 238315532, 234676734, 236918137, 237816484, 236794543, 234241376, 238105680, 239947833, 240040994, 236308331, 238323533, 240105383, 238605965, 240361477, 241016860, 238277216, 237785018, 238581623, 238493534, 237992572, 238035526, 235642310, 237847578, 237458407, 240222696, 239784964, 237808633, 237176541, 234182451, 234406828, 238288660, 238329613, 240243962, 233988306, 238511834, 240300608, 237758889, 238928182, 240361566, 238000033, 239742796, 238928183, 238382028, 237479938, 234966615, 238480295, 238382033, 237080844, 240243904, 240342745, 233191975, 238438856, 237992559, 237699528, 237736031, 238905793, 236918138, 236936640, 240040977, 236074811, 236563702, 236837863, 237231182, 240076676, 239981122, 238291678, 236690937, 238868386, 238868123, 240105445, 239091965, 233004819, 237887356, 240575989, 238758097, 236844277, 239504674, 235876602, 238597944, 239368760, 234324491, 234558639, 238140775, 238585824, 238667154, 240271187, 238069705, 237736033, 240300558, 236844273, 239081837, 240243879, 236917884, 240108602, 237246556, 237752047, 239122982, 240804459, 238414456, 237479979, 240361432, 240222693, 238467450, 239975340, 237816490, 240243886, 238905456, 238718136, 233004777, 237945669, 239632664, 237609204, 238558735, 238667164, 233119258, 231666132, 238629987, 238750781, 240040990, 239100910, 240241797, 238513722, 238835455, 240261140, 240224312, 239001475, 239078729, 238572154, 237870447, 238204369, 238607360, 240243882, 240256508, 239091989, 235920985, 239837102, 240031262, 233988309, 240361480, 240382076, 240861591, 237509924, 230696061, 239466662, 238816112, 240087888, 237754903, 239947832, 240108843, 240854761, 239123622, 238639098, 237843838, 238204317, 240381163, 238990348, 239903725, 234175522, 232452568, 238349169, 240376600, 240161521, 239117355, 239790708, 236999173, 239975334, 240355396, 240361520, 238931688, 236477210, 237197820, 240041016, 238233622, 239742817, 240054665, 241018014, 238954037, 238918084, 237893061, 238094424, 238928184, 238774173, 238047764, 236114353, 239900836, 233880196, 240135086, 240393772, 239993667, 240804461, 239878378, 237067859, 238401928, 238349141, 238298293, 240361599, 236591493, 239004731, 239901234, 237758882, 233734443, 238868374, 237992455, 237992492, 234045104, 240085780, 238451405, 238016103, 238066203, 236398771, 239966785, 236690916, 238079690, 237357299, 237781300, 240361483, 237557916, 238564054, 234045125, 239188660, 236167448, 238298195, 237903073, 238548311, 237997165, 239790716, 237013514, 234224812, 238401917, 238245630, 239773249, 237764644, 237642111, 240222690, 239081626, 239877656, 240126871, 239826100, 238054128, 240253896, 240854677, 237816496, 238440267, 238675946, 241018049, 239110678, 237311754, 240575314, 240265316, 237816478, 238298409, 231958766, 237610186, 239760184, 240838662, 240286830, 233544692, 238282614, 238019732, 237903031, 238091568, 237816489, 238381220, 237767941, 240271192, 238258121, 240361596, 234045059, 238277548, 238054123, 234966531, 234966624, 239482920, 237902106, 237816544, 240361805, 237013563, 237903083, 238586031, 240271296, 238286402, 240927773, 240361440, 238653720, 237160837, 237903039, 238382601, 233544705, 237948450, 238911551, 240393791, 238919083, 240072648, 236844274, 238548334, 235976360, 238438855, 238632499, 240277319, 238642188, 236917935, 239001420, 238711972, 234964324, 240045621, 237975105, 237816528, 239973328, 239819783, 233940309, 237699516, 239066735, 238704361, 233658532, 240317068, 238245445, 238690492, 240075483, 239973355, 237311778, 237690069, 238937589, 238521760, 233728741, 238298289, 238418146, 240192733, 240256641, 239929878, 237269776, 238367906, 237736219, 232150328, 237705702, 239396852, 238242285, 239774084, 240278718, 238381210, 238388202, 237736321, 237244177, 238233815, 238582492, 237719226, 238945850, 238265690, 234966516, 240264908, 240651155, 236938430, 238949560, 238718133, 238548327, 239142913, 230448449, 236799030, 239903598, 238282711, 234156808, 237170600, 231124974, 238204305, 237893073, 238417524, 240633090, 240076678, 240108854, 237458084, 239786755, 237756499, 238401922, 238056088, 231507285, 238511918, 238512429, 234269403, 236346783, 236994250, 237948451, 237740056, 237609215, 240277800, 236782448, 239975316, 237231304, 238694039, 240688696, 236918114, 237037765, 240343091, 238512620, 238548320, 239975309, 240343082, 240271200, 235802334, 239817406, 238865694, 237816497, 238036798, 239773255, 237837534, 233971218, 239081615, 236794508, 236691444, 240027503, 233725409, 238815677, 239781247, 238949555, 238298190, 237893060, 240361575, 238251473, 239001492, 240927767, 238471063, 238223450, 233939855, 241017999, 239158766, 233896629, 238741681, 237627610, 238019865, 240043580, 240275143, 238631002, 238019818, 240019632, 238278108, 238904433, 237819654, 238660129, 238513737, 240029703, 237752574, 240271980, 238508563, 238361446, 238668180, 236917936, 240343083, 236546876, 234966536, 237689003, 238508814, 237458191, 239091996, 231958763, 237302364, 240913609, 237609589, 238905667, 237643365, 240393804, 239835961, 238443685, 238874476, 237901069, 236887992, 237874677, 233098362, 231659350, 234240477, 233166330, 238805529, 237231802, 239081803, 234553081, 238704509, 238906324, 239793276, 240361419, 234823077, 238270999, 240947632, 234558679, 240158323, 240045628, 237752573, 234964319, 237845533, 238979361, 234045052, 231061541, 236917965, 237257166, 234045025, 239981180, 237230015, 238731701, 238000100, 238377279, 238464297, 240243867, 238964294, 239482924, 237627616, 238368587, 238944796, 239508676, 238258074, 238926007, 234900320, 239001558, 238771971, 235959892, 239081755, 238947327, 237780059, 231061540, 237598054, 240243887, 236944828, 238265658, 237903049, 238710430, 239472843, 235961695, 239742830, 238107580, 236822064, 239472846, 238521666, 230992774, 236895583, 240271176, 239091997, 236938436, 239998181, 237311709, 237921065, 238943536, 230550204, 235897760, 238084890, 237189824, 237870446, 239122977, 240108596, 237235388, 238971267, 238750406, 237736218, 238211980, 239901724, 238016064, 239773479, 234045057, 234427277, 238564061, 234045129, 240019521, 240222695, 240241805, 239900835, 240590768, 238381665, 237781332, 237457770, 238506939, 237013311, 234966519, 239092003, 233572327, 240361472, 239656660, 239988253, 236546877, 236563731, 233054849, 230560132, 236346781, 237757042, 238222160, 238904436, 238919687, 235590363, 239096612, 239123041, 239091988, 238481958, 238474751, 236446382, 238529989, 238910077, 240108571, 240302929, 236644600, 236642049, 238258123, 237893058, 234141163, 236716187, 238691446, 236917881, 238439664, 238204198, 239979058, 239742813, 238868059, 235802307, 236918101, 238960694, 238709874, 240907425, 238990036, 240271213, 237816477, 238451537, 238479713, 240286831, 237752095, 240361548, 240804450, 240572739, 240108574, 237246020, 237762833, 237754712, 230408308, 238926040, 237808655, 239786759, 238587365, 231216704, 238302377, 238606813, 237493776, 236985993, 239996213, 238585997, 233119244, 232272852, 239929111, 240293617, 238455759, 238591810, 236938411, 236869252, 238602538, 238298992, 239883259, 239753454, 238051211, 239096621, 233971223, 233119254, 237347144, 239482850, 236999165, 239889209, 234964340, 238276275, 238667150, 239093255, 237192607, 231209724, 238287798, 234240494, 238971551, 237535022, 234964338, 237701668, 240361423, 240972556, 239851663, 238475707, 237035317, 237166931, 237887373, 238937588, 238905803, 237901073, 236591506, 231878339, 233054826, 238474753, 238735585, 238440271, 236999153, 236851664, 238929828, 236410829, 231306397, 236025116, 238704350, 238521735, 237751392, 238868392, 238418508, 238075146, 234152739, 239742819, 238703840, 237897740, 238482072, 238782819, 238348982, 239003068, 236951225, 239950320, 238199548, 238990353, 238949278, 238940363, 237735969, 239903578, 240343085, 238222161, 238580646, 238437748, 237961143, 239081813, 236728123, 237013551, 236917904, 239050703, 237628096, 236823854, 231638919, 239817714, 237093234, 238043570, 238418077, 236690965, 238665440, 238869466, 239807922, 238631057, 238868369, 236686950, 239761834, 238056459, 237128539, 240241800, 240302935, 232536615, 240135052, 238500621, 238581053, 236594939, 236917978, 240852478, 236546867, 237318271, 238703861, 240381131, 237458109, 238280972, 239851667, 236999167, 237161659, 239126778, 240138443, 237510073, 238926045, 238677672, 238708402, 237831834, 237407620, 237447326, 236691482, 238455663, 240855040, 238286400, 238521669, 238060831, 239903726, 239029636, 239779564, 233940339, 238411479, 236591498, 238667156, 238891075, 237235589, 238302456, 236994233, 238939120, 239538696, 240837969, 237948447, 238382311, 240361504, 237719185, 236479294, 239482913, 238520884, 237874616, 233602319, 236053879, 238152830, 239122910, 233054818, 238286401, 237831832, 236917942, 238381300, 239786668, 237699534, 238906420, 233940316, 236679212, 238708400, 238482047, 238548333, 238204286, 238128214, 234141187, 238401931, 233890661, 238905643, 238926039, 240242340, 240083352, 238521761, 237244196, 237968530, 240105467, 234676731, 240361517, 240005397, 236669440, 238222166, 238418160, 238525051, 238349171, 238258143, 238990355, 239123012, 237757085, 240041011, 238596460, 238990366, 236917962, 238979402, 240854767, 241018021, 240241795, 239742834, 238949566, 237903010, 233528368, 234142437, 237992597, 238282703, 237626594, 239835951, 236918074, 240065097, 240031251, 238982970, 238493570, 240029693, 231249106, 240242357, 238349062, 240361479, 238629737, 238480171, 238381262, 240376598, 237458431, 238712098, 240951266, 238937704, 241009740, 233728747, 236938410, 238107578, 238421980, 240243889, 240108605, 237573781, 241018001, 238626081, 238086341, 240361434, 238021208, 237074124, 238731697, 237902109, 236912402, 239004721, 237230100, 238556624, 238548315, 237903020, 239985535, 239941430, 240381158, 232768538, 238886130, 236346787, 240671224, 238909943, 237126880, 236917947, 238759644, 238693896, 240331161, 240346948, 233638623, 233004867, 238479901, 236895599, 237458339, 240186620, 237246538, 238897447, 238979360, 236999142, 238204313, 239903458, 240951285, 237458414, 238919082, 240019379, 237762336, 238595273, 238980669, 237688996, 238900183, 239941157, 239946563, 239750078, 238043517, 238056249, 238271146, 237269788, 239029635, 236898537, 237553491, 240081001, 239742804, 235230318, 238667155, 240300627, 240242859, 236914497, 232452566, 238655689, 234044831, 238999019, 240243888, 233119240, 238744168, 236853327, 237992507, 238711971, 239396859, 238974344, 239115634, 239081654, 238043585, 239482898, 234142436, 238835462, 238704354, 237795461, 240621043, 238513740, 238581157, 236998880, 239889166, 238631066, 239091946, 232474702, 237721244, 238888174, 238953683, 239981181, 240242451, 235622693, 240976034, 237269679, 237754768, 240064905, 238480694, 234320448, 238481799, 240271307, 238674946, 237390822, 238919951, 237246532, 240315378, 236752554, 234714318, 238482057, 238282701, 238745482, 239069631, 238903991, 239218676, 233016788, 238451538, 237987255, 238521764, 240361505, 236594923, 238282616, 238054116, 237849812, 239990674, 238079607, 237228965, 239003833, 237078590, 238614137, 238348953, 238564036, 240119870, 240057491, 238268289, 237688988, 238835500, 239984650, 238940042, 239973303, 238344270, 239091991, 237135701, 238719884, 238120115, 240000490, 239790702, 238629678, 235998588, 237228950, 238666319, 238674595, 238399909, 231520671, 240934660, 237726680, 238821581, 237480335, 240286832, 238511862, 240171240, 232572494, 240302924, 238974328, 237653331, 238393015, 238986567, 238486650, 239102736, 240243959, 238479704, 230805713, 239781252, 237859192, 237762756, 237701649, 239122988, 238905830, 238442974, 239817712, 238930405, 238137740, 236690928, 231571511, 238054127, 240264778, 237874622, 234778373, 237609606, 238564064, 240242853, 238521663, 238204244, 240572740, 240005485, 239081832, 240242858, 239096608, 238440199, 238821608, 238548330, 238729651, 237470301, 237701691, 237510047, 238937465, 239807727, 238677815, 238542063, 238512626, 238042048, 238056081, 238455690, 238677851, 240972558, 237609216, 237762341, 237754809, 236053894, 237889286, 238298250, 236953892, 238152211, 239001414, 240105408, 231634222, 239092006, 238521737, 236844279, 236836821, 237903023, 240361484, 238693897, 239832777, 240108851, 231796409, 239981061, 236917929, 240268678, 237157780, 238863522, 237920934, 238954075, 237921050, 240243885, 237752575, 233971217, 238056347, 237367951, 237827094, 239472778, 231578464, 234938308, 237699515, 237948329, 238204280, 240243899, 238054119, 238548338, 238455689, 238222222, 239789129, 239742820, 237318136, 239069518, 237291983, 236823855, 231478414, 237975104, 239003116, 238482054, 238585620, 240277745, 237013407, 238200775, 240242347, 238758041, 238287801, 234558684, 237901038, 236918107, 238825445, 238513744, 237235479, 240171236, 233686494, 237689760, 237246209, 237920780, 238905795, 238876135, 233545386, 237652627, 241016865, 239742814, 237563543, 238666317, 236994275, 240342750, 239784953, 238704444, 238497915, 237756603, 239881625, 237701680, 238548328, 239081695, 238531205, 239943729, 239948159, 239948306, 238011718, 235961701, 238705803, 238632634, 239146699, 233136980, 238480283, 238035527, 237458444, 239929086, 239848992, 237458400, 235961703, 237235486, 237805705, 240361420, 238422012, 237246496, 238759506, 237874680, 238253566, 238521632, 237189719, 238666321, 239760170, 234584005, 238204775, 238868209, 237903017, 238481960, 240361534, 238513729, 238946942, 239004713, 240172088, 239936872, 237510048, 239790712, 237166894, 240224612, 240393653, 234534883, 238474764, 240217108, 238253564, 236957814, 238270986, 237037784, 239991684, 239081660, 236917950, 238455592, 238016173, 238107577, 239737306, 237736278, 240119328, 237013426, 240390241, 238054120, 240342736, 231802879, 238580885, 240889155, 234141183, 238054113, 236053880, 240041025, 238677673, 239116201, 236598485, 239790704, 238258117, 240286828, 238137728, 238759633, 240361528, 238418116, 238747506, 237311732, 238521636, 238524781, 240907440, 236963855, 237230022, 239975318, 239916847, 231274927, 236731586, 240108578, 240019571, 238825443, 236918073, 240259459, 240300571, 240076675, 238298339, 237995943, 237781336, 240271186, 238601712, 234090893, 237219461, 240671890, 238825446, 238668311, 239743867, 240316162, 236646835, 239123001, 238204350, 237921003, 238690387, 238521747, 239788839, 236550306, 240243842, 239003112, 238835486, 238693893, 241054492, 237721239, 234966526, 234090880, 237457242, 238601322, 237992588, 238204666, 240190459, 239784998, 238910405, 238481083, 238521623, 240095108, 237796049, 238471468, 239900837, 238678455, 239001531, 238247258, 237653451, 240837965, 239482847, 237750822, 240346936, 234975093, 240217303, 240575465, 237845522, 239082707, 238481084, 237816486, 238348978, 234966532, 238459176, 240788720, 238911182, 238382266, 239999597, 238417525, 238386262, 238868176, 240036922, 240951293, 238960282, 237588645, 233004752, 233016780, 239877681, 239993156, 239993663, 237796247, 239947835, 238399603, 238294123, 240242341, 239832793, 238396017, 232452518, 238298493, 236918066, 238610042, 238258120, 239001449, 238225988, 239460681, 237752954, 238521741, 238283586, 238324331, 237230153, 238704363, 239096617, 238150003, 232503914, 239214775, 239096603, 238674584, 240241799, 238833507, 240381138, 238399665, 240018919, 238753160, 236938439, 240121435, 237754883, 232503912, 238911661, 238782739, 237845508, 237754483, 237331622, 238704343, 237189716, 236706297, 238668203, 239835927, 240040970, 232309865, 238245442, 237642336, 238723498, 237823248, 240271169, 238443688, 240242354, 239945355, 237230377, 238302468, 238704668, 236546858, 239262660, 237457907, 236691515, 239122960, 237757063, 234875242, 234966618, 238741719, 238949261, 240271351, 237458373, 238606462, 238054115, 237684387, 230483122, 238904421, 237141935, 238741604, 234224813, 240835661, 237303009, 238554497, 237764639, 240277821, 238718070, 237458342, 238417446, 238497913, 239760191, 230856288, 237230155, 240361538, 238224520, 239109062, 239761809, 238435353, 239081536, 238054341, 238653082, 237527922, 233176620, 236999145, 237189799, 231759512, 238704378, 237170545, 240242358, 240105435, 237013345, 238498058, 238868203, 238054124, 238868186, 239774045, 239750084, 238835488, 238513743, 231616970, 238653719, 238224523, 239802768, 238204300, 238282706, 238566669, 237816551, 238868218, 238533854, 238204193, 239019047, 238054132, 239881442, 237757023, 237013322, 235931038, 239116033, 240343032, 237464222, 238605972, 237992898, 237991507, 240916142, 240361486, 238274818, 240108601, 237013460, 238032349, 238602154, 237683904, 240979049, 238572156, 238418081, 237997156, 240361497, 238433725, 239889170, 238690091, 234034573, 236917932, 238868177, 239001416, 237458363, 238278284, 239889208, 239019586, 239981123, 237447276, 238868441, 237841890, 236822119, 239854857, 237233785, 238666313, 238155298, 238587025, 241030245, 239742801, 238590597, 231747448, 238877350, 238811444, 237534780, 238521766, 238990367, 240075826, 233971220, 231034699, 238569386, 238586306, 234045085, 240186265, 238946723, 237615275, 234090888, 239081744, 238945477, 238054129, 238694016, 238302383, 238493556, 239993665, 239742803, 240614872, 237553893, 236955938, 239981072, 239122984, 238689786, 240782338, 237094452, 239156660, 230586692, 237189849, 230727601, 239954681, 239820097, 238443001, 237775760, 238276817, 239480669, 240108863, 237189842, 240243903, 234966621, 238298271, 238298346, 234045160, 231238741, 237991644, 239742802, 237458419, 240346952, 236679268, 239832768, 237397625, 238298328, 237996960, 237235460, 238153258, 238330466, 239024675, 238886362, 240034079, 236591497, 236642673, 238937610, 237098599, 237458357, 238427743, 240135089, 240243900, 237397623, 238379936, 236917902, 239769609, 237875438, 237029943, 239081747, 236822105, 239001412, 236546862, 234938312, 237997163, 238135931, 238204246, 238979363, 237235531, 240361414, 237993874, 240860421, 234342719, 239981038, 239769671, 234036667, 239230661, 238355463, 236917918, 237656439, 236563708, 239040939, 237246309, 234966610, 238821576, 238498453, 238482066, 238389016, 238035524, 236834117, 234045014, 237557766, 238603809, 237922627, 239003110, 239797191, 238088753, 240076677, 236082505, 237637424, 238031045, 238809832, 230504446, 238493666, 237458432, 238005351, 238771979, 238439689, 238556641, 238091641, 238090880, 237534334, 239851709, 238474746, 240406674, 238614135, 238988747, 238479693, 238521768, 238904419, 238677670, 231866604, 239054661, 237063360, 238666314, 236679187, 238278287, 239796773, 238513731, 236799843, 231607585, 238705792, 239948309, 238060956, 231958689, 238497866, 237230088, 236894752, 231520680, 236691433, 237170601, 238741970, 236546861, 236088574, 238075229, 237557762, 231520663, 238703837, 239975347, 238244189, 238035529, 239101302, 236951371, 236664061, 236917952, 240907442, 237872960, 231850950, 237013449, 240242328, 240818875, 236286647, 240075474, 238381217, 238703838, 240091568, 237757071, 239780106, 238704713, 240108600, 238508819, 239781246, 236917959, 236999175, 238919103, 237430157, 239903570, 237458348, 236994268, 238493540, 234966623, 240261149, 238119577, 240671235, 238151889, 236288319, 238590608, 236546879, 236844280, 238552350, 237919699, 239975317, 238931169, 238704822, 237948317, 239929760, 240037294, 237589474, 237426451, 239765053, 239837091, 239122929, 239482905, 238906468, 230805709, 237067839, 240935751, 238491417, 237246557, 238211982, 238288337, 238291861, 238910406, 240361559, 239142812, 237997382, 237822427, 238204363, 239142901, 238468173, 237985412, 238524149, 240150578, 238281010, 238946724, 237919735, 239306924, 238940154, 238107620, 240016199, 240076674, 239765193, 237899913, 238204377, 233004831, 236918065, 240572744, 233191976, 238307549, 239073953, 237761626, 238137532, 237123095, 238865448, 237947579, 237230180, 233004779, 238386263, 240378172, 238480258, 240242857, 237628101, 238644567, 236844281, 238552352, 239948270, 237520097, 238991289, 240171238, 230557272, 230334715, 240302936, 238443659, 238932535, 236918083, 232536662, 237762424, 238521763, 237458140, 231686158, 233990413, 238298171, 238067176, 235804305, 238737720, 234966605, 241017995, 237775720, 239482906, 236999143, 238868391, 236702090, 237233797, 236296308, 240346942, 240300544, 239122959, 236746073, 238521631, 239739796, 240383709, 236679098, 237303085, 236794510, 239029637, 238904450, 240389226, 238910455, 238481294, 240054666, 238481964, 237987362, 240272360, 240614989, 238971554, 237874608, 238607231, 239158761, 238742030, 234270548, 238088762, 237795462, 238481132, 238298008, 238565910, 236088583, 238298336, 238125068, 231520665, 238552353, 238666323, 238553114, 240766843, 239779585, 238504695, 240031833, 237230087, 238825454, 239973301, 232251115, 237166679, 237940157, 241018002, 238583713, 239000036, 240927470, 237458438, 239877653, 240837959, 239973327, 236972953, 237997086, 237520090, 236917891, 240854801, 240346946, 238424017, 237903043, 238769650, 239001431, 240242861, 238455653, 236594935, 240603162, 238741978, 238735592, 238564048, 237642244, 237845523, 238075179, 238497928, 240393773, 236088645, 239081679, 238242295, 238750977, 240363284, 238282099, 238876213, 236644599, 239004030, 239937270, 240014896, 240007661, 238349151, 235622314, 237229965, 240165050, 239305558, 238463654, 240242788, 240818874, 237230392, 238586676, 238590577, 239975315, 240393823, 238905682, 238302366, 232503907, 239851599, 238626652, 238480177, 236917913, 238464268, 238942797, 237395261, 238063964, 238585146, 237229972, 238668177, 234141154, 238497906, 231431353, 240293620, 239466663, 230600102, 238725511, 241016859, 237997173, 232503891, 238893437, 237189732, 239093360, 239948260, 238705795, 231238642, 238274502, 239981768, 237901029, 240064906, 238086431, 237893357, 239229111, 238005350, 238479466, 238816113, 238521627, 238588726, 238529997, 234400397, 238349016, 238668042, 237948319, 230448463, 238298283, 240043565, 238868063, 237535520, 238585237, 237720918, 234944604, 239991691, 238910018, 237805704, 234447244, 237189697, 237642337, 237457949, 239770416, 238912492, 240361516, 240271207, 238222163, 237735962, 238265682, 231625549, 238731518, 239482912, 238918085, 237754733, 238704360, 237229985, 238751917, 234045089, 236458389, 238924413, 238552167, 239901214, 239102214, 237196955, 236410885, 239152671, 238558695, 237893062, 238212042, 240361437, 240650771, 239903577, 235874447, 238286395, 240170539, 238947305, 237735475, 240045626, 236088648, 240916159, 234241406, 234045049, 239975322, 238868220, 238667181, 239901210, 239004700, 238763459, 236917964, 238833508, 232540511, 239142908, 238721616, 237859190, 239947831, 238258116, 237845502, 239993403, 237992625, 230727607, 239981119, 239742823, 239743870, 238308067, 237013543, 234648456, 240271204, 240277734, 238079636, 240095107, 239894491, 239050166, 238439691, 237238848, 238054342, 238107280, 238370686, 239846972, 240343090, 230727595, 239760206, 235958465, 237874678, 238291892, 240393829, 238382312, 238729668, 240241802, 237447286, 233004860, 238825447, 239883264, 237013394, 237688990, 238872003, 238200781, 238270993, 238605703, 238971555, 239851328, 238013488, 237383445, 232538315, 236918072, 238440189, 238667166, 238869546, 240057196, 238034568, 239877966, 233071762, 238758095, 240857134, 237769055, 238759136, 238370659, 238121806, 240105450, 239981140, 238973412, 238493550, 238573545, 238691585, 238929014, 239472780, 238242294, 238703955, 239981086, 238576489, 238441484, 238509648, 238282704, 240104846, 235924388, 240106750, 240243871, 237189944, 238772407, 239001438, 238573040, 238399635, 233916381, 240361549, 237795310, 238479842, 238548336, 240530688, 238350306, 238298286, 236432869, 233725389, 234710686, 237344455, 239832792, 238403522, 236053881, 239121809, 240300560, 239198695, 238954028, 238592776, 237084632, 238055470, 238224650, 237845514, 238667160, 238445757, 237189942, 239781248, 238629978, 238349156, 238440260, 235924376, 238954080, 236679216, 239001442, 240951117, 234045092, 239472845, 238348943, 239976839, 240854765, 238292482, 238200507, 239773259, 238209414, 239742798, 240105375, 238298281, 240105522, 238903992, 241016864, 237591169, 239474667, 240361526, 234045128, 240242862, 237754793, 238750907, 239096619, 238825448, 239993383, 239790707, 237874621, 238556621, 238427445, 238204387, 240045999, 238427744, 238668140, 239981131, 237626587, 238298297, 238904428, 237553721, 240108607, 238606311, 231962328, 238286394, 240361554, 237263611, 238626625, 240075829, 238584551, 238954074, 238521622, 237893065, 240342742, 240271306, 238543622, 238868440, 239798758, 239903526, 238349182, 237618746, 237126896, 239841791, 239975310, 238737692, 236938409, 238910407, 237625870, 237246555, 237874619, 238253565, 238607229, 238298209, 234267037, 238588077, 240361463, 238947322, 238204220, 237055981, 240108857, 238381169, 238455700, 238904441, 237298132, 233004587, 236799116, 237991508, 238905818, 238200770, 238446859, 238521626, 238298440, 240103057, 237509433, 237899931, 237893070, 236276317, 237849926, 238990554, 238897446, 234240461, 234966521, 238278117, 237281187, 239123266, 237754526, 240393819, 230410285, 233016792, 238382604, 237203783, 237037781, 238223483, 238667169, 236706293, 238348063, 237986920, 238453150, 237235541, 238690386, 239878408, 237569225, 236679146, 237479972, 234558675, 233203341, 238607380, 237126881, 238759635, 238572493, 236794544, 238940039, 236938438, 238574422, 238278379, 231607583, 237235558, 240000491, 237189970, 236917941, 235452317, 240361487, 233004769, 239877765, 238793741, 238479721, 241016866, 237903045, 240039897, 239742794, 238925664, 240671650, 238482015, 240105287, 237230157, 238298168, 238651729, 236440335, 237691092, 238585166, 240045625, 236963750, 240654670, 238053689, 240108866, 238440181, 237458380, 240135095, 238124333, 238879335, 237714204, 234776671, 233016779, 237246493, 234492775, 239147780, 238982660, 238036801, 238681163, 231796410, 238471009, 237920749, 233658505, 238632525, 238187493, 237350999, 238222167, 238348952, 237080838, 237230036, 238592777, 237386263, 238103259, 237762760, 237458408, 238933294, 238744194, 237189715, 239981033, 238277222, 234251123, 238723453, 231252220, 240217301, 239975346, 233971215, 238571425, 231616972, 241040345, 238974368, 232540550, 240869470, 239122944, 238316221, 239770507, 239742793, 238521635, 237311716, 240242850, 239508667, 237986915, 239786680, 237902128, 237553492, 238668048, 238298178, 236999130, 238521758, 238469704, 238246986, 237298130, 238075173, 239945351, 240300694, 238271130, 237859191, 236578713, 231520675, 238278441, 238723482, 238868058, 238493665, 238577235, 238349165, 237827092, 237315611, 238548322, 237246548, 239981116, 238693872, 238816110, 239081630, 232536618, 235944309, 238280531, 237845529, 240006687, 238895575, 238486699, 231238626, 241094347, 236918080, 236594934, 239975321, 237745857, 238088751, 237534328, 239962365, 237127752, 238690385, 240242335, 238868384, 233071770, 238912861, 237992818, 237037763, 238302375, 237235434, 238382598, 237679368, 232435392, 237903519, 238482024, 237138248, 238311548, 234436917, 238737918, 240118405, 240381136, 239005094, 240361556, 239981037, 234714770, 240105394, 239176818, 238348098, 238224527, 238694023, 230560134, 238990363, 239214780, 238513727, 238591722, 240242860, 238890952, 234045003, 239502807, 233004718, 237506269, 238419102, 237347081, 234901614, 239013021, 238481765, 233545388, 233054890, 238596438, 239003121, 233004766, 238986800, 240300606, 238298170, 240078449, 237181459, 234045070, 231379740, 238942214, 238607366, 237171817, 239123032, 231958591, 239769614, 238607361, 238539621, 234605133, 233916373, 239758295, 238368528, 237070893, 238668199, 238668161, 234715833, 240034067, 238438184, 239071698, 238931436, 236822051, 234587590, 238945473, 239808325, 233004825, 240688690, 237515820, 239947233, 239946632, 239786756, 237553493, 238691442, 237013380, 236951925, 240029667, 237233789, 237395251, 232851040, 238138908, 238709969, 237781323, 237653419, 238521746, 238945469, 240105491, 238418153, 238868438, 237475258, 239761460, 236936644, 240075465, 233004704, 237181483, 238381215, 237757089, 240342788, 238872007, 236917883, 237013437, 234374863, 239123018, 239096600, 238440265, 234044840, 239993428, 238004068, 234964339, 238015568, 230693554, 235802331, 238043201, 238611855, 231674183, 238552380, 238665094, 238479710, 239773600, 237575443, 240299929, 240614961, 240241804, 238521749, 237311768, 239760172, 238750789, 236857467, 233658511, 239742829, 237458375, 239082698, 237244006, 240272176, 233054887, 237684570, 238286399, 238897452, 238085959, 238875696, 236912406, 237628103, 232452567, 232686979, 237219466, 237181462, 237893068, 239779988, 230523608, 239874804, 238533855, 237244159, 236679186, 238075462, 238943543, 236686949, 238349139, 240583108, 238204218, 237331632, 238054344, 234324306, 238689763, 240300612, 237684420, 237166913, 240075662, 238266584, 238486649, 238942225, 234141190, 238556634, 239991584, 238821621, 239981027, 238480287, 239970674, 238086450, 236479331, 236644592, 237614295, 239013000, 238763460, 239472709, 238480271, 238689726, 238815945, 238967226, 238227496, 234863569, 239122906, 238370582, 233098367, 236918076, 237230181, 239991681, 238382504, 238629735, 240031837, 234266725, 238054112, 238960469, 238935230, 235802336, 239122969, 237416852, 238533831, 238327582, 236288527, 235990310, 237170599, 240277748, 236053877, 240106756, 237553728, 237269808, 238452520, 239180669, 238313459, 238326756, 238530017, 239218675, 240450791, 233004813, 238258142, 238479844, 239766023, 238939117, 239981075, 239081770, 238977798, 238072111, 239994546, 236999179, 238569701, 240037311, 233016785, 237432795, 238292204, 239999408, 232851045, 237852649, 234778375, 237080814, 239905239, 238815717, 238930851, 238302392, 240019401, 240034077, 237901079, 240381148, 238598099, 238197657, 238614117, 238601546, 238086426, 238507726, 240138438, 236994291, 231744067, 237513323, 238455761, 238652912, 238497951, 237458064, 241018019, 238611856, 238036804, 238906568, 237761160, 237872955, 231834372, 238420601, 236686901, 237948439, 238966605, 236553393, 231958716, 238675952, 240009749, 238971552, 238531440, 240105490, 240854709, 240277738, 238401933, 237189846, 230432000, 238267756, 238868437, 235920981, 233725408, 238750684, 237901061, 236963843, 239472712, 241018043, 237359255, 238491844, 237331638, 238521641, 236895590, 231520688, 240013419, 237609202, 238480180, 240823912, 238204380, 238630992, 236288312, 237458398, 232150523, 237845512, 240277735, 237887388, 238464150, 238524156, 238413090, 238652144, 239983033, 236627750, 238368589, 239955015, 237699523, 238974338, 238521665, 237172470, 237331628, 240928598, 231898345, 238455766, 237230923, 238404308, 238049672, 240070784, 238558688, 230935704, 239753724, 238302355, 238667180, 239984455, 238070648, 238999058, 238491451, 238107573, 239835959, 238204219, 237458369, 239797896, 234295552, 239796992, 239981035, 239882934, 238771976, 238954054, 239864786, 238303385, 230557279, 238204248, 239096616, 240241796, 238311453, 239981054, 238582864, 240075489, 238971553, 238229675, 232536672, 230220262, 238929515, 240256602, 239797197, 238868066, 236705535, 237458131, 235384308, 238013489, 238678457, 240271346, 239786677, 238629824, 237080983, 239760187, 231124973, 237781337, 241018038, 239122904, 238200419, 239929218, 238556681, 235238311, 238865449, 238422353, 236053890, 238809577, 237919970, 240255535, 237901067, 234220462, 237845521, 239991585, 238548321, 238498053, 238427831, 238075244, 238271001, 240300538, 238511766, 238668036, 237805728, 234964331, 239142920, 238140439, 237987254, 237235569, 238509646, 237961172, 237418029, 237992456, 237070896, 234587585, 238381198, 240334420, 236666316, 237022047, 237637407, 238605727, 237447285, 238350338, 240217109, 233704920, 238464277, 236510820, 239742797, 238269817, 236904866, 236594943, 240186267, 239096605, 234220473, 236918109, 237023018, 236877204, 237196954, 238349992, 234044824, 239096602, 238399105, 240361562, 238753162, 238245614, 239835954, 239760188, 238524438, 240860436, 238381208, 237649454, 238298343, 238955214, 232474651, 232160391, 238443016, 238651862, 234007350, 232766844, 238019507, 238919946, 237141645, 240021492, 238883497, 238281011, 238521754, 238286391, 237229984, 237426372, 237520108, 236378500, 237246546, 237458384, 236691475, 238521738, 239835932, 240212170, 234865235, 235394330, 238580204, 239978500, 233988351, 233704812, 240171245, 239930446, 238470362, 238990364, 239889462, 238741739, 238910846, 239968556, 236644578, 238868119, 231027209, 236594918, 238381209, 239947271, 236999137, 238054137, 238691448, 238913003, 237231298, 238485721, 237243956, 237752041, 238399668, 240075490, 237720535, 238357659, 234299342, 238931693, 239773262, 237189914, 240008156, 238269808, 234447895, 232536622, 236666953, 237893048, 236646864, 237080839, 239762020, 239116125, 238033326, 238690384, 238054143, 237770188, 238904432, 238607365, 238074942, 240138606, 239894492, 239081686, 239873552, 238298192, 236691514, 240170518, 237752058, 240278719, 238631015, 237816564, 238937609, 238564047, 237331629, 238403516, 240232057, 234800443, 238753161, 238481123, 238741990, 240083045, 238471515, 237067860, 238888331, 238970345, 234036681, 238159030, 239877267, 236904865, 237008187, 236823307, 238400462, 235222551, 235870753, 237231291, 233054874, 237816503, 237751996, 237996307, 238016057, 237796242, 238512334, 239482887, 239883254, 238731504, 237764562, 233312453, 238254605, 239123009, 238690276, 231907812, 240045633, 238298269, 238262055, 239122965, 240094664, 235876604, 238932557, 237831833, 237230185, 240271288, 240264784, 238910092, 238705804, 238401919, 238825449, 235622318, 237231365, 240062123, 238088277, 240045620, 240242329, 240586669, 233728750, 237874620, 237791208, 238298434, 240293175, 238865453, 239873335, 238750874, 240300589, 238404077, 237407623, 238597205, 231958593, 240300600, 238482052, 240293161, 239492743, 238418348, 231391432, 237311763, 238464177, 238897462, 238825450, 237775776, 239081816, 231607595, 240343473, 236690931, 240381132, 238384366, 237458003, 240019353, 239384674, 238723783, 237230005, 237035318, 238933264, 239973354, 237887361, 239960185, 238953951, 237752569, 238521751, 238140704, 238311458, 239115630, 237779484, 240164790, 239122972, 237901533, 238652914, 240045646, 238253806, 238019888, 238298337, 237426495, 231238740, 234045126, 233864275, 237655901, 231898344, 238192793, 241054497, 239058752, 236716113, 238960437, 237013450, 237231281, 239792891, 238931690, 237493812, 238481011, 239546661, 238592778, 237752035, 238162060, 238533890, 238521637, 240154798, 238427747, 240626633, 239466665, 238261724, 236646863, 237374164, 240361563, 239831701, 234492777, 240007872, 239999520, 238741738, 238506949, 238086447, 238370385, 238704819, 239756997, 238990350, 238909482, 238574423, 233879528, 238382851, 237615558, 237805717, 238631844, 238292760, 236596919, 236951227, 240135042, 236702094, 240164683, 239882171, 239753006, 239784949, 238960259, 239096552, 237013366, 240140669, 238757591, 237534323, 239071202, 238607369, 236917925, 240027532, 240356934, 237196776, 237458361, 237318790, 238398410, 237229996, 240242866, 237197741, 239983034, 238617663, 231611490, 240015004, 237874627, 238986817, 238204228, 239951159, 240393800, 233312600, 239218669, 238552344, 238974352, 238935226, 237805708, 240927771, 240361571, 240282431, 238053688, 240013382, 236755002, 237920750, 236917917, 237094318, 239967322, 239781236, 238245493, 239101598, 237094387, 238591162, 240271320, 233054880, 238910086, 236968910, 236794512, 237553729, 237687808, 239773630, 236994251, 235622309, 236822069, 237458127, 240356854, 237420748, 238046688, 238691447, 237752943, 238119861, 240241803, 238486673, 238629683, 237321096, 240343081, 240126072, 238229279, 237181492, 237311719, 238382017, 238704345, 237903085, 240306847, 235668475, 240969599, 238211971, 238302454, 238384373, 238741714, 238513730, 239781239, 240293144, 231253635, 230805711, 237534329, 240671648, 238267754, 239999362, 238759143, 238417508, 238419816, 239847475, 240915874, 238521736, 239841582, 238486956, 238904425, 238070745, 236591504, 238903990, 237235457, SKUCODE44, 240242353, 238035539, 240271361, 238097273, 239466660, 238833504, 236088580, 237189788, 232538318, 237901036, 238897458, 233004709, 239980595, 238723782, 240271206, 237381690, 240013462, 238640144, 237919250, 238675878, 233054811, 237992697, 240951289, 237452536, 233356470, 240271969, 237466897, 238258115, 238872008, 238134084, 238579766, 237997587, 238558687, 239831550, 237899896, 238200776, 236917931, 234044860, 233004717, 236958940, 239993404, 237719227, 238251458, 238350005, 240388908, 237714059, 238868120, 236999151, 237757083, 234938307, 239040854, 238893417, 236074809, 236546863, 238960280, 238668168, 239805397, 236702085, 237553506, 238750165, 238471465, 238085969, 237458409, 238471471, 238668252, 240300626, 238282613, 237628107, 238261725, 237230391, 238039082, 238937884, 239960803, 240342801, 236706299, 238614436, 236088617, 237018890, 237752142, 238607384, 240342793, 237688989, 239952620, 238440182, 238088761, 236999126, 238479797, 239158750, 238422730, 238521640, 238521671, 238913040, 238404078, 234901618, 238905669, 239986111, 236690970, 236951915, 237244202, 238590609, 238267452, 237920746, 237370054, 234045021, 240043563, 239888925, 234220472, 240300697, 240043920, 238204253, 238629985, 240361494, 238464228, 239093251, 240170392, 234710756, 234045161, 237244178, 240277846, 238340607, 233054893, 238614115, 238054135, 238904447, 239081759, 239882107, 236594940, 238145394, 236716280, 237246542, 237997642, 231745706, 237746995, 234007414, 239143004, 238348945, 238054121, 237140265, 237534789, 239851937, 238524440, 238422734, 238455756, 237824148, 237615911, 237874628, 240278715, 237996296, 240366724, 238245443, 239994648, 239859344, 239628685, 238440238, 238086433, 238704357, 237992833, 238520872, 238521659, 240000209, 231836082, 238569705, 239254666, 237357210, 238585825, 237983909, 238350315, 237457926, 238511868, 238691445, 239532665, 238298280, 239929386, 234863570, 239805329, 239482910, 237684393, 237988717, 238958530, 239482888, 240305129, 238282619, 238532058, 240899734, 237920744, 238955256, 238204250, 241009659, 238298290, 237405603, 239779245, 238079076, 239081791, 240105416, 238318163, 237534313, 238061596, 237288143, 240095103, 236546871, 231622466, 237653278, 238282714, 236691518, 240170537, 238705784, 231634223, 238628087, 239127093, 237824434, 238217458, 237961136, 241000035, 240393799, 240271218, 239482921, 236553417, 239132743, 240091650, 237202870, 240029404, 238271008, 238954038, 238401080, 237041302, 231520673, 239482903, 238511865, 238474740, 236679204, 238737686, 238758117, 236690921, 238447913, 238327477, 240271167, 240157698, 239894329, 239806675, 239981044, 237279125, 237699518, 240103066, 236799062, 237610185, 237626585, 237138267, 233704822, 239742831, 240624648, 238524694, 233004712, 238627786, 239904628, 237948433, 236938435, 238265440, 239854674, 238617668, 238447883, 239835957, 239001408, 237480025, 233176623, 239801653, 237992679, 237553508, 230560131, 240361476, 237991859, 238055439, 238719675, 236706307, 238422416, 238833503, 239112794, 236578709, 238458411, 238668043, 238086443, 237231181, 238306224, 234032367, 237458433, 238079744, 238318764, 236999176, 236794509, 240788717, 238088733, 238629979, 237229181, 238935235, 238960483, 240393790, 240192740, 236402675, 232503892, 237168068, 236917857, 233916376, 238349027, 237091070, 234964320, 241016862, 238602541, 238971842, 233940306, 238602136, 239046822, 239996758, 238467453, 233004711, 230400347, 238399659, 238282677, 239773253, 240045645, 238959787, 238938492, 238563088, 237266194, 238427886, 237078531, 237919973, 234038835, 238480261, 234247361, 238401925, 238719792, 239886661, 236938424, 237754876, 239975339, 240860353, 238204319, 239980592, 239981126, 238910402, 240034281, 238187494, 237999855, 236594938, 238694004, 238919241, 236691583, 240269006, 238444478, 238704344, 237288136, 238282676, 240242345, 238480275, 238690252, 240075464, 238086430, 240321390, 238455693, 238759642, 239832774, 238689642, 238741977, 239981066, 240044357, 239998163, 239741067, 240105399, 237791238, 237067857, 239684667, 234403009, 237757056, 238685473, 240603167, 237094335, 237719186, 238942901, 237238854, 236088579, 239753213, 240156661, 240343601, 238989246, 239784995, 239374666, 240045622, 239960838, 238197662, 237816540, 239981167, 240300585, 238587075, 238464293, 237535528, 234182471, 236446359, 238182002, 236690934, 234007067, 238521767, 238587960, 237997616, 239116067, 237094364, 238904417, 237457980, 238665832, 238825440, 238712058, 238665092, 237919686, 237364320, 238089390, 237615543, 234125049, 238444217, 237887357, 231958606, 238054655, 237903029, 237779553, 234652459, 238030165, 239774460, 237189653, 238990359, 238251449, 238705807, 237859186, 239122946, 239122947, 238170053, 238122435, 238303875, 237091065, 231745704, 240253895, 238067048, 237674055, 239096609, 237775216, 238569489, 240037164, 238911184, 238040036, 238298301, 239993398, 238939601, 237447310, 233977624, 233004772, 237458393, 234938313, 233004589, 238401915, 237166920, 239835931, 238910401, 238222170, 238539403, 231958578, 239230754, 238211989, 237543621, 238617665, 239003108, 239894314, 239877316, 230865136, 240271350, 238534714, 239854854, 236844334, 239254679, 238579830, 240343024, 238911177, 238665080, 238668162, 233710682, 238959079, 240108899, 237684575, 238738063, 239003665, 236308323, 237859187, 238644568, 238755565, 238919950, 240277851, 238211727, 240300647, 238974335, 231136991, 238258073, 237013391, 237449832, 237609628, 239943486, 237650527, 238443251, 239984698, 232316749, 239878915, 240105437, 237458436, 237992655, 239981154, 239484671, 238680156, 239991588, 240933078, 238086453, 238080585, 232540519, 240951281, 238888989, 238919690, 239854855, 240029400, 230560409, 237406868, 240164974, 236706296, 239773258, 238254608, 238107603, 239785270, 239037680, 240271196, 240016188, 238140148, 236647881, 238439667, 239981029, 238881682, 238949568, 238880132, 238521743, 239901659, 236410775, 238985585, 237447281, 238265786, 238418152, 234938309, 238607258, 237246304, 237903022, 238482062, 238382063, 237457253, 239805400, 236904864, 238382506, 240125885, 238935238, 238058286, 238668228, 240008166, 238591963, 237699552, 237269716, 236917886, 240075654, 239396833, 237080834, 238482033, 236695095, 237392307, 239777363, 238955025, 238868214, 237699508, 237447313, 239773260, 238966736, 238580637, 233345003, 239807924, 238280469, 240216052, 239890826, 240201763, 238200497, 238954081, 238960369, 238382031, 233170363, 236851577, 238601707, 239742833, 231251059, 238203123, 239758294, 238741704, 236310468, 240357406, 233748848, 239985621, 236662258, 238348955, 240045643, 238521679, 238154479, 237476811, 240075493, 240067433, 233977642, 237189882, 238440243, 237808663, 240392818, 237887362, 238521748, 237679411, 236690962, 237495461, 237215676, 238704510, 239081771, 238482076, 237231178, 238758511, 237679373, 238375646, 238911179, 231344773, 238759650, 239805371, 240277746, 238399651, 238480292, 236642663, 239981101, 238573171, 237299574, 232150341, 237065892, 237437249, 239962512, 240361502, 238894091, 239760196, 238580877, 238481741, 230420035, 239944975, 234901615, 239739577, 239789128, 239993405, 240010801, 234283580, 238513728, 239092002, 236801943, 237931181, 238229941, 231746235, 238906620, 234045103, 237679410, 240039433, 238439668, 239967549, 238282229, 237244179, 239096601, 240806454, 236690944, 238719937, 237781837, 232622668, 239820096, 237458114, 240980117, 238204394, 239837099, 238587243, 236546865, 230833261, 240625834, 237775119, 238398989, 237246562, 238721835, 238710377, 238825479, 234251111, 238548376, 238943454, 237230090, 238945472, 239019023, 238450220, 237035313, 231607563, 238147815, 236578701, 238954078, 237736324, 236026852, 240251167, 236918067, 238890897, 238481860, 237798491, 240105397, 238675940, 240019355, 239532661, 237971846, 238277547, 238042179, 238349018, 238689761, 238061808, 238382300, 233016797, 237897947, 239797636, 237535029, 237976188, 238521742, 232309854, 238054385, 238601273, 238135771, 237840450, 238479446, 234220466, 237775761, 239820122, 238899848, 240000788, 237775187, 237443571, 239093361, 237796259, 238704342, 240243897, 238905673, 237845513, 238911287, 240121436, 238552358, 237903052, 239742818, 237230171, 237553511, 238585076, 237244194, 237869214, 240235677, 237371401, 231238738, 237927161, 237013444, 236066308, 237718468, 237160834, 238940368, 237757107, 237457921, 237816479, 236670965, 238298300, 238265748, 238482021, 238367844, 238212677, 238911522, 239949847, 237903082, 237824010, 238954053, 240018875, 237458377, 237013358, 239969250, 238267929, 237235416, 237557927, 234776693, 236300507, 237726658, 238311440, 238606251, 238671040, 238481798, 239960206, 240256511, 237375226, 239981043, 236310489, 238077864, 237066016, 239750029, 237553490, 239851668, 232309866, 235998594, 237458002, 240302939, 240014901, 239127092, 236687033, 238637484, 238580379, 237901071, 234045106, 238427060, 239743871, 237311726, 238873501, 237449958, 237553489, 239930886, 238947297, 238572153, 238665839, 240156662, 237791581, 237458368, 238381720, 239941159, 238274146, 240361565, 238292206, 238227793, 240316454, 238329134, 238455697, 240302914, 238197653, 238580895, 238479717, 236798672, 237189900, 238106406, 238741679, 240393822, 231607562, 240342810, 236852905, 236706318, 238629931, 238690088, 239760133, 234714694, 240027504, 237992581, 238643547, 236686899, 240029712, 239092005, 240271226, 239354663, 237420744, 240019399, 239948269, 238761218, 239123015, 238440211, 231612321, 240154796, 236917960, 233916375, 240976049, 238043116, 234794673, 231747435, 236938433, 238464152, 238886243, 232150390, 237997155, 238479731, 239121849, 238721744, 230500478, 238286437, 238323552, 235590390, 240171229, 239006699, 232540557, 236730210, 237986916, 232432336, 237754882, 239817635, 238471437, 240300661, 238124243, 238493542, 237311759, 237719178, 237189902, 231796412, 238903934, 238668257, 232538355, 237219498, 239125584, 238647297, 238935217, 232540547, 234045116, 238931453, 237080843, 238309165, 238270988, 231512308, 237919971, 238271007, 240854772, 238302359, 240210155, 239740470, 236799026, 237940163, 237920743, 239093363, 240161524, 236679158, 238622225, 236446361, 236691496, 230551439, 239918722, 237058719, 238882026, 239765188, 238279206, 235870827, 237837545, 239482911, 239796771, 239081726, 237845519, 238280085, 237406842, 237752028, 231803345, 239941158, 238973811, 239131153, 238401927, 238287976, 237323451, 237189844, 239132695, 238614658, 236025118, 237684572, 237860110, 237799927, 240278543, 237235406, 239144308, 239896096, 240138538, 230931884, 237754535, 240154797, 238298305, 238485718, 239981089, 238582556, 238606252, 238950344, 240951272, 240361597, 237597910, 238964872, 237752152, 239482919, 237266205, 238440317, 237679409, 235944307, 238494743, 234045080, 238124797, 238418089, 239872675, 237820117, 236799849, 239783104, 237719170, 238031621, 239882102, 240242855, 239254742, 238376019, 237961783, 237189929, 238821638, 237235419, 238605735, 238422325, 238063981, 240928609, 238453458, 238497932, 238030160, 237590226, 238452501, 238582523, 237736316, 234141156, 236410854, 240100460, 236856288, 238381221, 238030800, 234045098, 237327996, 239227122, 238278197, 238382048, 238595668, 236510815, 231638917, 238348074, 237094400, 238204308, 239894497, 238974345, 236799001, 237371400, 238741988, 240603159, 238107584, 238367907, 238089103, 236812724, 237516237, 238821601, 240108903, 238440244, 238036813, 237762427, 240614900, 237921066, 240300617, 234045024, 238909663, 240256076, 237921060, 238674726, 239254674, 237987404, 237853386, 238204356, 232436694, 237230068, 238585078, 239027234, 237390816, 237893066, 240346938, 235863634, 238204227, 240029570, 240141503, 239900854, 240231508, 241147565, 237432831, 238497998, 236999150, 238629934, 238521752, 238985849, 239873044, 239773872, 239081690, 238692677, 239975336, 240300541, 240243905, 240361547, 237233816, 238919691, 233808383, 234024574, 238741872, 238493553, 237986917, 231083319, 238694761, 230554293, 238627782, 238990623, 237899958, 232452496, 238521739, 231199973, 240043897, 236691442, 238694022, 239198677, 240259870, 238668277, 238482044, 238035533, 239761811, 239941433, 238493546, 231878337, 239929559, 238329441, 237553894, 239742809, 238946866, 234211034, 233568970, 240029593, 237628105, 232150371, 237231074, 237780058, 237590491, 238936232, 237996294, 240300663, 240271339, 237013578, 238665896, 240075823, 234663829, 238685551, 238618615, 240278720, 238905679"
make18,42,"LE CREUSET, BRABANTIA, LIKE-IT, RETAILER, SKIP HOP, BOORI, PAUL SMITH, EVA SOLO, TOMMEE TIPPEE, LEON, LITTLE HOME AT RETAILER, NEOM ORGANICS , OWLET, ANYDAY RETAILER, THE BOOK SERVICE, SARA MILLER, MEDELA, FENELLA SMITH, MORRIS & CO., NORDLUX, AVEDA, NANOB B, JOSEPH JOSEPH, THE HOME EDIT, EAZIGLIDE, SIMBA, SN Z, ROYAL WORCESTER, BABYBJ RN, DESIGN PROJECT BY RETAILER, OXO, TRULY, BT, MOLTON BROWN, BUGABOO, DENBY, L K BENNETT, GREAT LITTLE TRADING CO, MAXI-COSI, LAFUMA, KIT KIN, JAMIE OLIVER BY TEFAL"
make12,100,"RETAILER, MAM, ANYDAY RETAILER, LITTLE HOME AT RETAILER, MY CARRY POTTY, SAMSUNG, NANOB B, BOORI, BRABANTIA, UNBRANDED, SARA MILLER, HOT DIAMONDS, WHISTLES, SN Z, KUB, APPLE, JOSEPH JOSEPH, DIPTYQUE, SAXBY, PURFLO, PHILIPS, MEDELA, CROFT COLLECTION, JOULES, TOMMEE TIPPEE, MINI CUDDLES, TALKING TABLES, SWEATY BETTY, JELLYCAT, CUDDLEDRY, CHICCO, VITAL BABY, NANIT, ALBETTA, INGENUITY, THE LITTLE GREEN SHEEP, HARLEQUIN, RAINBOW DESIGNS, THE HOME EDIT, TEMPUR, SOPHIE ALLPORT, EAZIGLIDE, LEGO, LSA INTERNATIONAL, SILVER CROSS, KALLY SLEEP, AESOP, DENBY, AVEDA, NUDE, OXO, WEST ELM, POTTERY BARN KIDS, DR BROWN S, BRONTE BY MOON, JOIE BABY, WEBER, SCION, TROTTERS, GREAT LITTLE TRADING CO, MAC, DUALIT, SNUGGLEDOWN, MIELE, DESIGN PROJECT BY RETAILER, BOSCH, LE CREUSET, NUMATIC, LANSINOH, MORPHY RICHARDS, NUNA, CYBEX, STYCH, ROBERT WELCH, VAX, SOSANDAR, MY EXPERT MIDWIFE, SAMUEL GROVES, MOTOROLA, JEM BEA, LAMAZE, BUGABOO, ORLA KIELY, JOIE, FLORALSILK, RIEDEL, SUNDAY RILEY, PANASONIC, BIALETTI, AMAZON, SILENTNIGHT, MARVEL, DOCKATOT, UGG, NINJA, WENKO, FRUGI, TEFAL, LUIGI BORMIOLI, DR BROWNS"
make23,25,"DARTINGTON CRYSTAL, RETAILER, ANYDAY RETAILER, L K BENNETT, TOMMEE TIPPEE, DENBY, LSA INTERNATIONAL, LE CREUSET, BABYDAN, MAM, LOUIS DE POORTERE, SKANDINAVISK, FREDERIC MALLE, JOIE BABY, SAGE, VITRA, SILVER CROSS, GREAT LITTLE TRADING CO, CHICCO, ANGELCARE, ALESSI, JELLYCAT, BRABANTIA, OXO, WEST ELM"
item16,42,"BATH LINEN, BATHROOM ACCESSORIES, COOKWARE, STORAGE ORGANISATION, BABY FEEDING, BABY CHANGING, LIGHTING, TABLEWARE, BED LINEN, WOMEN S CLOTHES, WINDOW DRESSING, NURSERY FURNITURE, DECORATIVE ACCESSORIES, BABYWEAR, MEN S FOOTWEAR, HOUSEHOLD CLEANING, KITCHEN SCALES MEASURES, LIVING & DINING FURNITURE, STORAGE & ORGANISATION, MEN S NIGHTWEAR, BEDROOM FURNITURE, BOOKS, WARRANTY, BABY CHILD TRAVEL, HI-FI, FRAGRANCE, BABY PLAY EQUIPMENT, KITCHEN UTENSILS & GADGETS, HAIRCARE, KITCHEN ACCESSORIES, GAMES, NURSERY ACCESSORIES, CHRISTMAS DECORATIONS, FOOD PREPARATION, KITCHEN UTENSILS GADGETS, SOFT FURNISHINGS, BARBECUES ACCESSORIES, LIVING DINING FURNITURE, LAUNDRY & CLOTHESCARE, TOYS, PRESERVING BAKING EQUIPMENT, FOOD STORAGE"
goods_code9,511,"nan, DMS8081, 238290153, 239978989, 238021208, 239916789, 236644705, 233016791, 230604805, 236938827, 238032280, 237808654, 240221714, 238665069, 238409862, 239063841, 237681448, 239013267, 239779343, 238598138, 238711442, 240836910, 231238742, DMS22, 238704668, 230960453, 237992857, 231238674, 237553893, 238773671, 233658532, 238267260, 240228687, 238120115, 238918827, 233894727, 239988844, 236936638, 236897956, 236958800, 238539404, 240043599, 234393375, 240066012, 238538970, 238587456, 237991730, 238758393, 239774330, 239023955, 231906875, 238491855, 231797304, 237997156, DMS4462, 238564226, 239229094, 238512339, 239474667, 239119431, 239120013, 236760948, 239013268, 238569386, 240194881, 238653082, 239750025, 236841105, 237426576, 238977135, 238361460, 239976812, 238960381, FULFILMENT, 237641868, 236559197, 237619237, 237202319, 238670610, 237327995, 231410371, 237172470, 238399121, 237653281, 233988311, 238200326, 239820100, 237920759, 231266125, 231238738, 238925664, 238380534, 236958786, 238123821, 236158311, 238354298, 238504824, 238167607, 238609811, 237992838, 239484666, 231612321, 240616060, 231571511, 237383463, 237598054, 238061231, 237313671, 237553505, 232851045, 238000268, 237249579, 237447258, 239081690, 238491848, 238318890, 236887967, 238709865, 238005638, 237202303, 237969376, 234307893, 236288527, DMS8881, 238945954, 231958716, 240277781, 240012898, 233986496, 239071568, 238815677, 240337313, 238282033, 238512897, 236308331, 231199973, 237499767, 237506269, 231050761, 238036804, 240316139, 239120751, 239900763, 238985630, 240562854, 236578652, 236094311, 238657468, 238758383, 238665440, 237539680, 237070829, 238906456, 232851037, 238906324, 238911526, 234007066, 240575316, 239127093, 238105961, 234652444, 238305819, 237196776, 237449820, 236195255, 238668326, 238946938, 231958689, 236578654, 237182311, 238128213, 238012306, 237565553, 236446307, 238759150, 240076675, 238944757, 238371128, 238491844, 234863573, 231294765, 237516237, 238282678, 237733981, 231132750, 239929248, DMS19, 231294767, 236716374, 239786664, 234652400, 237513323, 238318159, 238120658, 238123511, 237514184, 238497930, 240607575, 237253806, 237851700, 239991681, 239743867, 238625442, 238154564, 230650111, 238374161, 240043183, 231478417, 239889163, 238556621, 238348439, 236897949, 239761240, 231431353, 231238658, 238105654, 237405608, 239740990, 239924124, 238759624, 238091649, 239944297, 239229137, 239716754, 240051515, 238723783, 232456905, 238552352, 234233361, 238478182, 231238739, 237464180, 238303417, 239873745, 238354630, 239929889, 235931038, 237618820, 237369731, 239883446, 238733929, 235050841, 238990336, 239916741, 232272852, 239212664, 239012676, 232484427, 230850452, 240141534, 230594035, 239991068, 233725389, 237196718, 240309339, 236680299, 240174768, 233203341, 238610036, 237991884, 240342764, 240889176, 238291791, 239797772, 234388079, 239776290, 238960378, 237359254, 233971240, 236705535, 239930446, 238042996, 237426505, 231820853, 238694641, 240653115, 239837091, 240171228, 238419103, 234795998, 235958584, 238348063, 240263703, 231238626, 239801998, 238666314, SKUCODE41, 231577379, 237087763, 238559824, 238268289, 237569225, 238329588, 240066866, 240381550, 237138264, 238222242, 238220600, 232130707, 238996966, 237992818, 238587252, 237416857, 238497937, 238534609, 237087902, 236094318, 236695091, 238200639, 233062987, 235109257, 238938839, 238303377, 238879191, 238782739, 237357210, 236706317, 239902337, 240616040, 237094331, 236895662, 238627780, 238960409, 239773635, 239146699, 234388092, 238342939, 237461962, 238805528, 240378804, 236895597, 238511918, 236838946, 238635554, 239102214, 237107368, 237808639, 240136581, 238744832, 238386297, 237134896, 231578825, 231976973, 238228288, 238759145, 238200624, 239354665, 237653419, 236895683, 238574516, 232352697, 238424605, 238254492, 241009740, 238011056, 237347036, 238087358, 238200122, 238063964, 237663562, 238748137, 238365025, 238200113, 230843478, 238909846, 231955524, 236587073, 239854853, 240169668, 238609691, 238512362, 237428564, 239894583, 231958606, 239755712, 240181359, 231262278, 238889769, 240222689, 236148866, 231760194, 237701404, 238938849, 238066419, 237949502, 238223468, 236799067, 237192607, 237647016, 238262422, 239132742, 238204328, 238710377, 237430179, 240004770, 234714322, 239930898, 240575990, 236705536, 240057628, 238303931, 233062984, 234422541, 237822428, 238919132, 232491580, 237130820, 238889113, 239472682, 236820194, 238389016, 238918100, 240157931, 237034191, 231907005, 239943663, 234710758, 238742024, 238590577, 238278311, 238711507, 239854854, 237102935, 239805398, 236841143, 235924426, 238330466, 233890661, 238303396, 235626508, 236410875, 231238642, 237085179, 238444214, 239758295, 239800960, 237090852, 232395183, 238585202, 238432901, 238280055, 238934468, 237808674, 240823918, 239991684, 237433164, 240277279, 236094324, 235957490, 238121325, 240141545, 233572309, 239482854, 238435655, 235598344, 238395254, 237653268, 238919950, 238104241, 234662426, 232719057, 239943480, 237246557, 237675960, 239368869, 240085380, 230478345, 239755683, 238182832, 238253565, 238534527, 236662180, 239793277, 239879175, 239225177, 238290504, 237667531, 239814660, 236895590, 238945473, 239214775, 237992786, 237845516, 240609905, 233725392, 238587941, 239959876, 238474541, 231958594, 240602706, 239896096, 237202445, 238149135, 240122889, 236578658, 239871379, 236904866, 233748859, 239760828, 234720318, 238757648, 239134660, 239198675, 231083317, 237189637, 231888555, 238632656, 238990335, 240256308, 231958739, 239119352"
goods_code23,47,"nan, 238036810, 236698477, 238178620, 240672750, 238036804, 239124677, 239968882, FULFILMENT, 234374745, 238588583, 232395232, 239502812, 239779250, 240052628, 232606711, 236587061, 238056466, 238821637, 238930406, 236484417, 238398478, 238021184, 238709874, 238559451, 234197161, 238061231, 240186633, 237992882, 238389015, 238015568, 238085960, 240095103, 238155623, 239943533, 238554939, 239783238, 230663362, 238703787, 237700192, 237464235, 235394312, 238680521, 234090892, 239969020, 238401579, 238928184"
item15,53,"BATH LINEN, LIGHTING, COOKWARE, STORAGE ORGANISATION, BEDROOM FURNITURE, NURSERY ACCESSORIES, HOME AND PERSONAL SECURITY, DECORATIVE ACCESSORIES, BABY FEEDING, BED LINEN, TABLEWARE, FOOD PREPARATION, WOMEN S ACCESSORIES, SOFT FURNISHINGS, CHILDRENS FOOTWEAR, BABY CHILD TRAVEL, BABY CHANGING, OUTDOOR ACCESSORIES, MEN S NIGHTWEAR, BATHROOM ACCESSORIES, LAUNDRY CLOTHESCARE, OUTDOOR FURNITURE, WOMEN S CLOTHES, BARWARE, CARPETS, RUGS & FLOORING, STORAGE & ORGANISATION, FRAGRANCE, HOUSEHOLD CLEANING, CHILDREN S ACCESSORIES, BABY PLAY EQUIPMENT, TOYS, FOOD STORAGE, BABYWEAR, KITCHEN UTENSILS & GADGETS, WINDOW DRESSING, PRESERVING BAKING EQUIPMENT, HAIRCARE, GAMES, CRAFT, HOME OFFICE, SERVICE, KITCHEN UTENSILS GADGETS, LIVING DINING FURNITURE, NURSERY EQUIPMENT FURNITURE, DECORATING, KITCHEN ACCESSORIES, GIFT FOOD DRINK, KITCHEN STORAGE, PICNICWARE, HOT DRINK PREPARATION, LAUNDRY & CLOTHESCARE, NURSERY TOYS, SPORTS EQUIPMENT"
goods_code22,60,"nan, 240242344, 240237092, 238909630, 238709876, 240055935, 238461689, 238455577, 239124668, FULFILMENT, 239805414, 231647871, 236043874, 239758295, 238588101, 232395180, 239502824, 233984781, 240157698, 240052604, 234007066, 234241406, 238056363, 238821573, 239891547, 230214992, 238398477, 230663362, 231011599, 238512603, 240328524, 233062971, 238061235, 240186618, 238091652, 240034697, 234529791, 238233801, 230133783, 236546776, 238370659, 237808703, 240169308, 239929621, 238444196, 240843555, 238534535, 239134720, 234434111, 238709861, 239801998, 236804691, 237332590, 240271365, 230856286, 234536319, 239905507, 231748328, 238129916, 239945011"
item6,95,"LIVING DINING FURNITURE, BED LINEN, SOFT FURNISHINGS, COOKWARE, CARPETS RUGS FLOORING, BAGS CARRY CASES, WARRANTY, FILING DESK ACCESSORIES, CHRISTMAS DECORATIONS, HOUSEHOLD CLEANING, BEDROOM FURNITURE, STORAGE ORGANISATION, OUTDOOR FURNITURE, LIVING & DINING FURNITURE, KITCHEN STORAGE, HOME OFFICE, NURSERY ACCESSORIES, WINDOW DRESSING, MEN S ACCESSORIES, BABY FEEDING, DECORATIVE ACCESSORIES, COMPUTERS, BABYWEAR, BARWARE, BATHROOM FIXTURES, FOOD PREPARATION, COMPUTER PERIPHERALS ACCESSORIES, KITCHEN ACCESSORIES, WOMEN S CLOTHES, TOYS, BABY CHANGING, HOME AND PERSONAL SECURITY, MAKEUP, BABY & CHILD TRAVEL, OUTDOOR ACCESSORIES, LIGHTING, BATHROOM ACCESSORIES, FACIAL SKINCARE, TABLEWARE, HOT DRINK PREPARATION, MEN S CLOTHES, PICNICWARE, MENS UNDERWEAR & SOCKS, BABY CHILD TRAVEL, NURSERY FURNITURE, HEATING COOLING APPLIANCES, BABY PLAY EQUIPMENT, SPORTS EQUIPMENT, TELEVISIONS HOME CINEMA, PARTY DECORATIONS, STORAGE & ORGANISATION, BATH LINEN, DRESSMAKING, AUDIO ACCESSORIES, HI-FI, CRAFT, TELEPHONE ACCESSORIES, FOOD STORAGE, POWER & BATTERIES, WOMEN S NIGHTWEAR, GARDENING EQUIPMENT, LAUNDRY CLOTHESCARE, GIFT WRAP, WOMEN S FOOTWEAR, FRAGRANCE, NURSERY LINEN, BAGS WALLETS ACCESSORIES, TELEPHONES, FAX MACHINES & TWO-WAY RADIOS, DOOR FURNITURE, SERVICE, CABLES ADAPTERS, COOKING APPLIANCES, BARBECUES ACCESSORIES, STATIONERY SUNDRIES, MEN S FOOTWEAR, WOMENS CLOTHES, TELEPHONES FAX MACHINES TWO-WAY RADIOS, GIRLSWEAR, COMPUTER PERIPHERALS & ACCESSORIES, CHILDREN S FOOTWEAR, BOYSWEAR, LINGERIE HOISERY, DECORATING, BARBECUES & ACCESSORIES, PRESERVING BAKING EQUIPMENT, KITCHEN UTENSILS GADGETS, APPLE PRODUCTDESCRIPTION, PRINTERS SCANNERS, LUGGAGE, LAUNDRY & CLOTHESCARE, POWER BATTERIES, KITCHEN UTENSILS & GADGETS, STANDS BRACKETS, TELEVISIONS & HOME CINEMA, BATH & BODYCARE"
fraud_flag,2,"0, 1"
