index,ID,fraud_flag
0,64707,0.004412693
1,63919,0.003841296
2,15664,0.007254449
3,6626,0.019945145
4,26766,0.34492484
5,2055,0.10835191
6,80703,0.010856684
7,45482,0.6208893
8,91264,0.004880334
9,1049,0.00291072
10,67644,0.22710642
11,17283,0.002487236
12,111047,0.15802625
13,6283,0.015304099
14,10932,0.001850665
15,6866,0.002949676
16,32797,0.021129604
17,87632,0.28295285
18,20830,0.007944279
19,70988,0.032551467
20,2589,0.014138967
21,76471,0.28478214
22,57026,0.38428718
23,34068,0.020178044
24,110099,0.001815939
25,44409,0.003043921
26,98424,0.42066193
27,100327,0.003352827
28,85449,0.290532
29,105123,0.080890186
30,115595,0.002414982
31,34762,0.005689407
32,30440,0.020374777
33,395,0.002981135
34,34667,0.064757854
35,87615,0.110677265
36,43712,0.003083944
37,17074,0.003197344
38,68564,0.25799498
39,91813,0.27774474
40,62080,0.00417652
41,12050,0.002492872
42,63426,0.003966011
43,93726,0.005975734
44,21287,0.62390083
45,25800,0.008679193
46,33442,0.007999977
47,46493,0.003307628
48,105529,0.07852123
49,25747,0.006965193
50,105901,0.003219352
51,53369,0.004551205
52,80105,0.004328022
53,93931,0.14742412
54,106790,0.8910737
55,17416,0.014857777
56,105290,0.003274784
57,58133,0.004857526
58,81540,0.12486734
59,23236,0.004205915
60,62711,0.00439035
61,20999,0.033550303
62,103783,0.001800857
63,17545,0.046104167
64,91278,0.20432952
65,16821,0.40424937
66,47115,0.014653779
67,101433,0.0723858
68,64042,0.004056104
69,2158,0.04812326
70,44272,0.1646691
71,88331,0.006801534
72,6698,0.006250858
73,69531,0.017225197
74,30625,0.70124096
75,11877,0.002783021
76,52353,0.006581738
77,31005,0.19503134
78,101230,0.3031613
79,60853,0.001809493
80,56734,0.6215874
81,53707,0.5842203
82,50265,0.005210374
83,72607,0.3999249
84,49053,0.003726153
85,36071,0.004366004
86,40741,0.50410146
87,56960,0.005987157
88,53425,0.003047605
89,81012,0.002042807
90,103397,0.003546082
91,115241,0.015707409
92,16477,0.001886251
93,106300,0.47886977
94,778,0.002725909
95,54111,0.002686074
96,43160,0.003903863
97,13312,0.089097306
98,40729,0.47985807
99,29282,0.02013454
100,2486,0.30127835
101,81324,0.005417324
102,75361,0.020663066
103,83557,0.003585537
104,78430,0.010949281
105,58733,0.59170854
106,4100,0.02199997
107,89993,0.24943857
108,85173,0.4308146
109,100381,0.397035
110,19324,0.069348864
111,71719,0.030604063
112,89961,0.009181874
113,87549,0.007048043
114,82988,0.003987526
115,22403,0.008398066
116,51891,0.004530982
117,45978,0.003892324
118,20555,0.20600225
119,55970,0.43462417
120,47319,0.026711019
121,74241,0.9722011
122,103281,0.025608923
123,108240,0.009814112
124,61359,0.054709256
125,71663,0.05774513
126,89413,0.15433618
127,39662,0.06864919
128,112982,0.003215272
129,56650,0.6054782
130,8849,0.05810723
131,12567,0.002908438
132,73998,0.082686834
133,1712,0.012319403
134,112407,0.011154469
135,15075,0.004449096
136,101430,0.007764114
137,79990,0.001836273
138,52886,0.007880355
139,87463,0.20576936
140,61955,0.19079936
141,30263,0.003500571
142,85593,0.003777012
143,103216,0.003816803
144,39612,0.020678578
145,44407,0.004475252
146,98760,0.003599459
147,17265,0.080471575
148,106871,0.038979776
149,83690,0.06764416
150,107039,0.031495787
151,57715,0.007168824
152,41191,0.004330953
153,101274,0.001814403
154,85340,0.003925236
155,42354,0.12089865
156,36079,0.08268975
157,71215,0.004190997
158,39362,0.001802725
159,5693,0.019352147
160,78375,0.010820194
161,61534,0.02727005
162,67488,0.01680705
163,15561,0.007254449
164,16157,0.01975168
165,17,0.05872979
166,29639,0.02013454
167,91112,0.005006079
168,104649,0.53737026
169,693,0.006338915
170,4689,0.001795125
171,58919,0.512979
172,36766,0.064664476
173,15077,0.007977633
174,37006,0.015510789
175,93345,0.22932266
176,44664,0.00297736
177,18762,0.022799354
178,22379,0.011492424
179,89724,0.006459222
180,3745,0.001849895
181,83488,0.005831982
182,108394,0.019054629
183,8641,0.79676545
184,69466,0.00557002
185,25047,0.001904671
186,39695,0.013407803
187,57982,0.00298997
188,90462,0.005012398
189,112752,0.011154469
190,117,0.00500893
191,98398,0.002139285
192,19002,0.005330142
193,100559,0.005286394
194,11291,0.002513071
195,72304,0.006607106
196,23250,0.004576572
197,99518,0.06614803
198,105725,0.07146911
199,55984,0.002876474
200,97310,0.013235234
201,39077,0.001875746
202,110918,0.3595884
203,41184,0.8007805
204,9739,0.002152776
205,6322,0.007295305
206,10936,0.5092214
207,92917,0.014303034
208,16710,0.01975168
209,113964,0.001814456
210,110281,0.019496784
211,501,0.002730695
212,38063,0.00306383
213,53303,0.001937314
214,75137,0.024918852
215,31793,0.8449451
216,77822,0.004066789
217,22821,0.003709499
218,79560,0.23500219
219,1724,0.012319403
220,41295,0.04293207
221,114664,0.03612397
222,83239,0.12111087
223,76161,0.050453402
224,12812,0.051589895
225,73079,0.24224214
226,33477,0.004872675
227,110911,0.014596708
228,74088,0.056392316
229,91464,0.006833206
230,78965,0.002065716
231,115734,0.040038817
232,39064,0.29282707
233,87531,0.01175558
234,21392,0.004519404
235,85410,0.008624537
236,101374,0.011189426
237,61893,0.37400916
238,35957,0.1017161
239,18330,0.002604388
240,25920,0.007161389
241,29321,0.02013454
242,50864,0.001800099
243,16324,0.001939897
244,107063,0.5374464
245,62263,0.01182256
246,38175,0.06365933
247,36909,0.012655842
248,97440,0.58581245
249,107136,0.008497552
250,51426,0.67655754
251,62186,0.00417652
252,57941,0.52172023
253,88610,0.007457731
254,77426,0.02265663
255,63630,0.004000928
256,97452,0.005626435
257,27847,0.003549494
258,72330,0.5690302
259,83242,0.27430603
260,99627,0.09052392
261,55561,0.012111283
262,21229,0.002642138
263,43254,0.39973575
264,46349,0.025622103
265,32885,0.009429535
266,63211,0.006165587
267,74017,0.06421251
268,112309,0.00960414
269,71080,0.04070946
270,11233,0.017316412
271,65032,0.004207677
272,62670,0.003042441
273,34602,0.007572266
274,113971,0.8267457
275,44728,0.07799857
276,78716,0.011448439
277,60993,0.004242324
278,62434,0.16506392
279,13314,0.01811507
280,9420,0.007624983
281,94502,0.4501939
282,14782,0.008663846
283,105399,0.06239366
284,26114,0.002682673
285,94952,0.00214868
286,63121,0.00508753
287,17505,0.005556782
288,23853,0.004462605
289,76294,0.006694886
290,79180,0.03304593
291,66894,0.005555934
292,97408,0.007633705
293,33501,0.002653004
294,50551,0.77776
295,80870,0.0631545
296,36561,0.004739436
297,41816,0.004309948
298,62882,0.003737282
299,34681,0.020178044
300,114749,0.03570518
301,8606,0.010608373
302,42446,0.001912519
303,53904,0.4664893
304,22551,0.006240094
305,94510,0.007949632
306,1373,0.003367669
307,82674,0.278023
308,40993,0.021682994
309,92014,0.19840853
310,73191,0.21354488
311,106449,0.003645185
312,58423,0.003201823
313,27731,0.003162365
314,89611,0.005729418
315,64260,0.004056104
316,94809,0.00370195
317,102324,0.001911877
318,86926,0.3723121
319,49185,0.003870681
320,57289,0.042413425
321,2655,0.013882625
322,2988,0.006443015
323,545,0.013287196
324,28457,0.001885208
325,14596,0.002453581
326,79184,0.25530946
327,15201,0.002453581
328,56585,0.091230914
329,6307,0.003119733
330,98730,0.35754368
331,51980,0.003686585
332,80528,0.010856684
333,22762,0.002743569
334,51747,0.001922545
335,18778,0.003361962
336,47414,0.004818456
337,72518,0.6205135
338,13949,0.38997918
339,55661,0.37397134
340,89809,0.004708567
341,61393,0.003571905
342,75157,0.28607228
343,49321,0.63155746
344,32608,0.048409242
345,5749,0.001796395
346,4497,0.002381072
347,5680,0.003837865
348,9543,0.008900411
349,3613,0.14305377
350,74486,0.06247852
351,92762,0.00568948
352,26829,0.003450462
353,87804,0.002398452
354,64122,0.003690887
355,6967,0.004031853
356,33595,0.001822886
357,29196,0.02023645
358,51322,0.002090911
359,103698,0.002519902
360,30082,0.020374777
361,45037,0.010490126
362,104501,0.02826315
363,28006,0.003090907
364,1572,0.00337193
365,105217,0.14713153
366,48157,0.43110552
367,48353,0.005244046
368,5189,0.001963942
369,62531,0.054391224
370,93051,0.4175846
371,38760,0.002931178
372,51776,0.04844877
373,31602,0.004288501
374,109562,0.06639225
375,65343,0.004336751
376,32437,0.2571091
377,5350,0.002457889
378,97738,0.008834594
379,83307,0.073214844
380,29927,0.07542821
381,101416,0.04149142
382,94024,0.00636462
383,72374,0.005424748
384,72292,0.004359602
385,56177,0.37054974
386,9135,0.003447231
387,78647,0.001939971
388,59323,0.39365122
389,79453,0.035237674
390,11380,0.013162656
391,45280,0.16659288
392,24095,0.002015496
393,90252,0.3012907
394,101354,0.002074888
395,39613,0.002333192
396,56024,0.44956464
397,29067,0.554329
398,72766,0.048720744
399,91040,0.5102452
400,102100,0.14706483
401,91937,0.1466217
402,33126,0.023376279
403,43785,0.004279952
404,23703,0.05502931
405,3837,0.013027176
406,7726,0.00754135
407,9364,0.025720334
408,111757,0.011041929
409,9181,0.001942
410,87618,0.005986045
411,76250,0.002050022
412,36068,0.18772392
413,46893,0.020255486
414,114571,0.01961536
415,38291,0.004318354
416,67623,0.055845376
417,101068,0.010424682
418,85744,0.005573775
419,53069,0.09162841
420,80582,0.010856684
421,50799,0.085715875
422,112728,0.49312264
423,102871,0.002758621
424,20702,0.001909574
425,50019,0.42493424
426,114385,0.40186504
427,88270,0.006158406
428,87238,0.047375843
429,80143,0.004090948
430,71196,0.055903345
431,57365,0.007817771
432,95054,0.45116422
433,74508,0.02489576
434,61161,0.004529215
435,26538,0.005961481
436,56029,0.36020088
437,31570,0.002810077
438,106217,0.001790985
439,12642,0.02207955
440,112036,0.2705336
441,34514,0.020178044
442,93450,0.003685128
443,38545,0.34674954
444,107432,0.032327548
445,3722,0.003482024
446,57759,0.40967566
447,82794,0.003324933
448,64296,0.023726849
449,7803,0.009606449
450,45852,0.34325188
451,19727,0.007631802
452,101122,0.012422714
453,59991,0.7926342
454,15276,0.028424727
455,21190,0.002587939
456,57751,0.003596893
457,48048,0.18921806
458,14201,0.002103248
459,104452,0.2158245
460,61560,0.024375724
461,13655,0.09504305
462,111774,0.009212834
463,29079,0.5785136
464,32527,0.2571091
465,112644,0.003228318
466,89335,0.006919542
467,106410,0.02962659
468,88697,0.1362114
469,68809,0.00325986
470,19408,0.005326394
471,278,0.003858187
472,111383,0.003514855
473,67563,0.049279485
474,112976,0.006902845
475,102347,0.005000045
476,4923,0.02153168
477,92434,0.002147754
478,49135,0.004489898
479,24611,0.007965385
480,104534,0.003721859
481,67830,0.19317478
482,112269,0.008195465
483,72199,0.02194553
484,93470,0.026643706
485,92290,0.3206565
486,62790,0.005289707
487,29962,0.020374777
488,43340,0.43207747
489,95912,0.010259205
490,2054,0.10835191
491,105031,0.09022295
492,82647,0.005688164
493,4104,0.003976222
494,32165,0.010765417
495,3485,0.55786055
496,53150,0.003881356
497,55810,0.001759701
498,96529,0.008454201
499,61429,0.004158791
500,82759,0.006520896
501,98261,0.001807677
502,73851,0.01998061
503,96701,0.00451861
504,108510,0.001791394
505,4513,0.001920271
506,7989,0.003475184
507,52209,0.006259207
508,51706,0.004528894
509,75132,0.020871125
510,88174,0.02020511
511,70443,0.19493535
512,79727,0.014558514
513,75815,0.005718913
514,109976,0.01971627
515,40198,0.96817577
516,56110,0.37054974
517,105614,0.00788579
518,51330,0.01668385
519,89294,0.024514996
520,29257,0.003511572
521,100033,0.07832116
522,67397,0.005047799
523,105967,0.032868546
524,38882,0.020786654
525,63066,0.011591362
526,99436,0.37550193
527,75724,0.058648903
528,79512,0.004498683
529,22706,0.001964819
530,2749,0.005723198
531,31627,0.00959495
532,40317,0.001804044
533,47068,0.05308235
534,112718,0.005379848
535,48713,0.004205715
536,39577,0.03582396
537,65495,0.004174371
538,14485,0.002092092
539,56594,0.004311191
540,62322,0.49241322
541,69218,0.7228612
542,50698,0.012010332
543,105068,0.083327085
544,64397,0.10439404
545,92772,0.3000636
546,74760,0.01787986
547,58341,0.002102158
548,92893,0.6293792
549,50706,0.085715875
550,3254,0.016005872
551,87809,0.20576936
552,105595,0.002780532
553,108347,0.04867857
554,11053,0.011510373
555,50097,0.003053237
556,86132,0.001827684
557,36263,0.013954686
558,95855,0.004026052
559,83201,0.004014646
560,18947,0.012716038
561,15456,0.11317582
562,102205,0.008619178
563,37779,0.003164305
564,46785,0.004594049
565,76488,0.002336707
566,102027,0.07063257
567,8838,0.002156159
568,55321,0.004743068
569,32597,0.006471683
570,11647,0.003354118
571,15613,0.48303744
572,80527,0.15056747
573,23335,0.07396613
574,77863,0.10927547
575,19824,0.002915646
576,38893,0.003816114
577,34168,0.020178044
578,44081,0.014188251
579,59661,0.14781831
580,10466,0.00353891
581,96815,0.001933333
582,44377,0.049383093
583,100864,0.24335256
584,94430,0.3520467
585,87742,0.004554538
586,65674,0.004567116
587,104512,0.014739481
588,24492,0.008254022
589,49739,0.003931708
590,80417,0.034823377
591,99334,0.04108639
592,112122,0.0135957
593,101283,0.013106602
594,21677,0.010788332
595,95083,0.01809032
596,106571,0.003128758
597,90303,0.21145172
598,9299,0.005299863
599,6426,0.003544054
600,94693,0.003719704
601,63857,0.008719035
602,88880,0.08867702
603,1883,0.001896783
604,84356,0.02922988
605,61747,0.21461977
606,41443,0.11986466
607,12360,0.003425955
608,78005,0.009318355
609,94849,0.008164199
610,22284,0.011760389
611,29215,0.008418134
612,82606,0.278023
613,104103,0.023519613
614,36447,0.14432861
615,41050,0.002466435
616,9949,0.001816954
617,45600,0.003668676
618,73479,0.004225695
619,46979,0.055391245
620,41784,0.004177465
621,90034,0.48301253
622,19768,0.003082391
623,20081,0.10308336
624,63156,0.001868682
625,50526,0.002966706
626,33958,0.002895268
627,14261,0.002118268
628,35991,0.0353589
629,51997,0.8286096
630,79806,0.002323059
631,95620,0.41686198
632,34320,0.7966973
633,21679,0.007716065
634,103104,0.4637561
635,68491,0.031623125
636,79707,0.44822165
637,83363,0.001788187
638,45483,0.018233275
639,31264,0.00959495
640,37724,0.005668736
641,93250,0.22932266
642,103271,0.45761937
643,64938,0.004056104
644,533,0.002909384
645,67037,0.00660552
646,93473,0.7372784
647,31665,0.39117235
648,102196,0.003192946
649,45224,0.07900492
650,83765,0.025020389
651,101763,0.012879312
652,42042,0.005229976
653,67828,0.008540082
654,59157,0.32961988
655,99616,0.3196194
656,375,0.003895276
657,69416,0.013003857
658,63999,0.004412693
659,78883,0.036875315
660,31772,0.004214497
661,67449,0.08994402
662,48837,0.13738254
663,37881,0.2847756
664,105357,0.003759937
665,57189,0.5488865
666,98878,0.20057626
667,98940,0.25408915
668,15375,0.003483878
669,99199,0.008758419
670,57281,0.004597288
671,109732,0.002354253
672,13354,0.002178312
673,72902,0.02194553
674,113479,0.026902566
675,58274,0.65071124
676,104509,0.024743559
677,44498,0.018166684
678,39696,0.4710676
679,21928,0.003353619
680,47299,0.017677918
681,112470,0.5186202
682,84809,0.004742696
683,34971,0.03593384
684,9567,0.003744721
685,58474,0.003659918
686,34696,0.03593384
687,33177,0.003099813
688,30371,0.004498478
689,111751,0.070066325
690,58321,0.003031068
691,14148,0.023549845
692,15809,0.020243263
693,65457,0.004219072
694,111372,0.54243624
695,36594,0.004429669
696,102912,0.028876089
697,52753,0.006723037
698,65752,0.007370143
699,115710,0.01391856
700,23591,0.012117253
701,17983,0.002430388
702,45798,0.00347058
703,106725,0.003153771
704,66451,0.6820423
705,107430,0.01531742
706,4661,0.25253755
707,10387,0.00865386
708,78369,0.00446226
709,16948,0.003726457
710,17737,0.002842523
711,21807,0.003616108
712,111914,0.26238358
713,106711,0.003840201
714,54179,0.005962598
715,2255,0.001863412
716,102888,0.14421959
717,70070,0.005594611
718,13371,0.038368173
719,15328,0.04116284
720,5326,0.09083716
721,98753,0.006620511
722,15979,0.001925095
723,69201,0.10205755
724,68233,0.09019989
725,43903,0.015350127
726,61446,0.18926506
727,107870,0.00314597
728,64151,0.001846383
729,39190,0.13869889
730,60485,0.5011527
731,61360,0.005891865
732,92658,0.010061032
733,90645,0.13159373
734,84042,0.004070814
735,99935,0.37520948
736,29513,0.07225416
737,34249,0.003083076
738,10336,0.012356225
739,16350,0.002430388
740,56866,0.010093064
741,37369,0.014474098
742,16662,0.001949473
743,1938,0.002140444
744,12555,0.8295115
745,99851,0.002915976
746,90916,0.5384382
747,75043,0.020663066
748,65278,0.004219072
749,42076,0.020354938
750,91286,0.002364652
751,76276,0.022207165
752,73158,0.56676567
753,92448,0.008514635
754,74964,0.002593614
755,55257,0.001790812
756,108498,0.7407652
757,9208,0.006788855
758,56508,0.007096986
759,72341,0.07864465
760,65967,0.00505156
761,31113,0.007780684
762,93318,0.001788579
763,22480,0.009949618
764,75752,0.005924278
765,16697,0.043944404
766,26579,0.007760543
767,6534,0.43691587
768,56725,0.021664962
769,72510,0.00505995
770,22674,0.004132439
771,57898,0.001968027
772,90026,0.007003258
773,88601,0.003629437
774,8652,0.08903169
775,7408,0.012968591
776,34244,0.007572266
777,89968,0.038497075
778,100214,0.009425585
779,2891,0.001949666
780,12559,0.001972555
781,49025,0.003166861
782,33870,0.007572266
783,69606,0.081190735
784,57042,0.29896724
785,114064,0.40026504
786,728,0.0835836
787,71654,0.014868726
788,47027,0.014653779
789,41250,0.001970972
790,1630,0.003051538
791,55361,0.4237678
792,63639,0.08337574
793,115273,0.0017879
794,43430,0.009331808
795,111233,0.002963412
796,93160,0.4175846
797,27887,0.43697822
798,21843,0.011761903
799,79166,0.013881242
800,98456,0.031427156
801,19852,0.007924349
802,16831,0.002297772
803,103336,0.41989565
804,100769,0.002010687
805,46063,0.017051997
806,34534,0.03166904
807,115948,0.004569448
808,87782,0.13224973
809,87652,0.007813633
810,26365,0.05576505
811,100684,0.001998152
812,14358,0.002081394
813,18797,0.03216636
814,76235,0.067003205
815,18255,0.020683855
816,34981,0.006129009
817,885,0.003232454
818,39133,0.00179656
819,22504,0.005602232
820,57135,0.48935434
821,96741,0.2173976
822,35895,0.33924705
823,15442,0.10926938
824,28839,0.003529647
825,90862,0.001950279
826,57101,0.003627987
827,20459,0.003369681
828,106982,0.5021167
829,89803,0.007982084
830,75674,0.004386014
831,103938,0.00436073
832,26549,0.061696548
833,51210,0.019803384
834,22082,0.004711869
835,99316,0.38647258
836,37683,0.006909411
837,102322,0.12761603
838,12356,0.003329867
839,2765,0.01439465
840,74343,0.001992231
841,113233,0.00376077
842,66575,0.0420004
843,85051,0.16166583
844,64211,0.020477891
845,106908,0.038979776
846,91261,0.006098846
847,63342,0.001888821
848,10069,0.018413628
849,73421,0.007146977
850,69688,0.062463425
851,1916,0.005509483
852,60627,0.003937142
853,65061,0.00284166
854,98762,0.013535192
855,110721,0.21055426
856,71075,0.22990237
857,36583,0.002943963
858,37828,0.014875552
859,31886,0.011751836
860,50401,0.44753873
861,95231,0.45116422
862,72370,0.004463913
863,81888,0.25410384
864,91872,0.022066098
865,69257,0.38096547
866,85541,0.0726772
867,110988,0.006011472
868,29389,0.009598498
869,73105,0.023819441
870,60871,0.029375955
871,85124,0.003885796
872,66055,0.007370143
873,79308,0.06197
874,69138,0.43321925
875,43470,0.3378816
876,22682,0.001822244
877,71908,0.27998334
878,112624,0.5186202
879,86645,0.002446364
880,79794,0.003287178
881,93410,0.09935126
882,18488,0.00769753
883,87727,0.008434753
884,24604,0.002983911
885,858,0.002558913
886,40474,0.004456523
887,102567,0.006704146
888,26475,0.007728554
889,39434,0.007091914
890,4280,0.09309749
891,4363,0.58274055
892,75693,0.018696774
893,37366,0.004951979
894,45766,0.004719639
895,95063,0.528781
896,53878,0.004366671
897,5385,0.021311019
898,13919,0.004813851
899,8778,0.02400836
900,43603,0.3378816
901,36953,0.009431647
902,114804,0.03570518
903,7047,0.003200828
904,113578,0.009883723
905,61299,0.054709256
906,69762,0.010825671
907,34228,0.003905771
908,97227,0.00569864
909,75009,0.15645263
910,32689,0.5718662
911,114483,0.11445449
912,9028,0.002156058
913,72784,0.5690302
914,43102,0.001793905
915,17174,0.003089929
916,108850,0.006746485
917,93274,0.14379326
918,111350,0.006400688
919,101529,0.054168183
920,36379,0.002611886
921,33392,0.020178044
922,114841,0.049570125
923,78860,0.005461383
924,111563,0.016695254
925,54796,0.007079163
926,64079,0.003622538
927,6668,0.072206676
928,22115,0.002480289
929,11711,0.014174451
930,107304,0.00351481
931,30788,0.013153913
932,100674,0.004912575
933,57164,0.3242174
934,91601,0.001807777
935,93919,0.4171402
936,53392,0.05447165
937,110586,0.34605852
938,7210,0.04894535
939,5815,0.002822214
940,19593,0.012663549
941,64384,0.004333135
942,110494,0.007144172
943,55333,0.70840734
944,103234,0.55593336
945,88602,0.20355853
946,58152,0.003583965
947,35486,0.003329989
948,106966,0.03774566
949,28743,0.004470436
950,92010,0.004284191
951,68967,0.014646139
952,114683,0.001913724
953,55680,0.14207959
954,111861,0.004327892
955,110932,0.007236751
956,354,0.070922725
957,39998,0.004289303
958,19200,0.019284459
959,76143,0.021803122
960,1617,0.003855248
961,45206,0.001789448
962,74375,0.184954
963,28730,0.85629153
964,51172,0.67655754
965,113597,0.009850958
966,40816,0.6231285
967,108785,0.005114561
968,92298,0.006096527
969,6549,0.00190119
970,91511,0.005651046
971,93581,0.001791736
972,9051,0.018527895
973,62544,0.4751353
974,64378,0.007597459
975,48466,0.002560413
976,84038,0.44960684
977,39096,0.004682225
978,111852,0.016128097
979,12418,0.015405222
980,96796,0.003932067
981,40636,0.004327676
982,48293,0.42920336
983,4943,0.92960966
984,94920,0.001945797
985,54345,0.035291117
986,109443,0.003098558
987,23715,0.020254297
988,37474,0.107005104
989,104222,0.039723296
990,64986,0.004954242
991,115836,0.00338173
992,52932,0.013715306
993,99150,0.19904296
994,51139,0.084985524
995,26034,0.008443195
996,25497,0.004110082
997,53976,0.006936982
998,85045,0.004460746
999,63763,0.04441885
1000,73927,0.13653319
1001,78763,0.004792067
1002,40524,0.02875626
1003,60080,0.003332807
1004,38018,0.003910367
1005,37104,0.005617937
1006,66782,0.003919147
1007,95262,0.007633034
1008,62423,0.003218893
1009,99900,0.4291277
1010,66071,0.023726849
1011,68684,0.005331924
1012,63647,0.003966011
1013,102818,0.009874119
1014,77240,0.06374326
1015,12171,0.035528887
1016,11744,0.002946311
1017,65812,0.004492011
1018,79056,0.003559842
1019,66526,0.033529468
1020,113751,0.002078468
1021,56106,0.002006403
1022,39448,0.016085478
1023,4372,0.019194622
1024,78001,0.024412544
1025,32123,0.001865743
1026,73152,0.12771407
1027,34136,0.5211775
1028,61539,0.003809077
1029,36696,0.09850952
1030,45526,0.017695846
1031,56,0.014603945
1032,20686,0.004603457
1033,21765,0.003652507
1034,99170,0.19042249
1035,64623,0.004056104
1036,109437,0.46017963
1037,79064,0.45520604
1038,100984,0.001791908
1039,28997,0.009463357
1040,101693,0.054168183
1041,104025,0.32432532
1042,17388,0.14719974
1043,100747,0.23543459
1044,110907,0.005863579
1045,80508,0.26664263
1046,14628,0.005035485
1047,44227,0.001791777
1048,16513,0.050038066
1049,51743,0.00300783
1050,64927,0.010872687
1051,102125,0.002579307
1052,98729,0.003015658
1053,32824,0.001798539
1054,67448,0.044935487
1055,41982,0.004048103
1056,104531,0.005399385
1057,84893,0.003210076
1058,27235,0.002542581
1059,63674,0.004029618
1060,101362,0.00209914
1061,72224,0.1725518
1062,89172,0.15433618
1063,64679,0.002732348
1064,106421,0.02962659
1065,38230,0.00388721
1066,99629,0.018426111
1067,90571,0.005083236
1068,92202,0.13180968
1069,98812,0.09266264
1070,2886,0.04113688
1071,4475,0.001866027
1072,72438,0.07864465
1073,46830,0.11396932
1074,11309,0.003354118
1075,60096,0.010099317
1076,76773,0.004351508
1077,47830,0.006773124
1078,107459,0.7295047
1079,111236,0.002635409
1080,102154,0.49884206
1081,65859,0.002834689
1082,20280,0.007978958
1083,93545,0.71087205
1084,113800,0.39346
1085,40355,0.003524321
1086,78950,0.16201563
1087,79619,0.46219555
1088,47530,0.014797458
1089,81065,0.004199499
1090,94171,0.39392573
1091,31247,0.00959495
1092,55209,0.001687045
1093,19954,0.011087433
1094,19819,0.00470366
1095,87990,0.01632904
1096,30269,0.07542821
1097,41171,0.001897637
1098,71168,0.4296917
1099,9658,0.010399859
1100,40734,0.002197
1101,32263,0.53848994
1102,1616,0.09866472
1103,42637,0.71072483
1104,74937,0.4718152
1105,27883,0.004656917
1106,55033,0.31836954
1107,85715,0.044564664
1108,85586,0.19462727
1109,60693,0.343369
1110,22213,0.004989887
1111,11864,0.2386478
1112,53100,0.09162841
1113,73228,0.056634832
1114,1925,0.011923395
1115,21479,0.004373829
1116,22312,0.003400968
1117,4507,0.11021087
1118,43922,0.003169872
1119,95504,0.01307887
1120,42621,0.003636923
1121,72500,0.2454103
1122,107281,0.009998908
1123,28987,0.010744631
1124,101461,0.00412495
1125,113804,0.002297984
1126,7724,0.06973609
1127,47947,0.18397765
1128,76811,0.002769247
1129,45423,0.005036623
1130,45359,0.004044749
1131,28778,0.03727193
1132,60952,0.060752176
1133,101849,0.06688096
1134,16514,0.007262365
1135,98234,0.004933505
1136,71740,0.37584177
1137,59947,0.04734821
1138,27786,0.071286604
1139,13035,0.64458823
1140,114671,0.007958452
1141,9837,0.009241038
1142,28881,0.265533
1143,58143,0.005519609
1144,34,0.001895586
1145,107355,0.6336694
1146,31607,0.004214497
1147,57851,0.003283741
1148,15377,0.11744066
1149,114384,0.054468617
1150,49200,0.2997685
1151,54311,0.004024584
1152,43165,0.038015973
1153,108889,0.001890631
1154,3483,0.5072561
1155,81811,0.005186467
1156,83437,0.008719401
1157,85147,0.7124155
1158,44221,0.002287369
1159,17742,0.003109274
1160,95774,0.22238876
1161,105010,0.040154476
1162,61835,0.054391224
1163,64746,0.019251993
1164,100840,0.43479186
1165,9885,0.01797316
1166,6167,0.18096966
1167,57636,0.004283662
1168,28662,0.004130185
1169,40488,0.055338375
1170,74414,0.005650714
1171,4376,0.009778519
1172,15554,0.002087251
1173,73550,0.16142307
1174,69666,0.00309613
1175,115701,0.002921883
1176,59627,0.004318102
1177,106212,0.032868546
1178,32771,0.002877451
1179,69075,0.42402583
1180,59036,0.003811684
1181,29176,0.02023645
1182,113306,0.010302304
1183,107175,0.23296078
1184,101901,0.08309041
1185,59467,0.43082973
1186,38473,0.017826634
1187,10377,0.002663096
1188,106110,0.032868546
1189,41331,0.05249673
1190,87936,0.00285224
1191,60400,0.003621475
1192,78124,0.038265962
1193,33217,0.021129604
1194,12427,0.004166727
1195,70075,0.002417349
1196,63249,0.08017139
1197,108599,0.015106651
1198,75415,0.023956912
1199,101168,0.014633901
1200,32392,0.18936294
1201,19637,0.002024715
1202,102708,0.004108592
1203,114611,0.003876261
1204,85287,0.02089929
1205,45764,0.003351131
1206,181,0.00357662
1207,78327,0.09958637
1208,80244,0.36310124
1209,78021,0.28392363
1210,32878,0.74947834
1211,20175,0.03168126
1212,48863,0.05818202
1213,111485,0.23094371
1214,108217,0.003598585
1215,107648,0.7080995
1216,97857,0.010213445
1217,11504,0.007229402
1218,90089,0.16298415
1219,39604,0.024813317
1220,84807,0.5467551
1221,106625,0.36095664
1222,6456,0.003934886
1223,22968,0.003604099
1224,92475,0.00286689
1225,93927,0.13495673
1226,27566,0.036850948
1227,78996,0.004590015
1228,32560,0.009429535
1229,49832,0.004618018
1230,62046,0.001795444
1231,109154,0.55223817
1232,86551,0.00631178
1233,16617,0.01479089
1234,21015,0.005859113
1235,89597,0.03945494
1236,11084,0.042687412
1237,40579,0.004695483
1238,74513,0.005329187
1239,17247,0.00294023
1240,32201,0.02331528
1241,6719,0.003391512
1242,7939,0.14624435
1243,55465,0.002279399
1244,98033,0.009166352
1245,71987,0.01185612
1246,59034,0.00385625
1247,54016,0.3625151
1248,40253,0.005720125
1249,61684,0.004861435
1250,38881,0.016245026
1251,99388,0.06111315
1252,74963,0.006079833
1253,114861,0.002797239
1254,32967,0.004338683
1255,51427,0.005312951
1256,40277,0.026256684
1257,71827,0.05774513
1258,90220,0.022939265
1259,8951,0.003147019
1260,60385,0.5445801
1261,62776,0.054391224
1262,53996,0.16942267
1263,32446,0.00321021
1264,31365,0.004262651
1265,2476,0.59057826
1266,66190,0.015838128
1267,65475,0.001849379
1268,284,0.044202466
1269,103193,0.014108638
1270,96326,0.08797927
1271,35520,0.004469239
1272,60476,0.010392747
1273,104790,0.09422295
1274,38251,0.003480828
1275,7164,0.001959571
1276,112414,0.5186202
1277,25207,0.00904333
1278,102156,0.10462753
1279,57237,0.028760789
1280,59244,0.48555532
1281,53411,0.003859318
1282,18093,0.002698232
1283,16971,0.08385736
1284,46013,0.002644536
1285,40727,0.05810427
1286,29424,0.15681937
1287,36140,0.004470028
1288,66114,0.003751495
1289,114970,0.006755502
1290,89907,0.004809823
1291,58803,0.019569242
1292,110153,0.056464475
1293,105739,0.003624323
1294,95655,0.73876935
1295,8167,0.001850961
1296,92330,0.018584637
1297,111895,0.45292512
1298,92323,0.11218064
1299,6045,0.004940962
1300,78568,0.17006823
1301,75350,0.53529453
1302,24386,0.007965385
1303,42967,0.008505764
1304,94790,0.417236
1305,3391,0.003073087
1306,96097,0.1914669
1307,48473,0.008566584
1308,3832,0.19958024
1309,97505,0.007861827
1310,26460,0.00381397
1311,65091,0.003829652
1312,69346,0.002898281
1313,97281,0.72220814
1314,72344,0.07805006
1315,9382,0.003370754
1316,65977,0.008333898
1317,26854,0.002925452
1318,10622,0.006770594
1319,23393,0.003711844
1320,6607,0.009330138
1321,22903,0.002427429
1322,96644,0.010409547
1323,35836,0.003379483
1324,98743,0.2096225
1325,91116,0.005632732
1326,94529,0.71357256
1327,114616,0.001850876
1328,98303,0.002274168
1329,72496,0.001853942
1330,18843,0.0026992
1331,43354,0.003133988
1332,90002,0.005987571
1333,58219,0.005031437
1334,74614,0.15423357
1335,15354,0.058704756
1336,103943,0.5117174
1337,88119,0.003110868
1338,52250,0.44187447
1339,33355,0.77391464
1340,42025,0.005346813
1341,92576,0.43712595
1342,31699,0.020434687
1343,57444,0.00178908
1344,37040,0.1059424
1345,85224,0.16166583
1346,12778,0.018919434
1347,72732,0.01861218
1348,32704,0.013388439
1349,41160,0.08256301
1350,83491,0.005922618
1351,100278,0.22157681
1352,82218,0.030942913
1353,109638,0.39813897
1354,38079,0.014927628
1355,94249,0.6920124
1356,49308,0.003104538
1357,70011,0.002990822
1358,30364,0.00561579
1359,12784,0.003753855
1360,65998,0.003327429
1361,58695,0.009645269
1362,40463,0.49871993
1363,12606,0.002644358
1364,56419,0.001956669
1365,12869,0.054838926
1366,1087,0.003906989
1367,104251,0.065469705
1368,26286,0.08460948
1369,113612,0.12835662
1370,101828,0.001937927
1371,28409,0.008010743
1372,99684,0.006004748
1373,77835,0.010312281
1374,49570,0.007051454
1375,98088,0.011658547
1376,65384,0.002638481
1377,59876,0.14532565
1378,58832,0.13529342
1379,108940,0.6415938
1380,1066,0.003930479
1381,121,0.001935314
1382,97401,0.69802505
1383,88148,0.004678302
1384,39420,0.00318577
1385,30010,0.020374777
1386,100467,0.027236799
1387,13659,0.014424942
1388,33096,0.101549864
1389,113716,0.059165858
1390,59006,0.26095432
1391,18719,0.002993402
1392,96988,0.006244428
1393,24228,0.03138548
1394,101059,0.002089329
1395,53500,0.43188608
1396,107285,0.010809792
1397,39675,0.00304234
1398,17491,0.007262365
1399,68433,0.047318067
1400,65906,0.005148532
1401,84677,0.003647096
1402,72191,0.005083051
1403,85111,0.17903592
1404,39501,0.003989107
1405,56841,0.004602699
1406,22280,0.009972459
1407,4566,0.5688185
1408,58637,0.4239648
1409,34847,0.011029522
1410,35298,0.59372914
1411,33590,0.007545867
1412,48731,0.003408296
1413,77005,0.1356941
1414,17692,0.01479089
1415,66240,0.015472868
1416,101117,0.002284696
1417,98959,0.002597834
1418,10225,0.001794121
1419,106890,0.003200916
1420,71355,0.6478156
1421,22768,0.002040122
1422,79593,0.004771086
1423,109335,0.003511243
1424,115302,0.001774328
1425,80722,0.02916352
1426,39029,0.003749376
1427,40672,0.005341842
1428,60254,0.002681881
1429,71424,0.02329635
1430,89849,0.004893189
1431,80933,0.17664471
1432,58150,0.047354925
1433,20808,0.005765219
1434,68166,0.005222806
1435,75995,0.002113045
1436,114856,0.034108333
1437,86892,0.20082603
1438,10028,0.003904503
1439,3137,0.01351109
1440,47892,0.003335843
1441,76113,0.001872955
1442,112597,0.020206511
1443,44291,0.003114256
1444,34448,0.11441445
1445,75208,0.018967174
1446,8590,0.001863109
1447,78234,0.007430047
1448,32396,0.101549864
1449,8156,0.005744993
1450,43528,0.004285316
1451,19802,0.008593781
1452,3057,0.012965565
1453,56703,0.58337814
1454,8569,0.003391512
1455,55656,0.001854998
1456,40236,0.003727859
1457,59297,0.004264541
1458,13578,0.001903506
1459,56020,0.21832113
1460,11127,0.002847959
1461,86320,0.001974436
1462,17966,0.0093289
1463,51337,0.003206663
1464,4313,0.002960525
1465,45021,0.020089367
1466,83472,0.003591949
1467,40048,0.002619892
1468,97214,0.00452577
1469,7243,0.002920041
1470,51745,0.025501888
1471,101904,0.003626634
1472,56297,0.45826074
1473,115947,0.003091387
1474,46011,0.002268846
1475,20786,0.002724484
1476,112547,0.5186202
1477,52872,0.004071441
1478,19187,0.004334573
1479,74605,0.0822783
1480,33960,0.004864323
1481,40566,0.005140867
1482,59117,0.512979
1483,102697,0.004148784
1484,83607,0.00360347
1485,106644,0.005739083
1486,66001,0.001828833
1487,28655,0.00561546
1488,61723,0.025627295
1489,14741,0.002703644
1490,88008,0.22854343
1491,31747,0.003785636
1492,10436,0.10380723
1493,7713,0.010485469
1494,74178,0.001839655
1495,27381,0.003174892
1496,108552,0.16633086
1497,103653,0.023424946
1498,39144,0.004724688
1499,22773,0.001916574
1500,98322,0.003650182
1501,90041,0.27308488
1502,93887,0.14916925
1503,2202,0.002127475
1504,15219,0.058704756
1505,83899,0.012148567
1506,5286,0.010240595
1507,58351,0.32748884
1508,39048,0.00270014
1509,48696,0.004514169
1510,13551,0.017697943
1511,112522,0.003233251
1512,35156,0.004206167
1513,37757,0.006720217
1514,82016,0.004570323
1515,101816,0.0044558
1516,1792,0.001839553
1517,38658,0.002944813
1518,21607,0.009127819
1519,11888,0.030384377
1520,6071,0.009330918
1521,35184,0.042136278
1522,99532,0.002075828
1523,4516,0.005956598
1524,6642,0.001949898
1525,70177,0.45083076
1526,14696,0.024559626
1527,44332,0.004161788
1528,107112,0.009998908
1529,75930,0.018600916
1530,48545,0.012379354
1531,31819,0.002852924
1532,86502,0.002011336
1533,14908,0.001850287
1534,10325,0.003533647
1535,59655,0.39365122
1536,42023,0.002044504
1537,32604,0.005006533
1538,112319,0.07541171
1539,109855,0.007306309
1540,98150,0.002382875
1541,22546,0.004471733
1542,13856,0.36752707
1543,33693,0.003989087
1544,34576,0.005262215
1545,52813,0.00537132
1546,33012,0.09611661
1547,113354,0.01424666
1548,22836,0.001818737
1549,5207,0.021799209
1550,65748,0.00505156
1551,74478,0.01920346
1552,66337,0.00222947
1553,75300,0.008642928
1554,41751,0.004644069
1555,96248,0.69404066
1556,3884,0.006907664
1557,70218,0.46802872
1558,85675,0.4444208
1559,32676,0.004568607
1560,2794,0.001895544
1561,90622,0.003498704
1562,109306,0.63113874
1563,105296,0.010774886
1564,52648,0.8315576
1565,71675,0.22142415
1566,113497,0.09732004
1567,8609,0.0771169
1568,75044,0.00326112
1569,13204,0.011222988
1570,94399,0.008763351
1571,56692,0.28669748
1572,4792,0.00584506
1573,69771,0.005690122
1574,31656,0.027780188
1575,21348,0.006349864
1576,32642,0.002812002
1577,12222,0.003004188
1578,18462,0.004807254
1579,29050,0.003096944
1580,45895,0.017051997
1581,90338,0.6102559
1582,88369,0.016392564
1583,94707,0.009044437
1584,44256,0.018166684
1585,12767,0.03633036
1586,56439,0.37054974
1587,26262,0.0049206
1588,56607,0.43905675
1589,5056,0.003127903
1590,82953,0.016230837
1591,34347,0.010480888
1592,52605,0.09209084
1593,6278,0.009330918
1594,35241,0.12388755
1595,33491,0.00354973
1596,7112,0.004245837
1597,63497,0.011830188
1598,108973,0.018819531
1599,69734,0.17656891
1600,56574,0.005713251
1601,112694,0.001936393
1602,93525,0.001959486
1603,56150,0.13211854
1604,113125,0.1729736
1605,14821,0.002521464
1606,38923,0.001796625
1607,10890,0.011201573
1608,84019,0.06764416
1609,91238,0.1857886
1610,527,0.003601137
1611,66535,0.015838128
1612,41987,0.14203341
1613,32323,0.07988977
1614,74485,0.01909522
1615,72705,0.16267619
1616,14688,0.025610827
1617,107206,0.002382804
1618,103148,0.023376726
1619,62411,0.007339102
1620,32140,0.001793943
1621,98279,0.005708078
1622,69204,0.059170924
1623,98340,0.008660849
1624,93528,0.28332633
1625,39847,0.013053966
1626,79321,0.021709898
1627,33714,0.24312922
1628,8185,0.013474048
1629,33287,0.003049389
1630,71824,0.003118237
1631,110247,0.00228552
1632,12700,0.022127764
1633,70960,0.4489585
1634,39957,0.00270014
1635,64404,0.019251993
1636,29548,0.005179791
1637,67866,0.01680705
1638,8942,0.006059862
1639,8793,0.023988133
1640,1984,0.10177325
1641,54083,0.0030713
1642,12403,0.065088406
1643,89358,0.22282289
1644,26051,0.008155029
1645,113947,0.010305858
1646,19534,0.009534087
1647,8431,0.013129603
1648,80430,0.019603439
1649,82380,0.0174819
1650,85256,0.007341701
1651,33280,0.7044944
1652,82210,0.003967319
1653,28072,0.007835018
1654,102469,0.1345062
1655,107699,0.9676366
1656,57321,0.025339672
1657,22349,0.012900336
1658,60153,0.47990796
1659,5061,0.021311019
1660,23387,0.012775728
1661,5517,0.19900255
1662,65283,0.005079025
1663,16901,0.002400218
1664,87962,0.21638528
1665,9833,0.001816347
1666,14035,0.002685599
1667,84040,0.011241094
1668,42855,0.014501426
1669,81674,0.1819243
1670,18309,0.003288379
1671,29220,0.19809347
1672,7715,0.001935351
1673,5539,0.05081139
1674,37552,0.002802496
1675,52302,0.091003016
1676,68568,0.091607034
1677,38397,0.004216771
1678,66331,0.009500482
1679,70190,0.016601762
1680,97451,0.5010265
1681,83103,0.008741
1682,36755,0.02111386
1683,107500,0.7014719
1684,41703,0.003866578
1685,10429,0.001849357
1686,104603,0.008963634
1687,4449,0.09309749
1688,12725,0.001904049
1689,57834,0.21734133
1690,58780,0.004006791
1691,2133,0.073456794
1692,114796,0.002064806
1693,26855,0.003781872
1694,21580,0.003304583
1695,69987,0.34185636
1696,27241,0.003446759
1697,32805,0.2098834
1698,12942,0.003364466
1699,94222,0.4037753
1700,53274,0.003861988
1701,58909,0.004514488
1702,91989,0.54929924
1703,78903,0.035237674
1704,63817,0.004029618
1705,87824,0.007396031
1706,66221,0.24149136
1707,7958,0.018771999
1708,16800,0.048601024
1709,11136,0.003354118
1710,79486,0.07003697
1711,21459,0.007851286
1712,355,0.01014042
1713,63777,0.065258
1714,38675,0.024700308
1715,91824,0.09830573
1716,70740,0.1750245
1717,2020,0.006389584
1718,13667,0.011744097
1719,72653,0.1520264
1720,106911,0.008497552
1721,87485,0.48409918
1722,40724,0.02696783
1723,52991,0.049190767
1724,27590,0.002593635
1725,16494,0.002430388
1726,111847,0.004065239
1727,76855,0.077087484
1728,85458,0.4626954
1729,115911,0.021952359
1730,54354,0.48656657
1731,36635,0.48496857
1732,43654,0.004022111
1733,45006,0.13105136
1734,43523,0.004516445
1735,58853,0.53482115
1736,30509,0.004142394
1737,14466,0.001893946
1738,107166,0.0020321
1739,44103,0.74217194
1740,98741,0.043357287
1741,102953,0.004597592
1742,78272,0.1916584
1743,103495,0.001810996
1744,35789,0.10341515
1745,96531,0.2173976
1746,113386,0.010302304
1747,69839,0.21532732
1748,101149,0.00909881
1749,35988,0.010943777
1750,99748,0.006346116
1751,64633,0.004056632
1752,86532,0.001798843
1753,64094,0.003829652
1754,114755,0.006837056
1755,7168,0.024951227
1756,90819,0.012638777
1757,45718,0.09074463
1758,20429,0.045373313
1759,34947,0.020178044
1760,14928,0.002453581
1761,10891,0.001959429
1762,105920,0.006295448
1763,68527,0.003930224
1764,95399,0.005962806
1765,4292,0.9620631
1766,73850,0.04453503
1767,80860,0.4343721
1768,70131,0.00532399
1769,15511,0.002994906
1770,33010,0.021129604
1771,45403,0.014430326
1772,46449,0.00482947
1773,33663,0.06600573
1774,113527,0.001907591
1775,13964,0.003117014
1776,52993,0.21131694
1777,46923,0.020827847
1778,23507,0.004367887
1779,86992,0.007417847
1780,96366,0.003058478
1781,17387,0.002302629
1782,90873,0.08022527
1783,105686,0.004266285
1784,58073,0.13371174
1785,81778,0.010809594
1786,6472,0.015115878
1787,102875,0.06914617
1788,53876,0.03356788
1789,36387,0.007504324
1790,25810,0.37081638
1791,44996,0.004521477
1792,80050,0.002324969
1793,560,0.13426262
1794,102463,0.039126538
1795,48204,0.04020294
1796,79421,0.001825438
1797,25339,0.010529717
1798,54848,0.17804107
1799,23317,0.6353368
1800,74234,0.003700158
1801,113327,0.18194139
1802,42063,0.004696462
1803,88450,0.024854787
1804,75418,0.006189678
1805,100510,0.22933008
1806,103342,0.001822548
1807,79440,0.003142176
1808,112749,0.15671737
1809,70701,0.002952498
1810,82386,0.005344483
1811,28908,0.003983462
1812,11501,0.00349072
1813,36576,0.007298994
1814,38710,0.135816
1815,104125,0.5268204
1816,62095,0.02868867
1817,53574,0.014503981
1818,90966,0.004658567
1819,71970,0.21735974
1820,24668,0.00180728
1821,75564,0.017979102
1822,5627,0.00702444
1823,81830,0.007885596
1824,53804,0.009722708
1825,18676,0.08510713
1826,107019,0.005035848
1827,24132,0.002988531
1828,112275,0.004293954
1829,107299,0.38292432
1830,68457,0.22026284
1831,16066,0.00261856
1832,70353,0.003711916
1833,16532,0.002260427
1834,82071,0.053283043
1835,72110,0.003738353
1836,90378,0.84127754
1837,43970,0.015350127
1838,100267,0.032577675
1839,83474,0.003975565
1840,69741,0.017225197
1841,21047,0.001815241
1842,29173,0.002556857
1843,23608,0.02298163
1844,13079,0.003848451
1845,98290,0.006589993
1846,103442,0.003530543
1847,41176,0.004112895
1848,38716,0.003674277
1849,74958,0.001873717
1850,96913,0.15836695
1851,99496,0.06111315
1852,29143,0.057805113
1853,57810,0.006344056
1854,46041,0.21145812
1855,14392,0.14828144
1856,71139,0.101937115
1857,72092,0.43633235
1858,31331,0.002407527
1859,56763,0.1885458
1860,64044,0.005476684
1861,43101,0.014118205
1862,60420,0.016719984
1863,43678,0.0049478
1864,62924,0.003482019
1865,36371,0.48004854
1866,18949,0.00758062
1867,111922,0.013921429
1868,3596,0.007058082
1869,11714,0.042370412
1870,49380,0.00500129
1871,112519,0.10740821
1872,72064,0.2616492
1873,29973,0.004558301
1874,38252,0.12879473
1875,103931,0.001808249
1876,45509,0.6454021
1877,48802,0.06395944
1878,16175,0.003617466
1879,83451,0.007520099
1880,53553,0.17402513
1881,51019,0.001871698
1882,68472,0.005408862
1883,91793,0.65889424
1884,41660,0.12614168
1885,4368,0.09914466
1886,20448,0.012903815
1887,24473,0.004110082
1888,93090,0.003613578
1889,42878,0.06820165
1890,37313,0.001950539
1891,98800,0.005493165
1892,53218,0.0333462
1893,4511,0.39693785
1894,110041,0.2997402
1895,77048,0.18190548
1896,94858,0.004901806
1897,24203,0.042783093
1898,71044,0.07926732
1899,80359,0.001802533
1900,51850,0.004228781
1901,37119,0.001864286
1902,32712,0.2571091
1903,53139,0.5161908
1904,74775,0.01037563
1905,36828,0.027440827
1906,69251,0.021813767
1907,110236,0.015028344
1908,59680,0.003756866
1909,51903,0.08946965
1910,57658,0.005699589
1911,25120,0.002756192
1912,26900,0.003867732
1913,87396,0.7871245
1914,19255,0.004880939
1915,42336,0.004822382
1916,38050,0.06365933
1917,1081,0.003751487
1918,46451,0.01704471
1919,113329,0.002304124
1920,50348,0.010516798
1921,50075,0.34447193
1922,67370,0.011504727
1923,47568,0.06758982
1924,22477,0.01278987
1925,39525,0.003563491
1926,111884,0.070066325
1927,68605,0.017747609
1928,77109,0.062912494
1929,104009,0.002702084
1930,63890,0.5754112
1931,36011,0.001883625
1932,86858,0.09366123
1933,57494,0.005378113
1934,43799,0.002322147
1935,19721,0.003613863
1936,84654,0.007341701
1937,70290,0.2955744
1938,107557,0.008210361
1939,85934,0.005682894
1940,2561,0.013882625
1941,80215,0.001821003
1942,2374,0.001847445
1943,13007,0.8671658
1944,59644,0.005306189
1945,27988,0.003554319
1946,41193,0.007497761
1947,42188,0.31036794
1948,79473,0.01026333
1949,115486,0.00195827
1950,16313,0.002940279
1951,86285,0.39403018
1952,80602,0.002992517
1953,88642,0.02005305
1954,18454,0.002533161
1955,64272,0.010492863
1956,103269,0.23610128
1957,17261,0.002781887
1958,81505,0.004365761
1959,110465,0.002399318
1960,24794,0.003598168
1961,16393,0.005725538
1962,13454,0.017325202
1963,5730,0.38056922
1964,63782,0.003109832
1965,48940,0.40736476
1966,56551,0.45141846
1967,31188,0.5210573
1968,95600,0.008083198
1969,100178,0.21247797
1970,85187,0.002956077
1971,75273,0.018696774
1972,78051,0.003548093
1973,13439,0.061853666
1974,8586,0.0943723
1975,56341,0.009283547
1976,18102,0.18227355
1977,50284,0.007041162
1978,42809,0.23722191
1979,111555,0.2545595
1980,21996,0.001830878
1981,82115,0.4028191
1982,57363,0.48935434
1983,83009,0.004308606
1984,42252,0.002047205
1985,97422,0.6437023
1986,6259,0.005583604
1987,76777,0.022090359
1988,54386,0.003404215
1989,31880,0.002921193
1990,44853,0.004742701
1991,99025,0.26611048
1992,52071,0.3506458
1993,157,0.002783746
1994,60004,0.005402033
1995,45976,0.003592916
1996,47080,0.005151257
1997,16757,0.003330788
1998,31179,0.020434687
1999,45745,0.003892332
2000,66155,0.9398794
2001,109292,0.024890834
2002,302,0.001792376
2003,96501,0.003837302
2004,81103,0.01645285
2005,48345,0.022906547
2006,96653,0.7000107
2007,61494,0.34237528
2008,75222,0.046570424
2009,78280,0.010214414
2010,23672,0.13368183
2011,41067,0.012108899
2012,54155,0.3625151
2013,12892,0.048929457
2014,109945,0.27985823
2015,25108,0.008882586
2016,63053,0.59870493
2017,7659,0.013275237
2018,99917,0.002783347
2019,89490,0.011569961
2020,98975,0.07599895
2021,56850,0.010439297
2022,33198,0.101549864
2023,94326,0.08037454
2024,62604,0.002782876
2025,44687,0.003133887
2026,26247,0.3110211
2027,24596,0.004950614
2028,22471,0.003691387
2029,109546,0.57580024
2030,86555,0.016308635
2031,114176,0.012101189
2032,93601,0.22932266
2033,46224,0.002981196
2034,24626,0.038065836
2035,54807,0.31836954
2036,11987,0.20715837
2037,49808,0.13873254
2038,89284,0.01340388
2039,72669,0.07864465
2040,72532,0.005840434
2041,62652,0.051409665
2042,57371,0.003268102
2043,71497,0.3861233
2044,85389,0.1764263
2045,23681,0.015760837
2046,115368,0.004619904
2047,86800,0.001893873
2048,65479,0.008020491
2049,80989,0.011864642
2050,71459,0.026656417
2051,1012,0.003431283
2052,93177,0.64273274
2053,5660,0.10547093
2054,88966,0.025195286
2055,61819,0.054391224
2056,113078,0.2577579
2057,8250,0.001793528
2058,50744,0.35836494
2059,65438,0.002659715
2060,77728,0.14002892
2061,72949,0.23621428
2062,105733,0.07125353
2063,98874,0.3909348
2064,42888,0.13592163
2065,5058,0.003752183
2066,46238,0.004085287
2067,76112,0.001936537
2068,79422,0.030529102
2069,58364,0.002029873
2070,103132,0.28854606
2071,30453,0.020374777
2072,24839,0.003486059
2073,106520,0.28546953
2074,17376,0.003139527
2075,103529,0.004166725
2076,57527,0.004603289
2077,7789,0.4411558
2078,4470,0.019194622
2079,100541,0.30538112
2080,74073,0.042736232
2081,78194,0.005326078
2082,95070,0.531683
2083,31883,0.024422169
2084,73918,0.020324547
2085,88812,0.00801522
2086,88058,0.09872595
2087,79973,0.5216083
2088,15050,0.00191007
2089,87898,0.037999507
2090,53266,0.027134608
2091,105488,0.00388675
2092,33053,0.004357404
2093,62380,0.007732692
2094,103824,0.004503245
2095,69182,0.22863437
2096,69850,0.07768436
2097,19832,0.003127937
2098,10170,0.20576827
2099,1867,0.04807368
2100,62655,0.004123663
2101,88004,0.24294837
2102,70672,0.002825985
2103,59656,0.38765764
2104,4022,0.001852811
2105,87877,0.19185938
2106,27386,0.002731875
2107,8091,0.002694769
2108,1443,0.014696265
2109,58006,0.004745889
2110,49371,0.003035632
2111,76643,0.077087484
2112,49817,0.3242246
2113,108537,0.002698578
2114,64336,0.004056104
2115,31511,0.10413385
2116,11783,0.28242135
2117,6984,0.002663188
2118,33397,0.001919642
2119,97416,0.6437023
2120,112949,0.006789633
2121,33271,0.010061161
2122,43688,0.004628943
2123,16905,0.004310163
2124,73308,0.005259183
2125,34695,0.005660737
2126,11672,0.020026965
2127,30066,0.05745302
2128,20886,0.003475255
2129,57423,0.3731966
2130,66527,0.005933994
2131,97271,0.7153321
2132,11563,0.062159274
2133,95709,0.024226038
2134,930,0.003751487
2135,80442,0.003844764
2136,30413,0.006529845
2137,18223,0.001924985
2138,4234,0.013944134
2139,58383,0.003221106
2140,66593,0.004036143
2141,22741,0.001792261
2142,112243,0.25299516
2143,111177,0.017057873
2144,33624,0.0912829
2145,103358,0.047325417
2146,48701,0.001951976
2147,81221,0.433696
2148,1882,0.22699025
2149,95330,0.002493138
2150,36832,0.034174036
2151,48370,0.004097914
2152,16422,0.0093289
2153,36970,0.008712179
2154,26670,0.031682692
2155,62453,0.0719827
2156,27696,0.003386993
2157,59190,0.105893716
2158,96994,0.004765805
2159,75150,0.008195092
2160,52818,0.003881356
2161,95540,0.417236
2162,62769,0.004073427
2163,9868,0.002587898
2164,76152,0.3562059
2165,75112,0.018600916
2166,67588,0.010030162
2167,30815,0.00417191
2168,42923,0.02726209
2169,71706,0.0802148
2170,8009,0.002696456
2171,36870,0.15241554
2172,98351,0.024434
2173,38693,0.020363126
2174,81602,0.16655412
2175,16265,0.008565746
2176,38570,0.002005708
2177,77756,0.1656834
2178,75096,0.007555732
2179,338,0.003895276
2180,108308,0.00187064
2181,112029,0.006548593
2182,52982,0.17498276
2183,34188,0.004175331
2184,27565,0.003554319
2185,110748,0.42528927
2186,1405,0.006012475
2187,2349,0.00468789
2188,82866,0.005392843
2189,18444,0.007281867
2190,63707,0.011830188
2191,97657,0.001805055
2192,92621,0.017827794
2193,58380,0.004897401
2194,58270,0.4042455
2195,84842,0.00249636
2196,12365,0.002849049
2197,11124,0.004223855
2198,29343,0.004028688
2199,112106,0.013845173
2200,104130,0.003711581
2201,58259,0.005897495
2202,24219,0.11765218
2203,7689,0.003104894
2204,12530,0.019428045
2205,13532,0.38377804
2206,84528,0.20852552
2207,5803,0.080252685
2208,109419,0.003511243
2209,109649,0.004490793
2210,28634,0.00841784
2211,53288,0.09162841
2212,12263,0.065088406
2213,86509,0.004549132
2214,23760,0.001855967
2215,99052,0.001833835
2216,19147,0.003255927
2217,95004,0.29101548
2218,97053,0.3331416
2219,40793,0.5137386
2220,53059,0.003951357
2221,98564,0.008124402
2222,89700,0.27595225
2223,104846,0.004405686
2224,10623,0.010372458
2225,75728,0.001789506
2226,54508,0.003217574
2227,57346,0.001789138
2228,29279,0.008465012
2229,15797,0.001949725
2230,39118,0.016245026
2231,81518,0.020872222
2232,65496,0.004219072
2233,20854,0.003475255
2234,89525,0.18183173
2235,102812,0.18946142
2236,89115,0.1126058
2237,13558,0.019219449
2238,30471,0.16345854
2239,19881,0.002988235
2240,107607,0.01531742
2241,87400,0.39295575
2242,85549,0.028062027
2243,113757,0.007311906
2244,18115,0.064372845
2245,32618,0.003221668
2246,35257,0.00433698
2247,7222,0.001912781
2248,63868,0.008276693
2249,76847,0.00600488
2250,98309,0.006256589
2251,34796,0.0908146
2252,24285,0.008641106
2253,62115,0.052609615
2254,57267,0.00408933
2255,68902,0.020233888
2256,29634,0.07225416
2257,9648,0.003168558
2258,30411,0.003896914
2259,14944,0.002642203
2260,67951,0.060024146
2261,47045,0.004303047
2262,62458,0.003572829
2263,62789,0.005289707
2264,17085,0.046510585
2265,94494,0.007747747
2266,44828,0.003062066
2267,69556,0.001824775
2268,80161,0.060428627
2269,30358,0.003245971
2270,79804,0.003567284
2271,33670,0.09320482
2272,90744,0.7606994
2273,114362,0.009360537
2274,98168,0.018846894
2275,7523,0.13587698
2276,37423,0.004164174
2277,108526,0.005617301
2278,26729,0.008840571
2279,74565,0.04652822
2280,48846,0.2411584
2281,4425,0.002290197
2282,34282,0.002394117
2283,33891,0.48716098
2284,80110,0.2624594
2285,5980,0.013302434
2286,32195,0.31072474
2287,88598,0.14755201
2288,22443,0.003654663
2289,81236,0.006828216
2290,86908,0.464119
2291,108086,0.003499926
2292,81584,0.14628337
2293,50817,0.001802585
2294,46799,0.016797952
2295,60386,0.21286756
2296,1602,0.053274952
2297,78096,0.08133093
2298,82995,0.010924491
2299,100473,0.00179387
2300,21181,0.003353619
2301,98603,0.19193354
2302,89491,0.004551246
2303,52682,0.003592717
2304,18714,0.025456298
2305,87119,0.003508173
2306,38383,0.004776224
2307,29444,0.002984408
2308,104226,0.003174997
2309,62808,0.004923083
2310,97139,0.007861827
2311,8706,0.001951878
2312,3631,0.013027176
2313,66798,0.004281543
2314,11710,0.003388761
2315,75968,0.004459002
2316,69233,0.016594866
2317,22547,0.002229041
2318,19872,0.002758325
2319,102413,0.008811788
2320,76700,0.006261667
2321,35667,0.41494492
2322,75641,0.046570424
2323,30773,0.006406938
2324,94740,0.007882902
2325,11742,0.018235115
2326,72467,0.24095635
2327,106428,0.82111937
2328,80087,0.027240733
2329,33563,0.18489538
2330,12407,0.001935491
2331,66863,0.01562094
2332,20710,0.004319484
2333,110260,0.007825786
2334,67431,0.014915526
2335,71155,0.02329635
2336,43943,0.07215357
2337,101109,0.002022516
2338,45442,0.009316066
2339,81646,0.052960277
2340,31037,0.004042316
2341,26366,0.036856744
2342,74630,0.013139417
2343,106069,0.003946271
2344,82843,0.004770823
2345,13395,0.18282373
2346,88639,0.003864654
2347,3664,0.020523345
2348,1190,0.113046885
2349,67788,0.005916039
2350,113303,0.010302304
2351,81958,0.26171738
2352,108177,0.3373771
2353,15532,0.003389458
2354,109613,0.63444495
2355,7194,0.013741674
2356,74927,0.002518283
2357,72263,0.086647294
2358,7838,0.003395331
2359,71486,0.013442691
2360,35028,0.005112286
2361,111132,0.016695254
2362,67447,0.21119083
2363,87836,0.19185938
2364,48677,0.004621602
2365,56735,0.43905675
2366,43078,0.006320468
2367,63305,0.24406882
2368,88183,0.006901403
2369,88984,0.19690475
2370,35873,0.002492715
2371,68185,0.36073205
2372,5937,0.00634667
2373,9821,0.001924737
2374,96476,0.45341474
2375,109445,0.002673538
2376,106753,0.34250888
2377,36220,0.3217629
2378,15163,0.003070021
2379,12295,0.88013875
2380,111744,0.003428547
2381,72828,0.003701795
2382,45214,0.015611682
2383,33490,0.42481923
2384,45746,0.003038151
2385,18612,0.004734037
2386,93732,0.14916925
2387,49298,0.002449078
2388,8785,0.026778234
2389,47252,0.27391797
2390,88138,0.13739704
2391,21159,0.6759921
2392,2640,0.001983725
2393,66433,0.008929806
2394,95763,0.69406575
2395,95351,0.23060608
2396,83309,0.003824611
2397,114228,0.011677805
2398,67144,0.1813222
2399,6436,0.002106559
2400,96872,0.00184039
2401,40342,0.49871993
2402,32978,0.023376279
2403,37763,0.004353008
2404,85559,0.015891418
2405,54442,0.007078395
2406,13461,0.004022792
2407,101359,0.58671284
2408,66068,0.00505156
2409,46247,0.002563479
2410,100513,0.004732895
2411,58957,0.009719403
2412,71402,0.017428916
2413,41699,0.09465622
2414,13227,0.001993499
2415,113766,0.008809602
2416,85595,0.31809393
2417,47175,0.003119208
2418,60076,0.002535865
2419,11579,0.45534164
2420,114994,0.005848613
2421,33306,0.021129604
2422,26188,0.00807011
2423,42130,0.007162595
2424,305,0.006218982
2425,18561,0.001794017
2426,16146,0.016055943
2427,94285,0.001821545
2428,108075,0.010643413
2429,57522,0.004283396
2430,66843,0.005675301
2431,87228,0.11084681
2432,71239,0.07926732
2433,71204,0.021911735
2434,104972,0.4992977
2435,85721,0.017980922
2436,28498,0.7272079
2437,51049,0.085715875
2438,60773,0.002922087
2439,83679,0.6897007
2440,85333,0.001788896
2441,1514,0.012419351
2442,67159,0.005690692
2443,99681,0.3196194
2444,100048,0.030472549
2445,78552,0.17006823
2446,35622,0.001842473
2447,23973,0.003325199
2448,51233,0.004875804
2449,38453,0.008256841
2450,5108,0.004338551
2451,5279,0.03693518
2452,93151,0.011469154
2453,112281,0.54386187
2454,59124,0.5058321
2455,96793,0.4989254
2456,105466,0.004272417
2457,71262,0.014787227
2458,712,0.014334437
2459,87522,0.17117195
2460,79206,0.001790982
2461,23900,0.13855807
2462,22198,0.003123791
2463,88709,0.15673766
2464,103324,0.41989565
2465,74172,0.01859512
2466,97568,0.01887453
2467,52717,0.004201031
2468,79529,0.07990121
2469,114695,0.005127739
2470,107384,0.47472548
2471,15704,0.003862166
2472,3614,0.398351
2473,54375,0.005956259
2474,104923,0.02411977
2475,108568,0.1852702
2476,108019,0.6137803
2477,114895,0.013342819
2478,73785,0.042736232
2479,53970,0.004047453
2480,94314,0.003905495
2481,13054,0.029590355
2482,67100,0.282992
2483,52768,0.003755337
2484,92641,0.5329257
2485,8597,0.002459918
2486,30062,0.003410494
2487,102649,0.4637561
2488,60836,0.001901184
2489,71249,0.07926732
2490,4895,0.002355728
2491,50060,0.10258527
2492,23903,0.003702334
2493,84818,0.008571977
2494,105467,0.011434994
2495,87624,0.005812482
2496,37678,0.030746026
2497,13947,0.003361169
2498,80955,0.001821784
2499,43777,0.020948935
2500,40536,0.002224594
2501,41462,0.23736887
2502,64680,0.001996795
2503,93271,0.13969782
2504,63535,0.004379036
2505,15018,0.003680935
2506,100075,0.032577675
2507,71661,0.0802148
2508,44139,0.004015452
2509,26665,0.04795241
2510,87097,0.3723121
2511,106339,0.007353059
2512,4570,0.003314415
2513,102651,0.002217515
2514,9782,0.18308939
2515,46691,0.002384033
2516,102363,0.044054992
2517,111708,0.006400688
2518,28128,0.003723817
2519,72924,0.025017424
2520,54309,0.004685115
2521,71560,0.0802148
2522,110944,0.31092393
2523,79805,0.01452168
2524,49620,0.73156697
2525,93058,0.00691717
2526,4025,0.059482604
2527,31871,0.17651129
2528,33169,0.008587685
2529,85461,0.1764263
2530,36369,0.00824824
2531,57617,0.004103636
2532,51195,0.003579852
2533,23112,0.003714064
2534,106784,0.02962659
2535,90505,0.25407982
2536,23015,0.002379243
2537,40173,0.003238165
2538,89870,0.011104626
2539,108860,0.6797642
2540,59720,0.16274665
2541,98082,0.00479173
2542,23928,0.06791834
2543,23332,0.001891264
2544,78834,0.014558514
2545,87946,0.08296541
2546,67664,0.030230898
2547,88274,0.124706864
2548,1774,0.16388318
2549,105319,0.5127981
2550,88417,0.09253549
2551,23222,0.013355625
2552,49392,0.00387701
2553,36241,0.008891183
2554,108854,0.5903907
2555,71900,0.08013069
2556,64820,0.004251425
2557,78241,0.28395483
2558,1531,0.008639774
2559,53654,0.004119864
2560,41175,0.004112895
2561,94552,0.003548317
2562,10309,0.002004846
2563,55223,0.68868476
2564,26748,0.036283348
2565,46244,0.03329365
2566,45200,0.001791953
2567,29916,0.67786217
2568,78703,0.38255423
2569,98520,0.19193354
2570,65044,0.004333135
2571,113206,0.001916326
2572,51540,0.004235646
2573,18906,0.010782294
2574,45956,0.018621972
2575,70072,0.081190735
2576,6783,0.10477001
2577,84452,0.061585333
2578,60050,0.012326187
2579,71615,0.07270861
2580,71498,0.017130725
2581,95117,0.01307887
2582,72948,0.004547227
2583,46084,0.003099159
2584,11682,0.31696424
2585,77762,0.19692989
2586,102294,0.20178963
2587,51097,0.002668541
2588,9136,0.009967022
2589,25029,0.008882586
2590,2080,0.011034214
2591,62749,0.4861434
2592,8845,0.009619228
2593,107578,0.032327548
2594,86152,0.17796935
2595,26609,0.005102894
2596,99339,0.42519122
2597,59542,0.12582591
2598,85827,0.004672395
2599,103743,0.12825175
2600,106328,0.47886977
2601,85755,0.003773703
2602,33623,0.009859613
2603,33999,0.24030998
2604,88363,0.015757086
2605,77724,0.004371776
2606,70180,0.036494285
2607,87870,0.19611643
2608,105218,0.008963634
2609,111373,0.06981273
2610,29261,0.001929545
2611,97371,0.006766504
2612,100044,0.07657226
2613,43899,0.001788422
2614,57626,0.003780332
2615,35970,0.008290367
2616,86590,0.32599804
2617,37296,0.049791224
2618,33183,0.17507093
2619,68070,0.24653687
2620,72838,0.07920986
2621,76357,0.021948306
2622,37817,0.004445785
2623,112488,0.00267427
2624,65053,0.005559465
2625,61599,0.054391224
2626,101496,0.2640165
2627,106255,0.20819607
2628,31087,0.020434687
2629,13338,0.00430474
2630,33272,0.003815493
2631,10543,0.003558883
2632,101093,0.078753114
2633,5308,0.002007169
2634,27886,0.018819384
2635,71297,0.019140176
2636,11569,0.023999808
2637,96111,0.19418226
2638,46255,0.003378595
2639,111218,0.102893434
2640,38245,0.002984521
2641,4258,0.74627316
2642,6858,0.004472225
2643,72240,0.07864465
2644,91568,0.09830573
2645,19576,0.005925904
2646,79951,0.003567284
2647,54711,0.24186142
2648,68629,0.004961727
2649,7946,0.14439575
2650,44979,0.004742701
2651,42705,0.004014163
2652,39528,0.019381354
2653,86094,0.16759738
2654,94623,0.003796214
2655,105498,0.18761016
2656,22592,0.004023261
2657,71006,0.07926732
2658,14490,0.003615752
2659,46342,0.016200379
2660,108553,0.28256416
2661,5399,0.2445374
2662,100551,0.00275594
2663,101396,0.016033608
2664,64817,0.004056104
2665,39658,0.003116701
2666,48452,0.004663064
2667,88059,0.0994059
2668,534,0.06299723
2669,59428,0.49003637
2670,17734,0.001865925
2671,103762,0.18179356
2672,74941,0.11870131
2673,103726,0.002450623
2674,2086,0.001939893
2675,22240,0.001939192
2676,81442,0.033650707
2677,12009,0.056000385
2678,77883,0.001961015
2679,44500,0.39190194
2680,111938,0.02024192
2681,49414,0.07588538
2682,97215,0.21257025
2683,96887,0.21257025
2684,74903,0.002487331
2685,21236,0.004118475
2686,28830,0.05665086
2687,75445,0.003271313
2688,3905,0.003983327
2689,102588,0.001820534
2690,33589,0.023297261
2691,58722,0.3493376
2692,98883,0.47870576
2693,44925,0.002686699
2694,110178,0.01252244
2695,85243,0.01560336
2696,36023,0.10341515
2697,16690,0.003828164
2698,83985,0.26637158
2699,46958,0.017875366
2700,115434,0.006825823
2701,32949,0.00419371
2702,54082,0.008614403
2703,84467,0.14159523
2704,68150,0.005656903
2705,62073,0.017119497
2706,93464,0.25271237
2707,53685,0.05630108
2708,33923,0.004407667
2709,65981,0.00505156
2710,99768,0.008856601
2711,110454,0.003134162
2712,34936,0.020178044
2713,7203,0.26323038
2714,12652,0.002712944
2715,107163,0.005779775
2716,26585,0.00829341
2717,104578,0.004560365
2718,46693,0.41297144
2719,64512,0.004333135
2720,12032,0.04813418
2721,22127,0.007097446
2722,45441,0.2525514
2723,114562,0.003215367
2724,10129,0.024401667
2725,102744,0.011338962
2726,49499,0.1994777
2727,95059,0.008164199
2728,11544,0.003388761
2729,75771,0.015063245
2730,26933,0.04795241
2731,73047,0.27963176
2732,96374,0.49489275
2733,82986,0.001836701
2734,65620,0.004056285
2735,72620,0.3154953
2736,92951,0.002681899
2737,6447,0.018841859
2738,60330,0.3148007
2739,19894,0.011137936
2740,75297,0.001809206
2741,55845,0.004613182
2742,90551,0.10266349
2743,95263,0.531683
2744,78126,0.035256896
2745,98738,0.21513925
2746,8162,0.028680677
2747,22441,0.002368009
2748,68818,0.024775442
2749,937,0.003870125
2750,81094,0.010856684
2751,14061,0.6250329
2752,13296,0.5965815
2753,3348,0.012782165
2754,48543,0.003109042
2755,37621,0.003508405
2756,25973,0.003120694
2757,98955,0.010335637
2758,66638,0.016766936
2759,32507,0.006500684
2760,96284,0.00736317
2761,72194,0.07864465
2762,88576,0.003922101
2763,52785,0.003925493
2764,76421,0.15829541
2765,27077,0.003818488
2766,56318,0.003757278
2767,49316,0.004623848
2768,78162,0.001877826
2769,47752,0.002290639
2770,40347,0.010070725
2771,66463,0.007380106
2772,87910,0.005241658
2773,18852,0.04410407
2774,55925,0.006798765
2775,85500,0.4308146
2776,110639,0.38998598
2777,2955,0.02145494
2778,42003,0.004665501
2779,76705,0.018545132
2780,46452,0.30283535
2781,105613,0.002474523
2782,10538,0.001874993
2783,94941,0.7092738
2784,113486,0.3032203
2785,82209,0.005668306
2786,58561,0.024986533
2787,89858,0.006581496
2788,31224,0.005688156
2789,98598,0.00412239
2790,49086,0.115875304
2791,36237,0.31657913
2792,30256,0.003850091
2793,80338,0.004777677
2794,96364,0.002015051
2795,67633,0.08823628
2796,100496,0.007108907
2797,102256,0.002070584
2798,73339,0.004961299
2799,81048,0.009469822
2800,27347,0.003894749
2801,105049,0.001792471
2802,103322,0.2899796
2803,60688,0.076224774
2804,74302,0.04652822
2805,101411,0.008900024
2806,4042,0.006829648
2807,98289,0.010644066
2808,33448,0.24312922
2809,70763,0.004316554
2810,46770,0.21350795
2811,100794,0.002341424
2812,90082,0.090886466
2813,63511,0.003966011
2814,115683,0.036815453
2815,89304,0.00801522
2816,98907,0.010341907
2817,78538,0.003187811
2818,31773,0.001825814
2819,85220,0.013027355
2820,30465,0.001890444
2821,108515,0.7682396
2822,845,0.009246182
2823,51494,0.008564827
2824,34584,0.004063187
2825,109698,0.005064932
2826,109339,0.022003392
2827,25540,0.002838752
2828,77718,0.0035716
2829,110464,0.4101323
2830,86740,0.20082603
2831,85573,0.013941557
2832,1962,0.005545823
2833,14179,0.002575534
2834,47480,0.015595853
2835,92388,0.19881375
2836,4857,0.007553005
2837,17678,0.001796005
2838,64751,0.00627582
2839,95160,0.002564832
2840,44421,0.004268522
2841,48145,0.001791693
2842,113794,0.012535792
2843,86802,0.007417847
2844,16244,0.002431622
2845,93114,0.006691009
2846,96392,0.0863405
2847,110406,0.00562491
2848,26925,0.31792673
2849,34346,0.005677333
2850,59209,0.3493376
2851,64730,0.00377243
2852,99151,0.002747036
2853,104437,0.1279005
2854,99110,0.003507058
2855,44672,0.005714896
2856,115986,0.003468534
2857,55577,0.4237678
2858,44271,0.0041685
2859,89111,0.09253549
2860,4530,0.002930778
2861,32044,0.003460578
2862,72156,0.008632781
2863,86976,0.002037071
2864,36665,0.09850952
2865,40303,0.003426626
2866,45194,0.002980506
2867,10236,0.5110609
2868,34739,0.09320482
2869,102728,0.006329246
2870,45043,0.013494346
2871,70991,0.07926732
2872,82159,0.0594918
2873,39846,0.004072827
2874,25980,0.003781872
2875,61453,0.005891865
2876,9402,0.025720334
2877,8520,0.003758289
2878,13297,0.77286637
2879,112813,0.5186202
2880,114851,0.001826178
2881,62258,0.6832471
2882,104471,0.00185226
2883,46173,0.010352121
2884,81871,0.03569653
2885,7776,0.003391512
2886,26162,0.008957181
2887,100950,0.2873721
2888,93238,0.005848269
2889,964,0.001865166
2890,108972,0.007936399
2891,72985,0.02194553
2892,61424,0.054709256
2893,70108,0.081190735
2894,19778,0.005797912
2895,17250,0.016037889
2896,16763,0.005677521
2897,72257,0.27500036
2898,64600,0.40585518
2899,53206,0.5161908
2900,38042,0.30520806
2901,69262,0.13518903
2902,81981,0.00400908
2903,71525,0.012078824
2904,62257,0.00720082
2905,9705,0.003208227
2906,35111,0.04632981
2907,4720,0.001848709
2908,2424,0.16845551
2909,6469,0.002700235
2910,17870,0.007262365
2911,92111,0.002916249
2912,56839,0.13443895
2913,21624,0.006868366
2914,78042,0.00805547
2915,18622,0.004734037
2916,48830,0.003841818
2917,114806,0.09970485
2918,5095,0.52740604
2919,86481,0.007417847
2920,103297,0.023361951
2921,86136,0.17796935
2922,114650,0.002570627
2923,77761,0.01225863
2924,55256,0.12590222
2925,107734,0.7014719
2926,91501,0.010435337
2927,91394,0.013932462
2928,2967,0.017080123
2929,84544,0.001893958
2930,28658,0.003504213
2931,33917,0.002534468
2932,49112,0.02208124
2933,20842,0.005893247
2934,64112,0.06624657
2935,76300,0.028510468
2936,58584,0.32037324
2937,46966,0.022315988
2938,38469,0.34674954
2939,9255,0.001893438
2940,44884,0.002009163
2941,59642,0.005292051
2942,108189,0.3373771
2943,47793,0.30675003
2944,38811,0.004055884
2945,3336,0.003326272
2946,111116,0.017143944
2947,17439,0.0093289
2948,48439,0.020170601
2949,84779,0.682518
2950,114963,0.002918292
2951,42793,0.00573201
2952,24945,0.04994495
2953,83722,0.012129497
2954,74762,0.20414245
2955,100321,0.10386554
2956,114447,0.00546616
2957,111610,0.013399025
2958,6561,0.51498973
2959,107231,0.008497552
2960,78118,0.015359939
2961,86394,0.08679668
2962,94467,0.004408975
2963,36406,0.025295956
2964,81567,0.014163788
2965,75408,0.001898392
2966,103919,0.22198361
2967,61050,0.5011527
2968,30277,0.005182768
2969,95023,0.008164199
2970,70871,0.03148257
2971,56779,0.006464017
2972,90999,0.00444385
2973,89121,0.006823561
2974,61563,0.004113809
2975,104492,0.14485742
2976,3081,0.014652388
2977,104892,0.030848803
2978,102199,0.062158905
2979,16677,0.001796128
2980,1393,0.008919174
2981,28160,0.020685164
2982,94483,0.001789999
2983,57046,0.29896724
2984,77085,0.001859411
2985,56440,0.004572514
2986,5883,0.002822214
2987,60234,0.005306189
2988,46556,0.003164787
2989,111857,0.2545595
2990,40446,0.006663295
2991,59659,0.4575408
2992,53952,0.004194393
2993,11545,0.193226
2994,20725,0.6591285
2995,64911,0.001834304
2996,8884,0.006544381
2997,98805,0.0212538
2998,69261,0.001862137
2999,320,0.013628795
3000,55817,0.020781117
3001,7067,0.00834567
3002,79035,0.007598372
3003,43186,0.020659862
3004,56649,0.010662596
3005,40819,0.030485518
3006,105276,0.5633286
3007,24159,0.1402158
3008,925,0.015770825
3009,5347,0.0162117
3010,6595,0.07134596
3011,27146,0.00404061
3012,3251,0.020614423
3013,111032,0.77109975
3014,5510,0.020739457
3015,65152,0.003622538
3016,106849,0.001787735
3017,33106,0.07080908
3018,49436,0.001921322
3019,83740,0.001851399
3020,111921,0.13491037
3021,104880,0.003045555
3022,82228,0.018236622
3023,110469,0.005809601
3024,100587,0.24451068
3025,70568,0.07968667
3026,48609,0.14405264
3027,12105,0.001870975
3028,46929,0.47389668
3029,108266,0.22426449
3030,62211,0.59685355
3031,89648,0.024514996
3032,101285,0.005761495
3033,73373,0.006574528
3034,80446,0.26598525
3035,99041,0.001792864
3036,87279,0.4056243
3037,35518,0.023727855
3038,63606,0.004522361
3039,17733,0.007502642
3040,18144,0.06560462
3041,37235,0.06365933
3042,105146,0.003256792
3043,75821,0.046570424
3044,10406,0.04947914
3045,33352,0.003334719
3046,31097,0.08621725
3047,8102,0.003719833
3048,70847,0.001894562
3049,35771,0.071223855
3050,40620,0.002659515
3051,3243,0.001862111
3052,93296,0.41140577
3053,20035,0.004061858
3054,26058,0.43153843
3055,22117,0.005108301
3056,71257,0.005919208
3057,96049,0.011069477
3058,14888,0.007120286
3059,94268,0.049318194
3060,63556,0.003164049
3061,110478,0.4475192
3062,115917,0.0178891
3063,10186,0.019493671
3064,42912,0.003494743
3065,24822,0.002719743
3066,3645,0.07907226
3067,76878,0.010154837
3068,93049,0.017872075
3069,7686,0.003391512
3070,50693,0.123092875
3071,16372,0.002532016
3072,77167,0.00397968
3073,46569,0.022315988
3074,114394,0.040245216
3075,70831,0.45330626
3076,62839,0.4861434
3077,102240,0.3475798
3078,25303,0.003781872
3079,10632,0.012543261
3080,87631,0.428685
3081,104252,0.024743559
3082,23699,0.013953171
3083,112570,0.00189787
3084,56051,0.36020088
3085,6861,0.00190119
3086,84028,0.27916983
3087,108015,0.63353837
3088,90629,0.13159373
3089,80595,0.004419295
3090,42290,0.12114787
3091,57555,0.53932595
3092,75604,0.002329527
3093,77873,0.07295005
3094,75423,0.003139168
3095,75490,0.020599775
3096,29355,0.021600137
3097,49793,0.001908871
3098,33430,0.006421644
3099,53547,0.06173475
3100,19704,0.005508885
3101,94466,0.3520467
3102,71665,0.12028604
3103,15087,0.007787895
3104,14739,0.002452336
3105,54419,0.005988925
3106,101358,0.35733944
3107,11229,0.003035378
3108,46422,0.06839779
3109,43120,0.002747437
3110,37745,0.30520806
3111,4907,0.007553005
3112,25728,0.002823758
3113,36354,0.21602578
3114,27172,0.003781872
3115,97124,0.007149681
3116,94491,0.6920124
3117,45253,0.003820414
3118,30952,0.052186795
3119,21137,0.62390083
3120,111339,0.00472581
3121,93989,0.0035422
3122,73934,0.004996464
3123,61738,0.24126141
3124,108296,0.16633086
3125,85731,0.006221897
3126,113076,0.00318988
3127,63015,0.007307695
3128,33120,0.007195334
3129,18459,0.002966424
3130,11778,0.00401547
3131,46936,0.020255486
3132,39513,0.09734243
3133,2332,0.17673504
3134,2526,0.018238194
3135,9994,0.006691396
3136,109484,0.003098558
3137,13091,0.002117334
3138,78334,0.1343354
3139,45853,0.002984171
3140,83080,0.004985976
3141,100306,0.004077363
3142,1372,0.013450705
3143,57862,0.46721038
3144,111810,0.26861122
3145,32866,0.013011547
3146,44020,0.017399974
3147,62605,0.0391346
3148,75736,0.15829541
3149,38204,0.14302321
3150,2369,0.7468474
3151,69028,0.43321925
3152,49191,0.37903932
3153,113035,0.08412941
3154,63987,0.023726849
3155,73894,0.06421251
3156,1083,0.002518996
3157,109939,0.5660569
3158,114754,0.003027225
3159,58434,0.57480556
3160,96740,0.7192918
3161,99013,0.05079801
3162,26617,0.007728554
3163,89964,0.1447047
3164,87018,0.007798635
3165,22859,0.007289344
3166,54563,0.00243188
3167,3582,0.005001834
3168,33866,0.1141734
3169,80465,0.26740032
3170,83300,0.008722056
3171,75713,0.020219972
3172,95154,0.002800819
3173,70438,0.6192485
3174,19731,0.005964709
3175,76277,0.024137627
3176,2377,0.024956062
3177,115263,0.004239389
3178,50690,0.35836494
3179,62217,0.18879187
3180,76671,0.35847622
3181,115459,0.002358198
3182,12661,0.001967612
3183,106147,0.032868546
3184,75274,0.018709429
3185,34442,0.002893901
3186,88906,0.025080064
3187,115495,0.039139844
3188,111630,0.003728042
3189,27073,0.036850948
3190,113178,0.001802585
3191,67258,0.045167662
3192,107539,0.032327548
3193,30545,0.008336374
3194,10677,0.00353891
3195,14846,0.002542071
3196,87043,0.003358801
3197,93417,0.008132028
3198,6887,0.012736677
3199,63373,0.00402117
3200,73889,0.031284146
3201,4439,0.013332541
3202,102230,0.32697198
3203,83754,0.08429041
3204,45667,0.013203703
3205,104151,0.001936753
3206,32693,0.5718662
3207,107808,0.003966957
3208,101395,0.002195018
3209,9858,0.014961893
3210,88064,0.001898841
3211,110356,0.008379309
3212,32275,0.010581501
3213,34607,0.003629291
3214,114776,0.003476254
3215,41848,0.025844038
3216,106997,0.005513291
3217,106939,0.5021167
3218,114580,0.012347081
3219,4126,0.003976222
3220,40149,0.03035189
3221,14088,0.002778007
3222,21939,0.002642138
3223,79196,0.3400372
3224,21172,0.001951196
3225,103691,0.22198361
3226,57655,0.29584944
3227,13812,0.15587133
3228,67812,0.08823628
3229,1197,0.001997648
3230,7413,0.004466437
3231,26574,0.001987805
3232,88206,0.004827497
3233,79459,0.23500219
3234,21595,0.0066576
3235,102006,0.004236389
3236,55245,0.004480253
3237,27596,0.048693333
3238,7631,0.09159385
3239,19312,0.13389604
3240,48684,0.003996125
3241,4339,0.8094877
3242,93902,0.004643085
3243,45178,0.017695846
3244,16930,0.08385736
3245,33770,0.020178044
3246,66940,0.023895692
3247,113680,0.3458347
3248,83826,0.002868588
3249,31976,0.0051942
3250,32338,0.002873774
3251,31065,0.002568028
3252,57576,0.18986738
3253,22538,0.044771552
3254,83602,0.005090314
3255,61504,0.38098437
3256,82552,0.3955759
3257,106467,0.002828601
3258,6924,0.010526568
3259,59140,0.57480556
3260,41249,0.026674831
3261,64544,0.006092383
3262,93438,0.017872075
3263,27160,0.008929128
3264,29860,0.19659069
3265,1002,0.005709607
3266,104921,0.003900612
3267,36788,0.064664476
3268,63000,0.003770823
3269,26504,0.004247176
3270,105701,0.41052955
3271,75299,0.001808057
3272,11683,0.035191055
3273,77495,0.00585551
3274,101632,0.010089767
3275,62673,0.002649246
3276,1691,0.001848514
3277,98361,0.002954579
3278,76545,0.6194543
3279,3773,0.19958024
3280,92514,0.01954182
3281,92258,0.001952642
3282,112962,0.0062021
3283,8486,0.007065257
3284,104687,0.005780147
3285,36871,0.09850952
3286,23168,0.012743657
3287,14092,0.56900924
3288,112451,0.18256989
3289,99380,0.001866185
3290,15807,0.001939897
3291,31777,0.06768213
3292,46223,0.00323813
3293,43736,0.013473313
3294,80253,0.067595884
3295,96865,0.006947574
3296,16943,0.006097181
3297,105274,0.055475984
3298,94811,0.001820407
3299,3600,0.016005872
3300,109863,0.5660569
3301,55493,0.004106285
3302,26834,0.00206248
3303,73153,0.078583956
3304,86336,0.027743226
3305,105604,0.22924179
3306,76251,0.0219299
3307,31775,0.00419868
3308,44319,0.003047683
3309,49262,0.07269599
3310,69137,0.023254892
3311,73635,0.05489638
3312,26616,0.018524176
3313,80071,0.001969055
3314,113832,0.003511095
3315,110118,0.007825786
3316,46215,0.020962963
3317,111070,0.06981273
3318,102930,0.004259483
3319,19028,0.03216636
3320,39130,0.09736478
3321,111445,0.081577145
3322,16033,0.01975168
3323,13691,0.17270991
3324,111607,0.031098913
3325,65610,0.004219072
3326,89067,0.03150317
3327,28205,0.004413644
3328,36476,0.7751238
3329,30945,0.001888754
3330,48363,0.001807618
3331,76221,0.050453402
3332,83083,0.022328751
3333,94940,0.012581104
3334,109455,0.0057086
3335,16588,0.013138015
3336,67878,0.05413249
3337,8775,0.003553735
3338,60914,0.009103008
3339,5806,0.002390392
3340,38376,0.002857626
3341,26654,0.014025672
3342,90160,0.2437788
3343,9747,0.003018819
3344,32804,0.003027698
3345,82518,0.3955759
3346,44515,0.004742701
3347,27323,0.008233259
3348,77663,0.14002892
3349,105199,0.09052445
3350,79654,0.011448439
3351,24057,0.51494795
3352,31942,0.003360798
3353,69387,0.005690122
3354,51893,0.5344754
3355,63296,0.059517056
3356,32333,0.014477322
3357,47447,0.015595853
3358,28615,0.0562725
3359,76145,0.28607228
3360,12713,0.002615488
3361,74556,0.40461087
3362,29235,0.004182349
3363,3907,0.06181613
3364,111636,0.08331764
3365,105380,0.3273297
3366,83345,0.009549486
3367,33340,0.007840681
3368,9406,0.024717325
3369,95093,0.44378918
3370,109913,0.58943236
3371,55012,0.42796016
3372,108089,0.001876789
3373,3858,0.003894773
3374,41025,0.00181238
3375,47139,0.43833712
3376,78189,0.014359622
3377,96,0.094686285
3378,69487,0.043319967
3379,11827,0.010974053
3380,33076,0.40817672
3381,9862,0.002152776
3382,60423,0.005694167
3383,5395,0.002305408
3384,78365,0.008485151
3385,40375,0.005933935
3386,56846,0.010093064
3387,60360,0.006247888
3388,98009,0.002014796
3389,47697,0.004300045
3390,75882,0.25379172
3391,52627,0.002178528
3392,55034,0.004066127
3393,25186,0.036856744
3394,77004,0.18190548
3395,111089,0.006400688
3396,34299,0.020985685
3397,6377,0.003119733
3398,53457,0.004431989
3399,17259,0.013138015
3400,5877,0.00396801
3401,23687,0.1908669
3402,51978,0.024579952
3403,42618,0.00301124
3404,1646,0.003695671
3405,50427,0.005719148
3406,105869,0.022704083
3407,53668,0.004346662
3408,27913,0.43665317
3409,68884,0.13518903
3410,48474,0.009565881
3411,36840,0.002937054
3412,90710,0.13159373
3413,78601,0.07631115
3414,19198,0.002177277
3415,56858,0.001842672
3416,7754,0.014001178
3417,101964,0.24447545
3418,33022,0.001793616
3419,4400,0.09914466
3420,14710,0.7321282
3421,42157,0.002500086
3422,112663,0.001983715
3423,57466,0.015291478
3424,66545,0.020719372
3425,115004,0.001820892
3426,36580,0.11275619
3427,29729,0.009528757
3428,42058,0.33805066
3429,102215,0.07063257
3430,58189,0.57480556
3431,32284,0.007903192
3432,41945,0.00481259
3433,12799,0.001854813
3434,38818,0.002007511
3435,82322,0.005929335
3436,115685,0.002179454
3437,61630,0.050673828
3438,47618,0.17925718
3439,77333,0.005047823
3440,90982,0.016383665
3441,48526,0.003757573
3442,7286,0.003897675
3443,56591,0.58337814
3444,24029,0.00281064
3445,24607,0.37152815
3446,87893,0.009611894
3447,86441,0.36325654
3448,17618,0.048601024
3449,113481,0.011328463
3450,43566,0.004576036
3451,69055,0.009083638
3452,6838,0.10174921
3453,55835,0.15174468
3454,14961,0.007977633
3455,8598,0.003270917
3456,29512,0.004090066
3457,84983,0.008618061
3458,1821,0.01569441
3459,33093,0.004151715
3460,20743,0.026278272
3461,102691,0.002679182
3462,63644,0.004257093
3463,96496,0.0902102
3464,81383,0.002677449
3465,95672,0.3380672
3466,84767,0.028848363
3467,103878,0.024760947
3468,80413,0.067595884
3469,21221,0.00190366
3470,82994,0.39943257
3471,83745,0.006039711
3472,82904,0.003398051
3473,36638,0.43186322
3474,68537,0.004399987
3475,23855,0.00427249
3476,98228,0.002536589
3477,105007,0.49320626
3478,95291,0.34475803
3479,51376,0.003918215
3480,98345,0.001825656
3481,27553,0.004625804
3482,4782,0.027808169
3483,59120,0.105893716
3484,16587,0.013138015
3485,42279,0.033676304
3486,50943,0.19620642
3487,59746,0.07082587
3488,115859,0.001812329
3489,55231,0.005659632
3490,5403,0.007343741
3491,1147,0.2974479
3492,57367,0.007817771
3493,79784,0.014558514
3494,115257,0.001858797
3495,115183,0.0206802
3496,105169,0.27924895
3497,64356,0.003279069
3498,35417,0.00365868
3499,115770,0.023163054
3500,40212,0.009346879
3501,86343,0.095805325
3502,77397,0.003021856
3503,18980,0.046971757
3504,4473,0.26064846
3505,44134,0.33756366
3506,25811,0.39748344
3507,115298,0.005431681
3508,32196,0.002991677
3509,28434,0.007284356
3510,14407,0.001925494
3511,33712,0.24312922
3512,39672,0.39900964
3513,109465,0.003571134
3514,64903,0.028476603
3515,60676,0.004523162
3516,104389,0.009374484
3517,88166,0.008116498
3518,35413,0.003329989
3519,98644,0.034538403
3520,59731,0.109472364
3521,75206,0.006890114
3522,75478,0.010881393
3523,75504,0.004274181
3524,29311,0.004126045
3525,46534,0.020255486
3526,36600,0.001789189
3527,58401,0.006658134
3528,115779,0.023163054
3529,102190,0.1263037
3530,68355,0.025714673
3531,69287,0.13518903
3532,26753,0.008155029
3533,1167,0.08817362
3534,4124,0.024106024
3535,108797,0.11747933
3536,27071,0.004643179
3537,97425,0.17484295
3538,45681,0.21145812
3539,54765,0.13060237
3540,5752,0.002822214
3541,110130,0.35304084
3542,14618,0.007977633
3543,54350,0.18592611
3544,87597,0.02031181
3545,66618,0.030030908
3546,87082,0.008475861
3547,15861,0.002430388
3548,106501,0.49117655
3549,96242,0.42466077
3550,33627,0.058126163
3551,50298,0.08698327
3552,3729,0.006855666
3553,106742,0.006049735
3554,66968,0.021023907
3555,30575,0.00278065
3556,64348,0.002941846
3557,76282,0.25379172
3558,22406,0.00591045
3559,40821,0.0045276
3560,34742,0.004323547
3561,2611,0.01067736
3562,69521,0.00203419
3563,99863,0.005957817
3564,110746,0.007704574
3565,52996,0.006126291
3566,37766,0.21023597
3567,12155,0.001928605
3568,94688,0.009611132
3569,41144,0.001852626
3570,78692,0.02127939
3571,100090,0.31060788
3572,113160,0.012313115
3573,25293,0.5502395
3574,50988,0.027281297
3575,30764,0.004292863
3576,29960,0.058631018
3577,17333,0.005194447
3578,14313,0.006702228
3579,95829,0.00420397
3580,8013,0.003395331
3581,35786,0.00297093
3582,30568,0.052034453
3583,48362,0.028882174
3584,49720,0.027877012
3585,96789,0.2817158
3586,64218,0.002786779
3587,35665,0.002000892
3588,34031,0.006034844
3589,37517,0.014927628
3590,23422,0.026265025
3591,33113,0.003483133
3592,6190,0.0943451
3593,69379,0.20548049
3594,107254,0.001810214
3595,69752,0.00413464
3596,111165,0.06981273
3597,53061,0.013715306
3598,79394,0.002037844
3599,40904,0.002694176
3600,79376,0.14840747
3601,60205,0.053489488
3602,115596,0.002607403
3603,25979,0.009207108
3604,14524,0.003679317
3605,17803,0.23433101
3606,11290,0.003350345
3607,57883,0.57480556
3608,410,0.005187414
3609,33723,0.002900661
3610,61374,0.33518538
3611,46735,0.020255486
3612,79201,0.015212518
3613,58775,0.59562963
3614,14849,0.008285982
3615,115352,0.004597142
3616,114095,0.00383183
3617,102802,0.07331033
3618,57396,0.004571077
3619,64645,0.003725301
3620,64167,0.06624657
3621,71893,0.27930924
3622,17468,0.002685615
3623,70388,0.010012251
3624,13689,0.002451343
3625,12726,0.029590355
3626,81509,0.003058405
3627,92581,0.0949792
3628,97601,0.43080354
3629,20059,0.04511452
3630,81800,0.0594918
3631,67919,0.009390922
3632,60121,0.03584506
3633,14857,0.003005983
3634,90323,0.008873669
3635,59681,0.39365122
3636,87169,0.002024177
3637,111336,0.001786065
3638,106234,0.009420071
3639,3977,0.018683
3640,19861,0.061276715
3641,7572,0.002729086
3642,63126,0.9370971
3643,89257,0.002152958
3644,33642,0.003200137
3645,105170,0.875474
3646,78287,0.024031295
3647,61428,0.52375716
3648,3043,0.003752295
3649,16056,0.008193635
3650,93287,0.005351126
3651,102354,0.07063257
3652,95021,0.004278584
3653,34130,0.020178044
3654,37181,0.003098862
3655,10333,0.002660109
3656,76337,0.02625975
3657,51192,0.009089344
3658,58101,0.014742307
3659,74407,0.006302101
3660,19250,0.003308384
3661,14894,0.08918912
3662,106878,0.003200916
3663,77709,0.005000071
3664,567,0.006271576
3665,29341,0.03126109
3666,79549,0.069764346
3667,92253,0.008267054
3668,52233,0.04883907
3669,105109,0.27924895
3670,82922,0.003783552
3671,82787,0.061988484
3672,38947,0.09736478
3673,75819,0.18078499
3674,104301,0.003621483
3675,85363,0.001995301
3676,19150,0.007950113
3677,45397,0.004475252
3678,5048,0.021799209
3679,66740,0.003201009
3680,55909,0.36574572
3681,85707,0.003246645
3682,44790,0.014430326
3683,62821,0.017119497
3684,17315,0.042170662
3685,80613,0.02078121
3686,105338,0.006008319
3687,72625,0.1520264
3688,43280,0.00179465
3689,93829,0.00193556
3690,21550,0.002770256
3691,77090,0.004577665
3692,34385,0.03593384
3693,9349,0.00393253
3694,56088,0.39516893
3695,39500,0.019482514
3696,5477,0.001890661
3697,38504,0.09251427
3698,108078,0.006078098
3699,95438,0.009875947
3700,81377,0.004993153
3701,29593,0.004085382
3702,85286,0.001791908
3703,98834,0.29443052
3704,37963,0.10577039
3705,24079,0.041956965
3706,48275,0.004672404
3707,108663,0.022080522
3708,19177,0.012663549
3709,104806,0.16151261
3710,91003,0.00373847
3711,50084,0.10258527
3712,12348,0.065088406
3713,39379,0.004039572
3714,47971,0.002435692
3715,13643,0.57110775
3716,115497,0.015707409
3717,190,0.044202466
3718,24416,0.009422754
3719,77006,0.008293975
3720,109054,0.07738336
3721,98111,0.09953077
3722,74394,0.027827792
3723,12526,0.8295115
3724,4216,0.022654023
3725,18997,0.005105292
3726,18316,0.002869802
3727,72566,0.003146596
3728,69323,0.09218766
3729,20576,0.003652507
3730,87275,0.002011959
3731,47890,0.002215329
3732,34750,0.001790741
3733,104101,0.14044431
3734,85186,0.32057843
3735,86309,0.007838178
3736,111694,0.45292512
3737,63138,0.004674274
3738,105883,0.002215974
3739,97731,0.06957989
3740,18467,0.22310083
3741,30939,0.021070324
3742,103046,0.004626924
3743,90433,0.6102559
3744,63761,0.002828129
3745,110976,0.5057853
3746,56587,0.40200427
3747,50821,0.010694413
3748,66763,0.004329724
3749,35777,0.10341515
3750,95649,0.7196653
3751,42571,0.15056628
3752,96903,0.00452577
3753,87013,0.001871144
3754,53635,0.005726846
3755,98313,0.002598592
3756,88292,0.003431257
3757,107410,0.007759218
3758,954,0.01168998
3759,85990,0.027743226
3760,50195,0.44753873
3761,38844,0.14015077
3762,36744,0.004435869
3763,34823,0.51530814
3764,102149,0.004085273
3765,105849,0.003630186
3766,64496,0.009652793
3767,12734,0.5155137
3768,99186,0.06111315
3769,53084,0.004145179
3770,101596,0.16540158
3771,110051,0.001941547
3772,26146,0.003071209
3773,66057,0.003712306
3774,33089,0.2571091
3775,23929,0.016579723
3776,79782,0.2011541
3777,51219,0.00449683
3778,8957,0.003443354
3779,115387,0.003218954
3780,41801,0.003801477
3781,112490,0.3976647
3782,114464,0.002263715
3783,14414,0.00257619
3784,95289,0.005907327
3785,99558,0.39093688
3786,55336,0.003805588
3787,93929,0.08782998
3788,111676,0.55433387
3789,33018,0.037311684
3790,31981,0.009619573
3791,17555,0.046104167
3792,56383,0.25335225
3793,101495,0.006334385
3794,43131,0.001802885
3795,45587,0.017695846
3796,61480,0.03827495
3797,11660,0.005916529
3798,104905,0.001787578
3799,26184,0.038930383
3800,1477,0.038928404
3801,66015,0.001800877
3802,12274,0.003259539
3803,56378,0.21128297
3804,108529,0.19352466
3805,86768,0.005188221
3806,49085,0.13738254
3807,109264,0.002617067
3808,95693,0.006055725
3809,54002,0.007106979
3810,68388,0.003175553
3811,52011,0.19553976
3812,91688,0.17361304
3813,108786,0.008050454
3814,60764,0.24326195
3815,57722,0.3731966
3816,75320,0.018725185
3817,91492,0.003658346
3818,56861,0.12751074
3819,100923,0.005603608
3820,25778,0.018524176
3821,5771,0.38056922
3822,82711,0.08277167
3823,33045,0.001800662
3824,92727,0.098716125
3825,345,0.004155028
3826,52000,0.091003016
3827,69929,0.27988487
3828,107997,0.009828984
3829,27975,0.003522451
3830,3518,0.004052042
3831,73884,0.00511166
3832,80599,0.002069278
3833,83749,0.005950875
3834,90104,0.024522273
3835,13004,0.004163867
3836,18282,0.1085984
3837,108583,0.11618499
3838,110877,0.3278756
3839,108462,0.012518892
3840,89759,0.090886466
3841,3003,0.006733796
3842,46050,0.09282455
3843,60016,0.30885333
3844,13201,0.003554417
3845,72036,0.43633235
3846,94967,0.003660203
3847,83226,0.001791509
3848,25002,0.005314264
3849,54951,0.004452601
3850,112144,0.44770017
3851,80425,0.004615744
3852,15761,0.018881993
3853,78890,0.005460285
3854,85031,0.007143936
3855,2846,0.002847328
3856,77514,0.00187917
3857,73812,0.018828677
3858,83728,0.49816102
3859,49694,0.004709946
3860,10739,0.003841186
3861,22296,0.024026396
3862,60230,0.30885333
3863,87948,0.22854343
3864,85431,0.008624537
3865,63227,0.4406659
3866,51844,0.022571374
3867,4677,0.002788467
3868,55630,0.003923839
3869,103020,0.482385
3870,111440,0.44017008
3871,12985,0.049134884
3872,32399,0.2571091
3873,84836,0.003978225
3874,35531,0.001864834
3875,31059,0.004018426
3876,110764,0.24149346
3877,87408,0.28295285
3878,59427,0.3110139
3879,48993,0.003290847
3880,105188,0.014003995
3881,106835,0.003820977
3882,90471,0.001789773
3883,30338,0.020374777
3884,88977,0.15433618
3885,23383,0.012775728
3886,68318,0.014487497
3887,105105,0.005339879
3888,1006,0.01168998
3889,45579,0.003704366
3890,60695,0.014509736
3891,100673,0.35340235
3892,103852,0.002959488
3893,102781,0.024456533
3894,110802,0.1839772
3895,43304,0.39973575
3896,15009,0.003926988
3897,98858,0.001852154
3898,8320,0.020437859
3899,107593,0.010950598
3900,55438,0.4237678
3901,7642,0.023865845
3902,74763,0.001892538
3903,25335,0.007712189
3904,36375,0.003011035
3905,82310,0.24759945
3906,100364,0.08072884
3907,12935,0.4620093
3908,13136,0.048929457
3909,54515,0.014288004
3910,5592,0.6761002
3911,47112,0.5399975
3912,86306,0.002898217
3913,23729,0.15277451
3914,52392,0.023662286
3915,79775,0.1633098
3916,68141,0.019393206
3917,106533,0.02014666
3918,71977,0.3202389
3919,75782,0.046570424
3920,110784,0.001852524
3921,41049,0.004026863
3922,50739,0.003339371
3923,92008,0.002159356
3924,67681,0.43979836
3925,23297,0.19321357
3926,8628,0.02270785
3927,74703,0.003225759
3928,92906,0.45998105
3929,104189,0.023408473
3930,101132,0.00620907
3931,72312,0.042845637
3932,93396,0.6502908
3933,3741,0.020177659
3934,94451,0.417236
3935,97421,0.32633254
3936,72391,0.02194553
3937,85910,0.00181983
3938,55159,0.005035292
3939,12592,0.001876203
3940,31183,0.001882468
3941,14539,0.002892971
3942,100124,0.013711134
3943,99027,0.032247674
3944,42043,0.13854979
3945,86756,0.027743226
3946,67727,0.005310543
3947,16241,0.007262365
3948,2060,0.011034214
3949,46099,0.004146264
3950,83526,0.2756469
3951,39623,0.028261058
3952,33104,0.023376279
3953,50649,0.40057233
3954,20493,0.005934745
3955,50835,0.003023564
3956,92433,0.006886004
3957,110237,0.015028344
3958,70993,0.009122788
3959,34721,0.24030998
3960,96907,0.001869955
3961,52309,0.004478977
3962,7017,0.020239145
3963,49425,0.002995189
3964,103910,0.010739418
3965,8428,0.10953046
3966,50026,0.001780183
3967,71771,0.10149011
3968,69117,0.43321925
3969,60117,0.9152019
3970,66428,0.019763038
3971,58486,0.22839636
3972,94630,0.08652788
3973,87022,0.002876567
3974,115093,0.002995798
3975,101381,0.002040458
3976,91734,0.006448787
3977,105342,0.004942111
3978,32651,0.023376279
3979,64199,0.004333135
3980,112607,0.6641677
3981,96564,0.2173976
3982,83379,0.035513155
3983,51203,0.29804996
3984,58954,0.005036785
3985,80864,0.005341802
3986,69398,0.016594866
3987,24384,0.054383192
3988,48252,0.003499364
3989,27101,0.005770308
3990,58060,0.006518018
3991,52760,0.003815493
3992,36852,0.02111386
3993,55657,0.001810187
3994,8448,0.09532781
3995,12771,0.009627576
3996,37435,0.01599293
3997,68554,0.019416692
3998,22727,0.019858371
3999,89144,0.014126205
4000,48773,0.005277806
4001,42930,0.01670009
4002,35372,0.011828984
4003,87080,0.027743226
4004,86257,0.007417847
4005,26251,0.008840571
4006,106864,0.038979776
4007,88722,0.1700463
4008,106640,0.3006194
4009,106509,0.11531243
4010,61317,0.48966774
4011,52943,0.21131694
4012,68573,0.011653868
4013,8129,0.003104894
4014,70913,0.007926066
4015,27184,0.01975696
4016,9314,0.25797486
4017,100346,0.19588935
4018,84089,0.32239035
4019,57541,0.012626292
4020,110370,0.007705248
4021,49734,0.49855503
4022,108477,0.004874194
4023,7910,0.003331325
4024,17266,0.002400218
4025,38222,0.16921537
4026,28765,0.002724962
4027,34963,0.003941068
4028,48,0.001940107
4029,47621,0.004366265
4030,46982,0.44636467
4031,31464,0.001822144
4032,25731,0.001851837
4033,36735,0.0035951
4034,84571,0.20852552
4035,51446,0.024267724
4036,38101,0.007249774
4037,96773,0.32280868
4038,68148,0.007653914
4039,81131,0.020569023
4040,25277,0.017326014
4041,63154,0.04084917
4042,109211,0.003098558
4043,31759,0.2818442
4044,69644,0.003212109
4045,93625,0.13768986
4046,60677,0.19972308
4047,37352,0.053163514
4048,94819,0.004417275
4049,48482,0.086156584
4050,32060,0.07988977
4051,84027,0.32239035
4052,60551,0.003621475
4053,89125,0.002902223
4054,37521,0.3350729
4055,106498,0.53909737
4056,90839,0.13159373
4057,94678,0.004488021
4058,112573,0.003655061
4059,45594,0.015611682
4060,50868,0.003072513
4061,22952,0.009836179
4062,74420,0.011448515
4063,34612,0.004175331
4064,16110,0.002426287
4065,57793,0.006344056
4066,4197,0.004403164
4067,93652,0.007720087
4068,4467,0.003504294
4069,113975,0.07310019
4070,35443,0.58441097
4071,57432,0.003859682
4072,94014,0.027380489
4073,65606,0.002748223
4074,113256,0.010677274
4075,64257,0.004056104
4076,55655,0.4237678
4077,76932,0.021712445
4078,70437,0.005469295
4079,5150,0.00511982
4080,9246,0.002156159
4081,59222,0.031589013
4082,43983,0.66302264
4083,34185,0.005622048
4084,68154,0.026869638
4085,55183,0.004480253
4086,72790,0.2616492
4087,85241,0.19912395
4088,95972,0.001838937
4089,44352,0.098836824
4090,74195,0.3973076
4091,83600,0.011784554
4092,62377,0.38213238
4093,82161,0.09343057
4094,62550,0.0719827
4095,11224,0.005833838
4096,49366,0.20266442
4097,52044,0.03977699
4098,102659,0.32697198
4099,52964,0.003552849
4100,112908,0.005743217
4101,34509,0.001886214
4102,27914,0.004413644
4103,80198,0.004592429
4104,34041,0.020178044
4105,77160,0.005505417
4106,115741,0.009571385
4107,82329,0.007915424
4108,6770,0.09961765
4109,45134,0.033560526
4110,44943,0.003052948
4111,7604,0.5765849
4112,65902,0.005074523
4113,105192,0.004420435
4114,69215,0.52266854
4115,4540,0.10102454
4116,13539,0.061853666
4117,90979,0.13159373
4118,49874,0.007593556
4119,83824,0.004369591
4120,99592,0.06614803
4121,74953,0.32178783
4122,95222,0.3957612
4123,46853,0.26974997
4124,74154,0.8740425
4125,78674,0.007814624
4126,81591,0.30932763
4127,17721,0.001893228
4128,45270,0.009148791
4129,93504,0.004058776
4130,84769,0.003978225
4131,81201,0.055152703
4132,30938,0.03477815
4133,101427,0.2039019
4134,112879,0.008461831
4135,14669,0.0251372
4136,62706,0.28300995
4137,50537,0.08698327
4138,108373,0.4935121
4139,79168,0.001927921
4140,16736,0.003157231
4141,91700,0.46886373
4142,42964,0.010491522
4143,89645,0.00346449
4144,28191,0.3964016
4145,6679,0.024935663
4146,12414,0.003262561
4147,87525,0.13224973
4148,63224,0.0388098
4149,109386,0.008008178
4150,4407,0.3457043
4151,28950,0.001827369
4152,29680,0.30089855
4153,48351,0.003109042
4154,101694,0.001809025
4155,6671,0.48503262
4156,30123,0.003939076
4157,92740,0.001804874
4158,69437,0.005441517
4159,59523,0.092005804
4160,92165,0.25183764
4161,97047,0.022976968
4162,16150,0.043944404
4163,82266,0.086144775
4164,44858,0.004049418
4165,45420,0.13105136
4166,72504,0.42634773
4167,31437,0.020434687
4168,42771,0.002041354
4169,104623,0.024808425
4170,25766,0.008679193
4171,75539,0.006148582
4172,61071,0.051833704
4173,74480,0.19868794
4174,20587,0.003353619
4175,41803,0.003351338
4176,1808,0.002711132
4177,9741,0.074890986
4178,104157,0.043460593
4179,48515,0.004074698
4180,76699,0.013467338
4181,6224,0.11371944
4182,95225,0.001895056
4183,76676,0.006686159
4184,63262,0.28194448
4185,51334,0.003251252
4186,26498,0.008155029
4187,58247,0.001791118
4188,17819,0.006065575
4189,112965,0.08412941
4190,8996,0.02400836
4191,113106,0.002704375
4192,14815,0.003024457
4193,25936,0.06960328
4194,28510,0.00841784
4195,3019,0.06763897
4196,36534,0.003031596
4197,69967,0.003325282
4198,100512,0.006379704
4199,110289,0.938604
4200,82289,0.04545114
4201,44170,0.009361695
4202,115063,0.006134835
4203,93577,0.008763513
4204,12499,0.065088406
4205,45495,0.004574314
4206,101208,0.015928486
4207,29728,0.009528757
4208,26724,0.0041128
4209,63979,0.007597459
4210,46370,0.008197294
4211,108290,0.017509155
4212,15193,0.003275611
4213,85954,0.001975763
4214,41721,0.025844038
4215,45499,0.003966168
4216,47088,0.003027716
4217,72560,0.02194553
4218,46866,0.020255486
4219,103280,0.122605264
4220,14558,0.48303744
4221,104745,0.001865603
4222,86059,0.25363788
4223,92079,0.17320593
4224,67807,0.08823628
4225,42556,0.11417128
4226,103579,0.069030985
4227,72143,0.100136556
4228,92892,0.11773534
4229,83053,0.006716646
4230,4834,0.027808169
4231,23082,0.008240742
4232,62669,0.005891865
4233,25787,0.004118045
4234,109961,0.52473897
4235,86543,0.20082603
4236,31846,0.01005393
4237,13149,0.5321319
4238,21022,0.026278272
4239,87614,0.20576936
4240,2252,0.003953047
4241,67827,0.13260818
4242,57166,0.023524426
4243,22873,0.002772782
4244,92197,0.2644587
4245,25180,0.003103196
4246,41411,0.23051392
4247,51193,0.00456687
4248,109925,0.003997507
4249,38809,0.004828021
4250,45003,0.017695846
4251,33713,0.020178044
4252,77563,0.2597982
4253,40431,0.49871993
4254,47439,0.41220236
4255,24624,0.00364642
4256,16406,0.050038066
4257,68465,0.091607034
4258,64509,0.0043247
4259,97969,0.41144058
4260,98414,0.00922482
4261,98681,0.25408915
4262,70524,0.001844669
4263,41736,0.12302774
4264,6810,0.04984745
4265,105294,0.003115197
4266,98015,0.41144058
4267,24313,0.004438314
4268,42001,0.033676304
4269,48031,0.073865965
4270,91907,0.2458516
4271,89945,0.019861633
4272,19272,0.01608507
4273,49051,0.25083566
4274,25212,0.046942122
4275,23682,0.015760837
4276,63704,0.022782711
4277,67061,0.02213773
4278,78520,0.28395483
4279,35370,0.11559659
4280,42832,0.86877346
4281,45004,0.004135036
4282,62451,0.003605447
4283,87375,0.010396298
4284,88207,0.002125474
4285,64741,0.004954242
4286,10025,0.033060376
4287,69948,0.73191947
4288,109919,0.005809834
4289,6713,0.013600197
4290,40332,0.15521803
4291,103045,0.10326395
4292,88704,0.003382275
4293,39230,0.005375395
4294,47798,0.016482221
4295,77035,0.006513002
4296,16219,0.002431622
4297,42412,0.033676304
4298,6490,0.18882106
4299,19538,0.00182859
4300,69508,0.081190735
4301,69528,0.21532732
4302,93905,0.50601804
4303,40948,0.021682994
4304,59076,0.003951248
4305,39017,0.00863576
4306,60753,0.003937142
4307,69054,0.014420366
4308,103877,0.42127478
4309,79729,0.080512546
4310,32409,0.00419371
4311,99473,0.006649996
4312,72488,0.026304051
4313,58873,0.5058321
4314,91526,0.017982159
4315,6762,0.015115878
4316,97858,0.018549746
4317,28823,0.010028552
4318,35586,0.002674436
4319,55363,0.004480253
4320,77072,0.00380946
4321,40978,0.003498825
4322,438,0.003168813
4323,30972,0.004136326
4324,49326,0.27321255
4325,508,0.06116574
4326,110180,0.001854792
4327,60661,0.29080167
4328,15868,0.003077918
4329,10308,0.00437122
4330,50032,0.06285906
4331,55381,0.41372904
4332,26154,0.003797242
4333,103935,0.003343603
4334,64902,0.004954242
4335,108344,0.011690689
4336,63073,0.004141964
4337,59759,0.021949703
4338,100206,0.20363085
4339,101822,0.3267471
4340,77259,0.005890236
4341,70996,0.38132143
4342,41735,0.00534056
4343,9608,0.1882074
4344,106362,0.004592011
4345,54023,0.004761473
4346,55649,0.4237678
4347,7076,0.062120404
4348,114985,0.09970485
4349,47151,0.017677918
4350,12633,0.031613335
4351,61338,0.001867258
4352,66591,0.015605725
4353,10567,0.78629494
4354,49859,0.3242246
4355,94746,0.4744394
4356,82346,0.073214844
4357,51425,0.004027054
4358,17483,0.002039264
4359,100101,0.2164424
4360,15612,0.00196251
4361,14834,0.003041902
4362,34193,0.004150739
4363,92991,0.002054994
4364,14737,0.048734568
4365,94426,0.11698024
4366,102051,0.004866066
4367,62507,0.0719827
4368,99264,0.0706125
4369,39778,0.016189113
4370,12385,0.8137328
4371,72254,0.099925734
4372,51885,0.00783547
4373,88898,0.002450936
4374,40532,0.004346327
4375,55761,0.003011431
4376,43658,0.012652351
4377,84789,0.008603224
4378,16781,0.043944404
4379,36166,0.001906436
4380,44938,0.010490126
4381,83318,0.290762
4382,22872,0.00462867
4383,25051,0.002756091
4384,24910,0.001838701
4385,86911,0.003644222
4386,55763,0.003351482
4387,82245,0.08277167
4388,14400,0.009802789
4389,108519,0.003853121
4390,32996,0.06617029
4391,41334,0.1216653
4392,97939,0.005605266
4393,67193,0.12577786
4394,89246,0.1125075
4395,12277,0.004868734
4396,52184,0.9476715
4397,41974,0.033676304
4398,58802,0.002877891
4399,54939,0.00333185
4400,73624,0.078583956
4401,9866,0.005364207
4402,69238,0.007252615
4403,31351,0.003612946
4404,86156,0.008607097
4405,44379,0.29042646
4406,9329,0.002314635
4407,54181,0.00850268
4408,92246,0.009106896
4409,81550,0.013664919
4410,2857,0.01439465
4411,94217,0.39105615
4412,63427,0.003078336
4413,96095,0.002091321
4414,102738,0.36701322
4415,52643,0.003781509
4416,12376,0.009421713
4417,106046,0.32260025
4418,76823,0.034793243
4419,61842,0.002757481
4420,93037,0.70402735
4421,96790,0.001831764
4422,91605,0.00550109
4423,111105,0.012682139
4424,108964,0.487759
4425,74268,0.005815553
4426,111970,0.30116004
4427,74938,0.018725185
4428,30069,0.002483272
4429,52590,0.006211928
4430,105222,0.5127981
4431,22142,0.003611168
4432,79132,0.005433026
4433,67301,0.003403715
4434,91720,0.002734351
4435,112703,0.8603819
4436,32048,0.02331528
4437,41359,0.004552927
4438,53902,0.003015205
4439,74299,0.01909522
4440,1194,0.005041928
4441,62921,0.5205965
4442,25362,0.002656999
4443,51239,0.004650859
4444,77059,0.004029553
4445,3609,0.8535528
4446,33703,0.004119611
4447,103625,0.00197974
4448,73848,0.004006132
4449,90182,0.020427667
4450,49131,0.16882627
4451,45849,0.001840373
4452,90922,0.004658567
4453,107501,0.032327548
4454,6033,0.020292964
4455,88243,0.025866129
4456,6012,0.001863109
4457,75767,0.00502716
4458,110587,0.48674047
4459,107527,0.00181352
4460,20745,0.010720694
4461,101749,0.17124797
4462,60536,0.004322028
4463,23373,0.035538897
4464,59757,0.003966143
4465,53527,0.003747181
4466,30131,0.003836289
4467,113660,0.001817353
4468,12141,0.5583217
4469,34276,0.003785643
4470,29529,0.005075949
4471,45986,0.005149732
4472,80975,0.011951195
4473,1122,0.015626403
4474,90892,0.6938148
4475,90226,0.2741786
4476,95197,0.003869271
4477,115072,0.036815453
4478,32198,0.004667935
4479,108918,0.05530045
4480,112345,0.001999088
4481,77993,0.005846404
4482,57674,0.003309296
4483,25073,0.004880521
4484,35852,0.002371382
4485,39350,0.10718624
4486,11745,0.001934877
4487,110550,0.001919861
4488,100298,0.22157681
4489,67330,0.12455373
4490,9400,0.008029784
4491,68843,0.021813767
4492,21601,0.001915224
4493,7384,0.001850515
4494,94624,0.030867444
4495,46831,0.003977236
4496,76708,0.15745443
4497,62,0.00248414
4498,32474,0.001946755
4499,3649,0.001893968
4500,51703,0.08946965
4501,41837,0.003301713
4502,33676,0.003679026
4503,79353,0.43644693
4504,89078,0.003146781
4505,96009,0.6720098
4506,675,0.002899181
4507,108465,0.022080522
4508,86169,0.004039129
4509,7909,0.002510334
4510,114579,0.10675016
4511,46044,0.017051997
4512,66563,0.006692974
4513,44571,0.026021175
4514,21347,0.004891371
4515,953,0.002580716
4516,66702,0.015605725
4517,15098,0.002453581
4518,96061,0.006126595
4519,53119,0.001789844
4520,101507,0.002958416
4521,17928,0.002431622
4522,29608,0.03235393
4523,71558,0.07008266
4524,95497,0.7196653
4525,84033,0.10684437
4526,57909,0.25052968
4527,101844,0.05161787
4528,47693,0.006345749
4529,69086,0.006277772
4530,66470,0.006802887
4531,103335,0.15504695
4532,40728,0.04298308
4533,62252,0.003483411
4534,59919,0.003611443
4535,25944,0.008679193
4536,85736,0.00862842
4537,101098,0.00308228
4538,33380,0.007545867
4539,93899,0.009872562
4540,39429,0.16828127
4541,22262,0.002379243
4542,59826,0.003362709
4543,65787,0.010377727
4544,63266,0.003621082
4545,84142,0.001809092
4546,68069,0.42600554
4547,41092,0.11986466
4548,10987,0.001850925
4549,114451,0.00228133
4550,45839,0.34325188
4551,80330,0.067595884
4552,96316,0.2579645
4553,13389,0.35441017
4554,32422,0.021129604
4555,70096,0.009400291
4556,29090,0.006003437
4557,81641,0.005116539
4558,63947,0.03381917
4559,24260,0.003779347
4560,58726,0.00191251
4561,53777,0.22977412
4562,54049,0.10845005
4563,106194,0.004189451
4564,107616,0.7014719
4565,65876,0.007370143
4566,37966,0.010790455
4567,94645,0.002801589
4568,7322,0.01389904
4569,102277,0.04636589
4570,110688,0.41529548
4571,49346,0.005774944
4572,68988,0.13518903
4573,12069,0.35208505
4574,1220,0.17807713
4575,18466,0.00301547
4576,84765,0.47392043
4577,51887,0.736199
4578,10564,0.016632596
4579,81751,0.001968169
4580,84216,0.043011554
4581,85342,0.014972101
4582,110958,0.007704574
4583,90080,0.012324306
4584,88461,0.002383211
4585,115441,0.015544216
4586,64709,0.023265839
4587,35221,0.023727855
4588,35735,0.45506737
4589,65436,0.00637156
4590,80435,0.019603439
4591,33136,0.00419371
4592,62410,0.19079936
4593,33265,0.004432911
4594,17314,0.006097181
4595,61530,0.003842376
4596,87505,0.02765888
4597,17892,0.006841039
4598,21406,0.004064598
4599,84787,0.15976554
4600,102341,0.003558079
4601,6732,0.036855616
4602,10046,0.20576827
4603,76838,0.018545132
4604,73797,0.06421251
4605,59978,0.4883478
4606,2973,0.008270499
4607,4888,0.40238157
4608,114881,0.004381375
4609,64442,0.003703335
4610,102706,0.012879312
4611,105865,0.010641747
4612,3693,0.5801807
4613,13448,0.001842459
4614,9429,0.004237501
4615,39241,0.09488684
4616,103242,0.55593336
4617,99187,0.00395205
4618,40538,0.003526306
4619,43198,0.24206741
4620,93330,0.02393559
4621,105997,0.002118418
4622,37533,0.003364895
4623,28332,0.004373184
4624,90667,0.7073184
4625,24284,0.038065836
4626,82886,0.17484102
4627,84122,0.003986971
4628,44175,0.27027094
4629,103750,0.19254385
4630,10093,0.016164312
4631,19526,0.009309376
4632,84223,0.12116383
4633,58477,0.59170854
4634,60313,0.37424824
4635,49417,0.004634205
4636,4846,0.75378925
4637,28069,0.3164261
4638,62864,0.4861434
4639,45896,0.001816162
4640,83320,0.003604452
4641,55102,0.001826581
4642,34359,0.24030998
4643,102133,0.18314444
4644,47884,0.011311386
4645,84486,0.007911513
4646,46314,0.002504229
4647,88946,0.00241314
4648,25479,0.002907992
4649,111250,0.29550487
4650,30965,0.50614315
4651,108989,0.004082395
4652,105124,0.004107781
4653,97647,0.58581245
4654,67238,0.02213773
4655,78110,0.007929719
4656,61931,0.076142974
4657,71670,0.25474167
4658,31355,0.00959495
4659,103044,0.023136565
4660,76812,0.001798605
4661,96503,0.2173976
4662,10294,0.05284018
4663,35398,0.004206167
4664,58829,0.3317046
4665,64625,0.002664126
4666,39595,0.003409224
4667,4356,0.013993102
4668,113027,0.014532964
4669,66394,0.00338908
4670,45146,0.003962063
4671,17548,0.003041701
4672,9891,0.02287994
4673,81175,0.0636882
4674,13565,0.024072735
4675,22037,0.005203527
4676,22972,0.006977817
4677,52846,0.09162841
4678,61752,0.39623407
4679,82802,0.35407376
4680,86501,0.003024789
4681,22955,0.55175275
4682,54226,0.006880268
4683,34683,0.5211775
4684,95146,0.003724395
4685,20526,0.005831288
4686,83343,0.004100153
4687,112372,0.001852541
4688,102696,0.57556826
4689,31093,0.007522868
4690,96459,0.7042718
4691,27956,0.048693333
4692,51087,0.022648878
4693,79693,0.30104014
4694,20780,0.003475255
4695,21589,0.010582909
4696,70942,0.21649152
4697,1155,0.09537201
4698,62723,0.4861434
4699,77824,0.011738459
4700,11817,0.056000385
4701,108272,0.003189069
4702,59611,0.003915153
4703,108034,0.064409286
4704,91430,0.018898081
4705,68499,0.003930224
4706,37876,0.002097357
4707,87323,0.004320309
4708,113052,0.08412941
4709,14350,0.009427981
4710,88503,0.005234877
4711,15609,0.09462007
4712,23293,0.003474623
4713,39586,0.02933721
4714,85470,0.012356567
4715,25496,0.009207108
4716,112268,0.26238358
4717,19963,0.002020614
4718,3468,0.08414115
4719,42248,0.12114787
4720,8018,0.013129603
4721,32302,0.00378079
4722,83806,0.27876732
4723,10657,0.02365974
4724,19714,0.001846813
4725,114995,0.0035012
4726,115296,0.003401668
4727,44704,0.005246409
4728,70631,0.86907667
4729,47995,0.023791954
4730,18507,0.002328129
4731,84906,0.01867554
4732,78952,0.004727638
4733,27026,0.0041128
4734,100484,0.002438289
4735,59147,0.17468601
4736,12881,0.002817951
4737,18953,0.004819616
4738,90856,0.06743414
4739,113819,0.007603135
4740,2785,0.01351109
4741,60652,0.002981377
4742,11677,0.015179251
4743,38992,0.001802205
4744,44769,0.002341903
4745,48607,0.00180034
4746,5467,0.6182256
4747,49418,0.002278889
4748,104132,0.17980263
4749,115171,0.005915851
4750,40751,0.004299547
4751,81364,0.010809594
4752,44944,0.2597721
4753,73548,0.59082
4754,27349,0.003772144
4755,97656,0.44995368
4756,3746,0.001849895
4757,24922,0.003953833
4758,11945,0.00282473
4759,15482,0.002181008
4760,106477,0.003194506
4761,92712,0.07526563
4762,94895,0.01809032
4763,26391,0.008090618
4764,69143,0.19484383
4765,40401,0.03378096
4766,71228,0.008411538
4767,48708,0.5276217
4768,37199,0.5189753
4769,73489,0.002679179
4770,11216,0.00185402
4771,13430,0.87984484
4772,35687,0.10341515
4773,23567,0.013209146
4774,87088,0.008570436
4775,8906,0.014869242
4776,51556,0.55289865
4777,74011,0.17707086
4778,17241,0.07780071
4779,35246,0.58441097
4780,101222,0.00182375
4781,73438,0.010945563
4782,90246,0.006808718
4783,115411,0.00732755
4784,64170,0.010445599
4785,21341,0.003475255
4786,44847,0.003179214
4787,86556,0.005613733
4788,113739,0.13567577
4789,90429,0.14144568
4790,81571,0.010809594
4791,86552,0.17212525
4792,56896,0.5469744
4793,39181,0.003325132
4794,103728,0.006770165
4795,24584,0.22002348
4796,4106,0.010282972
4797,109413,0.09475397
4798,87075,0.002032555
4799,98176,0.014811937
4800,8627,0.12331304
4801,17469,0.003105106
4802,59828,0.017512774
4803,108522,0.003598585
4804,21919,0.14140588
4805,32317,0.024347402
4806,35623,0.004371307
4807,41313,0.06263339
4808,57009,0.002020815
4809,60081,0.3282341
4810,43643,0.001800538
4811,98576,0.41144058
4812,29189,0.008202541
4813,80309,0.00187785
4814,31105,0.00398043
4815,61596,0.017115502
4816,57150,0.008592526
4817,98141,0.04775254
4818,66762,0.01562094
4819,57063,0.02188339
4820,82294,0.05270144
4821,49336,0.48764846
4822,13422,0.8262904
4823,86809,0.005899273
4824,20580,0.034436777
4825,43033,0.011383759
4826,96570,0.7192918
4827,45351,0.5609122
4828,50910,0.015109589
4829,72125,0.004375861
4830,47661,0.017748514
4831,3634,0.20527562
4832,111978,0.5471915
4833,3340,0.013264353
4834,62155,0.34042782
4835,35775,0.010792832
4836,75190,0.001838068
4837,26454,0.008840571
4838,105242,0.007835241
4839,79533,0.003264377
4840,108531,0.60744536
4841,9074,0.022093026
4842,41639,0.009334432
4843,30856,0.008255424
4844,36226,0.48004854
4845,52225,0.091003016
4846,16862,0.01975168
4847,37476,0.1068757
4848,100378,0.006440058
4849,11748,0.001794121
4850,100719,0.005152442
4851,19600,0.37365425
4852,91837,0.004568273
4853,33439,0.005270301
4854,37944,0.007620092
4855,14903,0.007715836
4856,41436,0.47357804
4857,114595,0.001845739
4858,42781,0.14084072
4859,42288,0.26383033
4860,13416,0.36060113
4861,65383,0.003829652
4862,98984,0.32269529
4863,84993,0.6578459
4864,72537,0.007260499
4865,32761,0.06019519
4866,102598,0.002067109
4867,114782,0.00386046
4868,94859,0.00183285
4869,66269,0.015294752
4870,37610,0.005367286
4871,65786,0.005407787
4872,11429,0.015179251
4873,68712,0.017747609
4874,2648,0.011826031
4875,109379,0.005181089
4876,83078,0.3411782
4877,102426,0.1768027
4878,32732,0.010491319
4879,94692,0.01307887
4880,3564,0.016005872
4881,57884,0.57480556
4882,21534,0.002051932
4883,40705,0.006316729
4884,44205,0.73561174
4885,9759,0.001944393
4886,14726,0.002453581
4887,27602,0.539827
4888,104376,0.11133997
4889,51607,0.001784333
4890,83975,0.10684437
4891,83792,0.44960684
4892,94587,0.001764048
4893,55935,0.24118719
4894,66580,0.00234064
4895,33445,0.004250504
4896,35365,0.014480425
4897,38402,0.001892493
4898,88398,0.024334282
4899,111360,0.08123441
4900,111791,0.011362469
4901,9333,0.14458103
4902,47786,0.009333871
4903,40137,0.053281236
4904,57407,0.003950122
4905,62540,0.001851567
4906,107855,0.2485788
4907,32291,0.006997521
4908,108393,0.54166055
4909,37069,0.04591894
4910,43695,0.004545827
4911,69139,0.008584812
4912,20053,0.010715188
4913,78405,0.01192044
4914,62347,0.48480913
4915,92016,0.001865102
4916,73813,0.06421251
4917,66719,0.020437544
4918,108639,0.002186698
4919,113890,0.49766362
4920,19015,0.008045934
4921,19118,0.00362456
4922,43779,0.014188251
4923,63759,0.002689572
4924,57349,0.0047225
4925,8209,0.001963941
4926,103463,0.020563997
4927,74731,0.15645263
4928,90119,0.6280977
4929,95327,0.00639855
4930,96779,0.052188188
4931,66592,0.007981351
4932,66680,0.013080766
4933,49064,0.21384124
4934,115696,0.004452052
4935,23546,0.003043105
4936,20597,0.010720694
4937,7857,0.002174497
4938,7938,0.020437859
4939,77877,0.46247602
4940,61042,0.5240554
4941,27250,0.004094956
4942,23521,0.002700843
4943,31053,0.00578725
4944,15568,0.002533244
4945,100787,0.23175944
4946,111586,0.005673296
4947,26976,0.003904096
4948,95618,0.09348604
4949,23897,0.002948863
4950,97740,0.3685437
4951,92214,0.59956807
4952,29211,0.05665086
4953,59093,0.09313812
4954,33225,0.003049389
4955,103999,0.43279713
4956,81640,0.001833417
4957,74064,0.004597631
4958,84968,0.018490145
4959,58338,0.027020594
4960,42045,0.003845203
4961,15024,0.005626713
4962,62881,0.009507983
4963,44627,0.25809512
4964,103993,0.006226749
4965,107612,0.005478173
4966,114615,0.006156218
4967,49957,0.19809765
4968,108739,0.001876373
4969,80478,0.009963659
4970,41769,0.004080657
4971,103926,0.001843375
4972,44954,0.003052948
4973,63600,0.004345573
4974,1683,0.030308783
4975,50255,0.42243177
4976,35457,0.023727855
4977,13965,0.003412417
4978,94438,0.3520467
4979,99802,0.37520948
4980,29668,0.15681937
4981,88146,0.19185938
4982,93541,0.03870969
4983,115908,0.00199871
4984,107387,0.007733756
4985,86804,0.018105123
4986,41246,0.003423078
4987,72345,0.053485464
4988,97692,0.003919639
4989,29265,0.056476656
4990,112350,0.02024192
4991,55074,0.004245172
4992,103694,0.00197195
4993,85702,0.00396887
4994,85856,0.003631296
4995,80504,0.017821385
4996,56304,0.003372332
4997,104240,0.10308158
4998,50338,0.00424448
4999,41505,0.08256301
5000,8682,0.002865533
5001,11712,0.042370412
5002,74894,0.4012367
5003,38249,0.017826634
5004,30264,0.020374777
5005,50703,0.07346899
5006,81247,0.107592724
5007,37317,0.011574908
5008,47564,0.004570468
5009,52229,0.048839465
5010,92976,0.005273671
5011,11496,0.002962458
5012,13029,0.61588746
5013,46155,0.005183173
5014,114874,0.03612397
5015,89192,0.18465765
5016,77242,0.38885447
5017,42066,0.8886737
5018,20988,0.003475255
5019,80774,0.002462202
5020,12666,0.065088406
5021,41670,0.62560934
5022,6236,0.07134596
5023,40013,0.016564963
5024,55632,0.009020979
5025,6459,0.001942075
5026,77347,0.34171468
5027,28212,0.004545184
5028,38132,0.10577039
5029,95925,0.1526929
5030,99401,0.008333796
5031,8074,0.020437859
5032,70877,0.4296917
5033,8329,0.002510334
5034,69009,0.24367683
5035,14331,0.06606157
5036,18485,0.001865066
5037,45235,0.017695846
5038,52783,0.003997353
5039,49491,0.27321255
5040,36160,0.31657913
5041,34159,0.6364945
5042,61011,0.006386829
5043,33463,0.035657927
5044,103081,0.06914617
5045,63119,0.8054289
5046,8493,0.00194776
5047,66491,0.003021056
5048,64025,0.003703335
5049,112444,0.009684863
5050,70967,0.005376685
5051,92705,0.003179088
5052,54531,0.12650421
5053,59940,0.47990796
5054,110441,0.002760925
5055,30678,0.005542285
5056,112000,0.54386187
5057,105427,0.5127981
5058,35912,0.10341515
5059,10851,0.11227024
5060,47233,0.002310501
5061,114933,0.004023907
5062,57258,0.2628138
5063,94972,0.008164199
5064,57102,0.004512669
5065,18352,0.014716129
5066,114842,0.003959189
5067,72209,0.001799617
5068,20507,0.002659126
5069,96257,0.009117406
5070,74463,0.005799922
5071,97156,0.31730708
5072,19364,0.003673298
5073,11970,0.6813681
5074,17516,0.046104167
5075,91897,0.003035077
5076,56498,0.34767845
5077,110574,0.00207968
5078,63310,0.006132733
5079,114124,0.00816557
5080,17791,0.043944404
5081,15492,0.002201918
5082,55783,0.004394802
5083,29269,0.004104568
5084,75272,0.1362508
5085,101973,0.07431706
5086,15496,0.020757768
5087,6378,0.34366274
5088,82055,0.004631435
5089,61878,0.005891865
5090,83170,0.39339638
5091,31533,0.020434687
5092,115723,0.01391856
5093,60309,0.5240554
5094,20410,0.007318468
5095,31964,0.003873589
5096,42700,0.002817831
5097,78210,0.004194429
5098,111783,0.011419006
5099,13132,0.31248474
5100,23503,0.17602566
5101,13150,0.005768051
5102,57312,0.002178042
5103,69638,0.41246152
5104,99606,0.0055069
5105,62134,0.003286833
5106,16990,0.003670398
5107,87318,0.001853006
5108,61602,0.003817837
5109,55736,0.018402245
5110,64117,0.004056104
5111,20163,0.010715188
5112,5415,0.002306007
5113,27206,0.016564032
5114,110120,0.007125874
5115,35566,0.002732816
5116,56096,0.010439297
5117,39902,0.003932608
5118,76622,0.19575767
5119,69047,0.013731326
5120,70767,0.16246551
5121,59341,0.39093593
5122,89285,0.010803298
5123,115527,0.008913552
5124,54093,0.004398818
5125,102794,0.008293414
5126,69962,0.051929373
5127,104421,0.001797071
5128,59819,0.47990796
5129,37427,0.5550093
5130,9602,0.003598216
5131,36300,0.002611824
5132,78137,0.18181208
5133,64653,0.002608745
5134,15677,0.007056952
5135,113009,0.005003792
5136,15451,0.017163746
5137,95076,0.001793345
5138,81530,0.23594889
5139,44957,0.004467248
5140,27588,0.003743128
5141,58579,0.8119721
5142,6230,0.001884273
5143,35915,0.006376328
5144,103467,0.03975908
5145,103720,0.2899796
5146,53823,0.003770793
5147,113019,0.010368891
5148,51183,0.004494269
5149,58214,0.36643407
5150,71816,0.08013069
5151,69570,0.03991337
5152,14360,0.00277562
5153,14052,0.001853051
5154,78953,0.006408547
5155,111641,0.2545595
5156,22062,0.044771552
5157,50846,0.002292901
5158,4021,0.13878483
5159,4117,0.003664793
5160,108135,0.0044073
5161,104715,0.011932781
5162,44935,0.006001126
5163,53732,0.093888596
5164,16766,0.080471575
5165,918,0.002734554
5166,85460,0.00460891
5167,35714,0.09175861
5168,28313,0.010945383
5169,90758,0.14185809
5170,80829,0.001995763
5171,96020,0.005217851
5172,92053,0.003897613
5173,54118,0.009760818
5174,72266,0.005458785
5175,111001,0.019380845
5176,84241,0.005804576
5177,109724,0.00319858
5178,95108,0.22153676
5179,54558,0.361634
5180,6119,0.006033425
5181,38688,0.019565547
5182,31849,0.001794266
5183,104065,0.186495
5184,83265,0.001785985
5185,26194,0.004113124
5186,106636,0.5166911
5187,52461,0.008103333
5188,43215,0.021092588
5189,112441,0.28781393
5190,26328,0.001908573
5191,83315,0.00615522
5192,47433,0.002472042
5193,27019,0.018819384
5194,58685,0.004109317
5195,81737,0.30932763
5196,77339,0.03465261
5197,13932,0.24763836
5198,92790,0.003064513
5199,106994,0.00969168
5200,24532,0.004110082
5201,113615,0.22811446
5202,30474,0.004619836
5203,82917,0.006521057
5204,29716,0.015686087
5205,7890,0.00191109
5206,18568,0.002987421
5207,17986,0.002400218
5208,77412,0.014713661
5209,78528,0.047061514
5210,18135,0.007281867
5211,67836,0.012507661
5212,61720,0.007483205
5213,40041,0.008325528
5214,27412,0.006510031
5215,7153,0.001955456
5216,39003,0.13472533
5217,22396,0.007987337
5218,68534,0.004767302
5219,44976,0.32048777
5220,96513,0.2173976
5221,108616,0.00352188
5222,30073,0.004396534
5223,20234,0.002839385
5224,112494,0.4169091
5225,41368,0.31227872
5226,76601,0.018545132
5227,62642,0.00715769
5228,3210,0.024300987
5229,35715,0.005365146
5230,102122,0.007756589
5231,94454,0.3520467
5232,2007,0.012337361
5233,2638,0.1631139
5234,91701,0.005056178
5235,56784,0.007039536
5236,101178,0.001791932
5237,51399,0.001789583
5238,8071,0.001909649
5239,34687,0.96050227
5240,91074,0.20432952
5241,787,0.002795828
5242,12719,0.002912332
5243,91298,0.004414116
5244,9679,0.15660429
5245,12011,0.002644347
5246,84808,0.15976554
5247,133,0.00628393
5248,69879,0.1003153
5249,64375,0.022039225
5250,82381,0.030942913
5251,82978,0.015812557
5252,72762,0.27930924
5253,105564,0.005849561
5254,74599,0.0052367
5255,110966,0.002093749
5256,89533,0.15433618
5257,60104,0.4961624
5258,52581,0.004145179
5259,71576,0.024032915
5260,44914,0.004060707
5261,42588,0.003089201
5262,85257,0.16166583
5263,74975,0.003404368
5264,113443,0.00363252
5265,19251,0.004671894
5266,104248,0.10308158
5267,56147,0.024424898
5268,71934,0.07008266
5269,46729,0.016797952
5270,69222,0.003876155
5271,82551,0.08277167
5272,110457,0.009724048
5273,74922,0.023877058
5274,51812,0.08946965
5275,2050,0.003797965
5276,61575,0.00371515
5277,71261,0.003738548
5278,25863,0.018576073
5279,55328,0.12922448
5280,1361,0.002597958
5281,86745,0.20082603
5282,95180,0.528781
5283,55837,0.003907354
5284,21959,0.002830294
5285,29193,0.008418134
5286,70725,0.009684081
5287,5975,0.001897135
5288,70797,0.022230666
5289,77842,0.004065092
5290,92474,0.006005261
5291,37661,0.003430303
5292,6155,0.07134596
5293,87969,0.002461256
5294,89915,0.012443434
5295,55964,0.3447948
5296,111352,0.003673176
5297,74780,0.018725185
5298,10134,0.027057225
5299,96812,0.005963774
5300,56912,0.58337814
5301,8438,0.010214727
5302,33971,0.003190446
5303,15477,0.020757768
5304,99498,0.026091868
5305,65028,0.021386147
5306,28317,0.0041128
5307,71164,0.21649152
5308,75305,0.003271313
5309,105766,0.005116268
5310,28108,0.048693333
5311,58527,0.003756866
5312,104369,0.002587415
5313,65590,0.003476904
5314,101309,0.46037424
5315,49484,0.20266442
5316,10460,0.003863435
5317,25840,0.43662104
5318,114015,0.005844727
5319,40764,0.003134133
5320,5424,0.0809861
5321,37360,0.002997079
5322,76549,0.02149641
5323,84267,0.20852552
5324,68350,0.39115223
5325,97428,0.7153321
5326,40934,0.00304234
5327,7994,0.023375588
5328,1767,0.001848514
5329,104193,0.008649671
5330,76813,0.003315945
5331,106705,0.00316482
5332,96358,0.45326173
5333,86486,0.34351942
5334,62616,0.08073243
5335,82351,0.005117862
5336,91077,0.6827724
5337,47191,0.00283058
5338,23915,0.00184818
5339,96604,0.003891437
5340,59326,0.43082973
5341,96406,0.45326173
5342,95473,0.24609734
5343,57274,0.001789138
5344,105796,0.121984705
5345,110874,0.16245735
5346,35313,0.02216042
5347,18820,0.003971879
5348,47970,0.007267324
5349,104346,0.006999044
5350,106011,0.013765373
5351,52969,0.51798254
5352,3772,0.091163315
5353,102641,0.09733754
5354,83687,0.006166426
5355,76706,0.077087484
5356,14,0.005158791
5357,31520,0.005409832
5358,92381,0.107150994
5359,98747,0.43277118
5360,70597,0.07968667
5361,42267,0.006954552
5362,68468,0.008361012
5363,66826,0.49267364
5364,64643,0.006092383
5365,102993,0.004912638
5366,110090,0.016922988
5367,33078,0.010229224
5368,24466,0.06259709
5369,2884,0.012522877
5370,102622,0.00292522
5371,62017,0.001866572
5372,45229,0.015611682
5373,77599,0.03848167
5374,24720,0.11088467
5375,78816,0.44689238
5376,8961,0.02400836
5377,80151,0.004274241
5378,67704,0.003779431
5379,84446,0.09251055
5380,82493,0.076681696
5381,107747,0.6938714
5382,74563,0.005002882
5383,67653,0.014855356
5384,111866,0.070066325
5385,77827,0.00907399
5386,43482,0.015873434
5387,85253,0.007183078
5388,31970,0.02331528
5389,74578,0.01909522
5390,40408,0.003488982
5391,45183,0.017695846
5392,52257,0.004049024
5393,1715,0.004463805
5394,105845,0.003526867
5395,55859,0.18013966
5396,634,0.004164346
5397,90102,0.1663904
5398,90516,0.003642661
5399,26321,0.008155029
5400,103838,0.020482427
5401,10990,0.014174451
5402,89305,0.003994211
5403,74750,0.0188381
5404,5160,0.004256206
5405,25359,0.00433837
5406,107915,0.06480194
5407,114659,0.07565809
5408,105583,0.18633898
5409,99760,0.003332945
5410,6905,0.024951227
5411,48105,0.005194587
5412,73523,0.019073328
5413,22786,0.006873354
5414,18681,0.008088154
5415,6889,0.004528253
5416,88132,0.016868828
5417,110506,0.51235116
5418,108712,0.005114561
5419,89464,0.016166564
5420,69010,0.088195875
5421,108410,0.00260125
5422,55615,0.4237678
5423,45458,0.0041685
5424,88147,0.008116498
5425,114845,0.003594989
5426,31980,0.010581501
5427,63141,0.28194448
5428,89687,0.3093481
5429,97463,0.010647793
5430,35226,0.023727855
5431,52898,0.004247157
5432,1223,0.006130984
5433,102077,0.00183947
5434,62169,0.010319373
5435,14973,0.002452336
5436,17077,0.018664218
5437,23039,0.001853492
5438,43260,0.004556356
5439,107850,0.03864361
5440,55068,0.006365694
5441,101863,0.012763861
5442,32130,0.010853546
5443,65744,0.00505156
5444,75129,0.003250586
5445,90467,0.03917123
5446,51624,0.08946965
5447,85180,0.003885796
5448,83266,0.003843112
5449,38703,0.009141091
5450,38369,0.06365933
5451,41424,0.09241512
5452,45827,0.026382487
5453,45640,0.10307828
5454,41521,0.003291789
5455,3322,0.004774595
5456,36886,0.005831487
5457,27675,0.40073583
5458,98488,0.004746283
5459,58647,0.8348283
5460,46816,0.055094313
5461,76154,0.28607228
5462,102576,0.002018426
5463,45158,0.064024344
5464,63038,0.004674274
5465,100808,0.35340235
5466,2636,0.003783996
5467,83467,0.018754316
5468,64545,0.004056104
5469,52691,0.07071647
5470,41782,0.003121157
5471,108533,0.28256416
5472,56919,0.58337814
5473,28448,0.09846013
5474,59407,0.001873329
5475,2767,0.012522877
5476,97379,0.001935397
5477,50959,0.72212607
5478,115852,0.01676428
5479,94540,0.006422447
5480,40195,0.003058051
5481,8022,0.00578945
5482,2708,0.010999929
5483,76383,0.039831407
5484,50439,0.003818805
5485,36340,0.31657913
5486,2896,0.001796353
5487,78482,0.008776142
5488,40443,0.58489376
5489,58983,0.105893716
5490,82609,0.3955759
5491,4380,0.024106024
5492,92791,0.001806221
5493,63962,0.002213641
5494,986,0.09393586
5495,27762,0.40073583
5496,86301,0.010448995
5497,68784,0.003076843
5498,44736,0.002588112
5499,88316,0.004762903
5500,10260,0.004062199
5501,62908,0.054391224
5502,27992,0.030114004
5503,78387,0.027409673
5504,64207,0.004954242
5505,102008,0.001851613
5506,80838,0.003692471
5507,107764,0.004716357
5508,84713,0.004623609
5509,33360,0.007545867
5510,61325,0.004685773
5511,62948,0.06138925
5512,41458,0.04293207
5513,18138,0.41943476
5514,198,0.005804976
5515,80548,0.05496483
5516,17370,0.07305884
5517,14089,0.001928576
5518,91828,0.01646819
5519,69321,0.015096085
5520,63390,0.029241152
5521,26147,0.003649895
5522,52816,0.00537132
5523,79926,0.035237674
5524,76994,0.028742025
5525,51428,0.084985524
5526,36149,0.21602578
5527,103053,0.06914617
5528,64107,0.003143854
5529,1623,0.002020853
5530,30531,0.008336374
5531,104511,0.005690932
5532,41139,0.003008947
5533,31807,0.01005393
5534,43055,0.002973723
5535,24521,0.03235873
5536,77331,0.17291878
5537,85812,0.57801116
5538,78270,0.011308576
5539,71477,0.29518238
5540,65666,0.003191482
5541,97319,0.003537607
5542,16728,0.003727578
5543,80088,0.015314255
5544,102209,0.004245295
5545,105476,0.07125353
5546,55908,0.2005131
5547,60464,0.003621475
5548,39475,0.001857861
5549,46450,0.10700709
5550,34157,0.29329726
5551,86869,0.002103321
5552,50054,0.004600479
5553,73293,0.003416771
5554,115437,0.00285247
5555,12321,0.008512184
5556,15232,0.39610806
5557,14214,0.002685599
5558,32120,0.009528757
5559,28118,0.004241597
5560,54797,0.12724619
5561,82114,0.3384966
5562,33351,0.035657927
5563,97677,0.009229105
5564,104214,0.06911629
5565,70359,0.002291867
5566,39349,0.001890906
5567,92586,0.43712595
5568,4196,0.25697193
5569,24930,0.60530907
5570,40345,0.006678355
5571,111422,0.004606099
5572,24966,0.038065836
5573,66292,0.00236587
5574,14540,0.007977633
5575,73787,0.29363188
5576,84445,0.69172245
5577,66258,0.001782645
5578,19685,0.002609614
5579,62140,0.14662269
5580,30485,0.003884174
5581,100724,0.004542788
5582,103078,0.14747629
5583,16769,0.002054256
5584,21559,0.6591285
5585,23118,0.00180263
5586,97704,0.58581245
5587,99268,0.15441106
5588,36885,0.004429669
5589,25509,0.018659966
5590,87476,0.012778952
5591,53858,0.23526682
5592,216,0.07357383
5593,30404,0.002789925
5594,73011,0.017572248
5595,20386,0.005488757
5596,28273,0.004116711
5597,49668,0.1994777
5598,97017,0.00896266
5599,93441,0.13768986
5600,86483,0.09366123
5601,76524,0.00461943
5602,1500,0.04842875
5603,105493,0.008139554
5604,103111,0.36701322
5605,1763,0.002022135
5606,3930,0.013027176
5607,62556,0.003940003
5608,37591,0.22144912
5609,97144,0.006786604
5610,30009,0.020374777
5611,100586,0.007469607
5612,99742,0.002117903
5613,62161,0.27207258
5614,23529,0.008318618
5615,4357,0.02120704
5616,39980,0.15521803
5617,96407,0.004563135
5618,111262,0.29050303
5619,73992,0.010097053
5620,57023,0.005666033
5621,54828,0.08852725
5622,13882,0.00396446
5623,109950,0.39813897
5624,7095,0.002117861
5625,76697,0.015853774
5626,51896,0.004220068
5627,66049,0.00505156
5628,30524,0.020374777
5629,2278,0.003938437
5630,16047,0.050038066
5631,2201,0.001881681
5632,79143,0.011448439
5633,37309,0.003143123
5634,55738,0.07894724
5635,39485,0.036518287
5636,100410,0.06903648
5637,95940,0.005049904
5638,102178,0.023011815
5639,108752,0.008712509
5640,93863,0.30621552
5641,3414,0.017958414
5642,70338,0.3155571
5643,85966,0.002068876
5644,91478,0.17453894
5645,39046,0.029959284
5646,42193,0.39941534
5647,76350,0.004970776
5648,31104,0.00419868
5649,80794,0.009626517
5650,68827,0.002075916
5651,44136,0.006059739
5652,65857,0.00505156
5653,21370,0.004021502
5654,61982,0.6729597
5655,55316,0.002464779
5656,25910,0.035963967
5657,55037,0.09340987
5658,5573,0.6761002
5659,71888,0.026292358
5660,10651,0.002507323
5661,17677,0.00255361
5662,101183,0.00909881
5663,108528,0.003085945
5664,85131,0.003087136
5665,68397,0.81440884
5666,10652,0.065584384
5667,11971,0.005857941
5668,53731,0.006131911
5669,82157,0.11618377
5670,109858,0.007619815
5671,74155,0.004983835
5672,57464,0.53932595
5673,60070,0.001889936
5674,88089,0.003035775
5675,24681,0.003032856
5676,65453,0.006507253
5677,19999,0.00353265
5678,93758,0.002561351
5679,94654,0.003703537
5680,75837,0.25379172
5681,43737,0.27319884
5682,81752,0.002979824
5683,18824,0.002512252
5684,41068,0.15908574
5685,43683,0.16148965
5686,58119,0.5627197
5687,68761,0.027048534
5688,13917,0.49638918
5689,41482,0.001895671
5690,16843,0.050038066
5691,38608,0.004538036
5692,16358,0.002911975
5693,64055,0.019251993
5694,94115,0.002870898
5695,50260,0.003154497
5696,60755,0.01597403
5697,35285,0.004683198
5698,103501,0.004175347
5699,7716,0.002847547
5700,67223,0.01608006
5701,103327,0.005560153
5702,61795,0.005220985
5703,86119,0.13887233
5704,95266,0.010907974
5705,34968,0.33711094
5706,365,0.104484394
5707,29229,0.14299846
5708,50999,0.001968852
5709,30476,0.00369129
5710,42357,0.003714308
5711,46386,0.022838024
5712,73260,0.018472027
5713,28867,0.003430817
5714,113634,0.004953144
5715,10765,0.00185085
5716,2887,0.01439465
5717,51293,0.002820217
5718,93454,0.022879198
5719,91590,0.65889424
5720,69158,0.012793506
5721,87636,0.005951157
5722,19215,0.005128515
5723,13426,0.002785367
5724,20821,0.007654971
5725,57972,0.5627197
5726,37865,0.002809627
5727,27468,0.25202435
5728,1665,0.013450705
5729,103895,0.003908928
5730,48499,0.019480374
5731,74759,0.018696774
5732,90880,0.55310357
5733,5231,0.001891568
5734,95324,0.007542143
5735,76453,0.003041712
5736,101714,0.005944086
5737,3849,0.001796489
5738,91136,0.1857886
5739,81951,0.39983207
5740,113117,0.008672496
5741,42242,0.010128293
5742,64760,0.004299992
5743,65052,0.004525243
5744,10443,0.027286671
5745,40758,0.048247084
5746,82758,0.08277167
5747,879,0.002982767
5748,49408,0.004531506
5749,28912,0.008418134
5750,37014,0.003144535
5751,27140,0.010562322
5752,56515,0.45595106
5753,10798,0.04114702
5754,30071,0.0507267
5755,6736,0.002305567
5756,41668,0.010686491
5757,23512,0.001966663
5758,91844,0.2854421
5759,413,0.014603945
5760,14668,0.00641358
5761,57666,0.004603289
5762,21736,0.004534967
5763,85212,0.0019144
5764,29560,0.004087998
5765,105807,0.030369075
5766,34786,0.004142021
5767,89367,0.003356789
5768,77344,0.003832101
5769,4552,0.028308388
5770,17429,0.47897717
5771,46459,0.004780982
5772,115756,0.003715912
5773,52916,0.003549838
5774,92273,0.024255186
5775,73219,0.1438221
5776,15225,0.17618737
5777,70056,0.041304935
5778,113290,0.01040606
5779,106757,0.008923618
5780,63452,0.083622485
5781,46300,0.004718978
5782,22183,0.011760389
5783,20822,0.003596455
5784,45833,0.004445576
5785,14451,0.005634819
5786,42010,0.033676304
5787,80380,0.001826458
5788,61295,0.48966774
5789,21937,0.036091786
5790,81986,0.25410384
5791,7618,0.018986698
5792,17923,0.005477758
5793,65881,0.013095351
5794,35508,0.004165006
5795,76864,0.003914733
5796,34569,0.003217501
5797,88019,0.003615069
5798,89692,0.016600844
5799,31278,0.00959495
5800,3570,0.035283674
5801,42450,0.00282945
5802,90529,0.3084574
5803,95535,0.002554614
5804,67269,0.006537165
5805,27272,0.37508237
5806,87887,0.007860075
5807,111846,0.17186402
5808,102269,0.34045455
5809,53439,0.43188608
5810,33839,0.007778589
5811,2030,0.22033653
5812,13502,0.001795956
5813,106740,0.036283962
5814,101747,0.005944086
5815,46350,0.10219071
5816,65580,0.003155266
5817,82519,0.041252226
5818,57918,0.003635415
5819,24594,0.004993539
5820,21688,0.108416736
5821,56012,0.07894724
5822,77214,0.38885447
5823,3126,0.01439465
5824,107453,0.25825918
5825,24977,0.00364642
5826,87368,0.017399274
5827,2314,0.01067736
5828,79162,0.004038062
5829,51691,0.08946965
5830,22046,0.006194047
5831,10173,0.002643073
5832,49910,0.01957807
5833,91425,0.20432952
5834,4429,0.010280486
5835,3672,0.00178867
5836,107365,0.001974155
5837,102176,0.002843886
5838,3163,0.002157887
5839,61874,0.00458103
5840,35400,0.023727855
5841,62895,0.054391224
5842,82040,0.004560365
5843,83642,0.015021611
5844,2842,0.003837517
5845,50302,0.08698327
5846,115469,0.011937988
5847,13968,0.36752707
5848,91169,0.1639599
5849,1069,0.065529376
5850,68939,0.13518903
5851,66372,0.008382895
5852,13524,0.001931159
5853,40826,0.048247084
5854,1649,0.002597131
5855,7676,0.021148056
5856,92002,0.19840853
5857,37750,0.003585338
5858,95041,0.010364581
5859,62176,0.070439994
5860,104621,0.004216785
5861,24045,0.003745526
5862,4296,0.022166455
5863,68764,0.091607034
5864,114191,0.12019645
5865,98165,0.014162976
5866,6151,0.009330918
5867,16791,0.005556782
5868,26495,0.00389096
5869,107222,0.002455612
5870,15027,0.003535193
5871,12419,0.004682662
5872,69274,0.019614346
5873,29881,0.07886748
5874,109163,0.509022
5875,81880,0.021123378
5876,92072,0.024883764
5877,47536,0.017748514
5878,109498,0.27809322
5879,62557,0.034169253
5880,93416,0.002588425
5881,39247,0.004162533
5882,27964,0.020685164
5883,51225,0.001860012
5884,45439,0.37645623
5885,11882,0.093156226
5886,40497,0.33938336
5887,68220,0.001831336
5888,20791,0.005460805
5889,5214,0.004447465
5890,57236,0.001899982
5891,37760,0.002587833
5892,28110,0.004718128
5893,12002,0.002783021
5894,115147,0.001887413
5895,8080,0.001793528
5896,33632,0.0912829
5897,93877,0.010826539
5898,6611,0.002959677
5899,41166,0.04293207
5900,25638,0.007455846
5901,87760,0.018269913
5902,3606,0.8535528
5903,67862,0.36223242
5904,2384,0.013882625
5905,113335,0.010302304
5906,100825,0.001790272
5907,9503,0.003642301
5908,97547,0.45785597
5909,76951,0.004980195
5910,27499,0.048742536
5911,41084,0.10395823
5912,104735,0.52553695
5913,86367,0.00578827
5914,84886,0.06543985
5915,98720,0.003608397
5916,72114,0.02194553
5917,698,0.003050232
5918,30035,0.002984408
5919,29983,0.004104568
5920,81153,0.1921455
5921,101204,0.002197828
5922,97129,0.72409767
5923,57300,0.25841695
5924,65102,0.003323095
5925,62614,0.02868867
5926,113589,0.20346653
5927,3364,0.004831808
5928,72474,0.062016897
5929,100423,0.2386675
5930,80959,0.021686146
5931,50424,0.005763757
5932,51965,0.003716009
5933,78611,0.17006823
5934,58156,0.006242516
5935,72907,0.02194553
5936,101781,0.039942764
5937,53753,0.00780806
5938,54486,0.001925217
5939,65573,0.002752223
5940,69166,0.003342067
5941,94207,0.45131713
5942,4951,0.022224132
5943,21545,0.001795574
5944,82241,0.005364209
5945,11872,0.040393937
5946,71077,0.022923416
5947,46343,0.001810845
5948,110188,0.63414514
5949,80394,0.39249387
5950,13161,0.60383373
5951,26382,0.052075565
5952,97015,0.251586
5953,111259,0.08982093
5954,15005,0.003680935
5955,73501,0.005111018
5956,31636,0.00389488
5957,91402,0.004841206
5958,22310,0.003475255
5959,18032,0.002375296
5960,4992,0.015199337
5961,34624,0.09647208
5962,4534,0.002960525
5963,95298,0.718614
5964,57707,0.001821106
5965,73024,0.19283444
5966,102730,0.005661433
5967,49674,0.002797965
5968,37045,0.41914538
5969,98490,0.36746407
5970,3546,0.09808961
5971,104330,0.00184308
5972,9839,0.21573138
5973,1023,0.006240706
5974,1341,0.003378685
5975,19397,0.010782294
5976,70448,0.051880676
5977,65597,0.004056285
5978,40167,0.01005475
5979,82912,0.31599313
5980,87746,0.004209002
5981,60297,0.20307627
5982,96671,0.001903025
5983,59396,0.006161256
5984,77956,0.01985138
5985,27173,0.011055517
5986,87551,0.004149982
5987,48517,0.45541185
5988,90267,0.2648815
5989,94724,0.031961482
5990,73218,0.07920986
5991,50751,0.005971207
5992,9691,0.3069247
5993,32303,0.004210193
5994,25537,0.36619094
5995,95949,0.006917459
5996,72498,0.014329587
5997,97322,0.07628727
5998,75883,0.013460706
5999,38946,0.09736478
6000,41168,0.003320508
6001,61647,0.0719827
6002,16129,0.003495223
6003,61008,0.04548245
6004,40273,0.009480128
6005,64954,0.002840324
6006,6746,0.006250517
6007,64029,0.06624657
6008,46510,0.03889098
6009,91058,0.00574181
6010,94577,0.005314788
6011,8807,0.003447231
6012,33146,0.021129604
6013,92231,0.005698846
6014,41872,0.00197961
6015,102566,0.002200351
6016,7171,0.004149502
6017,113091,0.007510073
6018,59526,0.037423223
6019,69119,0.004131273
6020,93335,0.46136934
6021,23081,0.03833747
6022,40175,0.014819636
6023,64789,0.001995187
6024,95104,0.007895547
6025,55617,0.12659948
6026,64048,0.004108388
6027,41687,0.013416737
6028,41533,0.008775018
6029,6055,0.003426629
6030,20436,0.003474914
6031,20801,0.003292435
6032,94767,0.002612279
6033,10628,0.001840046
6034,43638,0.015873434
6035,4150,0.024106024
6036,50998,0.40057233
6037,66786,0.20888963
6038,84480,0.4657378
6039,61466,0.00456166
6040,30191,0.06626707
6041,46560,0.004703571
6042,45715,0.21145812
6043,29314,0.00685097
6044,103572,0.00447638
6045,2550,0.013882625
6046,46727,0.00335328
6047,36465,0.003755514
6048,107674,0.021259638
6049,50017,0.002814136
6050,62973,0.00369186
6051,73187,0.05489638
6052,76260,0.029520096
6053,84255,0.4358866
6054,34098,0.020178044
6055,5935,0.002848325
6056,58326,0.004464051
6057,42794,0.004924557
6058,67859,0.014061472
6059,13428,0.08050893
6060,49802,0.10258527
6061,105303,0.00524468
6062,102816,0.023136565
6063,51090,0.03004574
6064,96977,0.3765087
6065,111836,0.4520406
6066,97370,0.006444963
6067,72410,0.2616492
6068,93868,0.013129424
6069,53690,0.005722739
6070,68332,0.003431699
6071,66732,0.014905999
6072,113444,0.010302304
6073,77744,0.28115878
6074,108421,0.078175634
6075,108169,0.36109474
6076,2634,0.07186033
6077,65235,0.005728125
6078,70721,0.035940588
6079,70275,0.004882433
6080,113031,0.006789633
6081,83377,0.03248749
6082,85709,0.001914235
6083,95089,0.71357256
6084,56745,0.004004044
6085,17109,0.003005936
6086,91428,0.1751861
6087,65099,0.003365824
6088,50333,0.12579998
6089,43036,0.005562614
6090,23028,0.002975183
6091,29252,0.00203991
6092,33072,0.009429535
6093,72648,0.002843168
6094,101450,0.002012704
6095,73455,0.002973472
6096,62204,0.004351745
6097,106277,0.014872079
6098,105056,0.0028394
6099,55566,0.005947786
6100,33063,0.09611661
6101,20380,0.010720694
6102,63400,0.004220345
6103,81854,0.4028191
6104,92449,0.107150994
6105,53344,0.004067568
6106,95726,0.69406575
6107,114237,0.009454899
6108,45373,0.40694922
6109,79711,0.100629
6110,12634,0.001966124
6111,7468,0.001850675
6112,11766,0.005543189
6113,104599,0.001799862
6114,96897,0.45326173
6115,10075,0.00185031
6116,37539,0.001790326
6117,20892,0.010720694
6118,37537,0.012329542
6119,44161,0.5932001
6120,22437,0.004188922
6121,100243,0.009881091
6122,61769,0.001831083
6123,10047,0.20576827
6124,18863,0.006370573
6125,82458,0.002022275
6126,72626,0.02194553
6127,34764,0.007207212
6128,57588,0.001966553
6129,61215,0.70790005
6130,31245,0.002840233
6131,59182,0.003956779
6132,45456,0.002621722
6133,98704,0.002391737
6134,71699,0.09442362
6135,51,0.007577496
6136,71409,0.17708845
6137,86388,0.17796935
6138,85409,0.002326912
6139,8364,0.003080233
6140,90405,0.002344478
6141,46687,0.001801016
6142,38618,0.006719764
6143,91440,0.09830573
6144,103144,0.1931501
6145,70489,0.017208446
6146,27433,0.002794794
6147,70062,0.006046135
6148,76952,0.004843633
6149,11284,0.003380533
6150,86791,0.001890111
6151,24862,0.009575779
6152,99506,0.38647258
6153,51345,0.5405866
6154,61766,0.2799374
6155,89856,0.001997589
6156,66242,0.024263896
6157,21420,0.009127819
6158,44729,0.04044044
6159,40136,0.003932608
6160,53562,0.10096327
6161,56611,0.003414745
6162,97298,0.72220814
6163,88109,0.16444567
6164,47664,0.006133771
6165,29546,0.15681937
6166,27274,0.003382422
6167,67349,0.008207969
6168,34132,0.015447801
6169,59289,0.006267277
6170,75739,0.23714806
6171,93004,0.4770184
6172,66672,0.01562094
6173,108773,0.012222609
6174,91376,0.007992512
6175,36501,0.008360296
6176,47029,0.00396211
6177,63347,0.019397128
6178,20097,0.006220081
6179,50305,0.02148581
6180,84305,0.2082926
6181,50742,0.037524838
6182,5353,0.49022868
6183,97302,0.2303421
6184,75156,0.018600916
6185,48503,0.24658364
6186,95887,0.002549268
6187,100956,0.06862409
6188,42522,0.003235845
6189,71021,0.28276464
6190,114413,0.00328685
6191,57703,0.004994868
6192,86143,0.014176152
6193,70956,0.003919831
6194,49607,0.1994777
6195,110273,0.002404556
6196,81883,0.035413623
6197,112642,0.002009103
6198,83280,0.39339638
6199,7957,0.019997858
6200,10157,0.00353839
6201,97687,0.2046004
6202,72011,0.033670094
6203,35664,0.72960347
6204,77099,0.18190548
6205,51462,0.004738092
6206,43893,0.014188251
6207,92120,0.001812123
6208,51681,0.004220068
6209,95898,0.002800819
6210,32169,0.16821413
6211,69944,0.008898695
6212,16644,0.007262365
6213,86434,0.022705564
6214,77260,0.46001273
6215,75972,0.32178783
6216,99677,0.007742155
6217,10072,0.25096446
6218,90200,0.2741786
6219,28959,0.004466883
6220,108911,0.024614725
6221,8660,0.014449305
6222,59153,0.002886354
6223,37692,0.005145483
6224,93696,0.003294773
6225,45427,0.004742701
6226,62867,0.017115502
6227,2426,0.7468474
6228,103428,0.16791508
6229,58935,0.004845934
6230,114437,0.15675004
6231,102309,0.07498465
6232,79393,0.003028504
6233,6123,0.015304099
6234,92739,0.007225874
6235,80974,0.001828632
6236,115552,0.004619904
6237,53353,0.002837249
6238,97901,0.01675781
6239,1263,0.07187485
6240,44676,0.00371368
6241,6937,0.003029551
6242,99428,0.007088671
6243,59462,0.3185328
6244,52161,0.091003016
6245,104543,0.07721153
6246,59533,0.004186931
6247,92346,0.2458516
6248,41403,0.26995295
6249,11814,0.003056815
6250,63183,0.07860176
6251,108685,0.6740094
6252,36771,0.08214485
6253,57745,0.39607385
6254,62405,0.002537017
6255,41905,0.6151245
6256,74255,0.01909522
6257,99147,0.004235429
6258,34378,0.006106122
6259,95413,0.002893849
6260,71564,0.0802148
6261,42945,0.8671096
6262,115987,0.004619904
6263,35506,0.36264348
6264,109475,0.090887755
6265,48361,0.012379354
6266,79603,0.16112748
6267,10929,0.009733769
6268,12190,0.002290266
6269,30385,0.5190426
6270,82100,0.3384966
6271,77234,0.18190548
6272,81966,0.26171738
6273,8391,0.002695815
6274,89632,0.02005305
6275,62726,0.00179376
6276,75984,0.004242594
6277,7048,0.003395331
6278,74935,0.39962345
6279,24412,0.004726119
6280,22771,0.005863406
6281,115736,0.0178891
6282,21055,0.007826635
6283,21940,0.008157529
6284,98425,0.3266987
6285,51739,0.08946965
6286,83540,0.34225544
6287,83853,0.015812557
6288,98078,0.00394223
6289,32229,0.06708956
6290,90085,0.08263265
6291,111442,0.3273642
6292,1493,0.01689408
6293,24046,0.006297999
6294,84372,0.006166426
6295,71598,0.003371076
6296,77717,0.004691823
6297,113102,0.003609055
6298,54004,0.006936982
6299,23786,0.005733589
6300,94196,0.001813203
6301,26678,0.022108918
6302,100312,0.10100676
6303,109060,0.019772675
6304,91441,0.1861993
6305,61794,0.060188837
6306,17785,0.002431622
6307,90597,0.001973271
6308,48719,0.247234
6309,16303,0.001923462
6310,11685,0.16147307
6311,26646,0.009385281
6312,34572,0.24030998
6313,96547,0.0863405
6314,95336,0.005314788
6315,115491,0.015707409
6316,3258,0.002601221
6317,21738,0.00180263
6318,47822,0.41952953
6319,6344,0.18882106
6320,26191,0.07559159
6321,107973,0.56934583
6322,77520,0.004322984
6323,101601,0.009014796
6324,98544,0.04276396
6325,2584,0.01067736
6326,65773,0.00505156
6327,35368,0.001826039
6328,106079,0.003653172
6329,76307,0.001900209
6330,19229,0.009018217
6331,75171,0.018709429
6332,3237,0.5371468
6333,30800,0.004256939
6334,41948,0.001900874
6335,44825,0.007292129
6336,62880,0.08250886
6337,3747,0.003873709
6338,95478,0.718614
6339,111592,0.23212449
6340,20316,0.29722664
6341,16735,0.037848324
6342,108258,0.6714195
6343,73140,0.017572248
6344,43161,0.41275615
6345,60865,0.29080167
6346,73690,0.010229215
6347,95890,0.00980476
6348,30626,0.021070324
6349,4128,0.58274055
6350,115289,0.49382138
6351,110797,0.34605852
6352,40698,0.002366648
6353,25369,0.002475809
6354,92864,0.008192628
6355,20562,0.008114919
6356,19644,0.00362456
6357,90565,0.25407982
6358,57565,0.8737952
6359,84357,0.02922988
6360,97336,0.007487707
6361,55192,0.004071632
6362,42127,0.14203341
6363,29254,0.003873974
6364,73705,0.008756842
6365,59066,0.004913177
6366,89063,0.5778312
6367,107815,0.001896844
6368,102554,0.16950424
6369,75741,0.32178783
6370,83223,0.021531697
6371,71193,0.21649152
6372,11931,0.056000385
6373,114917,0.004995156
6374,32927,0.030493164
6375,77024,0.014174672
6376,59983,0.06718281
6377,113500,0.010302304
6378,109574,0.55223817
6379,62040,0.004861435
6380,79301,0.1633098
6381,79807,0.21779546
6382,78788,0.17006823
6383,70785,0.001797523
6384,59403,0.5058321
6385,54895,0.001799965
6386,34763,0.6296306
6387,6781,0.00193955
6388,54280,0.008497142
6389,37408,0.004593737
6390,52839,0.13931046
6391,98007,0.36746407
6392,77693,0.022221904
6393,2001,0.010814617
6394,98686,0.0043637
6395,5513,0.020739457
6396,51177,0.00300783
6397,44470,0.002944127
6398,70184,0.081190735
6399,52635,0.004145179
6400,107069,0.009435987
6401,94957,0.02529918
6402,6716,0.007419708
6403,84645,0.007341701
6404,89562,0.008030612
6405,96089,0.19418226
6406,25502,0.005042894
6407,42970,0.004031739
6408,68415,0.28165302
6409,40862,0.5384069
6410,70643,0.21649152
6411,89952,0.090886466
6412,78802,0.004197015
6413,70697,0.005848901
6414,27538,0.002281517
6415,1502,0.008700895
6416,13759,0.002420899
6417,103389,0.45270163
6418,64465,0.00412834
6419,62732,0.003246281
6420,38899,0.00558137
6421,282,0.006534496
6422,23155,0.003123791
6423,110373,0.2507249
6424,81196,0.014115883
6425,92724,0.107150994
6426,92693,0.2175467
6427,91248,0.6882998
6428,85609,0.47855577
6429,70606,0.00557002
6430,57351,0.1315372
6431,11049,0.017803397
6432,15471,0.020757768
6433,110763,0.005723944
6434,57334,0.004884536
6435,20089,0.008586427
6436,21475,0.002770256
6437,17885,0.003127907
6438,94950,0.24609734
6439,1870,0.002259276
6440,85948,0.75099814
6441,2637,0.013882625
6442,113812,0.002328836
6443,92207,0.19840853
6444,101173,0.00909881
6445,66416,0.015472868
6446,69798,0.003785769
6447,9232,0.007099167
6448,19046,0.024297452
6449,101437,0.31257057
6450,91821,0.65889424
6451,94284,0.004780197
6452,92800,0.014303034
6453,80395,0.15952836
6454,53357,0.003029266
6455,50923,0.085715875
6456,22247,0.005479919
6457,111192,0.003574214
6458,82832,0.278023
6459,92498,0.006886004
6460,86689,0.003481844
6461,59760,0.0039606
6462,31301,0.008168343
6463,90933,0.004658567
6464,47538,0.004939605
6465,10629,0.001961957
6466,104909,0.0439839
6467,44641,0.002912723
6468,53223,0.004246803
6469,36450,0.003379041
6470,62021,0.00183834
6471,4346,0.005437083
6472,91321,0.20432952
6473,66043,0.00505156
6474,17138,0.014857777
6475,57895,0.007905081
6476,99284,0.19042249
6477,33708,0.003670622
6478,95338,0.24609734
6479,20371,0.021902377
6480,64832,0.007597459
6481,42532,0.01074608
6482,107985,0.6137803
6483,104594,0.008340813
6484,85439,0.001866054
6485,20151,0.002074739
6486,73897,0.03771716
6487,83759,0.10684437
6488,106866,0.008923618
6489,86974,0.001896722
6490,67206,0.36600125
6491,110078,0.63113874
6492,65056,0.010872687
6493,1657,0.005431805
6494,96630,0.052188188
6495,15339,0.10911328
6496,40392,0.009488299
6497,12164,0.013517923
6498,44347,0.004742701
6499,108464,0.006910799
6500,9274,0.002982622
6501,50287,0.001865874
6502,2525,0.013882625
6503,100795,0.2043345
6504,57974,0.5627197
6505,112209,0.57078177
6506,113691,0.0071122
6507,36344,0.005022306
6508,69247,0.009406487
6509,66973,0.40489078
6510,110062,0.004245476
6511,50003,0.005669811
6512,95640,0.003083779
6513,46820,0.003164787
6514,28851,0.004466883
6515,73171,0.56676567
6516,29749,0.003966028
6517,114592,0.04607401
6518,109792,0.9471335
6519,43408,0.16148965
6520,71041,0.45330626
6521,103936,0.008142165
6522,29146,0.071935855
6523,37764,0.004427338
6524,4567,0.5688185
6525,78937,0.005459736
6526,22599,0.012907204
6527,85471,0.004742696
6528,39962,0.10357922
6529,10725,0.001895411
6530,84134,0.008734437
6531,7770,0.17909117
6532,52591,0.005161322
6533,53746,0.43188608
6534,87430,0.15907542
6535,29484,0.005708884
6536,109036,0.004945512
6537,47052,0.002067934
6538,53783,0.060944546
6539,41110,0.004026863
6540,109110,0.001894879
6541,28024,0.003818488
6542,92662,0.62926507
6543,79076,0.07193813
6544,61640,0.003817837
6545,8646,0.015550151
6546,97414,0.008282189
6547,103678,0.01019129
6548,86323,0.12026579
6549,82220,0.00966331
6550,88990,0.025195286
6551,115348,0.002693373
6552,108074,0.020019438
6553,35383,0.00195683
6554,42518,0.01074608
6555,54971,0.42796016
6556,93356,0.013159831
6557,14403,0.046783157
6558,55876,0.2744311
6559,9692,0.023621311
6560,108538,0.49919295
6561,25215,0.009207108
6562,93178,0.48706073
6563,55753,0.02275748
6564,28349,0.002187164
6565,14910,0.00191838
6566,9393,0.00316937
6567,35544,0.006952527
6568,19385,0.010782294
6569,77611,0.00690789
6570,109319,0.08406128
6571,37850,0.002321163
6572,3508,0.07559052
6573,52025,0.19553976
6574,26141,0.005450939
6575,79725,0.01452275
6576,88928,0.09253549
6577,94646,0.004916833
6578,71049,0.38132143
6579,22252,0.008656351
6580,30185,0.002531203
6581,91372,0.001934978
6582,52220,0.019843267
6583,17768,0.20731841
6584,11774,0.057110645
6585,26491,0.003804068
6586,91243,0.008176642
6587,6863,0.002342897
6588,101736,0.09578502
6589,60787,0.35229284
6590,91867,0.2854421
6591,67109,0.15473202
6592,92891,0.45998105
6593,58989,0.004514488
6594,111768,0.55433387
6595,76191,0.019917648
6596,33339,0.010281205
6597,71522,0.006489327
6598,98584,0.19465394
6599,112465,0.03015785
6600,1828,0.011923395
6601,83149,0.00860492
6602,37967,0.06365933
6603,29899,0.005606013
6604,17543,0.23593006
6605,31608,0.00959495
6606,50339,0.052561577
6607,4236,0.003148406
6608,75158,0.001820262
6609,8457,0.001932895
6610,34708,0.03593384
6611,44940,0.001958085
6612,37378,0.010938277
6613,28842,0.009463357
6614,93027,0.111607604
6615,27637,0.003823728
6616,93353,0.71087205
6617,84541,0.081333674
6618,372,0.00441598
6619,87903,0.19185938
6620,90525,0.061616518
6621,75623,0.015726589
6622,56639,0.43905675
6623,114039,0.39346
6624,2787,0.0703283
6625,109749,0.005450298
6626,17943,0.001916269
6627,70842,0.21649152
6628,2880,0.784928
6629,11844,0.001852873
6630,18743,0.00301641
6631,102981,0.003612078
6632,50538,0.004411764
6633,47796,0.003822408
6634,50955,0.003826684
6635,99541,0.3196194
6636,104675,0.005897087
6637,36706,0.001849028
6638,114169,0.13497634
6639,41729,0.6151245
6640,21970,0.036091786
6641,84612,0.028848363
6642,72428,0.00376035
6643,86525,0.010686572
6644,15622,0.004244222
6645,49715,0.009008987
6646,11240,0.005543189
6647,67482,0.01680705
6648,38627,0.008256841
6649,32380,0.003898996
6650,64771,0.004299992
6651,94065,0.007174216
6652,93203,0.13702776
6653,86575,0.00186777
6654,87285,0.23429123
6655,7832,0.023375588
6656,16482,0.048601024
6657,18698,0.024297452
6658,106909,0.008079177
6659,95519,0.001789303
6660,100059,0.18435358
6661,103493,0.002523352
6662,78776,0.005419231
6663,4391,0.001926938
6664,4438,0.004602552
6665,59729,0.01022613
6666,80587,0.13061337
6667,4091,0.060939528
6668,66920,0.01562094
6669,49719,0.002632182
6670,50628,0.085715875
6671,105046,0.001809182
6672,44427,0.04044044
6673,28251,0.0041128
6674,11785,0.04813418
6675,92438,0.30299374
6676,26217,0.031682692
6677,5731,0.01346079
6678,6067,0.00185007
6679,97748,0.4109543
6680,49963,0.2034687
6681,14692,0.115352966
6682,56751,0.005426148
6683,52571,0.004331704
6684,67860,0.003336357
6685,77550,0.001927694
6686,86140,0.063711934
6687,105232,0.004218908
6688,19014,0.012432992
6689,82957,0.001927905
6690,52372,0.13036187
6691,96027,0.003655289
6692,21295,0.010720694
6693,114211,0.023725057
6694,87872,0.002482103
6695,36012,0.41494492
6696,89909,0.001900974
6697,48053,0.005241064
6698,76662,0.25259563
6699,112951,0.36506912
6700,25500,0.042014074
6701,94784,0.71357256
6702,29867,0.020374777
6703,98694,0.36489302
6704,94057,0.011820827
6705,82501,0.02430354
6706,22942,0.003930157
6707,52269,0.005922167
6708,10426,0.001936836
6709,16052,0.088057466
6710,41680,0.012826032
6711,19112,0.008644304
6712,53238,0.28279033
6713,73971,0.006241517
6714,80172,0.004259946
6715,31737,0.12298044
6716,17905,0.006806774
6717,45815,0.003733641
6718,20366,0.007886994
6719,2830,0.0703283
6720,76100,0.004517069
6721,50454,0.00181439
6722,51674,0.08946965
6723,29157,0.005461437
6724,9258,0.003447231
6725,109634,0.4170892
6726,6701,0.019945145
6727,31114,0.19503134
6728,6371,0.013600197
6729,62375,0.005891865
6730,41946,0.3867824
6731,111831,0.45292512
6732,5248,0.001984291
6733,18452,0.002898014
6734,87942,0.22854343
6735,20652,0.002631472
6736,3383,0.07559052
6737,49796,0.0019517
6738,42673,0.14084072
6739,112612,0.00730283
6740,37272,0.033361997
6741,21413,0.05514609
6742,22525,0.870079
6743,6343,0.002848325
6744,69853,0.006765879
6745,75999,0.006615073
6746,49348,0.27321255
6747,77446,0.008083187
6748,3084,0.014652388
6749,78406,0.010820194
6750,12721,0.053770293
6751,47570,0.03802369
6752,62862,0.003547186
6753,54998,0.1270786
6754,90193,0.016548635
6755,61241,0.003188293
6756,51088,0.003507086
6757,77907,0.005265206
6758,97091,0.3331416
6759,24698,0.006392211
6760,1474,0.003204449
6761,90201,0.008013832
6762,95043,0.003714663
6763,109821,0.03137861
6764,67957,0.007368256
6765,37345,0.004862302
6766,339,0.002683205
6767,93650,0.003136883
6768,21570,0.026470836
6769,932,0.01708917
6770,14751,0.023076957
6771,11297,0.001850331
6772,30840,0.021070324
6773,88214,0.6066062
6774,45364,0.026117386
6775,91214,0.77107257
6776,69642,0.1064726
6777,39589,0.13869889
6778,54284,0.004864875
6779,73538,0.07883433
6780,14760,0.039518375
6781,112600,0.001824574
6782,17139,0.001797307
6783,36172,0.09830212
6784,95575,0.01307887
6785,18770,0.14924054
6786,75993,0.004530481
6787,114133,0.09264195
6788,40561,0.49871993
6789,58821,0.005504816
6790,27708,0.003723817
6791,39793,0.4620004
6792,4167,0.024106024
6793,81817,0.25410384
6794,50329,0.009294716
6795,106689,0.1624532
6796,98147,0.19193354
6797,19940,0.005931682
6798,105522,0.07848556
6799,47916,0.004902997
6800,109710,0.122278154
6801,38905,0.004267969
6802,56495,0.10662824
6803,89635,0.09019918
6804,40005,0.002930055
6805,99950,0.2009604
6806,112852,0.03379479
6807,107330,0.001788099
6808,14578,0.003938942
6809,55562,0.08967611
6810,112848,0.1729736
6811,86255,0.17796935
6812,11955,0.034943286
6813,60767,0.01081248
6814,77962,0.28392363
6815,72886,0.062016897
6816,59913,0.30885333
6817,90711,0.55310357
6818,27126,0.002968686
6819,97922,0.002218698
6820,67086,0.015458536
6821,64200,0.004084883
6822,53927,0.23089537
6823,108629,0.00720435
6824,63516,0.002758468
6825,10612,0.012573009
6826,80798,0.29165563
6827,79226,0.070917174
6828,46547,0.093689844
6829,58701,0.113933966
6830,22300,0.005863406
6831,47321,0.014653779
6832,58210,0.001792121
6833,63055,0.003288832
6834,75377,0.018600916
6835,40769,0.003147667
6836,42543,0.001789011
6837,61280,0.003605447
6838,47494,0.017748514
6839,18245,0.8002625
6840,36485,0.05295637
6841,103084,0.004793536
6842,101370,0.35733944
6843,53686,0.004468387
6844,102310,0.12014856
6845,18229,0.009983104
6846,32065,0.002553194
6847,85973,0.367177
6848,43259,0.100208096
6849,40684,0.005140906
6850,27191,0.002921589
6851,70741,0.006358505
6852,83996,0.009570105
6853,50761,0.35836494
6854,36521,0.17224146
6855,15769,0.002781777
6856,71949,0.21735974
6857,15695,0.002496005
6858,14129,0.003658897
6859,44751,0.5583643
6860,46594,0.020255486
6861,8968,0.001793943
6862,72429,0.062016897
6863,107546,0.001899922
6864,28654,0.008931786
6865,111510,0.23212449
6866,86623,0.027743226
6867,24398,0.038065836
6868,11301,0.02735188
6869,35191,0.001809612
6870,100126,0.4345876
6871,76657,0.05015122
6872,20857,0.001879948
6873,71429,0.003364121
6874,109886,0.007914945
6875,115551,0.03208331
6876,59172,0.42124334
6877,39833,0.005816608
6878,87039,0.3723121
6879,89467,0.003114264
6880,88221,0.002152958
6881,85866,0.75099814
6882,48414,0.003107101
6883,49562,0.001811091
6884,111205,0.03299006
6885,83371,0.061988484
6886,111310,0.035340704
6887,46210,0.022985416
6888,59910,0.04734821
6889,68298,0.11470831
6890,20990,0.002239462
6891,91457,0.003675239
6892,106901,0.16782744
6893,92558,0.008511046
6894,34956,0.004076504
6895,39478,0.005200299
6896,63142,0.002419576
6897,33804,0.002655554
6898,42720,0.001797558
6899,17396,0.007262365
6900,45217,0.01927807
6901,829,0.003178922
6902,80556,0.002028362
6903,63039,0.03388421
6904,66274,0.015838128
6905,80066,0.002313135
6906,111458,0.44017008
6907,64669,0.004333135
6908,75669,0.004856438
6909,80184,0.2003736
6910,12117,0.002004383
6911,669,0.003559345
6912,112404,0.005801273
6913,61980,0.5676495
6914,85037,0.004255654
6915,16760,0.00692845
6916,84224,0.004070814
6917,93136,0.16220014
6918,112211,0.006737544
6919,10561,0.18529685
6920,17117,0.00343856
6921,100363,0.006722944
6922,89056,0.09253549
6923,54601,0.5296361
6924,71655,0.012078824
6925,1971,0.002610754
6926,103086,0.04636589
6927,27737,0.006289107
6928,83736,0.00298322
6929,112842,0.2045766
6930,98063,0.049406376
6931,88619,0.043437324
6932,28088,0.008516938
6933,106567,0.00535402
6934,27963,0.008929128
6935,106505,0.084947936
6936,8258,0.006618248
6937,49815,0.001808179
6938,44827,0.004492618
6939,43646,0.014443175
6940,97418,0.43993032
6941,22057,0.0636854
6942,108857,0.608197
6943,50498,0.34900153
6944,108945,0.001835742
6945,112034,0.67130154
6946,22635,0.011760389
6947,93544,0.03870969
6948,85536,0.00364301
6949,756,0.001813833
6950,66074,0.003705161
6951,109570,0.03106665
6952,78037,0.137866
6953,87494,0.20576936
6954,97155,0.01076435
6955,107124,0.020487463
6956,22265,0.003699614
6957,50211,0.003807794
6958,21081,0.00767175
6959,65696,0.002909037
6960,100546,0.19038257
6961,46279,0.003508078
6962,65622,0.00378651
6963,29464,0.003292868
6964,80999,0.009705886
6965,19009,0.009645247
6966,96289,0.00746414
6967,24709,0.060904615
6968,79011,0.00273284
6969,48045,0.012746749
6970,114879,0.03612397
6971,11828,0.09891105
6972,30417,0.002004179
6973,24229,0.059062354
6974,21482,0.003383978
6975,1914,0.22699025
6976,86204,0.002675333
6977,98344,0.018846894
6978,77483,0.5689809
6979,110908,0.004601453
6980,109084,0.11618499
6981,90527,0.001791875
6982,43771,0.6993237
6983,83045,0.28073284
6984,113789,0.00233467
6985,102932,0.001803504
6986,19456,0.010782294
6987,32984,0.004492213
6988,90256,0.14144568
6989,28162,0.03634077
6990,94544,0.4796414
6991,55106,0.004715862
6992,69232,0.65476805
6993,49125,0.96144855
6994,92905,0.08752678
6995,35190,0.023727855
6996,31474,0.004066231
6997,44663,0.01359703
6998,39531,0.022277215
6999,29786,0.002653265
7000,26922,0.003971466
7001,51786,0.006471582
7002,72211,0.07864465
7003,5081,0.001796059
7004,12545,0.001931159
7005,90713,0.007035937
7006,114415,0.004157227
7007,56240,0.004575035
7008,67897,0.08823628
7009,112208,0.4995774
7010,88855,0.15673766
7011,48658,0.675469
7012,73033,0.062016897
7013,30420,0.020374777
7014,64791,0.00731692
7015,21635,0.002117961
7016,93786,0.14742412
7017,32205,0.02331528
7018,77872,0.001892111
7019,81106,0.25264218
7020,35305,0.007335629
7021,18206,0.00185063
7022,33653,0.002915997
7023,22961,0.5711321
7024,76287,0.3562059
7025,10862,0.013649489
7026,26717,0.004350246
7027,16213,0.002383121
7028,72892,0.03774086
7029,96593,0.016646337
7030,64402,0.10439404
7031,115651,0.002005886
7032,69830,0.069158696
7033,92542,0.107150994
7034,6107,0.12826194
7035,41843,0.010738677
7036,97492,0.007986722
7037,65424,0.004336751
7038,92451,0.010852998
7039,110780,0.2847034
7040,961,0.30831823
7041,114621,0.00251061
7042,82523,0.3955759
7043,80851,0.26664263
7044,32979,0.09611661
7045,47728,0.15216716
7046,100744,0.20480636
7047,5030,0.057301763
7048,56420,0.002052318
7049,43914,0.1754806
7050,97583,0.6437023
7051,32665,0.007183827
7052,27027,0.020685164
7053,24175,0.002692031
7054,55670,0.091347426
7055,81306,0.090202935
7056,28813,0.021716988
7057,74104,0.082686834
7058,105482,0.07125353
7059,28919,0.008011024
7060,56998,0.58337814
7061,97575,0.46371114
7062,15566,0.002867343
7063,39563,0.008640619
7064,23076,0.007616826
7065,9599,0.007761792
7066,62617,0.07721856
7067,111129,0.002156669
7068,5320,0.0939561
7069,65656,0.005148532
7070,27559,0.003804682
7071,29338,0.02013454
7072,76644,0.077087484
7073,104085,0.001855947
7074,37255,0.017826634
7075,50552,0.48868567
7076,64651,0.00273448
7077,100810,0.005227376
7078,33527,0.004768795
7079,26911,0.003679867
7080,112387,0.96147335
7081,9221,0.025720334
7082,19810,0.004334573
7083,92866,0.13902761
7084,80635,0.05496483
7085,78038,0.005463357
7086,89911,0.003505192
7087,66363,0.024263896
7088,21337,0.001827706
7089,1641,0.00212646
7090,30373,0.021975677
7091,55414,0.09340987
7092,86401,0.004809497
7093,34746,0.6684853
7094,37058,0.10577039
7095,113816,0.013071018
7096,48266,0.009842395
7097,7580,0.003647075
7098,52974,0.005401311
7099,87500,0.008341259
7100,35802,0.4644128
7101,78710,0.002131707
7102,65189,0.004388941
7103,2148,0.008317989
7104,30312,0.003550086
7105,85798,0.001807132
7106,78015,0.002476095
7107,55898,0.24118719
7108,89322,0.007453568
7109,8196,0.002510334
7110,41421,0.005213333
7111,41451,0.004953201
7112,96223,0.69404066
7113,47249,0.123813674
7114,115126,0.015380643
7115,104463,0.19065365
7116,49091,0.003460859
7117,4770,0.20931077
7118,3520,0.6955589
7119,32645,0.2571091
7120,110207,0.60870343
7121,16434,0.048601024
7122,25155,0.03164627
7123,99440,0.0706125
7124,84979,0.01261612
7125,24637,0.14799233
7126,95270,0.005098865
7127,94632,0.024226038
7128,85602,0.17633569
7129,102021,0.004470279
7130,31521,0.002860346
7131,1059,0.002099462
7132,39393,0.02110853
7133,25939,0.002823758
7134,13754,0.001941809
7135,89529,0.006757658
7136,114729,0.00632019
7137,47468,0.40086284
7138,85423,0.003885796
7139,107873,0.005711057
7140,103869,0.020482427
7141,74243,0.28263074
7142,65779,0.005051021
7143,47016,0.21148986
7144,88404,0.1446463
7145,3478,0.07559052
7146,88151,0.19185938
7147,41061,0.23051392
7148,62942,0.24406882
7149,96642,0.003463537
7150,4904,0.007553005
7151,3711,0.006995804
7152,29953,0.041275952
7153,28220,0.029830884
7154,37271,0.004445785
7155,11217,0.11023067
7156,107085,0.003331716
7157,35749,0.004082772
7158,34312,0.004327705
7159,106406,0.005174907
7160,51678,0.00284331
7161,108091,0.012222609
7162,46227,0.001894427
7163,2038,0.008317989
7164,51695,0.001795974
7165,91335,0.20432952
7166,100100,0.002950793
7167,36761,0.002405611
7168,33246,0.019469647
7169,54452,0.004948803
7170,48377,0.002703442
7171,79088,0.004243841
7172,58464,0.006584975
7173,20885,0.003383978
7174,6968,0.002377192
7175,26965,0.001796956
7176,38913,0.46626785
7177,85425,0.006261127
7178,94877,0.5790794
7179,102078,0.008603118
7180,70043,0.006210568
7181,59098,0.006357445
7182,71197,0.07926732
7183,65867,0.003894436
7184,21901,0.004384986
7185,33781,0.18489538
7186,109515,0.28306845
7187,36287,0.18772392
7188,114236,0.225552
7189,40328,0.04577948
7190,109479,0.006097539
7191,102443,0.003835968
7192,22415,0.5693399
7193,67868,0.08823628
7194,40722,0.004258861
7195,97750,0.003675256
7196,100229,0.31060788
7197,97056,0.006947574
7198,105547,0.001908891
7199,7170,0.025725093
7200,37694,0.00992684
7201,39763,0.006399199
7202,1628,0.002917175
7203,39526,0.09488684
7204,46183,0.007070644
7205,106530,0.11531243
7206,57071,0.001893717
7207,4771,0.001921559
7208,109529,0.63113874
7209,39628,0.003426626
7210,1442,0.001852036
7211,58968,0.3364783
7212,25628,0.004110082
7213,47317,0.005093111
7214,17623,0.043944404
7215,65008,0.02711667
7216,73491,0.005400598
7217,11360,0.003888931
7218,38387,0.001982025
7219,10106,0.002638153
7220,17048,0.002400218
7221,26343,0.004759426
7222,8904,0.05810723
7223,84343,0.068148404
7224,16978,0.007621312
7225,40867,0.003267171
7226,115516,0.008913552
7227,56135,0.37054974
7228,63945,0.004954242
7229,59132,0.003811684
7230,112964,0.24900837
7231,21588,0.001792526
7232,9068,0.004073974
7233,102763,0.012879312
7234,67192,0.15473202
7235,113158,0.38512447
7236,56954,0.00520488
7237,102407,0.006795181
7238,43791,0.022902481
7239,13839,0.022472372
7240,96470,0.018703679
7241,36216,0.001972974
7242,16950,0.007262365
7243,114078,0.001896027
7244,40776,0.5104679
7245,242,0.003909727
7246,82620,0.3955759
7247,9268,0.024574704
7248,23,0.003797345
7249,71980,0.005295677
7250,57654,0.002026077
7251,36514,0.064664476
7252,96862,0.006947574
7253,51443,0.005661159
7254,114886,0.006062836
7255,95510,0.007882902
7256,66867,0.003923716
7257,11234,0.042687412
7258,75283,0.00320236
7259,96177,0.024162788
7260,66464,0.00338908
7261,81198,0.17664471
7262,25399,0.014263057
7263,110226,0.001865608
7264,78900,0.035237674
7265,32285,0.32749683
7266,27405,0.0041128
7267,8497,0.30014136
7268,112466,0.0945583
7269,50583,0.003342831
7270,106760,0.021436006
7271,88373,0.15673766
7272,94016,0.38693962
7273,110071,0.001851789
7274,70162,0.46038324
7275,71481,0.003718022
7276,82328,0.001930621
7277,95520,0.001847503
7278,40327,0.053281236
7279,111405,0.29050303
7280,1386,0.004727494
7281,112526,0.07662316
7282,102983,0.34571663
7283,64311,0.004251425
7284,89794,0.08646729
7285,35559,0.36264348
7286,6271,0.015304099
7287,61377,0.015931012
7288,97929,0.10407543
7289,5203,0.014183451
7290,3966,0.26201063
7291,15367,0.032444783
7292,59285,0.046789408
7293,47258,0.08359578
7294,56879,0.001956189
7295,106974,0.38292432
7296,38215,0.007531574
7297,75056,0.003243306
7298,107738,0.001830541
7299,82240,0.001791106
7300,71022,0.0418487
7301,115760,0.01391856
7302,15220,0.003112757
7303,78396,0.019840384
7304,3985,0.006995804
7305,88168,0.27825552
7306,55142,0.001788087
7307,37263,0.00689246
7308,80830,0.010856684
7309,64565,0.003346057
7310,38176,0.01599293
7311,84390,0.46586266
7312,52861,0.004331704
7313,109921,0.30906704
7314,184,0.002945259
7315,114684,0.007106616
7316,40229,0.1031806
7317,91279,0.20432952
7318,33181,0.011594471
7319,97970,0.010372066
7320,65542,0.004056285
7321,70427,0.023679543
7322,103273,0.050553728
7323,25682,0.009207108
7324,94302,0.00624178
7325,104433,0.06914802
7326,99883,0.36945608
7327,43663,0.001800538
7328,110416,0.013722255
7329,51588,0.08946965
7330,4832,0.027808169
7331,85436,0.022149934
7332,65134,0.002689681
7333,79360,0.004110558
7334,2319,0.001940328
7335,88485,0.006801534
7336,56795,0.28669748
7337,80767,0.03441686
7338,76868,0.067003205
7339,85067,0.004742696
7340,9278,0.44885615
7341,38485,0.033361997
7342,44750,0.3724872
7343,79491,0.00178783
7344,110073,0.58943236
7345,64776,0.002729541
7346,87206,0.004578187
7347,36659,0.02111386
7348,13039,0.002688702
7349,11681,0.018170955
7350,64518,0.00454113
7351,70252,0.4080949
7352,9099,0.003447231
7353,115213,0.00191068
7354,92647,0.107150994
7355,84710,0.682518
7356,108021,0.031035174
7357,103127,0.008970609
7358,43214,0.02726209
7359,41223,0.36164382
7360,50515,0.004959079
7361,94551,0.006053825
7362,65408,0.003629782
7363,106048,0.032868546
7364,62160,0.003210706
7365,38765,0.007127507
7366,62092,0.003986793
7367,99092,0.4380909
7368,79331,0.3985798
7369,17285,0.043944404
7370,69668,0.10560764
7371,74051,0.010848843
7372,96551,0.16866435
7373,36137,0.21602578
7374,16987,0.007621312
7375,1902,0.038964033
7376,66905,0.024422994
7377,46898,0.003187851
7378,99223,0.4380909
7379,42420,0.02377014
7380,39276,0.001797742
7381,75526,0.4012367
7382,100208,0.004012259
7383,21445,0.003054914
7384,43383,0.004151869
7385,115136,0.036815453
7386,8441,0.22699413
7387,82587,0.08277167
7388,3329,0.016560785
7389,36186,0.06944901
7390,17724,0.001932454
7391,8855,0.00441288
7392,58795,0.13882613
7393,110617,0.011638011
7394,54524,0.001912798
7395,20802,0.21581349
7396,44361,0.006677194
7397,11468,0.003354118
7398,17454,0.006097181
7399,77580,0.17291878
7400,52479,0.004434431
7401,71274,0.009675059
7402,42541,0.0056091
7403,54800,0.42796016
7404,6450,0.002110069
7405,33625,0.7384205
7406,36891,0.004739436
7407,115709,0.004619904
7408,9064,0.001884273
7409,76150,0.005522061
7410,85811,0.002837463
7411,45819,0.014133392
7412,87931,0.003527712
7413,50605,0.006661945
7414,98301,0.4044843
7415,19883,0.001795028
7416,51879,0.001898996
7417,54234,0.017123364
7418,7199,0.011449842
7419,29542,0.003477722
7420,22576,0.004686934
7421,114460,0.006453469
7422,70981,0.07926732
7423,74853,0.004918306
7424,43508,0.003932401
7425,91202,0.017125322
7426,66610,0.020437544
7427,86359,0.001860674
7428,111191,0.06981273
7429,104635,0.044037126
7430,27763,0.18689989
7431,76345,0.001882063
7432,44285,0.016027981
7433,18637,0.008968876
7434,36977,0.008712179
7435,4419,0.09309749
7436,34354,0.020178044
7437,45069,0.014430326
7438,29019,0.19809347
7439,27705,0.002323272
7440,427,0.004642468
7441,58261,0.49989477
7442,103240,0.003341157
7443,89113,0.09253549
7444,102861,0.004990269
7445,23846,0.34357992
7446,52756,0.8680825
7447,26449,0.007327536
7448,112448,0.28781393
7449,46813,0.011695015
7450,20531,0.002833303
7451,20749,0.09816969
7452,18759,0.005964709
7453,98145,0.001826795
7454,34806,0.03593384
7455,45788,0.004276647
7456,69371,0.22254753
7457,9422,0.038546477
7458,3786,0.016335476
7459,64144,0.003703335
7460,109167,0.57580024
7461,24810,0.003141265
7462,17273,0.024906145
7463,22486,0.001805762
7464,113441,0.00867508
7465,56005,0.36020088
7466,17235,0.002567241
7467,40510,0.40786457
7468,92708,0.023876647
7469,7282,0.004380228
7470,62795,0.35349688
7471,65493,0.005321559
7472,105334,0.083327085
7473,114902,0.001814603
7474,43461,0.009794341
7475,76555,0.052043885
7476,93288,0.011941492
7477,88936,0.009176665
7478,78168,0.003847751
7479,24144,0.003745526
7480,103735,0.007748363
7481,114216,0.13497634
7482,47003,0.05308235
7483,85542,0.31809393
7484,86228,0.002189289
7485,35744,0.003988672
7486,7141,0.003391512
7487,37047,0.003068422
7488,55380,0.47174552
7489,100570,0.006147279
7490,35638,0.034260057
7491,593,0.002936395
7492,103202,0.023361951
7493,105774,0.03262768
7494,79862,0.25908062
7495,3437,0.003326272
7496,9214,0.024574704
7497,46005,0.004833915
7498,75646,0.021079503
7499,104541,0.007554045
7500,98378,0.003649434
7501,104688,0.002293251
7502,60724,0.5057091
7503,95539,0.003083779
7504,31462,0.003285933
7505,114692,0.015513738
7506,102702,0.13027568
7507,385,0.001846628
7508,67601,0.04488576
7509,87071,0.09679096
7510,115184,0.004779457
7511,32667,0.2098834
7512,13458,0.011169665
7513,1487,0.002613854
7514,39813,0.013407803
7515,47554,0.00182214
7516,60603,0.10005144
7517,24664,0.00875234
7518,53242,0.027731493
7519,92407,0.006886004
7520,100029,0.22157681
7521,112033,0.57078177
7522,111733,0.13264324
7523,100542,0.3368424
7524,28809,0.05821683
7525,31757,0.00959495
7526,104598,0.003494661
7527,71221,0.02329635
7528,61522,0.07239571
7529,83937,0.20554087
7530,99390,0.001897079
7531,10879,0.16147307
7532,19264,0.003697849
7533,6817,0.006721604
7534,56616,0.010093064
7535,73844,0.012837442
7536,100110,0.22266178
7537,34539,0.003629291
7538,58435,0.45885554
7539,36219,0.44818735
7540,82023,0.001793907
7541,94109,0.017678697
7542,115079,0.0123243
7543,45001,0.003703869
7544,18962,0.00280769
7545,8410,0.009373549
7546,86837,0.00203382
7547,53239,0.50477403
7548,74913,0.1740356
7549,49994,0.008762634
7550,73746,0.007666146
7551,79934,0.014558514
7552,111754,0.55433387
7553,51671,0.005825491
7554,16783,0.13205095
7555,59354,0.006867449
7556,84284,0.14998275
7557,18584,0.006659357
7558,96617,0.004211651
7559,51360,0.5104924
7560,78459,0.017344737
7561,48109,0.003997861
7562,9613,0.15660429
7563,56619,0.40200427
7564,91901,0.11218064
7565,65757,0.024856558
7566,58636,0.3317046
7567,107723,0.003306122
7568,111686,0.006758023
7569,15356,0.032444783
7570,52896,0.004145179
7571,33644,0.010144306
7572,95328,0.45116422
7573,11305,0.001793668
7574,70646,0.022230666
7575,68963,0.01225355
7576,23835,0.003085094
7577,42121,0.14203341
7578,42821,0.02078141
7579,26818,0.1170466
7580,73273,0.25513119
7581,76530,0.46001273
7582,66440,0.015838128
7583,12098,0.002761772
7584,60151,0.47990796
7585,5769,0.003903403
7586,74774,0.4012367
7587,82980,0.073214844
7588,7576,0.002056495
7589,28564,0.006051513
7590,42583,0.32732704
7591,25270,0.017536862
7592,70316,0.01651194
7593,105772,0.15958168
7594,29391,0.006649775
7595,108595,0.22595055
7596,83334,0.001790613
7597,91717,0.5274018
7598,19065,0.009309376
7599,66977,0.005139452
7600,53729,0.005338557
7601,47397,0.001789203
7602,3026,0.01439465
7603,91105,0.004497189
7604,15501,0.08238485
7605,62593,0.005891865
7606,64185,0.004251425
7607,111229,0.016695254
7608,27351,0.05986555
7609,40486,0.005587447
7610,50362,0.4916043
7611,29041,0.02023645
7612,63803,0.004017608
7613,115046,0.03612397
7614,43080,0.005407739
7615,92761,0.001866021
7616,30410,0.13425124
7617,83460,0.07099052
7618,27543,0.008929128
7619,23827,0.004216178
7620,31214,0.03151941
7621,40516,0.29565626
7622,51973,0.87213564
7623,63536,0.00239116
7624,48276,0.023251107
7625,38106,0.004392009
7626,71090,0.0941686
7627,48458,0.004401189
7628,61499,0.00525093
7629,58175,0.18805344
7630,66382,0.005460393
7631,47886,0.00403465
7632,67867,0.01680705
7633,41767,0.004285601
7634,24063,0.016579723
7635,92342,0.003599845
7636,60538,0.011917106
7637,12468,0.016522193
7638,80290,0.26598525
7639,20161,0.00463564
7640,46107,0.09852697
7641,22848,0.005115124
7642,95446,0.006917459
7643,107407,0.032327548
7644,73680,0.02214148
7645,49508,0.004322736
7646,36876,0.004474667
7647,9321,0.013932377
7648,48365,0.24277572
7649,37442,0.004999226
7650,86898,0.003481844
7651,38393,0.22518128
7652,105737,0.001834547
7653,4525,0.00979619
7654,57603,0.49448693
7655,103056,0.003781911
7656,102825,0.02221776
7657,9992,0.003987804
7658,85876,0.04153741
7659,53117,0.65071434
7660,85729,0.31809393
7661,103620,0.16331379
7662,112995,0.002391554
7663,37078,0.010873447
7664,70434,0.003163739
7665,96002,0.002439879
7666,47997,0.020731261
7667,101442,0.28708616
7668,102735,0.039381873
7669,13787,0.24552421
7670,58268,0.005240025
7671,73386,0.01732099
7672,30689,0.009878092
7673,107701,0.004586025
7674,78969,0.003507581
7675,63507,0.029301949
7676,113454,0.026754055
7677,91408,0.441061
7678,78161,0.28392363
7679,9649,0.015553069
7680,113976,0.001877571
7681,56928,0.001925217
7682,59336,0.047394194
7683,18563,0.003806591
7684,81692,0.002524683
7685,77578,0.003215365
7686,73185,0.56676567
7687,105798,0.030369075
7688,35237,0.7359439
7689,89796,0.20210756
7690,21160,0.012758244
7691,64134,0.002638363
7692,115715,0.008913552
7693,77970,0.006099027
7694,68377,0.24653687
7695,67524,0.011020876
7696,56844,0.45595106
7697,72990,0.003007192
7698,86579,0.001872335
7699,98713,0.460278
7700,26984,0.003025369
7701,33111,0.007589683
7702,37630,0.14697738
7703,112745,0.008925841
7704,109701,0.24246253
7705,13130,0.070058234
7706,111311,0.009227352
7707,94672,0.00197575
7708,106323,0.001914694
7709,5219,0.18001896
7710,73804,0.17707086
7711,22814,0.001908177
7712,39963,0.004031034
7713,46003,0.015042516
7714,113681,0.00579264
7715,95842,0.3380672
7716,115023,0.042088468
7717,96402,0.7000107
7718,33689,0.007545867
7719,24861,0.010701121
7720,52788,0.4156673
7721,65359,0.003082896
7722,54946,0.050160516
7723,55046,0.6911463
7724,77659,0.001905207
7725,6558,0.01529389
7726,81327,0.001902162
7727,75407,0.004462747
7728,30578,0.04108545
7729,971,0.004765868
7730,26334,0.004044261
7731,65196,0.001813907
7732,2519,0.006023274
7733,36492,0.164505
7734,45527,0.017695846
7735,30599,0.021070324
7736,60059,0.005681973
7737,9752,0.003598216
7738,78571,0.005323083
7739,35493,0.002924879
7740,75301,0.4012367
7741,35839,0.10341515
7742,53428,0.05630108
7743,96219,0.004527074
7744,53177,0.009585575
7745,88419,0.001788946
7746,106717,0.011355899
7747,10852,0.00201773
7748,71521,0.001833554
7749,18644,0.002429347
7750,97365,0.003832975
7751,1129,0.099193774
7752,24194,0.002489841
7753,111469,0.014665929
7754,56800,0.005426148
7755,46024,0.10384739
7756,102115,0.32194945
7757,3358,0.069942944
7758,10858,0.001936743
7759,113214,0.01420438
7760,7849,0.012862694
7761,67177,0.12455373
7762,69305,0.017225197
7763,17301,0.003795802
7764,727,0.029815616
7765,104938,0.53737026
7766,103379,0.15357572
7767,20200,0.069348864
7768,52028,0.022233963
7769,65929,0.005194824
7770,80490,0.003094091
7771,95788,0.09486245
7772,67116,0.02334642
7773,52676,0.28762397
7774,70804,0.035940588
7775,31625,0.009824864
7776,16819,0.080471575
7777,26248,0.008458942
7778,36667,0.003799834
7779,53026,0.00419573
7780,36531,0.26006418
7781,10653,0.006188592
7782,103459,0.014344135
7783,41204,0.45999783
7784,48220,0.005194587
7785,60526,0.5375502
7786,53132,0.11758091
7787,4948,0.007553005
7788,30606,0.005871417
7789,102241,0.003558079
7790,23357,0.42951477
7791,44812,0.07799857
7792,5532,0.006353454
7793,25459,0.006837415
7794,1497,0.008426545
7795,59511,0.006462587
7796,105549,0.005273934
7797,8564,0.002174497
7798,83802,0.010403203
7799,21358,0.01298622
7800,94028,0.1380179
7801,114644,0.002148285
7802,104235,0.2064054
7803,10032,0.001980738
7804,25326,0.003976064
7805,74744,0.018725185
7806,33994,0.017288765
7807,44605,0.29042646
7808,6354,0.024935663
7809,34398,0.020178044
7810,69849,0.001874831
7811,32614,0.003221668
7812,60269,0.2118526
7813,80349,0.067595884
7814,45460,0.00304968
7815,109685,0.39813897
7816,103502,0.042007588
7817,17676,0.002839442
7818,85271,0.004696515
7819,50727,0.004308467
7820,40652,0.32698753
7821,43444,0.004718707
7822,18984,0.026701933
7823,100031,0.044894017
7824,87342,0.002032126
7825,98841,0.23000596
7826,69901,0.007705015
7827,36299,0.002568939
7828,13840,0.003777895
7829,85952,0.021335185
7830,68676,0.038948637
7831,1594,0.002762477
7832,1707,0.014696265
7833,75372,0.00637028
7834,73704,0.007666146
7835,37882,0.09251427
7836,81471,0.005878658
7837,85691,0.0726772
7838,19665,0.002814675
7839,100871,0.34188992
7840,63528,0.019584745
7841,90811,0.13159373
7842,108761,0.06594481
7843,49391,0.1994777
7844,77742,0.13245381
7845,29685,0.009528757
7846,48816,0.003350613
7847,96146,0.006187416
7848,105655,0.019770076
7849,32395,0.005749208
7850,68174,0.008882385
7851,98331,0.006035205
7852,102010,0.015122381
7853,49514,0.003975867
7854,35338,0.011494991
7855,77688,0.004322531
7856,35195,0.00315081
7857,14153,0.047182873
7858,35170,0.004645591
7859,14923,0.00292358
7860,68428,0.29409933
7861,78736,0.001788825
7862,32954,0.009429535
7863,58357,0.35679412
7864,3487,0.55786055
7865,85789,0.005982059
7866,9046,0.006454081
7867,48918,0.024182072
7868,63402,0.08017139
7869,75103,0.018709429
7870,51124,0.021944836
7871,86979,0.3806755
7872,30899,0.002532744
7873,5528,0.16287869
7874,62227,0.054391224
7875,69016,0.04731975
7876,9171,0.003103175
7877,17561,0.006097181
7878,81544,0.06872563
7879,108318,0.019054629
7880,37934,0.003000713
7881,22287,0.109462
7882,103303,0.050553728
7883,95745,0.001878708
7884,78734,0.39249387
7885,19938,0.00194916
7886,2192,0.001937775
7887,102353,0.00178635
7888,101594,0.006051373
7889,52288,0.47610205
7890,42380,0.31036794
7891,4684,0.026870659
7892,4690,0.027808169
7893,46968,0.005045352
7894,39313,0.024813317
7895,35341,0.002924879
7896,42249,0.001834718
7897,38071,0.014206444
7898,63335,0.006165587
7899,1448,0.24484542
7900,28555,0.011479343
7901,34707,0.24030998
7902,115754,0.016876698
7903,105691,0.05539519
7904,2672,0.060602468
7905,96568,0.45341474
7906,32097,0.06903436
7907,79412,0.015666075
7908,14108,0.009427981
7909,75002,0.018709429
7910,20384,0.014084834
7911,27855,0.005266335
7912,51796,0.52784723
7913,8326,0.004049833
7914,26322,0.009640078
7915,33887,0.002895268
7916,31139,0.020434687
7917,112084,0.014721661
7918,8319,0.020437859
7919,29781,0.002984408
7920,76364,0.002245527
7921,4285,0.002439596
7922,30510,0.020374777
7923,32009,0.010230876
7924,3853,0.003876072
7925,95116,0.002451613
7926,54875,0.2368437
7927,19164,0.057166696
7928,25608,0.04795241
7929,26776,0.003171453
7930,13963,0.003829792
7931,59152,0.002886354
7932,101394,0.26753888
7933,78989,0.011448439
7934,2669,0.003664697
7935,17217,0.004325647
7936,21471,0.003596455
7937,114396,0.009360537
7938,77848,0.21298473
7939,2408,0.014447445
7940,6795,0.005912966
7941,49000,0.004579969
7942,53748,0.007876741
7943,65521,0.0674388
7944,57709,0.018660031
7945,39147,0.019381354
7946,83013,0.00191731
7947,87316,0.49297023
7948,10358,0.004283367
7949,10062,0.00286826
7950,37164,0.33531737
7951,67149,0.017225293
7952,112050,0.006548593
7953,723,0.066787176
7954,84036,0.101518035
7955,92841,0.007242591
7956,25312,0.004290051
7957,107793,0.007693416
7958,82509,0.001936787
7959,49260,0.004590869
7960,110019,0.45561972
7961,77201,0.25043464
7962,8888,0.014808319
7963,111669,0.002090988
7964,36434,0.09830212
7965,8355,0.13669969
7966,91791,0.003646366
7967,10288,0.016164312
7968,71047,0.00246017
7969,22701,0.003753309
7970,69027,0.13518903
7971,110531,0.005624094
7972,50165,0.011913041
7973,45141,0.009928568
7974,76127,0.16282824
7975,107258,0.5481961
7976,13536,0.58051974
7977,27335,0.002731875
7978,61061,0.1779267
7979,101069,0.35340235
7980,86387,0.014176152
7981,14416,0.003019105
7982,6166,0.005774664
7983,48554,0.028882174
7984,17234,0.008181856
7985,99054,0.460278
7986,61160,0.28351644
7987,34994,0.022729442
7988,102960,0.06914617
7989,72168,0.02194553
7990,57764,0.15807411
7991,38787,0.003912255
7992,103350,0.068999305
7993,65587,0.003671666
7994,18818,0.002097618
7995,45011,0.09967988
7996,32208,0.002341729
7997,45101,0.003966168
7998,56215,0.013147645
7999,21717,0.00362794
8000,113415,0.18483359
8001,7773,0.002700823
8002,33252,0.09611661
8003,37744,0.091848485
8004,39267,0.004513727
8005,98210,0.003132064
8006,11417,0.31696424
8007,51525,0.005363197
8008,77195,0.049373418
8009,36077,0.027205072
8010,38932,0.002264874
8011,23579,0.59002817
8012,74310,0.004001466
8013,35228,0.023727855
8014,87428,0.1510933
8015,20660,0.04394012
8016,13280,0.005876579
8017,50248,0.003932517
8018,79306,0.002325978
8019,74959,0.556882
8020,19858,0.012826877
8021,588,0.014334437
8022,2936,0.004152728
8023,10521,0.11905111
8024,79504,0.004065092
8025,58678,0.001938465
8026,13971,0.006325858
8027,41373,0.015823565
8028,31160,0.008020958
8029,115286,0.001840381
8030,22928,0.14351179
8031,47551,0.003062952
8032,88028,0.042641703
8033,43124,0.001795941
8034,91668,0.5936973
8035,26200,0.002910146
8036,102223,0.004311082
8037,79044,0.45520604
8038,78207,0.003540873
8039,27629,0.002017358
8040,65970,0.03671244
8041,108540,0.004177792
8042,53701,0.003901188
8043,111295,0.00797503
8044,105323,0.15805404
8045,10234,0.006228357
8046,21131,0.03391327
8047,27909,0.008929128
8048,114867,0.002977186
8049,61743,0.009601659
8050,78840,0.004503283
8051,46672,0.020255486
8052,41793,0.23752141
8053,38980,0.003038946
8054,39647,0.028261058
8055,108039,0.6137803
8056,27198,0.008277718
8057,54877,0.13060237
8058,88998,0.15433618
8059,66621,0.5188625
8060,71128,0.2454103
8061,104888,0.048321474
8062,69348,0.081190735
8063,47496,0.06848465
8064,8130,0.001955456
8065,98257,0.08400945
8066,111023,0.005243585
8067,3230,0.087052174
8068,111657,0.008315412
8069,6819,0.00190739
8070,15311,0.007333632
8071,81445,0.12709777
8072,27311,0.009046929
8073,103387,0.002451996
8074,38914,0.004978716
8075,104478,0.103978656
8076,61646,0.004344912
8077,21552,0.010720694
8078,37643,0.009587485
8079,99773,0.2009604
8080,77735,0.004065092
8081,109103,0.00251491
8082,55558,0.005814276
8083,94352,0.3520467
8084,76630,0.015853774
8085,68590,0.2580781
8086,69494,0.14619918
8087,96530,0.008454201
8088,91371,0.003928089
8089,20810,0.001792526
8090,9443,0.004456655
8091,58047,0.003635415
8092,6092,0.8976146
8093,19579,0.00379823
8094,23099,0.003520015
8095,20474,0.008652387
8096,103863,0.22198361
8097,24702,0.06366663
8098,111180,0.002014797
8099,66324,0.003258959
8100,109143,0.001813109
8101,24744,0.009422754
8102,111677,0.23212449
8103,87120,0.26780605
8104,18717,0.00295269
8105,7916,0.002510334
8106,51064,0.004084507
8107,33955,0.005262215
8108,50824,0.085715875
8109,19705,0.009309376
8110,75960,0.018696774
8111,30177,0.003672471
8112,14491,0.007657895
8113,36153,0.18772392
8114,36008,0.001814327
8115,2576,0.004662053
8116,1515,0.001817774
8117,91225,0.020693671
8118,33973,0.003886381
8119,30015,0.004058709
8120,115560,0.008913552
8121,62150,0.009747208
8122,111308,0.012950337
8123,30339,0.07542821
8124,86688,0.00631178
8125,107773,0.6122618
8126,30749,0.003143175
8127,39474,0.39401436
8128,39748,0.001867712
8129,6173,0.18882106
8130,9220,0.024574704
8131,13247,0.31802326
8132,6237,0.009614649
8133,23188,0.007616826
8134,63490,0.006165587
8135,105887,0.030329593
8136,63009,0.060709603
8137,40399,0.005499438
8138,714,0.006327761
8139,85255,0.001785866
8140,63591,0.002026232
8141,40220,0.008398868
8142,21858,0.001932957
8143,86825,0.009530818
8144,78586,0.010607827
8145,62020,0.4810156
8146,83125,0.003679037
8147,12281,0.72868437
8148,38805,0.024213986
8149,36117,0.004280824
8150,26144,0.008424529
8151,78300,0.44689238
8152,56085,0.37054974
8153,67495,0.005758701
8154,30284,0.004660053
8155,108095,0.001859479
8156,24149,0.08355404
8157,30588,0.013251316
8158,11206,0.042687412
8159,26859,0.002501804
8160,105363,0.004347343
8161,4312,0.009652533
8162,2091,0.012227445
8163,40687,0.026318781
8164,19747,0.003601513
8165,30024,0.020374777
8166,48585,0.004056102
8167,89991,0.002848106
8168,98444,0.004406702
8169,24310,0.020942157
8170,63631,0.001896843
8171,94173,0.00818496
8172,111063,0.002366781
8173,94679,0.417236
8174,102841,0.008218274
8175,105051,0.09018249
8176,63997,0.4355794
8177,4927,0.027808169
8178,35407,0.003893685
8179,44188,0.002694625
8180,21799,0.001791665
8181,65923,0.00505156
8182,25316,0.001794144
8183,58284,0.002891079
8184,92766,0.24296664
8185,4416,0.01761202
8186,91536,0.001862151
8187,72056,0.16267619
8188,110629,0.41529548
8189,41468,0.012039036
8190,64291,0.003979135
8191,61851,0.003518164
8192,79882,0.005197217
8193,23917,0.043048013
8194,50569,0.004087161
8195,24053,0.40646267
8196,57292,0.002747885
8197,64346,0.00478327
8198,58900,0.001813312
8199,55565,0.41127792
8200,109632,0.16765325
8201,113792,0.16249163
8202,111351,0.06981273
8203,59856,0.005622246
8204,26009,0.007747369
8205,54123,0.005895292
8206,84866,0.001901202
8207,63854,0.005218214
8208,108052,0.00363865
8209,40134,0.00353907
8210,56437,0.29993534
8211,43861,0.07215357
8212,48215,0.001925273
8213,12477,0.006649986
8214,103205,0.06034855
8215,19394,0.023202624
8216,29049,0.057805113
8217,3659,0.012957592
8218,15463,0.015553269
8219,64710,0.00378651
8220,63334,0.004572208
8221,43964,0.017399974
8222,84681,0.3233597
8223,17670,0.004163608
8224,112439,0.012555775
8225,34235,0.002609099
8226,66789,0.28841394
8227,98502,0.08400945
8228,45697,0.009162482
8229,64385,0.005393186
8230,95776,0.003530788
8231,27609,0.003090907
8232,60728,0.29080167
8233,28605,0.006628987
8234,103301,0.19231763
8235,75495,0.00663837
8236,114795,0.002732934
8237,10940,0.004150733
8238,70198,0.003390381
8239,102005,0.008891271
8240,89069,0.007212065
8241,45637,0.009264717
8242,3727,0.307055
8243,39678,0.001820194
8244,28593,0.003473565
8245,113194,0.057345103
8246,61421,0.005910268
8247,87985,0.002650264
8248,113776,0.001885031
8249,53030,0.003881356
8250,34510,0.003629291
8251,43311,0.003903863
8252,100032,0.34061477
8253,115353,0.003354217
8254,49554,0.27321255
8255,101578,0.003182047
8256,115673,0.001780913
8257,19420,0.010038247
8258,91208,0.10382134
8259,11274,0.001935203
8260,19931,0.003634105
8261,44819,0.003304584
8262,108099,0.08302558
8263,52587,0.003259297
8264,32253,0.02331528
8265,88856,0.003681423
8266,69292,0.2844909
8267,70594,0.019708194
8268,30121,0.19659069
8269,2024,0.100464806
8270,81849,0.25410384
8271,31616,0.004463042
8272,65942,0.005122815
8273,98376,0.41144058
8274,49774,0.004058491
8275,113364,0.22811446
8276,71637,0.27930924
8277,35152,0.002595184
8278,780,0.001889418
8279,82285,0.001975596
8280,64009,0.004056104
8281,13234,0.002681201
8282,103375,0.005315227
8283,105570,0.002780532
8284,1374,0.008700895
8285,113645,0.18483359
8286,82717,0.010552639
8287,87656,0.003861059
8288,68432,0.011653868
8289,66373,0.006802887
8290,16116,0.007262365
8291,99688,0.005396509
8292,3289,0.007048961
8293,82000,0.004570323
8294,57971,0.003064276
8295,97734,0.009606562
8296,40962,0.05332084
8297,54827,0.2368437
8298,22352,0.003652507
8299,48541,0.004713202
8300,6425,0.026292149
8301,97576,0.001907777
8302,49093,0.25083566
8303,96309,0.008275878
8304,106535,0.5464662
8305,33369,0.009546379
8306,53163,0.007486531
8307,65238,0.003898444
8308,32035,0.00364339
8309,112175,0.104014985
8310,104544,0.45389265
8311,72876,0.015688127
8312,9763,0.46991128
8313,633,0.008309588
8314,11557,0.02176083
8315,93376,0.003521352
8316,29174,0.02023645
8317,59972,0.60284406
8318,86484,0.008680851
8319,4589,0.2824662
8320,13590,0.002834769
8321,81371,0.15471339
8322,487,0.002092237
8323,346,0.042274445
8324,18973,0.003148521
8325,58953,0.23856783
8326,44985,0.27822414
8327,74021,0.005795802
8328,73292,0.38385838
8329,13584,0.00629856
8330,95524,0.009374948
8331,41635,0.15818837
8332,10710,0.04114702
8333,32019,0.004324199
8334,29526,0.001891432
8335,86765,0.007417847
8336,83403,0.015812557
8337,73148,0.005450301
8338,62341,0.051409665
8339,49615,0.005774944
8340,78490,0.001887799
8341,34332,0.020178044
8342,19790,0.03404114
8343,105853,0.08250787
8344,83006,0.001791107
8345,77159,0.0605776
8346,21441,0.009989572
8347,23977,0.005991134
8348,83733,0.001902378
8349,3694,0.015768783
8350,23173,0.001885624
8351,24879,0.00392209
8352,93452,0.13413662
8353,31208,0.004341366
8354,35302,0.00379489
8355,76014,0.28607228
8356,65386,0.004333135
8357,40794,0.6791706
8358,103700,0.007104409
8359,8854,0.009619228
8360,111025,0.001909526
8361,60140,0.2478018
8362,34761,0.002815391
8363,113405,0.011949152
8364,66290,0.024263896
8365,94827,0.24895452
8366,70854,0.07926732
8367,35280,0.023727855
8368,65267,0.005445472
8369,32485,0.005420837
8370,45451,0.25912246
8371,46836,0.003933421
8372,83997,0.003863678
8373,108092,0.009960409
8374,36603,0.064664476
8375,74991,0.005771671
8376,58745,0.003632181
8377,93681,0.017872075
8378,21058,0.007654971
8379,20759,0.033550303
8380,94422,0.003882151
8381,17915,0.003031986
8382,114784,0.003352553
8383,9582,0.001907981
8384,80846,0.013972814
8385,62450,0.024739636
8386,107768,0.38731778
8387,47533,0.004860941
8388,67838,0.19317478
8389,59649,0.1456785
8390,29573,0.009741393
8391,79260,0.009596269
8392,14844,0.007099228
8393,74445,0.002176433
8394,2839,0.06310712
8395,92259,0.11218064
8396,92781,0.001788597
8397,1095,0.013373262
8398,26947,0.008840571
8399,93415,0.41140577
8400,92479,0.010922214
8401,38520,0.003820286
8402,68130,0.027636433
8403,9416,0.002156159
8404,49188,0.003858636
8405,36519,0.004429669
8406,71533,0.009151977
8407,86040,0.10893158
8408,99744,0.006954924
8409,64482,0.002675294
8410,21325,0.019396022
8411,47827,0.003335843
8412,3780,0.02349884
8413,87802,0.20576936
8414,22202,0.01873457
8415,2074,0.001982872
8416,71951,0.005189489
8417,80629,0.32828736
8418,41081,0.002603335
8419,38361,0.004289495
8420,99633,0.026363712
8421,63954,0.019251993
8422,113551,0.025713712
8423,73941,0.020182706
8424,17642,0.10499369
8425,54213,0.00482755
8426,18768,0.008572568
8427,15437,0.002956271
8428,43537,0.002468596
8429,78964,0.002984111
8430,115455,0.006760485
8431,42366,0.003720289
8432,76443,0.001915787
8433,98452,0.36746407
8434,34328,0.007610136
8435,83183,0.008719401
8436,84072,0.06764416
8437,104443,0.065469705
8438,93351,0.13768986
8439,81868,0.001873175
8440,44126,0.001816565
8441,15836,0.013687431
8442,76497,0.001806502
8443,8231,0.002954289
8444,44166,0.015350127
8445,85105,0.005419677
8446,44532,0.1646691
8447,73221,0.008649459
8448,64534,0.001991614
8449,54266,0.361634
8450,8862,0.19423014
8451,66833,0.40489078
8452,113511,0.001795083
8453,35770,0.4644128
8454,38897,0.04577948
8455,109974,0.5018089
8456,85086,0.67164356
8457,41125,0.001789213
8458,27233,0.003025369
8459,17415,0.014309699
8460,29978,0.020374777
8461,86398,0.367177
8462,9935,0.003682469
8463,43342,0.004716845
8464,112397,0.96264935
8465,99244,0.006899272
8466,61486,0.28351644
8467,51598,0.29447573
8468,60907,0.010392747
8469,5194,0.00196492
8470,79267,0.001895178
8471,76052,0.050453402
8472,14501,0.002453581
8473,100838,0.001808838
8474,92993,0.70402735
8475,7007,0.002069433
8476,26536,0.005686635
8477,94131,0.003989535
8478,84753,0.002904573
8479,87965,0.007952773
8480,58818,0.004654995
8481,42161,0.003284708
8482,34875,0.003757887
8483,34216,0.24030998
8484,29551,0.003862226
8485,114954,0.006755502
8486,35473,0.003646976
8487,5824,0.37405178
8488,62521,0.34042782
8489,34102,0.006143886
8490,7400,0.003897675
8491,3700,0.018683
8492,58337,0.52172023
8493,111624,0.003430266
8494,109488,0.001866593
8495,83301,0.003824611
8496,42652,0.004035298
8497,80397,0.005424159
8498,37772,0.009207103
8499,83157,0.002064923
8500,20798,0.01697412
8501,12276,0.72880137
8502,38719,0.004353622
8503,108320,0.63888437
8504,114431,0.25384623
8505,36586,0.64517105
8506,46490,0.003118666
8507,37358,0.04610705
8508,47627,0.006507444
8509,36246,0.48004854
8510,57194,0.4288633
8511,65508,0.00445543
8512,93424,0.003336528
8513,87671,0.003060338
8514,48347,0.003512932
8515,63908,0.003829863
8516,65917,0.004462553
8517,109653,0.2997402
8518,82616,0.021822164
8519,39035,0.001789411
8520,111957,0.31819937
8521,83010,0.00347598
8522,82401,0.041803513
8523,84145,0.011275186
8524,61369,0.002156418
8525,33028,0.004576275
8526,5115,0.004447465
8527,77675,0.043149184
8528,41747,0.010879885
8529,33002,0.033434592
8530,102095,0.003626634
8531,56225,0.40200427
8532,32577,0.033434592
8533,79319,0.011332892
8534,85799,0.57801116
8535,25539,0.004238795
8536,79682,0.39249387
8537,76546,0.001993007
8538,23324,0.002959924
8539,44717,0.004291345
8540,15749,0.007254449
8541,44366,0.002514898
8542,40177,0.002114139
8543,99775,0.057212308
8544,41258,0.003447676
8545,71286,0.21649152
8546,52385,0.003866099
8547,5208,0.013501826
8548,86503,0.004001589
8549,9461,0.015215063
8550,45584,0.0045649
8551,8900,0.12331304
8552,72911,0.2331544
8553,28472,0.002676134
8554,78022,0.015502453
8555,67643,0.049279485
8556,74615,0.004931497
8557,107000,0.012970398
8558,14292,0.00333243
8559,9750,0.006441953
8560,94183,0.36136162
8561,15883,0.005555818
8562,53319,0.06173475
8563,86089,0.001825832
8564,8245,0.020437859
8565,41502,0.01671293
8566,45940,0.006120687
8567,59890,0.001888089
8568,10109,0.008746183
8569,65770,0.00505156
8570,8571,0.005238275
8571,12402,0.001849568
8572,15405,0.11317582
8573,19951,0.003146178
8574,81273,0.014880815
8575,57827,0.46721038
8576,24152,0.001936837
8577,77165,0.18190548
8578,84915,0.003860112
8579,80109,0.006880913
8580,55218,0.003936015
8581,97616,0.003762598
8582,87327,0.00574252
8583,93996,0.00427346
8584,15673,0.00276841
8585,47508,0.00389585
8586,105934,0.002667535
8587,19743,0.007754158
8588,11044,0.001870288
8589,24775,0.008882586
8590,72091,0.006196181
8591,44792,0.01967681
8592,2515,0.01067736
8593,16861,0.003098386
8594,30259,0.13590555
8595,8749,0.03624998
8596,73778,0.082686834
8597,59191,0.512979
8598,64803,0.014862357
8599,52454,0.001790187
8600,61912,0.009071453
8601,97605,0.58581245
8602,43399,0.004795597
8603,72639,0.017152496
8604,105209,0.007967164
8605,5224,0.001999419
8606,49598,0.003104538
8607,49695,0.004590869
8608,103370,0.00628443
8609,74075,0.36067235
8610,25229,0.003074873
8611,18016,0.025783768
8612,56684,0.004473011
8613,21193,0.001825995
8614,27528,0.0041128
8615,33081,0.003411846
8616,84520,0.108327605
8617,24185,0.002233899
8618,22844,0.003442861
8619,90887,0.18120287
8620,115129,0.013754916
8621,80847,0.004693911
8622,46859,0.005747202
8623,80104,0.0692333
8624,112395,0.012199016
8625,10808,0.03634473
8626,26078,0.005386568
8627,55583,0.004944083
8628,58130,0.005519609
8629,75567,0.001799833
8630,100505,0.07916525
8631,33500,0.6132124
8632,17348,0.001932716
8633,26836,0.004630437
8634,101336,0.17124797
8635,62962,0.006056604
8636,3398,0.012782165
8637,55232,0.008473385
8638,29825,0.002973729
8639,113697,0.002692776
8640,52173,0.003170823
8641,57116,0.00461774
8642,20668,0.055223305
8643,7887,0.09532781
8644,14184,0.003463598
8645,74852,0.003256756
8646,44805,0.003990276
8647,103810,0.051123075
8648,50466,0.4935405
8649,110885,0.21055426
8650,35973,0.45506737
8651,38528,0.003910367
8652,55967,0.26642305
8653,36841,0.11514462
8654,109398,0.008008178
8655,41384,0.002999594
8656,86594,0.012253949
8657,15585,0.007254449
8658,67504,0.009611422
8659,36844,0.007434577
8660,47809,0.003024873
8661,99328,0.38647258
8662,8033,0.019997858
8663,92421,0.3675771
8664,44873,0.003135384
8665,113152,0.1729736
8666,46642,0.38298836
8667,39554,0.003026213
8668,4504,0.024106024
8669,25413,0.009207108
8670,45786,0.004719639
8671,55342,0.14051211
8672,1659,0.011732945
8673,2005,0.005662294
8674,64258,0.003346057
8675,42748,0.045412965
8676,50124,0.10258527
8677,54039,0.17245825
8678,15292,0.004957193
8679,25473,0.007847969
8680,65829,0.043288153
8681,114743,0.00691829
8682,66308,0.001849894
8683,100438,0.24335256
8684,102483,0.35233194
8685,78158,0.006263907
8686,98338,0.003733605
8687,3763,0.006061899
8688,31056,0.1068334
8689,9296,0.001849574
8690,111678,0.35455635
8691,79078,0.59136546
8692,114273,0.003335529
8693,3034,0.003328875
8694,88584,0.03828109
8695,111699,0.007146239
8696,81543,0.001805747
8697,111328,0.001909028
8698,69916,0.009459857
8699,104401,0.103978656
8700,28500,0.39724058
8701,114566,0.07036103
8702,108767,0.010814745
8703,25360,0.010610485
8704,27634,0.09193894
8705,110343,0.002778061
8706,54682,0.002504313
8707,44450,0.002233533
8708,62529,0.054391224
8709,42254,0.003636923
8710,77533,0.0446481
8711,47625,0.005956485
8712,79920,0.008585319
8713,36328,0.004681369
8714,87964,0.40224987
8715,87735,0.428685
8716,17875,0.002985025
8717,56637,0.003859187
8718,64513,0.004251425
8719,8005,0.006089017
8720,13860,0.3337996
8721,63652,0.019584745
8722,27176,0.008929128
8723,38677,0.019565547
8724,34048,0.003680321
8725,15847,0.003066293
8726,18048,0.14719974
8727,17939,0.002942136
8728,98496,0.041044977
8729,111102,0.01137508
8730,5876,0.12849636
8731,2324,0.013882625
8732,53837,0.003015205
8733,106006,0.002007787
8734,114992,0.002868209
8735,66550,0.008979491
8736,51975,0.013380386
8737,79985,0.007724215
8738,4112,0.07044281
8739,9157,0.80364305
8740,71301,0.026656417
8741,32872,0.009429535
8742,47918,0.006208511
8743,69884,0.081190735
8744,89984,0.090886466
8745,69886,0.069158696
8746,57668,0.53932595
8747,84831,0.6599353
8748,95485,0.1526929
8749,97596,0.008774927
8750,11932,0.004188174
8751,28514,0.004117992
8752,102975,0.002831611
8753,43089,0.003931284
8754,3947,0.19958024
8755,22157,0.002358084
8756,85321,0.005293369
8757,13696,0.16630065
8758,41731,0.32154912
8759,88676,0.003323399
8760,49155,0.010656688
8761,46846,0.003954357
8762,96398,0.001918905
8763,39472,0.003038946
8764,89163,0.016999112
8765,14133,0.15740111
8766,19236,0.010038247
8767,91330,0.10382134
8768,83656,0.002250093
8769,4606,0.060151357
8770,114535,0.003112837
8771,74317,0.002047715
8772,16239,0.001949342
8773,79743,0.012675986
8774,75194,0.00475638
8775,18122,0.003107918
8776,63766,0.004314202
8777,49760,0.3242246
8778,104039,0.45410416
8779,31057,0.2818442
8780,60264,0.048430894
8781,72836,0.121257454
8782,108717,0.001808705
8783,37225,0.003089063
8784,54262,0.3625151
8785,66041,0.005074523
8786,33195,0.003815493
8787,24417,0.0835943
8788,12549,0.002355722
8789,79742,0.006164249
8790,20397,0.012903815
8791,95433,0.5454564
8792,99237,0.005384915
8793,35478,0.007208649
8794,28524,0.0562725
8795,52035,0.091003016
8796,1207,0.002117699
8797,57032,0.003885176
8798,87747,0.18341346
8799,42747,0.01173284
8800,56959,0.009154991
8801,90754,0.012280387
8802,22580,0.6200597
8803,76124,0.005727783
8804,26864,0.001928529
8805,2256,0.013030071
8806,48902,0.028728884
8807,53790,0.003797783
8808,100335,0.06903648
8809,84158,0.006547706
8810,47821,0.010355375
8811,40255,0.004054207
8812,79896,0.005773241
8813,77443,0.008406735
8814,76792,0.02200881
8815,13602,0.002834906
8816,89108,0.15673766
8817,112410,0.33371106
8818,8301,0.002652771
8819,99816,0.002015421
8820,59161,0.49003637
8821,113082,0.001788956
8822,33512,0.002911061
8823,43517,0.003119042
8824,32739,0.2571091
8825,5970,0.43691587
8826,53925,0.3625151
8827,23479,0.002726289
8828,2361,0.25510445
8829,21140,0.006924642
8830,45593,0.042985603
8831,106542,0.5464662
8832,49244,0.004003163
8833,101306,0.016310593
8834,75717,0.006152756
8835,12967,0.3273238
8836,35671,0.10341515
8837,95487,0.006917459
8838,103023,0.004076188
8839,76594,0.019621124
8840,27874,0.003162365
8841,67049,0.32895285
8842,34976,0.003486433
8843,29712,0.011274012
8844,50480,0.08698327
8845,104140,0.00436073
8846,108505,0.001941158
8847,27313,0.18689989
8848,48980,0.003715933
8849,26774,0.43153843
8850,86882,0.00190292
8851,74960,0.005704257
8852,28871,0.002983356
8853,22158,0.003158034
8854,10925,0.16999185
8855,45367,0.005260299
8856,87882,0.16939867
8857,38016,0.020760007
8858,38817,0.001789692
8859,92531,0.004401822
8860,62269,0.066479154
8861,11160,0.002477431
8862,49732,0.00452097
8863,5530,0.003870568
8864,83146,0.028608415
8865,42119,0.003903863
8866,25588,0.36608803
8867,26048,0.009640078
8868,14644,0.1132264
8869,36013,0.24733482
8870,77496,0.46001273
8871,66642,0.015208197
8872,34520,0.007977158
8873,93425,0.71087205
8874,56601,0.009286394
8875,57492,0.005164205
8876,15004,0.003680935
8877,81083,0.16849445
8878,106118,0.005891325
8879,98771,0.006649035
8880,113074,0.008396212
8881,37739,0.005492868
8882,70712,0.017457733
8883,92571,0.017422581
8884,20451,0.14077286
8885,39782,0.004319375
8886,1725,0.001924731
8887,27495,0.25202435
8888,75115,0.4012367
8889,37264,0.00398564
8890,24098,0.043048013
8891,13743,0.008988303
8892,51459,0.001850739
8893,60099,0.8242566
8894,110077,0.14985526
8895,23883,0.86203384
8896,103557,0.068999305
8897,18970,0.002217534
8898,63308,0.006217588
8899,8400,0.35138386
8900,52089,0.018402884
8901,87393,0.003859589
8902,36636,0.002096713
8903,7191,0.003395331
8904,85793,0.017980922
8905,50070,0.10258527
8906,92437,0.43712595
8907,66837,0.004281543
8908,71179,0.036457106
8909,52179,0.02488024
8910,89826,0.6280977
8911,47349,0.0957453
8912,88250,0.007939523
8913,88254,0.003720998
8914,33261,0.2571091
8915,114209,0.004845338
8916,87739,0.32104295
8917,61467,0.002678274
8918,4341,0.005252427
8919,89011,0.2642231
8920,11539,0.003556799
8921,89054,0.1126058
8922,20813,0.002045036
8923,40540,0.59299374
8924,13450,0.83126444
8925,48537,0.005244046
8926,20921,0.004540442
8927,194,0.003909727
8928,30294,0.022321919
8929,102086,0.39851308
8930,85383,0.005036085
8931,2093,0.100398615
8932,67918,0.031015918
8933,92883,0.10831952
8934,87579,0.20576936
8935,101038,0.002429787
8936,54671,0.052577347
8937,111321,0.004618378
8938,76542,0.019585017
8939,55628,0.001798777
8940,74210,0.004240121
8941,77798,0.07887344
8942,56399,0.006373392
8943,33200,0.006639018
8944,45820,0.001894907
8945,90358,0.83503336
8946,3449,0.09808961
8947,39849,0.5625217
8948,85803,0.31809393
8949,22268,0.001900539
8950,101115,0.003048441
8951,79054,0.005677876
8952,45847,0.029199155
8953,4259,0.02120704
8954,75867,0.00182533
8955,54680,0.004352419
8956,18077,0.003129276
8957,25623,0.005241832
8958,105244,0.004257497
8959,83234,0.016296415
8960,107141,0.009998908
8961,99010,0.011082973
8962,39025,0.024213986
8963,106629,0.2388995
8964,68945,0.24367683
8965,104238,0.003712182
8966,65596,0.004056285
8967,43077,0.015864236
8968,12282,0.001956207
8969,104410,0.40792418
8970,57229,0.026372537
8971,28484,0.004039058
8972,32124,0.27971172
8973,104016,0.02359998
8974,43866,0.004389285
8975,33819,0.002984454
8976,64523,0.003829652
8977,43929,0.011681251
8978,51178,0.00300783
8979,48787,0.007179427
8980,37840,0.009712383
8981,62553,0.00417652
8982,27808,0.003174892
8983,79499,0.44822165
8984,110463,0.00939998
8985,57894,0.004603289
8986,95748,0.001823107
8987,4955,0.022224132
8988,28148,0.004112245
8989,32203,0.06825243
8990,10281,0.22041285
8991,104995,0.002971441
8992,111017,0.005992463
8993,51157,0.67655754
8994,4448,0.002238087
8995,53704,0.5310731
8996,29281,0.06959715
8997,45555,0.27822414
8998,86317,0.17796935
8999,98341,0.00317865
9000,42106,0.35797906
9001,64708,0.011441059
9002,63488,0.004435079
9003,55728,0.27324852
9004,84587,0.69172245
9005,40544,0.33063054
9006,36206,0.31657913
9007,110300,0.007825786
9008,30816,0.002978358
9009,40841,0.003418512
9010,108104,0.008036661
9011,40214,0.028261058
9012,7244,0.013741674
9013,52158,0.3506458
9014,109760,0.004678682
9015,37115,0.001894226
9016,71785,0.39255407
9017,51034,0.004132867
9018,54449,0.35384318
9019,72952,0.00744691
9020,61312,0.28351644
9021,68343,0.003898191
9022,15006,0.003680935
9023,85151,0.00486134
9024,62052,0.00456166
9025,55588,0.020818064
9026,22080,0.011760389
9027,34080,0.020178044
9028,14810,0.024124658
9029,18177,0.06839394
9030,102461,0.003696402
9031,114300,0.15642147
9032,17913,0.003080318
9033,84009,0.007404784
9034,69,0.093193494
9035,32365,0.18479626
9036,56429,0.45826074
9037,8882,0.001849574
9038,60469,0.061954077
9039,45264,0.2597721
9040,48529,0.0234937
9041,107638,0.032327548
9042,50474,0.08698327
9043,56528,0.35161385
9044,64498,0.003523906
9045,77465,0.005459987
9046,7068,0.00834567
9047,28264,0.008404723
9048,67500,0.11470831
9049,83882,0.036210187
9050,74304,0.002390849
9051,44028,0.004116481
9052,66748,0.06000282
9053,99587,0.2009604
9054,106828,0.2450103
9055,106123,0.009420071
9056,26207,0.004113124
9057,16039,0.003138592
9058,76916,0.18472216
9059,74818,0.003243306
9060,108820,0.079636395
9061,77277,0.061461106
9062,107471,0.005018133
9063,81290,0.003516409
9064,52321,0.10609445
9065,75505,0.024918852
9066,28710,0.019825613
9067,103844,0.42127478
9068,71246,0.055903345
9069,37497,0.54449624
9070,53893,0.003495284
9071,58664,0.59170854
9072,43066,0.02726209
9073,89691,0.23003523
9074,35743,0.009559255
9075,62745,0.003876054
9076,16006,0.002519644
9077,5293,0.31315178
9078,77882,0.007485206
9079,13639,0.002217949
9080,63569,0.003966011
9081,95435,0.01307887
9082,40919,0.004609172
9083,2513,0.040687416
9084,113321,0.005655817
9085,47277,0.2758886
9086,49160,0.37588057
9087,27891,0.002964955
9088,96303,0.001867545
9089,107182,0.007754338
9090,30519,0.04334267
9091,44743,0.006191702
9092,80640,0.03441686
9093,107173,0.34679833
9094,17703,0.018664218
9095,20797,0.003400968
9096,44919,0.003832604
9097,35921,0.004296333
9098,61512,0.006482319
9099,66787,0.003048599
9100,68285,0.30292937
9101,9113,0.47295943
9102,111588,0.015007753
9103,42561,0.65956485
9104,109435,0.002316139
9105,42311,0.004114544
9106,106960,0.50157005
9107,48886,0.24902943
9108,89656,0.024514996
9109,63236,0.00402117
9110,51317,0.004892549
9111,9565,0.002393861
9112,61277,0.005891865
9113,114648,0.008801881
9114,86370,0.00407111
9115,105542,0.08250787
9116,14107,0.03676309
9117,83319,0.002221424
9118,87869,0.124706864
9119,82094,0.035610717
9120,34531,0.09647208
9121,68066,0.015578453
9122,38352,0.009028727
9123,10960,0.16147307
9124,56683,0.001968293
9125,109267,0.003853121
9126,33359,0.24312922
9127,16923,0.007967401
9128,48460,0.20133701
9129,69237,0.24367683
9130,57873,0.13371174
9131,40956,0.10782521
9132,2544,0.013882625
9133,29428,0.00692763
9134,66390,0.12358846
9135,61858,0.00456166
9136,105346,0.056616887
9137,10509,0.031023428
9138,111620,0.070066325
9139,1433,0.002141746
9140,37138,0.001958079
9141,84052,0.003161121
9142,27509,0.036850948
9143,93835,0.005989563
9144,25161,0.43374607
9145,18865,0.011947649
9146,80780,0.34380415
9147,10278,0.20576827
9148,49924,0.2466123
9149,92980,0.25969246
9150,89313,0.005014322
9151,98001,0.008085634
9152,39355,0.010259737
9153,15621,0.004244222
9154,33837,0.004157906
9155,11271,0.002091085
9156,31483,0.011381185
9157,76098,0.6318123
9158,94883,0.4744394
9159,63589,0.004028286
9160,40000,0.028261058
9161,102035,0.31254423
9162,92280,0.3491039
9163,70921,0.006564209
9164,110840,0.02137762
9165,92502,0.07526563
9166,32393,0.110472985
9167,19978,0.00869465
9168,75428,0.018967174
9169,48303,0.013545089
9170,42581,0.012041646
9171,1419,0.00396771
9172,51660,0.64425176
9173,87401,0.39295575
9174,19735,0.003948869
9175,77033,0.002160656
9176,91221,0.09754485
9177,71705,0.009081981
9178,53074,0.055517077
9179,81491,0.006817004
9180,100034,0.22266178
9181,32932,0.004183563
9182,2464,0.001951095
9183,25453,0.004097827
9184,43012,0.004271882
9185,41570,0.003940169
9186,27819,0.030114004
9187,79710,0.00450068
9188,16925,0.085894614
9189,88854,0.17311294
9190,60486,0.3148007
9191,69022,0.002055761
9192,40690,0.003265186
9193,98143,0.005193503
9194,109289,0.5060657
9195,69210,0.38096547
9196,68376,0.010245251
9197,107665,0.002248504
9198,539,0.011292971
9199,82338,0.005756793
9200,6258,0.015304099
9201,83205,0.001789638
9202,70625,0.27671763
9203,74458,0.012528445
9204,81756,0.28141597
9205,9207,0.007685317
9206,285,0.004828338
9207,48077,0.003636239
9208,74158,0.005906008
9209,109383,0.007546577
9210,43639,0.003668286
9211,78942,0.004634251
9212,99486,0.35548022
9213,93475,0.006495238
9214,115400,0.006908515
9215,85416,0.002042734
9216,17226,0.001886163
9217,8601,0.005404075
9218,72024,0.005109614
9219,24213,0.016383933
9220,53063,0.004434431
9221,34752,0.003882569
9222,32789,0.007582852
9223,43591,0.002577078
9224,56532,0.86003494
9225,73553,0.3973076
9226,39134,0.003303011
9227,65893,0.002948112
9228,57187,0.001829936
9229,101898,0.018323582
9230,83851,0.018737318
9231,32367,0.16821413
9232,74803,0.00475638
9233,93986,0.22932266
9234,109834,0.003713353
9235,12401,0.006222669
9236,103147,0.003221391
9237,99669,0.026363712
9238,54001,0.003741131
9239,15839,0.14455724
9240,85258,0.064702265
9241,11516,0.48996475
9242,26134,0.009640078
9243,14098,0.20647182
9244,15651,0.003005012
9245,105963,0.004662509
9246,27395,0.3965581
9247,36632,0.003467519
9248,81285,0.001899327
9249,71591,0.0802148
9250,87918,0.014179776
9251,70644,0.27671763
9252,115606,0.009590533
9253,48785,0.11256915
9254,100227,0.013711134
9255,78440,0.01452168
9256,34123,0.004822796
9257,32211,0.004925459
9258,24255,0.009120408
9259,9860,0.5792736
9260,22930,0.002975183
9261,67581,0.22710642
9262,109798,0.01542112
9263,113382,0.15827553
9264,106453,0.003234298
9265,106820,0.01186751
9266,83369,0.011784554
9267,45912,0.2413642
9268,39309,0.036518287
9269,101271,0.002098952
9270,39363,0.07939626
9271,73564,0.088808425
9272,57670,0.004056353
9273,9073,0.024544662
9274,60694,0.005270293
9275,18431,0.008532386
9276,18375,0.001796064
9277,97634,0.010409154
9278,70485,0.003863098
9279,16065,0.009138534
9280,73451,0.078583956
9281,61653,0.006133838
9282,79256,0.009402454
9283,79346,0.005427834
9284,41611,0.1337806
9285,59802,0.053489488
9286,27949,0.3164261
9287,23725,0.011557191
9288,27104,0.018819384
9289,53101,0.003801028
9290,95084,0.22153676
9291,99619,0.018426111
9292,55132,0.00705059
9293,110326,0.048144888
9294,41978,0.001791145
9295,10215,0.30497015
9296,55514,0.55063283
9297,107441,0.032327548
9298,4831,0.013097872
9299,18677,0.075959526
9300,16136,0.002396601
9301,10809,0.002669146
9302,97790,0.00377293
9303,73416,0.001933697
9304,99061,0.005511498
9305,99764,0.2009604
9306,113416,0.001783798
9307,71773,0.0802148
9308,31932,0.004539501
9309,64686,0.40980658
9310,24518,0.12055699
9311,109713,0.012102889
9312,8761,0.003443354
9313,79480,0.002248562
9314,114363,0.006295031
9315,37774,0.008712179
9316,84428,0.001789562
9317,82923,0.34225544
9318,68122,0.005916039
9319,89211,0.22157112
9320,85545,0.17633569
9321,98673,0.00547191
9322,80698,0.05496483
9323,14456,0.001851235
9324,95789,0.4501939
9325,32588,0.003049389
9326,37705,0.02602107
9327,57332,0.001816708
9328,53590,0.004286134
9329,24633,0.003393224
9330,27029,0.007835018
9331,79791,0.16529526
9332,7666,0.009606449
9333,68958,0.019614346
9334,100954,0.003972992
9335,111876,0.44514525
9336,31778,0.002572683
9337,30058,0.004396534
9338,681,0.00441751
9339,14051,0.022670379
9340,99683,0.040772438
9341,66901,0.003083268
9342,40552,0.023582615
9343,65750,0.004492011
9344,80945,0.013983934
9345,104504,0.32432532
9346,99079,0.06111315
9347,53814,0.004366671
9348,95607,0.53007776
9349,108175,0.001862793
9350,90661,0.005327733
9351,79563,0.014546943
9352,91108,0.005765755
9353,56262,0.34767845
9354,52759,0.09209084
9355,59969,0.6793714
9356,95754,0.41686198
9357,39599,0.003454595
9358,39249,0.002341991
9359,51820,0.27279723
9360,11145,0.23517598
9361,65157,0.004333135
9362,40891,0.001895137
9363,114719,0.001855757
9364,3368,0.004064179
9365,24663,0.032413974
9366,97461,0.20745423
9367,79667,0.35242352
9368,22192,0.022744091
9369,33601,0.011115863
9370,13653,0.001850134
9371,393,0.008037015
9372,4094,0.58274055
9373,88420,0.14755201
9374,30400,0.020374777
9375,92380,0.2880947
9376,108966,0.52328736
9377,113371,0.088389866
9378,100721,0.07353594
9379,40037,0.08873992
9380,16637,0.001933937
9381,115372,0.027176531
9382,113840,0.15815203
9383,51162,0.13114667
9384,25052,0.020942157
9385,99978,0.14001082
9386,95136,0.001818672
9387,92249,0.006336492
9388,5425,0.020544522
9389,8482,0.00190119
9390,112359,0.6641677
9391,47357,0.003925202
9392,113786,0.001855593
9393,26547,0.018524176
9394,95661,0.014392315
9395,47431,0.2252413
9396,76649,0.077087484
9397,83739,0.10684437
9398,33475,0.003617708
9399,104595,0.53737026
9400,29431,0.005807392
9401,18413,0.008532386
9402,104780,0.08399735
9403,28226,0.001860383
9404,86007,0.004086276
9405,5762,0.003691345
9406,74402,0.018700125
9407,96961,0.004000542
9408,64017,0.003829652
9409,55902,0.26642305
9410,75136,0.018696774
9411,91773,0.06017758
9412,40483,0.005589074
9413,82499,0.0765569
9414,95598,0.3380672
9415,88235,0.09872595
9416,30106,0.020374777
9417,9092,0.13685754
9418,33316,0.033989348
9419,2002,0.010814617
9420,18845,0.008016077
9421,6649,0.002326597
9422,18873,0.022799354
9423,66609,0.021246405
9424,6553,0.003544054
9425,11568,0.055214956
9426,60058,0.34583712
9427,67856,0.018958623
9428,58488,0.003632181
9429,96441,0.008937727
9430,68086,0.18090133
9431,17741,0.014309699
9432,68693,0.005831216
9433,45817,0.012298545
9434,70117,0.019727323
9435,113887,0.003421151
9436,27081,0.002945692
9437,38771,0.020786654
9438,10950,0.017238593
9439,2360,0.039437335
9440,15611,0.00195825
9441,8851,0.261526
9442,82488,0.013201635
9443,87988,0.19185938
9444,114134,0.09264195
9445,15557,0.003888506
9446,9166,0.001795678
9447,92293,0.003868948
9448,67058,0.07007301
9449,17701,0.003097032
9450,70727,0.0418487
9451,92701,0.2870539
9452,14518,0.002267373
9453,100309,0.575356
9454,100057,0.36407837
9455,6079,0.005145229
9456,23796,0.059062354
9457,115016,0.13745263
9458,101642,0.029624911
9459,55502,0.002577949
9460,31946,0.010434298
9461,68176,0.004619439
9462,32366,0.32749683
9463,110036,0.003715125
9464,87599,0.007396031
9465,107456,0.6336694
9466,58833,0.034498375
9467,112154,0.011573063
9468,88266,0.007952773
9469,1906,0.003868886
9470,42229,0.007369875
9471,45222,0.16659288
9472,88638,0.002029699
9473,115051,0.00182623
9474,74109,0.009316142
9475,15264,0.032444783
9476,4960,0.001851734
9477,64358,0.10619882
9478,89319,0.18230806
9479,114379,0.40186504
9480,52029,0.35895085
9481,111600,0.002229938
9482,52919,0.008728056
9483,73472,0.106395215
9484,51285,0.27632767
9485,75667,0.11520041
9486,18679,0.00659713
9487,68012,0.025714673
9488,8350,0.002646824
9489,82806,0.08277167
9490,81029,0.019371029
9491,6516,0.0453374
9492,72,0.002183785
9493,34597,0.004202046
9494,10711,0.001932749
9495,85331,0.003229488
9496,11252,0.001923931
9497,78533,0.003142176
9498,38502,0.19779576
9499,15987,0.00261856
9500,20751,0.002801445
9501,33707,0.011115863
9502,89420,0.001797861
9503,7086,0.10477001
9504,48020,0.002619995
9505,45050,0.018233275
9506,19998,0.001966273
9507,69513,0.081190735
9508,11610,0.018639212
9509,13311,0.011361976
9510,95307,0.12221315
9511,71431,0.3861233
9512,71904,0.21803622
9513,81816,0.0594918
9514,41980,0.033676304
9515,10317,0.023689175
9516,19430,0.09261649
9517,77886,0.18181208
9518,64162,0.004470504
9519,5430,0.010197771
9520,32266,0.02331528
9521,3529,0.38000193
9522,105709,0.37983128
9523,85005,0.08404502
9524,43001,0.033620525
9525,5808,0.24763805
9526,17458,0.014695511
9527,101478,0.01676134
9528,34771,0.05749311
9529,96721,0.00701238
9530,60434,0.005024794
9531,100631,0.2914715
9532,41560,0.037572455
9533,68394,0.37194803
9534,100318,0.00180712
9535,42579,0.71072483
9536,32569,0.002463629
9537,4836,0.75378925
9538,107022,0.060818054
9539,37603,0.003820286
9540,100855,0.34188992
9541,56007,0.30422708
9542,31106,0.020434687
9543,7138,0.002353788
9544,12654,0.003004188
9545,54969,0.08852725
9546,106681,0.53909737
9547,44430,0.00386803
9548,15111,0.0251372
9549,76921,0.008650183
9550,47640,0.017748514
9551,57791,0.53932595
9552,21957,0.009981054
9553,30169,0.034983397
9554,3211,0.00709214
9555,33844,0.005772086
9556,1689,0.003521576
9557,38649,0.003506786
9558,81607,0.009675136
9559,71412,0.29518238
9560,71235,0.057046603
9561,91130,0.20432952
9562,87226,0.001804823
9563,54933,0.014360958
9564,12174,0.003934585
9565,18146,0.006377262
9566,88661,0.05250642
9567,86390,0.03188651
9568,42196,0.00231297
9569,76482,0.021803122
9570,86749,0.017182764
9571,50388,0.018448008
9572,102583,0.31254423
9573,2502,0.06275496
9574,80885,0.004412926
9575,68232,0.019393206
9576,13784,0.004149608
9577,50445,0.09410485
9578,7230,0.010114387
9579,101517,0.009014796
9580,115916,0.03629958
9581,69982,0.4498523
9582,13962,0.01531593
9583,75379,0.17639127
9584,40711,0.5137386
9585,92732,0.43712595
9586,83998,0.02922988
9587,55963,0.003578889
9588,84039,0.010711378
9589,39251,0.005200299
9590,95907,0.50115806
9591,8136,0.002432365
9592,64108,0.005320108
9593,21045,0.004895247
9594,58622,0.002556488
9595,50278,0.004632189
9596,94140,0.005957459
9597,102404,0.07060021
9598,82849,0.002629107
9599,95906,0.24380448
9600,66289,0.016138807
9601,52688,0.006211928
9602,37576,0.023217818
9603,13714,0.57110775
9604,80706,0.28016627
9605,48170,0.00403447
9606,82768,0.002996309
9607,42871,0.03335436
9608,67706,0.00758221
9609,85747,0.017980922
9610,19828,0.12141347
9611,99446,0.22171696
9612,70589,0.30715427
9613,11192,0.015179251
9614,41627,0.3287566
9615,87878,0.012886376
9616,1275,0.003753776
9617,55478,0.006031944
9618,88686,0.004765287
9619,49923,0.06285906
9620,5088,0.58853465
9621,32640,0.09904571
9622,69441,0.014276343
9623,40447,0.006207849
9624,5165,0.54918355
9625,15894,0.007262365
9626,74406,0.019400774
9627,74582,0.005945501
9628,31217,0.002097699
9629,68692,0.003801927
9630,72227,0.026304051
9631,15038,0.3863414
9632,112362,0.96264935
9633,100217,0.4345876
9634,103950,0.004581332
9635,9745,0.5670151
9636,16845,0.001932339
9637,70724,0.017457733
9638,75714,0.003820589
9639,22173,0.003537029
9640,99769,0.001792668
9641,23467,0.002892928
9642,53209,0.89531296
9643,114765,0.03784304
9644,103206,0.002277077
9645,13523,0.60383373
9646,107902,0.38731778
9647,29633,0.02013454
9648,437,0.003077748
9649,32677,0.534344
9650,41701,0.011091113
9651,70421,0.009545536
9652,91039,0.006654149
9653,47423,0.006303229
9654,62137,0.070439994
9655,54540,0.004352419
9656,113641,0.01040606
9657,99292,0.003698208
9658,65285,0.042753674
9659,57953,0.015871929
9660,12388,0.001880009
9661,68062,0.09019989
9662,13181,0.036188643
9663,956,0.002049761
9664,16469,0.004700308
9665,25569,0.00243524
9666,81779,0.016361833
9667,11381,0.331193
9668,67870,0.07107096
9669,29044,0.06882847
9670,3133,0.067596905
9671,69231,0.004555299
9672,53885,0.002451465
9673,48041,0.004359645
9674,66913,0.10268468
9675,77870,0.015318311
9676,114691,0.013342819
9677,76480,0.039506488
9678,96490,0.03964974
9679,98205,0.19193354
9680,10647,0.007386889
9681,114760,0.022932785
9682,26966,0.007030043
9683,26906,0.003781872
9684,11708,0.7266103
9685,55543,0.4237678
9686,53270,0.004981053
9687,61224,0.043888766
9688,76577,0.015628979
9689,21136,0.62390083
9690,101526,0.29809353
9691,110401,0.005661535
9692,38965,0.07471649
9693,39581,0.001783499
9694,24164,0.012069303
9695,42519,0.002108067
9696,106357,0.5430662
9697,67331,0.004091818
9698,34430,0.004248505
9699,72376,0.002484978
9700,44006,0.07259918
9701,65951,0.005120223
9702,4707,0.02153168
9703,93501,0.29553294
9704,34835,0.24030998
9705,43353,0.004718707
9706,24484,0.009422754
9707,30701,0.003620509
9708,77000,0.007895584
9709,77665,0.00474018
9710,101684,0.033399884
9711,53693,0.37483218
9712,88539,0.1884728
9713,4083,0.24998808
9714,82638,0.006044834
9715,107138,0.005233015
9716,69281,0.41078892
9717,75435,0.018696774
9718,17183,0.002513383
9719,97804,0.3838487
9720,40467,0.004250397
9721,106980,0.005747646
9722,101157,0.025539165
9723,20272,0.005931682
9724,25091,0.007987167
9725,72231,0.063383095
9726,35540,0.002622969
9727,15623,0.002352271
9728,11459,0.006223595
9729,70010,0.33188936
9730,25561,0.009207108
9731,91024,0.002549564
9732,91671,0.008274137
9733,98916,0.014550936
9734,165,0.002218421
9735,89912,0.16674727
9736,114744,0.001985127
9737,28562,0.00841784
9738,86981,0.004014766
9739,54183,0.39025095
9740,81552,0.30932763
9741,105361,0.09018249
9742,18789,0.022637838
9743,111799,0.005877067
9744,52987,0.001791114
9745,83290,0.35407376
9746,5838,0.003648815
9747,102908,0.00259959
9748,93269,0.007534516
9749,5580,0.16287869
9750,55097,0.08852725
9751,56815,0.45141846
9752,13424,0.4901246
9753,38572,0.19779576
9754,89341,0.003458299
9755,11804,0.42938298
9756,10258,0.013432912
9757,10205,0.010344923
9758,63510,0.004694307
9759,34245,0.001788648
9760,55551,0.20728225
9761,88298,0.2251997
9762,74117,0.10174163
9763,66203,0.00338908
9764,1958,0.011923395
9765,41457,0.004107547
9766,7390,0.013993399
9767,42786,0.002048646
9768,52594,0.004618086
9769,97023,0.010130345
9770,113484,0.010302304
9771,106579,0.06360518
9772,115355,0.036815453
9773,88413,0.001983019
9774,98385,0.008516588
9775,54424,0.007231302
9776,4137,0.004435245
9777,33778,0.033162896
9778,3946,0.00335935
9779,74360,0.018967174
9780,38491,0.008141811
9781,65797,0.00505156
9782,22558,0.03391647
9783,77897,0.020600645
9784,5820,0.025114452
9785,93759,0.002561351
9786,6133,0.003544054
9787,57644,0.014537525
9788,26866,0.003718222
9789,43955,0.49501258
9790,34427,0.084272124
9791,21361,0.002770256
9792,66060,0.00505156
9793,35593,0.004120879
9794,110324,0.005595587
9795,7647,0.16773751
9796,78397,0.1633098
9797,97661,0.018379403
9798,52882,0.004145179
9799,12687,0.37511045
9800,63981,0.004251425
9801,79942,0.5216083
9802,29505,0.02013454
9803,25773,0.009207108
9804,82590,0.001828102
9805,42612,0.13592163
9806,53963,0.002886147
9807,35323,0.003121927
9808,6903,0.003395331
9809,104795,0.09426503
9810,100315,0.005467833
9811,113379,0.019519357
9812,58199,0.006242516
9813,77438,0.017238827
9814,113995,0.2877429
9815,8649,0.004045005
9816,83314,0.008473569
9817,8920,0.07270473
9818,20094,0.010715188
9819,18190,0.00185063
9820,65694,0.003191482
9821,49521,0.27321255
9822,63852,0.003629782
9823,11341,0.005002071
9824,16988,0.002430388
9825,14320,0.00277562
9826,44578,0.00386803
9827,57093,0.04216912
9828,367,0.004449858
9829,47137,0.001943667
9830,68614,0.006286413
9831,56737,0.27975577
9832,1991,0.010731746
9833,112207,0.00319152
9834,36331,0.6123287
9835,62672,0.025983935
9836,38302,0.003199127
9837,109674,0.002639528
9838,111662,0.007146239
9839,89450,0.15433618
9840,35794,0.4094937
9841,57514,0.21517898
9842,33615,0.020178044
9843,95715,0.015983006
9844,55458,0.006785136
9845,73839,0.037219614
9846,13067,0.0053926
9847,40749,0.002185483
9848,40241,0.15521803
9849,63170,0.004966407
9850,11205,0.18089633
9851,49784,0.001806399
9852,68726,0.001812254
9853,25475,0.005646268
9854,6484,0.002622613
9855,61497,0.50243944
9856,22479,0.003714421
9857,81924,0.01083197
9858,70708,0.016609916
9859,115178,0.003781099
9860,17639,0.002940291
9861,5062,0.54918355
9862,62660,0.021124383
9863,3718,0.3763438
9864,13764,0.002864808
9865,66348,0.015838128
9866,109176,0.17509563
9867,70545,0.003138019
9868,92119,0.25183764
9869,101402,0.069863826
9870,102295,0.15412453
9871,11005,0.007055903
9872,109409,0.005997945
9873,48876,0.024182072
9874,108869,0.24795066
9875,8994,0.2504182
9876,51072,0.005978865
9877,92850,0.001857438
9878,109540,0.63113874
9879,51327,0.049833246
9880,85004,0.00494734
9881,7341,0.013001005
9882,52262,0.2514186
9883,74025,0.17707086
9884,90259,0.003107868
9885,21161,0.009989572
9886,91718,0.26693082
9887,25193,0.004044261
9888,74892,0.026311204
9889,54615,0.0892331
9890,26155,0.004311979
9891,92981,0.50854385
9892,84505,0.00491123
9893,102084,0.003337746
9894,2008,0.003693428
9895,54922,0.01186779
9896,102989,0.008139401
9897,40643,0.00701503
9898,6482,0.003533606
9899,43039,0.002877816
9900,1927,0.001919478
9901,20461,0.04255654
9902,61237,0.004470052
9903,82494,0.07841603
9904,28860,0.0395871
9905,106171,0.007161653
9906,83030,0.005252704
9907,51476,0.21471
9908,28550,0.002173794
9909,25049,0.032134227
9910,72562,0.13680579
9911,41274,0.31227872
9912,49816,0.001875679
9913,56569,0.003414745
9914,85997,0.00405974
9915,33985,0.003406371
9916,90447,0.002632345
9917,45942,0.003364289
9918,100845,0.07353594
9919,90518,0.6102559
9920,2083,0.002664365
9921,91055,0.6827724
9922,23671,0.005964248
9923,51489,0.51369536
9924,12159,0.041050553
9925,92516,0.01084804
9926,53526,0.004211497
9927,87569,0.07156034
9928,104048,0.010203428
9929,102243,0.007825683
9930,39473,0.019421238
9931,30896,0.042512815
9932,55827,0.006845926
9933,109229,0.11898099
9934,1149,0.0560507
9935,32762,0.046453353
9936,84053,0.008672455
9937,8267,0.066260606
9938,86282,0.001789187
9939,58475,0.5058321
9940,68042,0.21355905
9941,46926,0.02162262
9942,36059,0.003436993
9943,67931,0.40329176
9944,69769,0.081190735
9945,75048,0.28607228
9946,67544,0.1728157
9947,21301,0.002037355
9948,55043,0.022067774
9949,72600,0.42634773
9950,7040,0.015272877
9951,52615,0.10609445
9952,48043,0.004410298
9953,6952,0.00862625
9954,101933,0.07063257
9955,52465,0.00350981
9956,31542,0.020434687
9957,94653,0.003660203
9958,58559,0.004702274
9959,62977,0.003120111
9960,5892,0.18096966
9961,5419,0.004256206
9962,94979,0.008164199
9963,90814,0.13159373
9964,111276,0.001825602
9965,70985,0.007423881
9966,32523,0.011414593
9967,18453,0.008532386
9968,98863,0.40611258
9969,35359,0.004404803
9970,92975,0.004180372
9971,85569,0.002348197
9972,25447,0.04754839
9973,95509,0.003567026
9974,70197,0.001908054
9975,20573,0.003892019
9976,43234,0.007105701
9977,107765,0.004262147
9978,70609,0.07968667
9979,20520,0.002658513
9980,85937,0.007370904
9981,94782,0.71357256
9982,106765,0.53909737
9983,58677,0.36752293
9984,12333,0.039678648
9985,109076,0.003170021
9986,43112,0.021092588
9987,84962,0.004742696
9988,7093,0.024951227
9989,28117,0.004983778
9990,46318,0.18630365
9991,32304,0.69500035
9992,44552,0.001899686
9993,45653,0.00198138
9994,28636,0.005260902
9995,91724,0.65889424
9996,5723,0.19422647
9997,90937,0.08022527
9998,12070,0.003976762
9999,27280,0.048693333
10000,24818,0.009422754
10001,85033,0.06543985
10002,75261,0.41349542
10003,104835,0.002384315
10004,102997,0.005946679
10005,97850,0.040479966
10006,19857,0.001866393
10007,59399,0.3739046
10008,58164,0.49989477
10009,114628,0.002897468
10010,83713,0.00182303
10011,108689,0.003848047
10012,53125,0.02861575
10013,56688,0.28669748
10014,80545,0.0631545
10015,13604,0.665436
10016,62261,0.002789146
10017,41550,0.021345124
10018,40754,0.05810427
10019,13131,0.31248474
10020,98561,0.087597735
10021,84381,0.008552021
10022,41376,0.015823565
10023,92617,0.003451984
10024,65067,0.001938748
10025,101928,0.0954991
10026,54818,0.002484719
10027,114014,0.01040965
10028,38752,0.001816125
10029,41830,0.002856303
10030,105074,0.001819829
10031,2065,0.003693428
10032,95436,0.001791601
10033,51387,0.07919914
10034,67567,0.24625117
10035,96654,0.054156877
10036,70227,0.46829826
10037,69576,0.002460246
10038,52126,0.3506458
10039,85061,0.007151092
10040,17153,0.018664218
10041,52190,0.004366989
10042,1001,0.113046885
10043,86699,0.007417847
10044,4551,0.10102454
10045,84297,0.09698379
10046,8857,0.02400836
10047,74999,0.020871125
10048,104579,0.001782734
10049,100134,0.027866205
10050,31892,0.003126294
10051,9695,0.001816972
10052,48527,0.001884482
10053,63828,0.004251425
10054,36526,0.008360296
10055,89126,0.002773181
10056,49383,0.003622286
10057,56626,0.005529548
10058,53471,0.001903013
10059,24534,0.004110082
10060,83113,0.007534676
10061,29063,0.19809347
10062,77351,0.001867842
10063,40116,0.50412095
10064,66346,0.10816004
10065,57817,0.003415183
10066,101316,0.18019165
10067,14613,0.010497167
10068,46139,0.001809088
10069,99193,0.041911796
10070,24235,0.5606165
10071,47033,0.013115005
10072,16568,0.14719974
10073,49120,0.004303955
10074,38732,0.004734421
10075,50932,0.057618935
10076,61641,0.004289829
10077,112110,0.013921429
10078,86639,0.20082603
10079,72640,0.00312982
10080,99786,0.2009604
10081,106873,0.5481961
10082,34838,0.004076504
10083,52979,0.00464072
10084,43624,0.00881985
10085,74710,0.018777804
10086,16656,0.001850355
10087,16868,0.018664218
10088,9054,0.001980342
10089,31459,0.003868628
10090,76904,0.20156054
10091,103881,0.001785963
10092,88144,0.09872595
10093,23083,0.14351179
10094,34069,0.002453635
10095,71547,0.003384409
10096,371,0.001882528
10097,17411,0.004239876
10098,13064,0.54608697
10099,10097,0.001854006
10100,15822,0.057424314
10101,95268,0.12221315
10102,111084,0.34871653
10103,56056,0.003556199
10104,67616,0.24625117
10105,12095,0.002570167
10106,97951,0.51556474
10107,19453,0.002908099
10108,36154,0.4557381
10109,12346,0.34712777
10110,44324,0.001837801
10111,71129,0.07926732
10112,110065,0.5787459
10113,97039,0.7192918
10114,48285,0.003703291
10115,83663,0.008741
10116,30343,0.01098486
10117,59590,0.001811538
10118,86764,0.464119
10119,17638,0.002439755
10120,63079,0.003804899
10121,46002,0.054691907
10122,49967,0.13873254
10123,67228,0.32974088
10124,47648,0.027880097
10125,108500,0.2142347
10126,84492,0.02922988
10127,90192,0.10883504
10128,41954,0.003301713
10129,90319,0.001850126
10130,19237,0.010449912
10131,47182,0.002074458
10132,112289,0.004788886
10133,3854,0.001939879
10134,20255,0.010634445
10135,87050,0.017399274
10136,57100,0.011194197
10137,17995,0.001799163
10138,95611,0.22238876
10139,25897,0.002140039
10140,3909,0.004034256
10141,93955,0.7084884
10142,4446,0.39826924
10143,110912,0.3595884
10144,39680,0.4710676
10145,34651,0.5211775
10146,20517,0.06903264
10147,39360,0.001836342
10148,84283,0.013301583
10149,8638,0.006844445
10150,660,0.08581591
10151,16181,0.002306388
10152,12554,0.002618188
10153,23630,0.001791705
10154,94468,0.048714347
10155,1364,0.002666693
10156,37099,0.003069862
10157,45528,0.003304584
10158,94052,0.008132028
10159,95930,0.004198329
10160,55156,0.42796016
10161,52895,0.004145179
10162,102408,0.009509816
10163,37051,0.004427338
10164,58356,0.7663845
10165,4095,0.58274055
10166,17219,0.005556782
10167,52496,0.003081125
10168,109293,0.024890834
10169,66153,0.023179688
10170,80544,0.28016627
10171,25564,0.003120694
10172,88821,0.20355853
10173,22681,0.028966201
10174,23219,0.012453577
10175,56788,0.003642874
10176,109973,0.11977889
10177,27560,0.008365938
10178,79445,0.003142176
10179,50002,0.004664649
10180,58656,0.004599198
10181,59075,0.00385625
10182,8273,0.0243919
10183,111417,0.002138187
10184,108925,0.6415938
10185,71210,0.02329635
10186,23596,0.00365091
10187,5212,0.58853465
10188,110283,0.016174635
10189,29767,0.002648501
10190,26030,0.003484742
10191,76876,0.00475638
10192,53877,0.005572197
10193,90648,0.62812054
10194,32728,0.003049389
10195,29188,0.004109217
10196,28697,0.04029577
10197,38336,0.033361997
10198,75001,0.30577114
10199,52314,0.003339585
10200,60760,0.00361921
10201,35567,0.94826037
10202,40506,0.004650813
10203,7526,0.001989048
10204,32831,0.14691572
10205,14410,0.002909776
10206,75263,0.005482929
10207,24601,0.002918134
10208,73032,0.01386381
10209,34951,0.020178044
10210,42055,0.089920074
10211,57314,0.003452026
10212,73710,0.005295677
10213,13620,0.44236556
10214,84884,0.003203995
10215,64059,0.003346057
10216,2249,0.008096023
10217,27580,0.003738015
10218,89314,0.1294205
10219,47851,0.004473059
10220,59784,0.50099415
10221,83914,0.24773212
10222,36,0.057243813
10223,49205,0.003064958
10224,20074,0.002352931
10225,92339,0.6398692
10226,78370,0.16359739
10227,65816,0.002025766
10228,79610,0.004454077
10229,7340,0.01564392
10230,58030,0.005240025
10231,11074,0.001904041
10232,31187,0.00860877
10233,48710,0.001903149
10234,21388,0.001840033
10235,17270,0.006097181
10236,108384,0.003838671
10237,84678,0.003743377
10238,19760,0.002773933
10239,67667,0.08823628
10240,9645,0.003075002
10241,38064,0.00240726
10242,88593,0.011484762
10243,30653,0.010507741
10244,110723,0.03891522
10245,38700,0.00471774
10246,58480,0.23425825
10247,110134,0.003881704
10248,18335,0.00769753
10249,4284,0.09309749
10250,68416,0.006256064
10251,109711,0.006805668
10252,76872,0.011314213
10253,42817,0.006996335
10254,6,0.005981106
10255,58472,0.006860271
10256,30956,0.004057083
10257,81395,0.30932763
10258,103129,0.00213148
10259,54005,0.23526682
10260,57285,0.007674171
10261,17565,0.003080554
10262,5302,0.003617692
10263,5844,0.018428298
10264,58458,0.5058321
10265,22617,0.002801445
10266,15901,0.002964637
10267,71902,0.22142415
10268,30733,0.008247998
10269,98200,0.19465394
10270,48374,0.01015638
10271,11688,0.021980248
10272,57284,0.008688602
10273,55463,0.06601105
10274,71019,0.003738548
10275,82112,0.4850505
10276,50987,0.007150117
10277,80242,0.022495303
10278,45535,0.00451837
10279,1613,0.008639774
10280,18037,0.002081082
10281,86603,0.15892653
10282,77056,0.18190548
10283,73166,0.046362728
10284,89633,0.005686015
10285,8243,0.002982202
10286,104431,0.003823508
10287,80187,0.166612
10288,22780,0.025563583
10289,76897,0.077087484
10290,66511,0.002317537
10291,61152,0.041270014
10292,76980,0.014420521
10293,73415,0.057575047
10294,18175,0.006419727
10295,28840,0.003910826
10296,17159,0.001886251
10297,104448,0.2158245
10298,24655,0.37152815
10299,41124,0.00429324
10300,85880,0.00862194
10301,45889,0.013291049
10302,1910,0.088212915
10303,91889,0.002149123
10304,59900,0.002540099
10305,40182,0.058985963
10306,18585,0.003599855
10307,99693,0.010586874
10308,50225,0.003948864
10309,98712,0.20057626
10310,11276,0.13676186
10311,95869,0.007304908
10312,72651,0.1520264
10313,86741,0.3723121
10314,48003,0.06268009
10315,7643,0.002695416
10316,114008,0.009729574
10317,7641,0.06959576
10318,62568,0.4861434
10319,32115,0.003918618
10320,6082,0.22003447
10321,94803,0.24609734
10322,50634,0.001912767
10323,72208,0.21735974
10324,88689,0.004476333
10325,111381,0.013720093
10326,22584,0.104178004
10327,97987,0.003521423
10328,73530,0.03259964
10329,85301,0.14578556
10330,58564,0.006290048
10331,112485,0.005119858
10332,52891,0.09162841
10333,5909,0.002605272
10334,60218,0.3160418
10335,86313,0.39403018
10336,90443,0.25407982
10337,80388,0.008733079
10338,78416,0.07229756
10339,36508,0.011560617
10340,46421,0.003954357
10341,33395,0.002911061
10342,87056,0.003980738
10343,81510,0.013698597
10344,8328,0.10033715
10345,98779,0.011023147
10346,73906,0.2624055
10347,61620,0.004861435
10348,43271,0.044815253
10349,96867,0.5991745
10350,48628,0.24277572
10351,85945,0.005530159
10352,113587,0.17708252
10353,32530,0.002875797
10354,11603,0.004922471
10355,41602,0.0046673
10356,50600,0.08698327
10357,36825,0.0064977
10358,95759,0.69406575
10359,36210,0.069399476
10360,64050,0.002095894
10361,7699,0.057701144
10362,46698,0.7742944
10363,70664,0.035940588
10364,65365,0.004056285
10365,105535,0.16507453
10366,59149,0.38765764
10367,75098,0.002035732
10368,28387,0.057086293
10369,60446,0.004014638
10370,81547,0.001987611
10371,88105,0.16622078
10372,24978,0.008254022
10373,49518,0.27321255
10374,31808,0.19503134
10375,20689,0.02034932
10376,98683,0.35257447
10377,88545,0.007704121
10378,65016,0.00378651
10379,48369,0.003006531
10380,100087,0.1670806
10381,13948,0.040803667
10382,88223,0.008832336
10383,53464,0.46728536
10384,111930,0.005711478
10385,31492,0.011669251
10386,41718,0.010752384
10387,4861,0.010841997
10388,42224,0.003317434
10389,17890,0.006097181
10390,53674,0.003905686
10391,7586,0.013741674
10392,60580,0.002415302
10393,14270,0.003183464
10394,41105,0.10395823
10395,100334,0.08072884
10396,111248,0.00181967
10397,77262,0.08256992
10398,25788,0.00392209
10399,105283,0.00842038
10400,104455,0.34993738
10401,92065,0.00198496
10402,36807,0.008360296
10403,69684,0.46038324
10404,107211,0.031495787
10405,90095,0.17550033
10406,29472,0.07225416
10407,31719,0.19503134
10408,106839,0.005233015
10409,21719,0.011761903
10410,1218,0.008092559
10411,10452,0.002063872
10412,59902,0.023351917
10413,42351,0.033676304
10414,42060,0.14203341
10415,9326,0.003319019
10416,81766,0.00400917
10417,49574,0.48764846
10418,7471,0.00362407
10419,109956,0.00215788
10420,21191,0.004044903
10421,82096,0.024495749
10422,48462,0.003844142
10423,62202,0.005096029
10424,15852,0.021987773
10425,39215,0.036518287
10426,104728,0.3444131
10427,12057,0.07011369
10428,47700,0.004069378
10429,62843,0.054391224
10430,46553,0.017875366
10431,33068,0.004576275
10432,115143,0.009704338
10433,61815,0.002631444
10434,80487,0.004484019
10435,91141,0.026065048
10436,4229,0.001796948
10437,51331,0.003272763
10438,78167,0.44689238
10439,104457,0.06914802
10440,50708,0.872609
10441,4714,0.001925526
10442,76518,0.003336373
10443,11715,0.042370412
10444,65695,0.002767098
10445,63642,0.003764677
10446,80189,0.008546646
10447,73412,0.026542189
10448,60281,0.003980334
10449,52164,0.004259608
10450,64069,0.06600598
10451,42208,0.004428571
10452,100493,0.33535218
10453,28694,0.0562725
10454,97884,0.00560105
10455,95174,0.002222575
10456,98733,0.006620511
10457,39112,0.003078695
10458,109214,0.001787939
10459,66426,0.005648833
10460,8122,0.19146995
10461,70532,0.008185862
10462,24375,0.002013394
10463,115180,0.004835586
10464,34688,0.003322943
10465,87487,0.004322535
10466,101071,0.3031613
10467,51212,0.004447624
10468,82774,0.002163434
10469,64666,0.004954242
10470,115816,0.016876698
10471,54841,0.00382393
10472,76526,0.37469503
10473,70017,0.06178362
10474,8249,0.002683353
10475,102618,0.1572673
10476,108206,0.012222609
10477,17336,0.005677521
10478,89412,0.002847243
10479,42247,0.31036794
10480,93704,0.15556018
10481,7477,0.003985956
10482,822,0.013660722
10483,10557,0.003208503
10484,64824,0.004299992
10485,43429,0.014443175
10486,28300,0.009385281
10487,2725,0.057519846
10488,110311,0.014974168
10489,49305,0.011761409
10490,1917,0.11948116
10491,88742,0.002974098
10492,66831,0.031620227
10493,112380,0.006512049
10494,62086,0.003876054
10495,82752,0.028608415
10496,65665,0.005281098
10497,77449,0.011738459
10498,87099,0.027880859
10499,86290,0.004966231
10500,53644,0.004119864
10501,4702,0.46254367
10502,55669,0.19412
10503,71643,0.016956728
10504,54488,0.48656657
10505,10266,0.001898781
10506,56319,0.008566924
10507,82696,0.16930784
10508,97507,0.20745423
10509,5044,0.005643128
10510,89296,0.003712865
10511,52685,0.029125085
10512,38479,0.09251427
10513,88365,0.008486588
10514,101534,0.19518343
10515,65503,0.00378651
10516,111060,0.013539566
10517,55681,0.51916504
10518,38217,0.26041198
10519,11364,0.013596666
10520,55369,0.003368072
10521,30271,0.005435673
10522,99295,0.09555858
10523,94245,0.078918085
10524,50953,0.48965707
10525,35484,0.002772008
10526,70392,0.007505809
10527,3573,0.016560785
10528,94469,0.417236
10529,102160,0.002490275
10530,88807,0.09253549
10531,78243,0.019840384
10532,52632,0.004205917
10533,11898,0.005890396
10534,90474,0.84127754
10535,51216,0.003136446
10536,52936,0.004247157
10537,102652,0.007488945
10538,99613,0.001825816
10539,46914,0.06910503
10540,44634,0.016027981
10541,16741,0.003333751
10542,58759,0.5058321
10543,10462,0.001794722
10544,64115,0.003829652
10545,81610,0.006234298
10546,29676,0.020374777
10547,47425,0.020971138
10548,55440,0.006247822
10549,92808,0.010639663
10550,78741,0.058603894
10551,23611,0.012775728
10552,37871,0.07624026
10553,2194,0.004963336
10554,50683,0.07704593
10555,97985,0.30208665
10556,86942,0.004042437
10557,81495,0.16413933
10558,103372,0.00342101
10559,5632,0.002822214
10560,89622,0.0907044
10561,4084,0.010044405
10562,93956,0.003449569
10563,76529,0.040197026
10564,61346,0.003630848
10565,103034,0.008266147
10566,11147,0.017238593
10567,76663,0.003326618
10568,92296,0.013401982
10569,76064,0.0219299
10570,55064,0.9118062
10571,115067,0.031900916
10572,80668,0.023091614
10573,90454,0.6102559
10574,62940,0.071370594
10575,107169,0.047152933
10576,70618,0.003738548
10577,2575,0.6181961
10578,62463,0.003876054
10579,72667,0.8802221
10580,112388,0.06998486
10581,58796,0.009374718
10582,109235,0.4361411
10583,61591,0.054391224
10584,4231,0.35673538
10585,96487,0.011590542
10586,66170,0.013081474
10587,108486,0.49919295
10588,39274,0.024813317
10589,50915,0.09476486
10590,47727,0.003464595
10591,113462,0.12767453
10592,46393,0.001832286
10593,92820,0.001820144
10594,66106,0.023726849
10595,12412,0.001991866
10596,84796,0.008041658
10597,11502,0.005543189
10598,11578,0.015179251
10599,42388,0.02700493
10600,54315,0.24356654
10601,70553,0.07968667
10602,34271,0.002911061
10603,26797,0.010086767
10604,21038,0.006584037
10605,3295,0.024300987
10606,9760,0.003594169
10607,97580,0.008774927
10608,8047,0.002084974
10609,83186,0.004831363
10610,110613,0.11012866
10611,88054,0.09094941
10612,95114,0.417236
10613,81359,0.015661465
10614,79087,0.004829163
10615,73999,0.06421251
10616,54494,0.08781257
10617,10601,0.001850665
10618,43543,0.015873434
10619,106470,0.009710562
10620,38812,0.003908965
10621,93209,0.4012163
10622,55027,0.017405447
10623,4844,0.06169579
10624,51403,0.003023564
10625,5805,0.05081139
10626,64367,0.010291288
10627,56542,0.009200176
10628,44365,0.004071526
10629,62871,0.27207258
10630,61464,0.003741197
10631,48094,0.003810499
10632,93175,0.20954461
10633,42538,0.003089201
10634,14136,0.002816565
10635,38762,0.12415187
10636,59478,0.38536307
10637,82960,0.03885254
10638,69064,0.004810052
10639,81831,0.021123378
10640,33579,0.007545867
10641,13145,0.002666091
10642,103551,0.004486316
10643,25970,0.056177184
10644,33808,0.0912829
10645,104284,0.2158245
10646,11518,0.007097316
10647,15060,0.02074744
10648,92225,0.003765752
10649,11658,0.003354118
10650,108458,0.001888493
10651,108643,0.024614725
10652,69601,0.003561485
10653,17846,0.020857297
10654,70281,0.005761828
10655,102451,0.06023867
10656,92060,0.107343614
10657,5898,0.005304863
10658,75376,0.24287823
10659,11163,0.03545633
10660,56393,0.009023051
10661,74416,0.003726305
10662,31895,0.00419868
10663,60316,0.29080167
10664,48546,0.004497368
10665,64769,0.004251425
10666,38261,0.003907391
10667,74319,0.04652822
10668,66032,0.00505156
10669,42869,0.004691443
10670,105060,0.23142152
10671,95698,0.001895126
10672,29876,0.008565653
10673,62437,0.49241322
10674,12658,0.6179649
10675,105506,0.007917712
10676,89722,0.27308488
10677,79432,0.002185664
10678,46118,0.002693516
10679,10530,0.00353891
10680,19914,0.003204119
10681,61642,0.5168038
10682,36651,0.02111386
10683,19972,0.010332652
10684,34243,0.003520789
10685,84706,0.3402744
10686,18761,0.003253631
10687,105874,0.004321377
10688,42048,0.007239107
10689,74027,0.001807195
10690,76899,0.077087484
10691,91414,0.20432952
10692,25123,0.009422754
10693,73277,0.041417316
10694,60146,0.5245669
10695,59238,0.003182308
10696,28858,0.007446579
10697,15875,0.005986754
10698,76203,0.050453402
10699,83709,0.13682863
10700,51696,0.001852537
10701,22577,0.036121596
10702,81433,0.001884636
10703,79268,0.004628738
10704,41106,0.15695308
10705,102183,0.24185419
10706,108700,0.49745396
10707,75227,0.024918852
10708,73768,0.01185612
10709,12465,0.002130165
10710,76629,0.002554543
10711,98660,0.003819774
10712,73751,0.007327528
10713,2601,0.14016739
10714,107272,0.001863072
10715,3504,0.06779305
10716,12152,0.34458134
10717,43774,0.018233275
10718,53094,0.004145179
10719,78978,0.047061514
10720,25867,0.001896748
10721,45911,0.003946867
10722,45831,0.013927431
10723,1332,0.002417559
10724,105254,0.003877575
10725,22823,0.069966055
10726,88707,0.001808669
10727,90304,0.045617905
10728,42525,0.003160679
10729,72606,0.02194553
10730,26202,0.008314972
10731,3549,0.016560785
10732,24962,0.001825087
10733,39676,0.004560028
10734,114631,0.107051514
10735,60714,0.29080167
10736,49937,0.2466123
10737,96201,0.013061476
10738,34153,0.003814897
10739,54748,0.42796016
10740,75193,0.018725185
10741,38428,0.003623661
10742,43323,0.003836312
10743,113761,0.003421151
10744,79414,0.002711789
10745,2706,0.060602468
10746,44883,0.007808611
10747,60819,0.006386829
10748,34995,0.003176303
10749,88824,0.1126058
10750,86214,0.3967435
10751,109473,0.11898099
10752,76567,0.034427494
10753,59267,0.08840263
10754,58952,0.2550531
10755,81715,0.007874307
10756,40495,0.40786457
10757,59615,0.003092909
10758,110592,0.40100348
10759,97957,0.42066193
10760,66236,0.001783929
10761,56386,0.20401387
10762,26232,0.031682692
10763,101340,0.003254553
10764,81492,0.033650707
10765,73494,0.078583956
10766,39333,0.041076764
10767,104529,0.002951571
10768,89535,0.20152967
10769,62010,0.2690742
10770,31732,0.00959495
10771,109477,0.44772315
10772,114798,0.007157315
10773,46833,0.002073821
10774,36568,0.005288634
10775,94810,0.17430167
10776,63028,0.004674274
10777,25160,0.009207108
10778,88471,0.14755201
10779,99396,0.013408888
10780,25528,0.003074873
10781,5902,0.0943451
10782,2595,0.011081046
10783,47040,0.001960216
10784,52827,0.004235881
10785,13105,0.002615488
10786,115924,0.009121961
10787,18765,0.009074239
10788,13912,0.003933993
10789,79543,0.061012935
10790,108514,0.010932882
10791,9100,0.002156159
10792,94930,0.24609734
10793,25876,0.003074873
10794,76210,0.002542124
10795,56332,0.45826074
10796,1624,0.004296197
10797,112641,0.001787492
10798,39484,0.003442469
10799,81810,0.005208656
10800,115477,0.015707409
10801,54318,0.001870637
10802,37243,0.017826634
10803,22875,0.003442861
10804,42564,0.13592163
10805,9698,0.2422818
10806,113933,0.002012113
10807,32501,0.014983877
10808,3008,0.003626765
10809,91790,0.022066098
10810,43192,0.003030738
10811,41950,0.005075869
10812,23698,0.004118772
10813,45263,0.004307514
10814,18875,0.001800535
10815,81786,0.12728998
10816,49799,0.004542861
10817,42007,0.10391055
10818,775,0.002427891
10819,71195,0.006081986
10820,52299,0.002673634
10821,83549,0.002183211
10822,71332,0.3861233
10823,48805,0.045543607
10824,13716,0.002269203
10825,65731,0.005139535
10826,14417,0.002927175
10827,20997,0.007654971
10828,46710,0.35823926
10829,114308,0.007691668
10830,72841,0.05537714
10831,10919,0.056747157
10832,45232,0.009928568
10833,32416,0.09611661
10834,24077,0.002905344
10835,55287,0.004810538
10836,47049,0.004308778
10837,9551,0.003873624
10838,110766,0.002215991
10839,51408,0.013749903
10840,33412,0.0912829
10841,15236,0.003069968
10842,22153,0.011760389
10843,66432,0.015838128
10844,57296,0.004905453
10845,3734,0.002608455
10846,55238,0.00321438
10847,24293,0.004579197
10848,64484,0.001889153
10849,28044,0.00340874
10850,44067,0.04038238
10851,6318,0.10029344
10852,26292,0.008840571
10853,85108,0.009410723
10854,22275,0.003519526
10855,8287,0.008605103
10856,78007,0.00252509
10857,22554,0.005863406
10858,103255,0.001812047
10859,35218,0.006349828
10860,75711,0.15829541
10861,19294,0.001816623
10862,12052,0.002783021
10863,114877,0.004477391
10864,58376,0.4042455
10865,54739,0.08852725
10866,4273,0.010280486
10867,45505,0.004244303
10868,50215,0.42243177
10869,7813,0.002174599
10870,67466,0.15473202
10871,101439,0.2875436
10872,103589,0.55593336
10873,87267,0.001996659
10874,67425,0.00504482
10875,10392,0.002845877
10876,18338,0.002487807
10877,67781,0.005717286
10878,87175,0.008570436
10879,58971,0.005596226
10880,3,0.006130319
10881,66132,0.005283551
10882,101232,0.005604703
10883,92250,0.001845389
10884,22672,0.5576801
10885,70224,0.07968667
10886,103227,0.003627091
10887,80429,0.26598525
10888,91761,0.5274018
10889,63998,0.004219469
10890,7694,0.19732602
10891,97868,0.006874246
10892,16017,0.005986754
10893,57318,0.27975577
10894,39893,0.02112295
10895,90715,0.08022527
10896,22329,0.021902377
10897,18896,0.07049334
10898,57309,0.006608625
10899,16683,0.088057466
10900,68052,0.005739573
10901,104690,0.005320148
10902,10744,0.18529685
10903,7407,0.010526568
10904,35018,0.001848383
10905,67756,0.009030797
10906,115706,0.004564352
10907,115414,0.013838371
10908,26964,0.018524176
10909,104109,0.05372117
10910,73856,0.020131232
10911,13695,0.09504305
10912,18224,0.008630463
10913,97407,0.45107678
10914,111965,0.001947322
10915,80743,0.001836689
10916,33413,0.4910044
10917,93668,0.00752608
10918,48694,0.004542145
10919,100860,0.019697193
10920,100152,0.22157681
10921,91841,0.00511628
10922,53488,0.005190947
10923,3062,0.047135957
10924,67612,0.36223242
10925,69049,0.009409145
10926,115214,0.015380643
10927,26414,0.04795241
10928,82756,0.007786587
10929,44417,0.08883683
10930,45655,0.01995929
10931,64888,0.023726849
10932,114758,0.002268068
10933,42149,0.001879059
10934,107933,0.004656953
10935,20731,0.003346552
10936,74796,0.004777897
10937,75188,0.06501057
10938,26950,0.010844402
10939,29133,0.011463263
10940,52355,0.10609445
10941,89575,0.0907044
10942,112348,0.016956067
10943,92916,0.012000541
10944,113611,0.005459715
10945,68611,0.11644887
10946,2778,0.006803899
10947,96817,0.2173976
10948,39825,0.004373528
10949,11816,0.056000385
10950,85497,0.01560336
10951,2051,0.003797965
10952,56403,0.006571393
10953,85836,0.010543195
10954,90944,0.006808479
10955,51380,0.084985524
10956,40245,0.4604815
10957,75866,0.00475638
10958,4678,0.07631009
10959,70191,0.07968667
10960,112369,0.005779394
10961,60920,0.010392747
10962,51923,0.021869687
10963,34989,0.04360891
10964,43441,0.014443175
10965,72947,0.078583956
10966,109656,0.5660569
10967,58424,0.008035639
10968,1652,0.008891188
10969,78801,0.013865298
10970,68606,0.091607034
10971,100292,0.003481632
10972,85711,0.00741066
10973,28648,0.071935855
10974,87131,0.021333938
10975,23464,0.02756041
10976,27120,0.003708236
10977,40216,0.09836678
10978,60901,0.07451108
10979,115420,0.002446434
10980,80746,0.0631545
10981,2463,0.01067736
10982,65874,0.004462553
10983,76285,0.050453402
10984,44244,0.003990276
10985,31185,0.007850059
10986,104100,0.004631958
10987,41357,0.004192038
10988,75201,0.043386783
10989,2695,0.003953047
10990,42362,0.003166294
10991,26821,0.2548038
10992,86482,0.72648555
10993,12078,0.035085272
10994,75850,0.006173241
10995,22016,0.005282138
10996,59964,0.00401104
10997,65171,0.003155266
10998,39896,0.049495853
10999,43812,0.005270694
11000,37209,0.004164174
11001,20561,0.004645163
11002,70743,0.0418487
11003,15145,0.023449605
11004,28190,0.00637454
11005,43357,0.048053693
11006,25457,0.035672277
11007,61412,0.08930088
11008,76117,0.006653644
11009,36620,0.004450729
11010,38532,0.003079765
11011,95518,0.7196653
11012,47949,0.005374546
11013,26448,0.00349107
11014,70228,0.005013561
11015,15544,0.09015563
11016,98029,0.00487006
11017,84105,0.006547706
11018,103827,0.041681398
11019,90617,0.7073184
11020,115972,0.004696954
11021,60408,0.001954551
11022,24577,0.008641106
11023,21155,0.004043944
11024,99203,0.22171696
11025,86021,0.005740525
11026,51791,0.29447573
11027,103815,0.008563722
11028,10577,0.008795569
11029,60102,0.005262986
11030,9810,0.001989115
11031,42035,0.12089865
11032,35868,0.022977713
11033,52694,0.018462611
11034,86042,0.0019591
11035,93036,0.007854465
11036,54924,0.08852725
11037,47001,0.009939004
11038,82617,0.3955759
11039,86128,0.499058
11040,93129,0.014693945
11041,6651,0.015115878
11042,11476,0.005543189
11043,83683,0.002004933
11044,22365,0.002358084
11045,84386,0.02922988
11046,50241,0.005672371
11047,78154,0.092541695
11048,24094,0.003701924
11049,53614,0.044382624
11050,113955,0.059165858
11051,93685,0.004969148
11052,38296,0.004152439
11053,63031,0.59870493
11054,112539,0.011446388
11055,41580,0.037572455
11056,19561,0.046971757
11057,46029,0.001842142
11058,63462,0.004101437
11059,58922,0.3364783
11060,7896,0.009542177
11061,88874,0.18767649
11062,22026,0.68348193
11063,62136,0.24405336
11064,15690,0.003000613
11065,111419,0.007448045
11066,107438,0.032327548
11067,49029,0.13738254
11068,37131,0.005753148
11069,45728,0.002966059
11070,105355,0.007967164
11071,21261,0.004519404
11072,105959,0.6601309
11073,83056,0.008532535
11074,87141,0.4650833
11075,16041,0.006335202
11076,29696,0.020374777
11077,106351,0.3441504
11078,79171,0.004244019
11079,57390,0.012046768
11080,82793,0.005199833
11081,115054,0.002665035
11082,26444,0.008656969
11083,81370,0.012532434
11084,32998,0.30850288
11085,115346,0.003581861
11086,21706,0.010582909
11087,100561,0.18944687
11088,104030,0.42127478
11089,21532,0.006708831
11090,113547,0.00595382
11091,89884,0.005494338
11092,13529,0.001967612
11093,90660,0.006226209
11094,68830,0.013196019
11095,75906,0.003914523
11096,24370,0.008882586
11097,10130,0.003534411
11098,13167,0.003672438
11099,71859,0.27998334
11100,10887,0.001852873
11101,31749,0.007573294
11102,79761,0.34079093
11103,85676,0.005771503
11104,69206,0.26605517
11105,74626,0.005156824
11106,103757,0.002542387
11107,83425,0.011722151
11108,75831,0.004190763
11109,88999,0.00801522
11110,70624,0.5731914
11111,55983,0.006654751
11112,60015,0.003809129
11113,1353,0.001933023
11114,24058,0.003388101
11115,3371,0.40048
11116,52837,0.18925129
11117,61899,0.010129523
11118,29578,0.004052284
11119,65798,0.030922316
11120,105354,0.044790838
11121,21289,0.001789213
11122,55633,0.07441589
11123,29553,0.008465012
11124,58198,0.004830373
11125,82597,0.011534394
11126,20235,0.001914537
11127,78048,0.28115878
11128,96982,0.21257025
11129,59540,0.40557623
11130,8602,0.017278569
11131,88129,0.00882181
11132,51181,0.003023564
11133,105985,0.007941393
11134,104066,0.003937649
11135,59602,0.32388052
11136,19402,0.010782294
11137,55326,0.5347679
11138,18919,0.028322106
11139,92021,0.002374337
11140,39787,0.02029531
11141,109399,0.001787903
11142,59830,0.023579497
11143,44834,0.016585095
11144,48334,0.013795047
11145,12615,0.004437477
11146,111790,0.006400688
11147,89064,0.011101285
11148,43828,0.73561174
11149,1422,0.001916188
11150,100543,0.003633559
11151,17290,0.002095944
11152,47491,0.003825103
11153,35121,0.004308533
11154,69779,0.40747288
11155,13915,0.49638918
11156,96879,0.3331416
11157,83466,0.004664904
11158,39948,0.021008087
11159,62290,0.004356599
11160,50917,0.09476486
11161,16321,0.002430388
11162,25258,0.03164627
11163,45426,0.27822414
11164,45898,0.003001164
11165,46709,0.29112518
11166,36590,0.8504753
11167,18538,0.009787924
11168,91709,0.006195036
11169,98810,0.004593846
11170,105057,0.27924895
11171,22550,0.006240094
11172,14983,0.02074744
11173,42020,0.004074996
11174,7279,0.003430398
11175,44246,0.004415264
11176,39617,0.024813317
11177,63095,0.008943553
11178,60632,0.00397163
11179,113847,0.003583138
11180,87236,0.001791328
11181,101435,0.35733944
11182,106169,0.001942325
11183,101378,0.03806197
11184,55587,0.004450059
11185,83603,0.3411782
11186,16034,0.001797226
11187,78841,0.00834985
11188,15841,0.003070311
11189,82121,0.004157774
11190,79527,0.15836318
11191,16260,0.002431622
11192,7829,0.12764096
11193,39608,0.033835337
11194,105637,0.05192152
11195,97735,0.011165778
11196,31048,0.001791708
11197,91366,0.002970428
11198,64919,0.263498
11199,64719,0.06624657
11200,50778,0.92052203
11201,96900,0.015983373
11202,69161,0.004055906
11203,112925,0.08412941
11204,70041,0.0171149
11205,11455,0.015179251
11206,15252,0.002534646
11207,57756,0.003844457
11208,103220,0.001909703
11209,54967,0.00209513
11210,90224,0.005608752
11211,43045,0.011383759
11212,37308,0.005859747
11213,47737,0.21841316
11214,78740,0.002671575
11215,54094,0.001912767
11216,23861,0.003242619
11217,14497,0.002922484
11218,6078,0.002510334
11219,36799,0.003932864
11220,109694,0.008384794
11221,93369,0.6306817
11222,18412,0.11070557
11223,92946,0.07722355
11224,44360,0.27122205
11225,7677,0.023375588
11226,79816,0.27492934
11227,33868,0.009680725
11228,39750,0.42780647
11229,76860,0.004172606
11230,30756,0.026256971
11231,101903,0.025786169
11232,7934,0.006303803
11233,5404,0.068998314
11234,95807,0.45131713
11235,27717,0.009118681
11236,2919,0.014652388
11237,75803,0.15829541
11238,7328,0.002936035
11239,33300,0.005454187
11240,65363,0.004151364
11241,70979,0.017457733
11242,49601,0.08459729
11243,52670,0.005161322
11244,102146,0.02202645
11245,23557,0.003355384
11246,63635,0.022133585
11247,3228,0.018972792
11248,43514,0.32043388
11249,112670,0.01270632
11250,79520,0.12647603
11251,112338,0.004735369
11252,31315,0.5472321
11253,62331,0.0719827
11254,92364,0.5329257
11255,79146,0.014546943
11256,101668,0.002038411
11257,85424,0.002585005
11258,85655,0.028062027
11259,34942,0.24030998
11260,40914,0.9628289
11261,113880,0.40026504
11262,15460,0.002928004
11263,45338,0.044640366
11264,26432,0.031682692
11265,106859,0.38292432
11266,111627,0.44514525
11267,65182,0.004056285
11268,97209,0.5881006
11269,97435,0.43080354
11270,43356,0.01858809
11271,84672,0.47392043
11272,82275,0.004396924
11273,50757,0.09476486
11274,20768,0.002166927
11275,59023,0.02473201
11276,15829,0.007254449
11277,24253,0.008882586
11278,91534,0.11217337
11279,94986,0.006917459
11280,94959,0.002294975
11281,28916,0.028568953
11282,3273,0.2549991
11283,80607,0.25264218
11284,17364,0.001956688
11285,23356,0.07396613
11286,80812,0.00504394
11287,20302,0.002535682
11288,90802,0.005126041
11289,10126,0.075244576
11290,52612,0.11903285
11291,57392,0.004267262
11292,84245,0.20852552
11293,46012,0.003118729
11294,16832,0.00285507
11295,105719,0.003514236
11296,57910,0.005605971
11297,3311,0.07559052
11298,46901,0.004839757
11299,38578,0.006814938
11300,111692,0.02206817
11301,10286,0.016164312
11302,61657,0.003056321
11303,109250,0.29766858
11304,107989,0.02029897
11305,29504,0.02013454
11306,7721,0.003391512
11307,105822,0.00180356
11308,16246,0.006841039
11309,62389,0.00423764
11310,11457,0.00349072
11311,102985,0.02378108
11312,59743,0.003871967
11313,77479,0.004230273
11314,55755,0.004394802
11315,76704,0.077087484
11316,18629,0.00924085
11317,92001,0.12469581
11318,106215,0.002368032
11319,71852,0.39255407
11320,63974,0.004056104
11321,76466,0.3562059
11322,3539,0.016005872
11323,19711,0.007398334
11324,74365,0.28263074
11325,100201,0.23529586
11326,18635,0.023229107
11327,46391,0.004020311
11328,43957,0.42098966
11329,26132,0.006012124
11330,66858,0.011641834
11331,68080,0.3099239
11332,92670,0.2870539
11333,34485,0.046698097
11334,26017,0.009132591
11335,105999,0.007993718
11336,113780,0.001817979
11337,38119,0.1059424
11338,77492,0.003715743
11339,111190,0.29177284
11340,44860,0.04044044
11341,84248,0.009570105
11342,74595,0.19806962
11343,78822,0.014350473
11344,45187,0.017695846
11345,69312,0.041304935
11346,57905,0.38424146
11347,25779,0.003845557
11348,80061,0.003653042
11349,3510,0.007058082
11350,43661,0.00310985
11351,36945,0.021270197
11352,2836,0.01439465
11353,102306,0.039126538
11354,11656,0.002512319
11355,37498,0.001848787
11356,8561,0.004254637
11357,75628,0.005329131
11358,26471,0.007760543
11359,41107,0.21395364
11360,108798,0.65525633
11361,77522,0.13843048
11362,88953,0.21659723
11363,10113,0.003534411
11364,88458,0.15673766
11365,33756,0.010281205
11366,21265,0.007813877
11367,25617,0.009207108
11368,77335,0.107270785
11369,74166,0.008649459
11370,56251,0.57677805
11371,114070,0.008293685
11372,46512,0.004287198
11373,107841,0.32237434
11374,43926,0.003037067
11375,4582,0.001849205
11376,9717,0.03287683
11377,50476,0.009270847
11378,47176,0.005623302
11379,42017,0.02976709
11380,72466,0.009381359
11381,26624,0.04795241
11382,15712,0.094216004
11383,37546,0.1068757
11384,62849,0.2689033
11385,100344,0.003423197
11386,6656,0.024935663
11387,83219,0.007379875
11388,42662,0.001854563
11389,74918,0.027827792
11390,40575,0.002373568
11391,35136,0.033143383
11392,25929,0.001933588
11393,70771,0.4296917
11394,9160,0.002191531
11395,11809,0.002492872
11396,17958,0.018664218
11397,15011,0.019193603
11398,105080,0.005161134
11399,115642,0.003067558
11400,5417,0.021799209
11401,110351,0.025210796
11402,110965,0.019380845
11403,69819,0.025997112
11404,28528,0.003195322
11405,45429,0.17781593
11406,91785,0.022066098
11407,64001,0.003703335
11408,88237,0.003021179
11409,101216,0.006309149
11410,76493,0.010956197
11411,104113,0.020482427
11412,67316,0.43869317
11413,61378,0.00344542
11414,79798,0.23500219
11415,59547,0.49003637
11416,103675,0.22198361
11417,54321,0.002063
11418,52968,0.001789934
11419,92040,0.009495467
11420,52572,0.005161322
11421,39192,0.003952414
11422,70223,0.100626886
11423,55844,0.23652877
11424,10197,0.016164312
11425,23648,0.001884608
11426,74996,0.06185146
11427,20832,0.007701391
11428,100608,0.019965844
11429,51134,0.001869342
11430,114271,0.012787606
11431,87450,0.002010484
11432,6268,0.002622613
11433,40239,0.004031034
11434,22089,0.009125348
11435,7059,0.022432398
11436,85520,0.028062027
11437,41305,0.004107547
11438,2286,0.34785998
11439,14093,0.047182873
11440,63625,0.039421353
11441,111092,0.9427154
11442,110720,0.32435217
11443,65347,0.004219072
11444,94328,0.005220393
11445,110190,0.002132548
11446,55406,0.003050378
11447,20826,0.0057012
11448,81161,0.0636882
11449,9925,0.002883283
11450,13951,0.36752707
11451,114983,0.027195271
11452,98349,0.003648449
11453,33387,0.09647208
11454,73411,0.026542189
11455,3496,0.5072561
11456,46802,0.003074411
11457,106987,0.008497552
11458,102811,0.096320584
11459,16278,0.044462264
11460,43773,0.020089367
11461,21428,0.012903815
11462,21298,0.003474914
11463,74370,0.04652822
11464,62874,0.023886234
11465,102406,0.002399892
11466,71119,0.27671763
11467,33315,0.003815493
11468,59673,0.10820694
11469,69689,0.069158696
11470,25007,0.031113965
11471,49950,0.21853232
11472,97366,0.004038402
11473,77148,0.013863458
11474,41679,0.025844038
11475,5440,0.002910234
11476,13109,0.002615488
11477,71418,0.091331534
11478,92918,0.00579185
11479,87125,0.002030635
11480,27452,0.003818488
11481,21775,0.036091786
11482,11491,0.002100358
11483,53666,0.005179131
11484,86569,0.2148614
11485,58377,0.004030977
11486,62142,0.00417652
11487,4577,0.5688185
11488,73874,0.10174163
11489,19842,0.003383828
11490,101887,0.041716028
11491,63696,0.039230615
11492,66316,0.016178165
11493,114484,0.07036103
11494,45267,0.01967681
11495,67039,0.36600125
11496,5159,0.002422085
11497,110422,0.010921219
11498,369,0.003445359
11499,35245,0.11559659
11500,29086,0.02023645
11501,11713,0.015179251
11502,40490,0.16216473
11503,67185,0.017225293
11504,25689,0.007917457
11505,85759,0.001880986
11506,105265,0.009756298
11507,94215,0.002832487
11508,91349,0.017125322
11509,65523,0.003187443
11510,106759,0.219329
11511,28368,0.010023062
11512,88095,0.003597274
11513,72280,0.099925734
11514,43118,0.003931284
11515,2805,0.0703283
11516,86680,0.001863022
11517,112071,0.003492225
11518,56630,0.45595106
11519,44801,0.07799857
11520,62369,0.005289707
11521,42866,0.003845203
11522,114649,0.008801881
11523,77051,0.030657299
11524,107427,0.7014719
11525,21617,0.023007452
11526,111303,0.07195212
11527,29292,0.003939076
11528,102344,0.008843347
11529,114598,0.010000603
11530,25772,0.002783341
11531,61026,0.35229284
11532,613,0.007557975
11533,14278,0.14828144
11534,101895,0.305272
11535,76131,0.003969682
11536,1292,0.006614331
11537,64355,0.003904269
11538,98734,0.032247674
11539,11863,0.001794966
11540,7543,0.003763187
11541,47328,0.021644082
11542,16941,0.008834256
11543,18196,0.014417426
11544,8954,0.010608373
11545,22629,0.001898829
11546,31560,0.007842995
11547,10539,0.34057525
11548,19510,0.069348864
11549,65552,0.002638481
11550,47412,0.19540173
11551,33702,0.002342518
11552,70473,0.010470524
11553,68630,0.37194803
11554,35759,0.60356903
11555,44835,0.002343946
11556,111514,0.09528279
11557,25093,0.004880521
11558,5582,0.05081139
11559,114479,0.20723172
11560,89186,0.005891557
11561,38508,0.008393604
11562,81189,0.13489428
11563,36874,0.00733466
11564,78668,0.18756248
11565,20730,0.001791832
11566,57470,0.28324848
11567,10334,0.009672449
11568,109093,0.011033871
11569,63140,0.4922878
11570,92277,0.007307612
11571,26853,0.008656969
11572,110227,0.29084405
11573,53070,0.001842464
11574,80526,0.003329546
11575,23174,0.002797585
11576,4810,0.101560004
11577,60474,0.18049315
11578,16867,0.005986754
11579,92528,0.06727939
11580,20342,0.6163387
11581,39872,0.003426626
11582,13703,0.3878942
11583,115906,0.014914193
11584,69603,0.051929373
11585,39014,0.099420376
11586,8204,0.003391512
11587,104792,0.007159477
11588,74221,0.3973076
11589,75659,0.28607228
11590,31770,0.008020958
11591,7579,0.024155688
11592,106715,0.36567864
11593,55020,0.31836954
11594,103605,0.41989565
11595,37979,0.001930661
11596,78423,0.014733208
11597,67737,0.014328138
11598,96208,0.006917459
11599,90672,0.003929781
11600,34465,0.18489538
11601,114517,0.005435072
11602,13520,0.00273235
11603,41567,0.012128828
11604,97174,0.43482703
11605,8662,0.004191292
11606,100843,0.18998767
11607,106619,0.38504326
11608,98742,0.002950756
11609,22002,0.06726596
11610,105875,0.009984419
11611,88346,0.005662727
11612,86968,0.017118469
11613,112667,0.07662316
11614,106572,0.001926316
11615,107398,0.032327548
11616,4653,0.002061135
11617,89017,0.17487387
11618,96256,0.19418226
11619,69546,0.003785769
11620,71620,0.086063035
11621,21351,0.038107913
11622,65563,0.003758324
11623,85630,0.14707308
11624,2499,0.014138967
11625,63593,0.003650396
11626,24537,0.001789461
11627,29328,0.02013454
11628,39922,0.08240794
11629,69368,0.041304935
11630,24359,0.004110082
11631,82097,0.004281956
11632,105771,0.49003837
11633,102265,0.002162766
11634,89415,0.11960011
11635,13085,0.003025469
11636,62784,0.003668824
11637,88247,0.003345397
11638,56373,0.005482895
11639,45195,0.19180106
11640,30048,0.04162226
11641,97337,0.001790706
11642,48124,0.004147672
11643,26156,0.1170466
11644,65089,0.003701029
11645,16131,0.002431622
11646,70495,0.36908805
11647,69577,0.44648737
11648,88743,0.11960011
11649,71638,0.007917129
11650,33805,0.020178044
11651,60203,0.32420772
11652,11819,0.001794017
11653,46014,0.36828533
11654,29351,0.4884737
11655,46294,0.002164824
11656,100135,0.10940358
11657,98069,0.008165493
11658,63676,0.002671064
11659,83139,0.26066735
11660,45754,0.015042516
11661,61739,0.00367968
11662,62800,0.5205965
11663,12694,0.016616475
11664,112658,0.07662316
11665,86881,0.002011185
11666,16669,0.002431622
11667,89096,0.00857367
11668,5599,0.00187527
11669,6864,0.07784813
11670,56702,0.6611717
11671,95657,0.417236
11672,71151,0.004435765
11673,17590,0.044462264
11674,47333,0.040714253
11675,66174,0.002918327
11676,24872,0.003567636
11677,79565,0.08741735
11678,111538,0.6270821
11679,113368,0.1656454
11680,45649,0.004701359
11681,16976,0.044462264
11682,40276,0.004586582
11683,32976,0.001947928
11684,62221,0.28300995
11685,36475,0.019369874
11686,50678,0.02338836
11687,68255,0.016993497
11688,85155,0.011324106
11689,96523,0.2173976
11690,85671,0.005028035
11691,114655,0.002480038
11692,73758,0.5232593
11693,23148,0.007616826
11694,26880,0.003791526
11695,2245,0.00254073
11696,34756,0.46241757
11697,17444,0.002430388
11698,67758,0.01680705
11699,60458,0.003992424
11700,86609,0.002787742
11701,8046,0.004123088
11702,115979,0.002469995
11703,9993,0.001990603
11704,58498,0.008357308
11705,6775,0.002439485
11706,85263,0.004236159
11707,37568,0.1068757
11708,63494,0.010069105
11709,5551,0.025114452
11710,12646,0.001896635
11711,75661,0.018709429
11712,90812,0.003946801
11713,52738,0.004071441
11714,103004,0.00691471
11715,63199,0.089892805
11716,71389,0.21649152
11717,68552,0.031807296
11718,35212,0.007372324
11719,59092,0.38765764
11720,115857,0.009121961
11721,2816,0.012978539
11722,109242,0.55223817
11723,107241,0.010809792
11724,41039,0.15908574
11725,78128,0.003373273
11726,50523,0.002245428
11727,31774,0.002824674
11728,29605,0.011554565
11729,21469,0.001978584
11730,61871,0.0043102
11731,28278,0.003162365
11732,92897,0.010932645
11733,47441,0.004156749
11734,43875,0.006917897
11735,47854,0.004016057
11736,91613,0.001849113
11737,72102,0.03315652
11738,7911,0.003395331
11739,46186,0.01704471
11740,32252,0.003827986
11741,76738,0.011231945
11742,94088,0.00691717
11743,41546,0.003866578
11744,5613,0.00396801
11745,10874,0.015179251
11746,114863,0.004530784
11747,22321,0.00214706
11748,3241,0.021278527
11749,46193,0.00575821
11750,99711,0.13979623
11751,89718,0.6280977
11752,87940,0.05526143
11753,115479,0.02077577
11754,108950,0.6797642
11755,21317,0.003524311
11756,40484,0.053315993
11757,88176,0.09872595
11758,92987,0.4418101
11759,85493,0.10629087
11760,45711,0.10307828
11761,2067,0.17611228
11762,93087,0.002023181
11763,111258,0.2438174
11764,19846,0.15153345
11765,78683,0.020600645
11766,1954,0.002177757
11767,74813,0.4718152
11768,94541,0.44995895
11769,36065,0.31657913
11770,113220,0.012768315
11771,25947,0.31331185
11772,24470,0.00279757
11773,111868,0.008054594
11774,11108,0.002446401
11775,25,0.004338426
11776,89723,0.17550033
11777,33127,0.00419371
11778,59123,0.5058321
11779,32880,0.7159389
11780,52211,0.005729741
11781,28835,0.001837509
11782,23919,0.002897461
11783,59767,0.021949703
11784,49978,0.10258527
11785,1627,0.002542275
11786,54457,0.135828
11787,115637,0.001855667
11788,26117,0.004793081
11789,2216,0.003359884
11790,49962,0.00459139
11791,70552,0.23716499
11792,2815,0.012978539
11793,112277,0.31819937
11794,90537,0.22995193
11795,109277,0.008008178
11796,80249,0.067595884
11797,14097,0.047182873
11798,46266,0.009627194
11799,93434,0.7061671
11800,27501,0.008314972
11801,93616,0.71087205
11802,60487,0.003621475
11803,19086,0.00395336
11804,50870,0.111306995
11805,26828,0.036283348
11806,70222,0.003617606
11807,16859,0.007262365
11808,88659,0.15673766
11809,1350,0.14907685
11810,23969,0.002248839
11811,32965,0.004357404
11812,32066,0.02331528
11813,20196,0.007419325
11814,106827,0.014005522
11815,104565,0.001849745
11816,45791,0.004719639
11817,105389,0.5127981
11818,47081,0.005023406
11819,54629,0.002646567
11820,95515,0.002167889
11821,95357,0.7379235
11822,69435,0.006546202
11823,92625,0.5329257
11824,3380,0.003998483
11825,75793,0.15829541
11826,46248,0.01704471
11827,16095,0.001975106
11828,32477,0.002777546
11829,28492,0.021716237
11830,39692,0.001846529
11831,80960,0.004757812
11832,35161,0.001793675
11833,109215,0.001789496
11834,53456,0.43188608
11835,24954,0.007474703
11836,34463,0.24030998
11837,21613,0.003475255
11838,98024,0.19465394
11839,89394,0.15673766
11840,8048,0.009606449
11841,95166,0.002052215
11842,7587,0.21815845
11843,87242,0.002289294
11844,32447,0.004196057
11845,80688,0.0631545
11846,84022,0.18599565
11847,2807,0.001985758
11848,102905,0.14421959
11849,47776,0.004029516
11850,113304,0.0071122
11851,5593,0.005192195
11852,93055,0.008480386
11853,71537,0.00317497
11854,94462,0.010796258
11855,37166,0.120951325
11856,23433,0.002362461
11857,111307,0.06981273
11858,111690,0.4500432
11859,4463,0.68139404
11860,26634,0.04795241
11861,45438,0.26279432
11862,78809,0.004774835
11863,46621,0.2863451
11864,107203,0.05276281
11865,49046,0.004346786
11866,40526,0.003181954
11867,78295,0.111635365
11868,83092,0.08277167
11869,39337,0.13869889
11870,113305,0.16482182
11871,71730,0.05774513
11872,79526,0.00189978
11873,56740,0.003763365
11874,104095,0.003251484
11875,87321,0.004456251
11876,94872,0.005954077
11877,65352,0.003373683
11878,82796,0.003324933
11879,65685,0.005148532
11880,16535,0.005804216
11881,67720,0.19317478
11882,27711,0.001783319
11883,24241,0.009422754
11884,14128,0.002685599
11885,72276,0.07864465
11886,83654,0.002360664
11887,50378,0.17299815
11888,21565,0.002770256
11889,38602,0.001950539
11890,8077,0.1432384
11891,53174,0.002884978
11892,49891,0.006112996
11893,62026,0.08073243
11894,85498,0.16166583
11895,770,0.005120611
11896,99330,0.016772188
11897,8528,0.020437859
11898,5515,0.001941939
11899,108933,0.003502856
11900,100738,0.009224489
11901,64197,0.004367507
11902,83767,0.010403203
11903,78876,0.003550621
11904,23352,0.004066708
11905,69144,0.016924948
11906,56258,0.105815224
11907,83827,0.007555164
11908,90742,0.7073184
11909,92150,0.1466217
11910,34802,0.020178044
11911,51365,0.001799412
11912,50197,0.004202499
11913,18541,0.001799565
11914,80994,0.007970753
11915,105513,0.007961242
11916,49240,0.004658516
11917,18817,0.022799354
11918,9069,0.003587611
11919,95339,0.003660203
11920,82869,0.31599313
11921,66797,0.01562094
11922,57997,0.004186218
11923,39087,0.093599245
11924,17043,0.19777295
11925,107540,0.010118445
11926,75403,0.00575923
11927,104058,0.001847449
11928,1640,0.008919174
11929,83408,0.34225544
11930,21579,0.026470836
11931,115636,0.002258614
11932,101363,0.35733944
11933,68145,0.035494518
11934,102715,0.008372813
11935,29262,0.038209394
11936,86927,0.17212525
11937,33116,0.007582852
11938,86615,0.36325654
11939,27531,0.008233259
11940,42675,0.39941534
11941,105326,0.5127981
11942,30359,0.020374777
11943,93486,0.08315502
11944,18023,0.001873982
11945,2059,0.011923395
11946,69767,0.081190735
11947,92912,0.25969246
11948,53978,0.003899448
11949,7016,0.006174488
11950,54371,0.002674031
11951,44300,0.011137878
11952,82200,0.0072647
11953,81782,0.4850505
11954,63087,0.460181
11955,109212,0.006472573
11956,102032,0.14706483
11957,39383,0.08240794
11958,106748,0.003325444
11959,57248,0.004329563
11960,66035,0.00505156
11961,15548,0.009445472
11962,74628,0.04652822
11963,85849,0.4444208
11964,2530,0.16845551
11965,99009,0.013148542
11966,32255,0.10419263
11967,41756,0.020907322
11968,97624,0.08873564
11969,36482,0.31657913
11970,102372,0.06688096
11971,102807,0.2638493
11972,16043,0.001886329
11973,21491,0.007914989
11974,16385,0.4716137
11975,6577,0.010417841
11976,103165,0.058237106
11977,25393,0.009861726
11978,84603,0.001857415
11979,42539,0.004410415
11980,86816,0.004054698
11981,70958,0.07926732
11982,98281,0.37246728
11983,66271,0.019949963
11984,61702,0.001901493
11985,111005,0.007981944
11986,31320,0.020925328
11987,55545,0.003805588
11988,52488,0.0333462
11989,59042,0.04074878
11990,59832,0.003195671
11991,78101,0.011320434
11992,34782,0.020850072
11993,75712,0.28607228
11994,392,0.002624334
11995,52885,0.09162841
11996,37755,0.017826634
11997,35414,0.36264348
11998,8774,0.003553735
11999,23859,0.006144143
12000,9453,0.002792625
12001,46071,0.015042516
12002,84596,0.005562371
12003,15762,0.003000613
12004,108707,0.010643413
12005,64774,0.03909158
12006,48198,0.003964322
12007,115966,0.002202557
12008,113318,0.004635774
12009,27954,0.00179133
12010,55112,0.004549421
12011,59501,0.008020014
12012,100163,0.00601058
12013,88416,0.09253549
12014,80325,0.010084364
12015,1456,0.006794538
12016,95265,0.011784155
12017,73369,0.026542189
12018,801,0.014269493
12019,71831,0.01469697
12020,54935,0.13171592
12021,55799,0.8069725
12022,67413,0.15473202
12023,8173,0.019326929
12024,90342,0.14144568
12025,57152,0.48935434
12026,78738,0.07229756
12027,50164,0.09410485
12028,79783,0.001824062
12029,77478,0.004250414
12030,115605,0.016903682
12031,107266,0.40679637
12032,37932,0.12832618
12033,46171,0.00449394
12034,114356,0.001826945
12035,15310,0.26858836
12036,26800,0.002919867
12037,62483,0.054391224
12038,55047,0.53083444
12039,40930,0.21369122
12040,50380,0.00475636
12041,86146,0.003935488
12042,55092,0.004107814
12043,10409,0.005246499
12044,46956,0.002981196
12045,106402,0.53909737
12046,78657,0.003636844
12047,98202,0.17865439
12048,84924,0.003628864
12049,51127,0.001852537
12050,17245,0.009138534
12051,50457,0.08698327
12052,14067,0.001855746
12053,12040,0.001894519
12054,79663,0.02165401
12055,5800,0.3488918
12056,84957,0.001885602
12057,43642,0.003005507
12058,40150,0.004054207
12059,70602,0.005682167
12060,15305,0.003376239
12061,23568,0.59073377
12062,17171,0.002226237
12063,48877,0.006102861
12064,24381,0.003112596
12065,109028,0.019772675
12066,67240,0.28365964
12067,8153,0.00326135
12068,71662,0.0802148
12069,85888,0.001954136
12070,101158,0.002217004
12071,102633,0.04636589
12072,10383,0.025921714
12073,61991,0.021553673
12074,46697,0.017875366
12075,107686,0.019273667
12076,74604,0.026204342
12077,90430,0.35714734
12078,74632,0.004037337
12079,103963,0.19306132
12080,75688,0.019764386
12081,6999,0.16773751
12082,48723,0.003757573
12083,103898,0.0696978
12084,32441,0.101549864
12085,94362,0.001816349
12086,17651,0.003874224
12087,43706,0.014443175
12088,83490,0.005664203
12089,83952,0.2082926
12090,49528,0.00452138
12091,114965,0.001794261
12092,50606,0.006420585
12093,21891,0.6593256
12094,68978,0.26605517
12095,70986,0.4296917
12096,91816,0.09830573
12097,67476,0.03958818
12098,37489,0.003004639
12099,77154,0.016696058
12100,48996,0.004401722
12101,60908,0.5011527
12102,77204,0.018631766
12103,96070,0.19418226
12104,11631,0.003350345
12105,105598,0.22170356
12106,72750,0.017730668
12107,24447,0.001984427
12108,91977,0.19840853
12109,40520,0.004379298
12110,97362,0.006659885
12111,46130,0.003954357
12112,83510,0.008722056
12113,12443,0.6179649
12114,112096,0.002997108
12115,66501,0.007339727
12116,24981,0.003088862
12117,20712,0.003248015
12118,15382,0.001868589
12119,85170,0.028848363
12120,54248,0.32748094
12121,54438,0.002681565
12122,111471,0.028595585
12123,91418,0.77107257
12124,10054,0.002681053
12125,8384,0.016958691
12126,78250,0.001786563
12127,68911,0.26605517
12128,57908,0.005519609
12129,55296,0.6372861
12130,38945,0.006226318
12131,75231,0.15829541
12132,30290,0.004009771
12133,69083,0.007661469
12134,53325,0.29588732
12135,20204,0.021910392
12136,41700,0.001984185
12137,50899,0.004194839
12138,18498,0.002616069
12139,21149,0.007914989
12140,70360,0.002587486
12141,83203,0.18871394
12142,66982,0.2505581
12143,15980,0.002833379
12144,69185,0.001897983
12145,113043,0.12901202
12146,72727,0.52827734
12147,88013,0.001851628
12148,101857,0.1370173
12149,12796,0.002077733
12150,32788,0.00593135
12151,51827,0.21882384
12152,98823,0.003307015
12153,56271,0.34767845
12154,47179,0.008787259
12155,90012,0.0067597
12156,114762,0.00632019
12157,91587,0.010189424
12158,64253,0.004084883
12159,13171,0.7581467
12160,12677,0.005678372
12161,31045,0.007850059
12162,59906,0.30885333
12163,95414,0.04980643
12164,35940,0.10341515
12165,76302,0.37469503
12166,84430,0.011535134
12167,78011,0.1851421
12168,44055,0.001959503
12169,43428,0.005345837
12170,37441,0.003431244
12171,32776,0.003049389
12172,19695,0.00588299
12173,66780,0.004520571
12174,37183,0.22518128
12175,67566,0.60288835
12176,89424,0.024514996
12177,38665,0.002492699
12178,75991,0.067048624
12179,38305,0.003785526
12180,53842,0.008680925
12181,44598,0.020680794
12182,77949,0.07520218
12183,57902,0.001818204
12184,59995,0.001980994
12185,107728,0.009900209
12186,40472,0.49871993
12187,43651,0.25398993
12188,46905,0.017875366
12189,25589,0.008974124
12190,39823,0.42780647
12191,60723,0.004529197
12192,83167,0.004985976
12193,22282,0.002868098
12194,58520,0.59170854
12195,76696,0.8439033
12196,112788,0.001785657
12197,98418,0.10606426
12198,17287,0.002324211
12199,111302,0.04097485
12200,57381,0.15590943
12201,25801,0.004110082
12202,46887,0.004263843
12203,49545,0.1994777
12204,47291,0.40248907
12205,55235,0.22923452
12206,24212,0.004665109
12207,81276,0.008209049
12208,10272,0.47655082
12209,82033,0.1346797
12210,109184,0.002597389
12211,67154,0.054799967
12212,12981,0.876562
12213,45590,0.006100562
12214,49129,0.05818202
12215,11257,0.16147307
12216,15837,0.001934186
12217,91102,0.441061
12218,94545,0.003714663
12219,64846,0.02189953
12220,19471,0.010782294
12221,11392,0.016746642
12222,84947,0.3233597
12223,14166,0.24689648
12224,43919,0.01110373
12225,5280,0.54918355
12226,73347,0.03922818
12227,44514,0.020089367
12228,107240,0.002066963
12229,62038,0.003960504
12230,89923,0.006748693
12231,38791,0.003026213
12232,6495,0.10476715
12233,66352,0.1791554
12234,105877,0.007394068
12235,44460,0.004742701
12236,9244,0.13685754
12237,87674,0.20576936
12238,51159,0.003736481
12239,56658,0.010096919
12240,39436,0.024813317
12241,90426,0.003886156
12242,87398,0.006595824
12243,90553,0.001793797
12244,55484,0.003805588
12245,101554,0.054168183
12246,72563,0.16267619
12247,28989,0.005260902
12248,9928,0.026177205
12249,2058,0.073456794
12250,48873,0.37669057
12251,115028,0.009728508
12252,96560,0.004025983
12253,63881,0.005281444
12254,88006,0.004961223
12255,84376,0.20852552
12256,72548,0.002800558
12257,86047,0.3967435
12258,105668,0.002667535
12259,3120,0.012118463
12260,86592,0.20082603
12261,29741,0.020374777
12262,84340,0.69172245
12263,113340,0.002330657
12264,30791,0.00180263
12265,70440,0.07968667
12266,54879,0.022810087
12267,12242,0.002136524
12268,33542,0.002014921
12269,63966,0.24645725
12270,41173,0.04293207
12271,35005,0.004629116
12272,8517,0.16828656
12273,20033,0.015123432
12274,34921,0.020178044
12275,99064,0.06111315
12276,75942,0.06501057
12277,89400,0.15673766
12278,90019,0.20210756
12279,109053,0.27574638
12280,35632,0.10341515
12281,57004,0.58337814
12282,63297,0.77594215
12283,33731,0.007545867
12284,73773,0.07816974
12285,58003,0.004603289
12286,66819,0.020437544
12287,44545,0.04044044
12288,106172,0.11540272
12289,61891,0.00456166
12290,79270,0.013944127
12291,61270,0.005278149
12292,96206,0.009117406
12293,50482,0.003127934
12294,54936,0.003090164
12295,63931,0.004412693
12296,98356,0.045794968
12297,109672,0.016174635
12298,22259,0.008586496
12299,74643,0.15423357
12300,4517,0.001796032
12301,12991,0.005292962
12302,30426,0.004666983
12303,10799,0.002145212
12304,81223,0.003528112
12305,3863,0.016335476
12306,56853,0.004055833
12307,29460,0.15681937
12308,52247,0.091003016
12309,20611,0.005004632
12310,27234,0.005991284
12311,69719,0.021468466
12312,72113,0.062016897
12313,10421,0.00368301
12314,64422,0.00272188
12315,108438,0.22595055
12316,57034,0.002037784
12317,82296,0.00941693
12318,66508,0.002033126
12319,1591,0.013085094
12320,22745,0.002830294
12321,47738,0.00319401
12322,83847,0.008741
12323,13770,0.3337996
12324,54679,0.002367086
12325,31493,0.06768213
12326,77089,0.25920126
12327,38735,0.009839783
12328,70145,0.017824005
12329,51490,0.21638402
12330,52216,0.004588989
12331,4820,0.4570534
12332,3420,0.002692381
12333,26659,0.31792673
12334,69324,0.003900827
12335,70783,0.005943689
12336,74661,0.02489576
12337,100105,0.039564915
12338,65855,0.019510036
12339,5714,0.002822214
12340,4620,0.001796317
12341,79009,0.010820194
12342,574,0.004550248
12343,43778,0.001859413
12344,101133,0.002423188
12345,66561,0.12659763
12346,110876,0.31092393
12347,42212,0.003284708
12348,14554,0.062368654
12349,75691,0.004938011
12350,4027,0.017582597
12351,91686,0.094003625
12352,42709,0.03335436
12353,66326,0.018298723
12354,112746,0.020251237
12355,69645,0.17656891
12356,82438,0.41421816
12357,72724,0.21735974
12358,75665,0.001799559
12359,70214,0.004914536
12360,40573,0.58489376
12361,69976,0.019727323
12362,71583,0.00545855
12363,11152,0.18089633
12364,23602,0.057063777
12365,48796,0.06395944
12366,54080,0.004472185
12367,32497,0.004352045
12368,13699,0.002767729
12369,65388,0.003829652
12370,21013,0.00806547
12371,30033,0.006275381
12372,110983,0.001854217
12373,8818,0.005608478
12374,42138,0.002722897
12375,65132,0.004056285
12376,19663,0.010782294
12377,113652,0.001866165
12378,98930,0.005940481
12379,4192,0.002336707
12380,61915,0.004036203
12381,56478,0.006090267
12382,15904,0.01479089
12383,114538,0.001822681
12384,112509,0.007636304
12385,11670,0.007175669
12386,2356,0.001932621
12387,97075,0.010409547
12388,40525,0.053679798
12389,1293,0.006614331
12390,76202,0.07595434
12391,21543,0.009094366
12392,18167,0.002907759
12393,106769,0.054501656
12394,27165,0.43697822
12395,89981,0.08263265
12396,35320,0.023727855
12397,103154,0.011017747
12398,58371,0.00428717
12399,46303,0.014127335
12400,36460,0.029392717
12401,84633,0.003143268
12402,35905,0.005197427
12403,75796,0.005963974
12404,44521,0.100535974
12405,2840,0.002209258
12406,107655,0.007733756
12407,91028,0.01473568
12408,90709,0.04939487
12409,72538,0.02037029
12410,69897,0.004213379
12411,112173,0.010991943
12412,15184,0.024008378
12413,20404,0.003436449
12414,4842,0.09402507
12415,28724,0.00926917
12416,87296,0.46791068
12417,3834,0.002235414
12418,81397,0.013045786
12419,31042,0.014616865
12420,25146,0.009422754
12421,103341,0.010107476
12422,101823,0.006238911
12423,3885,0.003983327
12424,8500,0.001941031
12425,27879,0.18689989
12426,97591,0.00362697
12427,82133,0.03660319
12428,86023,0.003801777
12429,38206,0.123563856
12430,81668,0.012954244
12431,114777,0.037122123
12432,75715,0.020599775
12433,56895,0.008937225
12434,96888,0.049333688
12435,27907,0.008365938
12436,107586,0.00227212
12437,31444,0.003082221
12438,114717,0.01959783
12439,114781,0.009685942
12440,112781,0.007199703
12441,68264,0.00381374
12442,23284,0.006335109
12443,49565,0.1994777
12444,61276,0.08882701
12445,26691,0.1170466
12446,100901,0.002421577
12447,15447,0.11317582
12448,5091,0.20537238
12449,107094,0.40679637
12450,84766,0.3402744
12451,21211,0.00736721
12452,110678,0.011604929
12453,84346,0.34577808
12454,53301,0.43188608
12455,91482,0.09830573
12456,42406,0.40635827
12457,64206,0.004251425
12458,39660,0.02125989
12459,70633,0.005152318
12460,64154,0.004056104
12461,88772,0.2642231
12462,92138,0.29935107
12463,38565,0.078135245
12464,55541,0.09340987
12465,52485,0.004799575
12466,22445,0.044771552
12467,90485,0.022329506
12468,473,0.04449018
12469,97810,0.36746407
12470,46392,0.00244534
12471,52423,0.19010328
12472,18721,0.06730691
12473,30744,0.021070324
12474,69791,0.021935975
12475,96249,0.3980268
12476,62001,0.11413477
12477,74266,0.037582107
12478,56490,0.003212652
12479,111889,0.090140164
12480,101073,0.001868635
12481,74795,0.30577114
12482,46007,0.001789548
12483,41418,0.08256301
12484,21145,0.002743069
12485,35238,0.001790981
12486,87481,0.003601835
12487,464,0.004550248
12488,51378,0.006745593
12489,73632,0.078583956
12490,57945,0.004668266
12491,58317,0.5435884
12492,57485,0.4953919
12493,60008,0.003937447
12494,18099,0.00580658
12495,115851,0.003317729
12496,88103,0.24294837
12497,101613,0.054168183
12498,42360,0.3670925
12499,7577,0.17962284
12500,6226,0.006883279
12501,114623,0.042088468
12502,34468,0.00744122
12503,30181,0.07266366
12504,38934,0.003813833
12505,31701,0.00398043
12506,54305,0.003757732
12507,69314,0.003785769
12508,98259,0.19193354
12509,44019,0.002529839
12510,30442,0.010381473
12511,71732,0.01272057
12512,40732,0.04936164
12513,48136,0.001982047
12514,31510,0.009419719
12515,96889,0.7000107
12516,58276,0.006242516
12517,100497,0.24451068
12518,7921,0.002980401
12519,101481,0.007991952
12520,39753,0.003792582
12521,26302,0.061696548
12522,80499,0.005178423
12523,65849,0.005051021
12524,11244,0.6989279
12525,43583,0.105045505
12526,36699,0.15241554
12527,58387,0.003221106
12528,104980,0.002935813
12529,64109,0.003365824
12530,13833,0.36752707
12531,6562,0.002302137
12532,103288,0.002765701
12533,59038,0.003016026
12534,39386,0.020678578
12535,94160,0.021139974
12536,63670,0.84882665
12537,111916,0.010532708
12538,26173,0.009640078
12539,32224,0.16821413
12540,96706,0.00451861
12541,115522,0.008674309
12542,74594,0.002592552
12543,29806,0.004449254
12544,637,0.04125787
12545,56776,0.15096214
12546,82047,0.00216371
12547,52655,0.0055656
12548,77233,0.00724415
12549,377,0.022753546
12550,96056,0.008153287
12551,92954,0.02393559
12552,97874,0.07348008
12553,23880,0.06388427
12554,49399,0.1994777
12555,11320,0.001793943
12556,60273,0.37424824
12557,9856,0.21795282
12558,24556,0.051609628
12559,105216,0.020377314
12560,34306,0.020178044
12561,60397,0.005266922
12562,107992,0.008036661
12563,109472,0.009209466
12564,16758,0.005647082
12565,70652,0.016272392
12566,83921,0.066360086
12567,46324,0.003954357
12568,24843,0.07078753
12569,110159,0.003720772
12570,40476,0.16209315
12571,101193,0.003152774
12572,23920,0.002905476
12573,80987,0.013983934
12574,96937,0.16294542
12575,21983,0.004645163
12576,100650,0.09134861
12577,15630,0.004331786
12578,44887,0.003990276
12579,52180,0.091003016
12580,33286,0.003194517
12581,83208,0.073214844
12582,47356,0.003494019
12583,38434,0.017826634
12584,112786,0.01230216
12585,62797,0.006448215
12586,89370,0.003639601
12587,54809,0.004406554
12588,98706,0.00722687
12589,66360,0.04536511
12590,95846,0.56822616
12591,114871,0.7621696
12592,79484,0.07003697
12593,39194,0.004066171
12594,15565,0.002467381
12595,100188,0.003461002
12596,28355,0.00841784
12597,76211,0.002624521
12598,95950,0.49552244
12599,89493,0.15673766
12600,5901,0.006888934
12601,41869,0.003121157
12602,18302,0.004892187
12603,94744,0.008826064
12604,14390,0.047182873
12605,18086,0.001796005
12606,63114,0.59870493
12607,10483,0.00353891
12608,90620,0.026937308
12609,43071,0.1367386
12610,16848,0.005804216
12611,59417,0.00642973
12612,106971,0.002125793
12613,51730,0.005581021
12614,44590,0.003521221
12615,59779,0.020038642
12616,15215,0.002574614
12617,60216,0.04519214
12618,38557,0.02602107
12619,48799,0.004005643
12620,74136,0.004608317
12621,83015,0.003746882
12622,71222,0.2029508
12623,36262,0.6910075
12624,114242,0.40186504
12625,98458,0.004526964
12626,42015,0.14203341
12627,79304,0.11703177
12628,74250,0.026204342
12629,9653,0.001844071
12630,86008,0.007417847
12631,12755,0.002535028
12632,81754,0.41396257
12633,87243,0.003424116
12634,18712,0.002501498
12635,18929,0.002773933
12636,52538,0.006383262
12637,112487,0.5186202
12638,78991,0.009382422
12639,87115,0.11084681
12640,10678,0.014425742
12641,107960,0.5123608
12642,783,0.001895798
12643,83109,0.004107504
12644,23308,0.004368681
12645,115443,0.006033194
12646,30674,0.021070324
12647,102438,0.058697965
12648,21170,0.003757532
12649,42142,0.004340477
12650,69030,0.01908301
12651,34757,0.17612927
12652,32004,0.001944661
12653,66143,0.9464541
12654,23132,0.003594416
12655,83402,0.00412487
12656,38343,0.002897554
12657,83137,0.16515827
12658,106491,0.002064683
12659,112331,0.040144976
12660,40898,0.004484711
12661,105742,0.00180601
12662,26479,0.009640078
12663,84595,0.13182597
12664,109410,0.003511243
12665,4246,0.001861049
12666,93928,0.13495673
12667,34070,0.24030998
12668,92186,0.001963135
12669,45145,0.72668165
12670,108051,0.18885915
12671,34473,0.003629291
12672,87787,0.20576936
12673,19640,0.008802264
12674,112043,0.27622887
12675,78676,0.11703177
12676,88808,0.19900773
12677,52775,0.09209084
12678,38438,0.017826634
12679,31965,0.8613313
12680,79781,0.027045464
12681,15312,0.10357809
12682,115419,0.002904219
12683,46584,0.01397537
12684,8656,0.01104046
12685,8334,0.014434042
12686,31347,0.2818442
12687,46835,0.003715044
12688,98856,0.003533454
12689,98431,0.001937674
12690,13009,0.025435481
12691,82666,0.073214844
12692,35616,0.006376328
12693,69964,0.14064063
12694,47091,0.004340265
12695,816,0.007001475
12696,87307,0.4056243
12697,32025,0.02331528
12698,32595,0.004223379
12699,26639,0.001789937
12700,58188,0.006242516
12701,48067,0.06268009
12702,111618,0.5612189
12703,88918,0.15433618
12704,36550,0.008236156
12705,14778,0.001793446
12706,73110,0.005155371
12707,13757,0.002931091
12708,38457,0.004657017
12709,41053,0.004026863
12710,99269,0.0706125
12711,1331,0.003753776
12712,89594,0.002847738
12713,22760,0.004133069
12714,63941,0.019251993
12715,48842,0.07653609
12716,69823,0.081190735
12717,33758,0.003082225
12718,100058,0.14938304
12719,77736,0.014539152
12720,32278,0.041354425
12721,20654,0.006924642
12722,58334,0.001792783
12723,94664,0.006917459
12724,113940,0.001855593
12725,86654,0.008570436
12726,26915,0.036283348
12727,88531,0.01604047
12728,31674,0.024422169
12729,114506,0.40186504
12730,103422,0.013965623
12731,53129,0.04919037
12732,103105,0.39981425
12733,19292,0.010782294
12734,113034,0.12901202
12735,5360,0.003514433
12736,39684,0.4710676
12737,51673,0.07179106
12738,15789,0.002115274
12739,35439,0.003205334
12740,93631,0.003850388
12741,108138,0.003889727
12742,50713,0.085715875
12743,66733,0.015208197
12744,37018,0.003119627
12745,50908,0.19620642
12746,31752,0.009598549
12747,63838,0.002184524
12748,25866,0.009207108
12749,99007,0.003383211
12750,68459,0.091607034
12751,92921,0.70402735
12752,47751,0.004245577
12753,18084,0.00769753
12754,90499,0.01881883
12755,84876,0.004255654
12756,109431,0.001814829
12757,21680,0.011761903
12758,25018,0.001791993
12759,79208,0.14483392
12760,91269,0.006927384
12761,27816,0.008233259
12762,42370,0.8886737
12763,10669,0.001863109
12764,88616,0.16594703
12765,64674,0.008901943
12766,59950,0.34583712
12767,82044,0.10555178
12768,53989,0.003044801
12769,4040,0.002707706
12770,47747,0.009796496
12771,76413,0.25037235
12772,15129,0.002981587
12773,91002,0.00444385
12774,14260,0.002065233
12775,110752,0.2942412
12776,45792,0.00297186
12777,48006,0.06268009
12778,114889,0.107051514
12779,8937,0.00252062
12780,40599,0.006444367
12781,47535,0.0038758
12782,66034,0.005074523
12783,57335,0.004003216
12784,65811,0.005452134
12785,52344,0.3506458
12786,59349,0.38765764
12787,11668,0.003489322
12788,88991,0.15673766
12789,99807,0.040772438
12790,37824,0.00405233
12791,93968,0.006649901
12792,6308,0.11225791
12793,86381,0.005581503
12794,15629,0.018881993
12795,75706,0.018950814
12796,48104,0.025866404
12797,10492,0.04947914
12798,15322,0.00196915
12799,35843,0.005312823
12800,97710,0.4061984
12801,49945,0.002724651
12802,24602,0.003732541
12803,8155,0.013231541
12804,77660,0.015872719
12805,95724,0.008164199
12806,112675,0.21869846
12807,88462,0.16949388
12808,92351,0.006098952
12809,3382,0.001849639
12810,33931,0.005127973
12811,31035,0.003111211
12812,93614,0.13933632
12813,70165,0.041304935
12814,110412,0.51235116
12815,29571,0.003308433
12816,16093,0.050038066
12817,61334,0.07239571
12818,109381,0.4361411
12819,92459,0.36903685
12820,108185,0.952134
12821,6596,0.009330138
12822,5692,0.068935685
12823,1696,0.002680092
12824,94605,0.006917459
12825,107499,0.001880326
12826,39037,0.002733606
12827,66164,0.1791554
12828,73611,0.030658374
12829,109468,0.007296986
12830,83977,0.34577808
12831,72087,0.39255407
12832,68989,0.016924948
12833,65828,0.037761975
12834,83519,0.27430603
12835,99570,0.007339776
12836,22659,0.005281725
12837,109735,0.008461518
12838,101179,0.001926724
12839,52516,0.003231442
12840,8463,0.004049462
12841,106243,0.007678748
12842,47735,0.017748514
12843,96776,0.018703679
12844,12161,0.044501908
12845,30318,0.004256701
12846,105905,0.030369075
12847,109984,0.52473897
12848,27842,0.0041128
12849,37413,0.12832618
12850,51533,0.012016445
12851,60657,0.591788
12852,101573,0.3399453
12853,77834,0.004687472
12854,1811,0.001903657
12855,21318,0.001800982
12856,46809,0.27865413
12857,89992,0.051437367
12858,72748,0.004186526
12859,5074,0.22820483
12860,43484,0.08055079
12861,56565,0.40200427
12862,62501,0.034169253
12863,88835,0.19900773
12864,97927,0.005278572
12865,101327,0.33742553
12866,60962,0.017363993
12867,107724,0.007733756
12868,5913,0.001884185
12869,29486,0.003939076
12870,63662,0.7715395
12871,74208,0.009565451
12872,57572,0.34035674
12873,33993,0.004157906
12874,13538,0.002681201
12875,108622,0.001843139
12876,1509,0.059494067
12877,17864,0.014340555
12878,33058,0.004786566
12879,7891,0.002699468
12880,16266,0.002430388
12881,101440,0.010032521
12882,64088,0.004333135
12883,100636,0.005825342
12884,3710,0.41674292
12885,72535,0.13680579
12886,46256,0.003964228
12887,58112,0.003415183
12888,88925,0.004623225
12889,113850,0.15815203
12890,54609,0.005017466
12891,10022,0.004015332
12892,82181,0.4850505
12893,112891,0.01381191
12894,94359,0.027172605
12895,58008,0.004603289
12896,62978,0.004325187
12897,62509,0.00354107
12898,110215,0.34202605
12899,70166,0.21532732
12900,88724,0.12705849
12901,106141,0.11540272
12902,36253,0.6123287
12903,72031,0.00533449
12904,94147,0.08037454
12905,38638,0.002692489
12906,6613,0.002072883
12907,97226,0.21257025
12908,102890,0.00691471
12909,55416,0.005212218
12910,99179,0.013408888
12911,72188,0.07864465
12912,60967,0.076224774
12913,105027,0.23142152
12914,99342,0.004308543
12915,48652,0.033140793
12916,6954,0.43098015
12917,12628,0.36035162
12918,18616,0.06256241
12919,97952,0.017368704
12920,95229,0.5454564
12921,79631,0.12647603
12922,111745,0.40741014
12923,114025,0.054957025
12924,57220,0.5671059
12925,73066,0.27745542
12926,54468,0.004948803
12927,31348,0.076202616
12928,13694,0.10284892
12929,87373,0.004600816
12930,112329,0.00921263
12931,86302,0.17796935
12932,75133,0.15829541
12933,26814,0.017183924
12934,21869,0.005481632
12935,4982,0.002438681
12936,63753,0.00419253
12937,62944,0.022454755
12938,25663,0.007780484
12939,59582,0.53482115
12940,67526,0.30292937
12941,19751,0.002034251
12942,89892,0.024522273
12943,11416,0.003737657
12944,30620,0.008255424
12945,80892,0.004303213
12946,12841,0.002016496
12947,54146,0.009400389
12948,112053,0.28990695
12949,82102,0.008298843
12950,87764,0.001805177
12951,15745,0.002696688
12952,24902,0.008882586
12953,87137,0.11084681
12954,61190,0.12511514
12955,37629,0.003785526
12956,4644,0.022224132
12957,11327,0.003940626
12958,50294,0.003079694
12959,24893,0.3183615
12960,10783,0.08613526
12961,64411,0.003312501
12962,48769,0.00933691
12963,69417,0.017225197
12964,97808,0.001858982
12965,114966,0.003588571
12966,100053,0.09114232
12967,19165,0.003525108
12968,22518,0.003699614
12969,60346,0.08029195
12970,40775,0.38331285
12971,107157,0.012970398
12972,98443,0.009643111
12973,67805,0.0047737
12974,67428,0.041016206
12975,59215,0.006542546
12976,24932,0.032413974
12977,99968,0.038398765
12978,14863,0.007787895
12979,89291,0.11960011
12980,24020,0.003455595
12981,9743,0.02689024
12982,95346,0.004661331
12983,10571,0.001863012
12984,57425,0.00183701
12985,32172,0.00364339
12986,38238,0.003812791
12987,77973,0.007718195
12988,13866,0.006325858
12989,103742,0.12825175
12990,114306,0.017252654
12991,26520,0.003361035
12992,60831,0.9048566
12993,2215,0.012304106
12994,14258,0.03676309
12995,88748,0.00801522
12996,34316,0.09647208
12997,100824,0.33595565
12998,2950,0.0703283
12999,35682,0.004962657
13000,35576,0.007372324
13001,114589,0.004070136
13002,90023,0.024522273
13003,18009,0.002430388
13004,105580,0.00605545
13005,114349,0.013387721
13006,56276,0.017787887
13007,100784,0.002182792
13008,1496,0.00620924
13009,97367,0.002279611
13010,102052,0.004143597
13011,12125,0.022452693
13012,9798,0.001962564
13013,48449,0.004258876
13014,56777,0.43905675
13015,72890,0.005629934
13016,6703,0.024935663
13017,47104,0.003924378
13018,73023,0.17389147
13019,49801,0.003399803
13020,76964,0.006265938
13021,110168,0.16206592
13022,11388,0.056331895
13023,80964,0.002560957
13024,65439,0.018161459
13025,48231,0.011034423
13026,81053,0.010856684
13027,110878,0.008046685
13028,79063,0.030980704
13029,67600,0.015955992
13030,25169,0.04754839
13031,3638,0.013027176
13032,46194,0.004744693
13033,37004,0.003723978
13034,19253,0.004334573
13035,71797,0.0802148
13036,43495,0.048053693
13037,61482,0.52375716
13038,22601,0.012900336
13039,51683,0.09122714
13040,49232,0.004943652
13041,89893,0.2040091
13042,32056,0.53848994
13043,42468,0.009844324
13044,66437,0.0205003
13045,78760,0.07229756
13046,41523,0.007254922
13047,100492,0.003974064
13048,83480,0.003058926
13049,105510,0.37983128
13050,50345,0.001933841
13051,28738,0.24377659
13052,75769,0.28607228
13053,22056,0.011492424
13054,102427,0.15412453
13055,85670,0.011381158
13056,80094,0.001968169
13057,60349,0.35229284
13058,96119,0.006106417
13059,9399,0.13137211
13060,86907,0.464119
13061,86989,0.004796298
13062,14105,0.00345366
13063,9560,0.001874298
13064,64672,0.001849268
13065,11006,0.00302846
13066,53215,0.008245755
13067,73170,0.003183534
13068,83868,0.10684437
13069,55476,0.5940893
13070,25377,0.008537043
13071,30654,0.003330296
13072,98988,0.43511564
13073,17490,0.14719974
13074,91338,0.10382134
13075,76564,0.3562059
13076,66365,0.002668399
13077,29991,0.7428696
13078,19273,0.007148297
13079,74691,0.005401098
13080,60463,0.4678126
13081,49139,0.004670138
13082,44530,0.100535974
13083,69567,0.44658148
13084,58724,0.38765764
13085,59472,0.5058321
13086,108807,0.002136131
13087,17847,0.007885879
13088,10290,0.08519913
13089,44165,0.003694408
13090,21460,0.008823027
13091,115894,0.003168159
13092,18357,0.00295956
13093,20395,0.115904786
13094,11978,0.28242135
13095,108556,0.009246802
13096,67977,0.628203
13097,86534,0.002555483
13098,29908,0.020374777
13099,170,0.011630171
13100,17770,0.014340555
13101,61426,0.003959091
13102,18754,0.09111931
13103,88251,0.001993494
13104,57634,0.006936059
13105,105106,0.083327085
13106,83773,0.0019144
13107,88869,0.016619116
13108,5082,0.02142429
13109,57319,0.003758182
13110,9581,0.15660429
13111,56633,0.6087626
13112,3169,0.003823316
13113,75655,0.005734331
13114,82513,0.16930784
13115,52767,0.92613524
13116,23656,0.013209146
13117,27056,0.008434573
13118,54806,0.12724619
13119,16252,0.080471575
13120,100936,0.2865161
13121,37087,0.003785526
13122,3094,0.01351109
13123,107332,0.003046812
13124,49016,0.004670138
13125,4647,0.022224132
13126,71455,0.014579558
13127,79876,0.2678473
13128,17051,0.007262365
13129,107618,0.032327548
13130,83107,0.278023
13131,107156,0.020487463
13132,76261,0.004967206
13133,58844,0.13529342
13134,87949,0.11740755
13135,55743,0.003758303
13136,19124,0.015300721
13137,112425,0.355121
13138,38070,0.002929377
13139,62482,0.004861435
13140,9331,0.024574704
13141,46496,0.001785749
13142,69177,0.2600401
13143,64722,0.00378651
13144,21009,0.009127819
13145,100856,0.008746595
13146,65396,0.004864965
13147,59932,0.30885333
13148,71826,0.003846814
13149,53281,0.003742212
13150,57803,0.002962239
13151,112553,0.008601536
13152,38048,0.21023597
13153,73766,0.013869373
13154,106337,0.003194506
13155,24314,0.020942157
13156,95990,0.024162788
13157,80225,0.020885117
13158,26361,0.059509955
13159,53955,0.005289504
13160,96324,0.01808761
13161,46616,0.020255486
13162,2175,0.073456794
13163,16337,0.001796005
13164,82480,0.002079468
13165,84775,0.002019892
13166,72723,0.014518576
13167,11312,0.044565383
13168,85544,0.14707308
13169,30565,0.004144773
13170,89372,0.016166564
13171,94779,0.015955828
13172,40997,0.030531347
13173,112040,0.006334013
13174,107323,0.002383091
13175,86308,0.00407111
13176,40066,0.004717389
13177,40083,0.003942743
13178,64909,0.045560382
13179,29903,0.003274548
13180,71790,0.39255407
13181,85277,0.7124155
13182,53780,0.43188608
13183,22109,0.011492424
13184,81722,0.013698597
13185,66305,0.015472868
13186,72309,0.07864465
13187,43720,0.16148965
13188,49384,0.025501756
13189,95137,0.073221244
13190,16811,0.007262365
13191,71093,0.05289359
13192,23234,0.003652507
13193,26364,0.04795241
13194,10300,0.0687978
13195,87374,0.11084681
13196,86897,0.021632442
13197,89497,0.3776769
13198,39570,0.09804841
13199,77010,0.055571444
13200,41395,0.23051392
13201,108459,0.001864151
13202,114789,0.003065188
13203,18054,0.014523468
13204,33889,0.0912829
13205,91924,0.59956807
13206,59669,0.3493376
13207,50182,0.07649891
13208,52376,0.09209084
13209,99156,0.01788852
13210,71287,0.4296917
13211,15824,0.007254449
13212,50587,0.09410485
13213,17316,0.007262365
13214,16753,0.001963792
13215,29865,0.006344989
13216,5161,0.58853465
13217,2603,0.001793421
13218,107526,0.003909201
13219,58807,0.003708065
13220,28360,0.019825613
13221,77494,0.014713661
13222,69812,0.004663073
13223,46021,0.003611098
13224,84395,0.0088607
13225,13125,0.049134884
13226,73935,0.10174163
13227,31651,0.008087271
13228,55179,0.23886418
13229,10997,0.056747157
13230,94906,0.4744394
13231,79229,0.006524904
13232,78871,0.18756248
13233,5402,0.003261513
13234,82887,0.004342215
13235,90278,0.2036179
13236,87110,0.021333938
13237,12585,0.02207955
13238,40903,0.01026183
13239,13010,0.008202657
13240,56504,0.15590943
13241,35494,0.003893685
13242,30560,0.001892511
13243,55613,0.23886418
13244,49482,0.002492867
13245,52352,0.3506458
13246,63411,0.004614084
13247,87724,0.098050945
13248,90397,0.10948103
13249,39857,0.003325586
13250,20243,0.010715188
13251,31435,0.09074344
13252,86095,0.004061275
13253,33782,0.21799766
13254,88846,0.10321532
13255,23886,0.21875595
13256,72728,0.39255407
13257,110479,0.00325692
13258,90849,0.83668995
13259,26875,0.008921547
13260,113679,0.7384993
13261,61561,0.002469593
13262,46583,0.020255486
13263,17506,0.002078565
13264,24989,0.009422754
13265,76711,0.077087484
13266,4017,0.006629176
13267,21876,0.002642138
13268,31244,0.002783587
13269,45054,0.25391906
13270,91328,0.42515633
13271,99947,0.2009604
13272,94801,0.002801589
13273,100296,0.14433482
13274,51754,0.28795227
13275,92805,0.005284381
13276,66893,0.10885503
13277,11753,0.002373874
13278,6248,0.098486215
13279,49116,0.24902943
13280,45258,0.002033764
13281,86894,0.002571911
13282,50891,0.001890149
13283,73246,0.07920986
13284,53466,0.005179131
13285,42056,0.001967471
13286,43617,0.014251604
13287,67212,0.36600125
13288,12033,0.04813418
13289,4800,0.25788885
13290,26830,0.018524176
13291,110204,0.63414514
13292,114402,0.004991232
13293,13864,0.21592984
13294,72509,0.003132676
13295,67018,0.015275339
13296,16167,0.007262365
13297,78392,0.00585551
13298,77130,0.005803291
13299,98142,0.672587
13300,79024,0.13793933
13301,77864,0.003101029
13302,35703,0.00313751
13303,108050,0.6473288
13304,78034,0.004054796
13305,92895,0.002500664
13306,50470,0.003026698
13307,2213,0.003869661
13308,90939,0.001815267
13309,112097,0.28990695
13310,64410,0.004954242
13311,50204,0.08698327
13312,109669,0.003557381
13313,10662,0.04947914
13314,79661,0.002653216
13315,41319,0.23051392
13316,2931,0.06356865
13317,26620,0.008840571
13318,93367,0.003046142
13319,58129,0.074804686
13320,70591,0.015349521
13321,91765,0.016525285
13322,75612,0.018709429
13323,36284,0.002749128
13324,15752,0.002626037
13325,57228,0.49012232
13326,51415,0.1971909
13327,103794,0.040068153
13328,64010,0.004056104
13329,113163,0.12901202
13330,104000,0.003721859
13331,76448,0.25259563
13332,78575,0.0019064
13333,37575,0.049791224
13334,20626,0.002975183
13335,46773,0.004765373
13336,74247,0.018967174
13337,107145,0.038979776
13338,42750,0.31193316
13339,68655,0.037032925
13340,20170,0.069348864
13341,52855,0.023587046
13342,109380,0.002158169
13343,12016,0.022452693
13344,93679,0.006069149
13345,93461,0.082612015
13346,36038,0.26402822
13347,65184,0.007807522
13348,43606,0.004043288
13349,56182,0.009367277
13350,66264,0.001963803
13351,110533,0.003763608
13352,90804,0.16496862
13353,51604,0.004301009
13354,1432,0.001848955
13355,38478,0.001792089
13356,722,0.009962308
13357,41455,0.06263339
13358,20627,0.003652507
13359,55507,0.4237678
13360,20946,0.004036804
13361,83956,0.4875542
13362,114403,0.004488566
13363,6946,0.001849688
13364,104001,0.003109651
13365,100590,0.24451068
13366,77783,0.033994325
13367,30320,0.07542821
13368,70716,0.21649152
13369,24010,0.001946983
13370,50291,0.08698327
13371,49678,0.1994777
13372,21978,0.004752556
13373,41822,0.004574881
13374,25188,0.009207108
13375,97932,0.007429371
13376,13168,0.11817042
13377,53009,0.5494148
13378,57173,0.003674625
13379,61691,0.5676495
13380,102923,0.005388773
13381,548,0.047504112
13382,28071,0.004381442
13383,43309,0.003102013
13384,69799,0.081190735
13385,66703,0.004364437
13386,114490,0.005405793
13387,15504,0.019800693
13388,72372,0.11499798
13389,13706,0.09266833
13390,31710,0.00338251
13391,115235,0.015794268
13392,100998,0.039565958
13393,104336,0.007748363
13394,73621,0.009229812
13395,29131,0.02023645
13396,99302,0.012097069
13397,67424,0.03768227
13398,20330,0.010720694
13399,88833,0.00449064
13400,99259,0.025189055
13401,90122,0.06820297
13402,7457,0.013741674
13403,54788,0.030119218
13404,2189,0.4987437
13405,28102,0.008929128
13406,13533,0.002681201
13407,106434,0.1624532
13408,66705,0.005865797
13409,68375,0.19696918
13410,102711,0.035883978
13411,80896,0.29165563
13412,77920,0.042600345
13413,85200,0.002897763
13414,67968,0.009611422
13415,73590,0.078583956
13416,99850,0.0028965
13417,109658,0.10648573
13418,16622,0.01975168
13419,208,0.01829508
13420,76905,0.045646496
13421,14601,0.006351495
13422,60841,0.076224774
13423,17621,0.019584032
13424,77491,0.009215359
13425,113186,0.24900837
13426,33650,0.18489538
13427,68483,0.019971047
13428,35420,0.8316331
13429,108218,0.44407633
13430,12417,0.015405222
13431,102212,0.008705584
13432,31937,0.03782688
13433,73725,0.078583956
13434,87530,0.38324347
13435,9619,0.005835976
13436,24469,0.003160273
13437,30888,0.021070324
13438,36188,0.31657913
13439,92679,0.007194983
13440,99567,0.001805283
13441,57016,0.6936281
13442,65837,0.002909037
13443,92782,0.1787987
13444,79821,0.03305242
13445,75233,0.028116742
13446,50517,0.004862694
13447,87196,0.001846044
13448,96317,0.2579645
13449,63879,0.002015147
13450,26394,0.020685164
13451,16864,0.002431622
13452,90196,0.005296318
13453,47116,0.001789445
13454,81136,0.003528112
13455,75901,0.011014568
13456,1519,0.006089035
13457,66359,0.005059405
13458,35369,0.004191929
13459,103659,0.003058808
13460,11900,0.72536063
13461,82460,0.007126043
13462,90371,0.25407982
13463,30928,0.008255424
13464,18315,0.018936658
13465,58771,0.3493376
13466,102571,0.054100476
13467,36066,0.003739657
13468,46903,0.016797952
13469,94984,0.024226038
13470,22742,0.00410805
13471,113302,0.06256943
13472,74899,0.1740356
13473,78129,0.003410528
13474,2774,0.014652388
13475,59273,0.08665841
13476,70502,0.3155571
13477,4918,0.006331306
13478,109270,0.013308582
13479,12756,0.007158348
13480,97707,0.001832847
13481,59302,0.08665841
13482,14058,0.002451423
13483,35117,0.24030998
13484,64681,0.001817731
13485,20789,0.004886957
13486,110017,0.007914945
13487,107343,0.005020369
13488,14663,0.08918912
13489,78031,0.036502805
13490,35660,0.10341515
13491,72794,0.1520264
13492,49752,0.061907917
13493,61192,0.004734113
13494,91442,0.013354043
13495,6016,0.02523487
13496,96466,0.2817158
13497,15429,0.015219271
13498,115283,0.008517941
13499,98,0.001798141
13500,74589,0.00439104
13501,111579,0.077203035
13502,88454,0.12388705
13503,97849,0.19465394
13504,109703,0.003530851
13505,30235,0.002737179
13506,54105,0.123388276
13507,48929,0.07219199
13508,42154,0.033676304
13509,9351,0.002830452
13510,92532,0.107150994
13511,49331,0.17621042
13512,51458,0.014985785
13513,107160,0.008497552
13514,113966,0.09289925
13515,112564,0.46211907
13516,75291,0.24287823
13517,104408,0.06911629
13518,95429,0.01307887
13519,75832,0.006173241
13520,554,0.001793677
13521,97355,0.010639624
13522,96825,0.002263623
13523,54884,0.004253805
13524,88868,0.016619116
13525,40791,0.005289188
13526,72445,0.026304051
13527,86557,0.005882831
13528,42580,0.13592163
13529,37864,0.003785526
13530,47161,0.003207213
13531,33257,0.09611661
13532,44558,0.018166684
13533,4375,0.024106024
13534,85942,0.39265388
13535,69488,0.00553728
13536,26309,0.008155029
13537,34195,0.020178044
13538,20650,0.005004632
13539,4725,0.75378925
13540,12243,0.002140192
13541,81670,0.008039357
13542,52692,0.003801028
13543,74528,0.006347247
13544,25234,0.003532954
13545,86233,0.27482143
13546,73008,0.27963176
13547,66186,0.021148648
13548,91838,0.17453894
13549,45654,0.24025601
13550,106594,0.027676178
13551,79174,0.008488381
13552,82726,0.17484102
13553,77732,0.19692989
13554,97237,0.003058478
13555,301,0.014703834
13556,109496,0.63113874
13557,39346,0.08240794
13558,67074,0.027552223
13559,43721,0.004739483
13560,68143,0.001855482
13561,29734,0.002883509
13562,89847,0.002376321
13563,41899,0.00398738
13564,43195,0.002266311
13565,76726,0.002361861
13566,35451,0.03293646
13567,108134,0.6287769
13568,85647,0.004425135
13569,91138,0.12408129
13570,36856,0.008775089
13571,38971,0.003969873
13572,85526,0.11415484
13573,109256,0.2662095
13574,46353,0.001951219
13575,91104,0.706978
13576,21279,0.026470836
13577,9822,0.20911328
13578,77020,0.028742025
13579,2995,0.01439465
13580,84396,0.34577808
13581,40417,0.003106289
13582,14017,0.006559344
13583,46590,0.002047496
13584,62751,0.42765838
13585,100230,0.17568442
13586,76626,0.06997252
13587,40965,0.005459109
13588,45775,0.34325188
13589,27159,0.00410968
13590,57357,0.46120232
13591,91115,0.74673307
13592,85790,0.4444208
13593,98518,0.48574904
13594,114681,0.002897468
13595,52789,0.022733461
13596,43969,0.017399974
13597,105886,0.003526867
13598,43568,0.09336413
13599,76618,0.004721974
13600,57595,0.039470233
13601,9894,0.002079183
13602,100639,0.43217185
13603,19205,0.001912404
13604,12202,0.39335793
13605,110973,0.088217564
13606,40633,0.003455085
13607,106914,0.38292432
13608,82875,0.08277167
13609,43972,0.017399974
13610,32091,0.002900495
13611,34722,0.09647208
13612,108236,0.024614725
13613,75416,0.005954012
13614,56833,0.58337814
13615,7703,0.002700823
13616,20873,0.109857224
13617,113550,0.026902566
13618,70858,0.019992951
13619,106920,0.014835684
13620,62972,0.006055972
13621,59783,0.003635634
13622,206,0.001941801
13623,57840,0.011288042
13624,76616,0.029520096
13625,25715,0.004261726
13626,96877,0.048832856
13627,48378,0.022167994
13628,81310,0.005281853
13629,44579,0.00386803
13630,7794,0.005376683
13631,5348,0.004258801
13632,29463,0.009154568
13633,26689,0.26957056
13634,15798,0.014948777
13635,66746,0.004535615
13636,60569,0.09458731
13637,83321,0.003824611
13638,114316,0.002091702
13639,104153,0.004917753
13640,109854,0.002185467
13641,26358,0.003924499
13642,113787,0.49766362
13643,54209,0.3625151
13644,99126,0.06111315
13645,112753,0.003747419
13646,65767,0.03671244
13647,10199,0.026009353
13648,58840,0.002010088
13649,47442,0.00360826
13650,91675,0.5936973
13651,3239,0.006850454
13652,65240,0.003297372
13653,74147,0.031284146
13654,51969,0.004049024
13655,107353,0.011107154
13656,76013,0.3562059
13657,4663,0.002356184
13658,26208,0.008210835
13659,86469,0.20082603
13660,62421,0.003595989
13661,3294,0.07559052
13662,48161,0.005936737
13663,112352,0.31819937
13664,44050,0.37171084
13665,95390,0.010697118
13666,7863,0.05453591
13667,66648,0.003201009
13668,34907,0.004713119
13669,1586,0.003592394
13670,84559,0.39064798
13671,106970,0.032290194
13672,54904,0.42796016
13673,1281,0.04635549
13674,51372,0.29804996
13675,93298,0.13969782
13676,94031,0.002150089
13677,52782,0.003472794
13678,72291,0.0053511
13679,27421,0.048693333
13680,110070,0.012401228
13681,69385,0.017225197
13682,110661,0.004132928
13683,100076,0.032577675
13684,34689,0.020178044
13685,6753,0.012812967
13686,58272,0.57480556
13687,14428,0.003708125
13688,84874,0.003885796
13689,51004,0.007478655
13690,776,0.003909727
13691,1102,0.0040194
13692,98477,0.19193354
13693,36681,0.17224146
13694,100588,0.3951794
13695,8135,0.002432365
13696,58814,0.006116265
13697,101455,0.002032494
13698,75023,0.1740356
13699,48647,0.26886427
13700,108422,0.08996106
13701,53451,0.008547029
13702,35690,0.003983501
13703,66000,0.005936509
13704,109349,0.002016564
13705,107569,0.020971538
13706,23286,0.011689787
13707,101963,0.005946679
13708,115470,0.002071227
13709,79817,0.012353234
13710,29909,0.07542821
13711,94915,0.003885255
13712,67716,0.08823628
13713,32596,0.021129604
13714,85344,0.006627138
13715,10506,0.002554641
13716,66148,0.02694454
13717,29766,0.004945824
13718,31101,0.00389488
13719,6026,0.028788965
13720,68720,0.007144006
13721,11316,0.015179251
13722,20091,0.001800725
13723,98213,0.001891885
13724,105337,0.020377314
13725,21249,0.004044903
13726,92783,0.24296664
13727,106004,0.002559466
13728,7466,0.003305967
13729,17374,0.002969423
13730,57716,0.38465127
13731,75679,0.32178783
13732,77074,0.007652216
13733,26647,0.006287894
13734,73963,0.27745542
13735,89431,0.00801522
13736,71707,0.003738548
13737,34883,0.001850408
13738,42746,0.003903863
13739,48415,0.004517639
13740,73591,0.078583956
13741,55547,0.55037963
13742,5739,0.6182256
13743,63275,0.001819391
13744,10624,0.010372458
13745,87982,0.002810221
13746,102560,0.004912638
13747,98101,0.025159864
13748,1105,0.007738965
13749,19194,0.004360252
13750,24074,0.004479938
13751,110905,0.16245735
13752,110724,0.3687268
13753,30685,0.38163018
13754,50984,0.35836494
13755,38822,0.004159312
13756,112136,0.086267605
13757,97785,0.30208665
13758,46027,0.003364289
13759,86877,0.001856221
13760,92279,0.018584637
13761,19944,0.13458972
13762,112385,0.5186202
13763,56086,0.45826074
13764,6684,0.013600197
13765,72338,0.00796837
13766,79537,0.08728195
13767,106580,0.010385996
13768,113060,0.24900837
13769,69876,0.013617383
13770,91127,0.74673307
13771,104493,0.45389265
13772,3481,0.003173274
13773,29207,0.49801296
13774,96082,0.63732904
13775,21685,0.045373313
13776,28386,0.001886844
13777,70314,0.061109602
13778,103396,0.41989565
13779,59833,0.003645355
13780,83387,0.002495959
13781,67404,0.40669823
13782,58026,0.5627197
13783,94436,0.008164199
13784,103279,0.024694452
13785,114155,0.004462381
13786,36979,0.12832618
13787,86866,0.014726995
13788,27195,0.003781872
13789,82630,0.27444667
13790,32157,0.00363234
13791,23565,0.002029876
13792,76026,0.121152125
13793,69671,0.01139799
13794,97654,0.72220814
13795,31465,0.020434687
13796,77876,0.006391972
13797,95882,0.008066729
13798,34801,0.005683387
13799,27249,0.008233259
13800,53611,0.004551205
13801,10269,0.005940103
13802,86773,0.021632442
13803,18684,0.17980264
13804,50202,0.001814057
13805,105034,0.083327085
13806,99884,0.026363712
13807,20491,0.006054546
13808,72071,0.03774086
13809,56547,0.004572514
13810,52570,0.049450275
13811,84111,0.18167812
13812,23951,0.07413473
13813,105196,0.19333194
13814,24220,0.005584891
13815,103470,0.068999305
13816,44322,0.002641345
13817,29017,0.02023645
13818,4345,0.00242219
13819,682,0.003895276
13820,55295,0.004542443
13821,28994,0.19809347
13822,11434,0.022466773
13823,29239,0.02013454
13824,9404,0.022093026
13825,73179,0.02194553
13826,44872,0.018233275
13827,102478,0.004873967
13828,73720,0.07883433
13829,14921,0.016247863
13830,113237,0.6376158
13831,9666,0.46671748
13832,96159,0.04803671
13833,95954,0.003705218
13834,55362,0.4237678
13835,21130,0.003471827
13836,32607,0.009429535
13837,88100,0.09094941
13838,83544,0.018754316
13839,64718,0.003808141
13840,17860,0.012744337
13841,112104,0.001962373
13842,66577,0.046911485
13843,14800,0.16123034
13844,73505,0.003416771
13845,72824,0.07864465
13846,24867,0.0050243
13847,12446,0.00185193
13848,105702,0.22170356
13849,11430,0.017803397
13850,93719,0.005834921
13851,53945,0.001949183
13852,51626,0.08946965
13853,83428,0.001938331
13854,41633,0.01107662
13855,100095,0.02414336
13856,84892,0.017320625
13857,70982,0.005510329
13858,31069,0.15843503
13859,84227,0.005017635
13860,97334,0.003034568
13861,15251,0.032444783
13862,38391,0.023373537
13863,107589,0.015775489
13864,61443,0.07239571
13865,55695,0.37397134
13866,101451,0.038804647
13867,92785,0.023876647
13868,96559,0.001790115
13869,5422,0.003822682
13870,80516,0.005965255
13871,18913,0.013894752
13872,66431,0.003370477
13873,76311,0.003315945
13874,95367,0.61779535
13875,38388,0.033361997
13876,31449,0.038579464
13877,3951,0.006629176
13878,3039,0.070010096
13879,53868,0.10845005
13880,112491,0.00818724
13881,7389,0.006241638
13882,29802,0.5190426
13883,21253,0.010720694
13884,69966,0.008478999
13885,104267,0.20718841
13886,40073,0.001830452
13887,45239,0.010120299
13888,100913,0.078753114
13889,8600,0.02400836
13890,32519,0.09611661
13891,49266,0.21719377
13892,29921,0.07542821
13893,50102,0.002068511
13894,68844,0.22863437
13895,63971,0.002936751
13896,111940,0.005708099
13897,240,0.00365664
13898,51503,0.004447624
13899,86535,0.001951088
13900,90774,0.001950022
13901,1879,0.026902758
13902,102296,0.15412453
13903,3787,0.029609974
13904,77600,0.035256896
13905,34036,0.009441636
13906,110675,0.014499627
13907,64862,0.001870089
13908,29595,0.88157904
13909,59837,0.004862193
13910,38921,0.02173778
13911,49869,0.10258527
13912,31237,0.15495667
13913,21742,0.002434979
13914,98386,0.20460103
13915,103339,0.024676193
13916,102189,0.028876089
13917,28359,0.011317665
13918,85873,0.028237795
13919,94286,0.003299716
13920,57713,0.003311115
13921,13303,0.002047837
13922,99729,0.06614803
13923,69464,0.1031028
13924,21971,0.019975431
13925,81820,0.91833335
13926,16411,0.002796391
13927,64727,0.001949351
13928,91893,0.004158791
13929,67000,0.01562094
13930,53356,0.43188608
13931,44210,0.003957649
13932,108325,0.22426449
13933,80336,0.032486785
13934,35382,0.023727855
13935,107652,0.6336694
13936,17965,0.002372289
13937,88549,0.001853766
13938,71430,0.00488727
13939,36289,0.004428893
13940,48725,0.296781
13941,24279,0.003973355
13942,41,0.002613779
13943,94280,0.003771092
13944,58149,0.005031437
13945,35925,0.001787282
13946,103883,0.007633724
13947,81427,0.008858932
13948,45566,0.004568898
13949,12409,0.00195985
13950,6062,0.004545182
13951,73057,0.010845793
13952,87729,0.060597733
13953,37632,0.107005104
13954,97971,0.005209736
13955,66175,0.001801276
13956,113424,0.005877215
13957,58183,0.5627197
13958,68638,0.005344485
13959,64195,0.00378651
13960,15595,0.002829911
13961,112478,0.009966241
13962,91054,0.007814052
13963,94896,0.003933643
13964,65454,0.004336751
13965,68602,0.091607034
13966,82478,0.45857584
13967,56213,0.040931832
13968,20676,0.14077286
13969,68270,0.006404031
13970,81140,0.03287541
13971,5880,0.041376214
13972,1510,0.059494067
13973,104337,0.39956114
13974,74023,0.001798239
13975,89731,0.19886714
13976,68737,0.091607034
13977,91674,0.18299259
13978,71770,0.0802148
13979,102540,0.0030638
13980,29053,0.009128061
13981,82142,0.011280743
13982,30180,0.013518788
13983,93135,0.23317395
13984,72393,0.39255407
13985,76589,0.010898374
13986,31659,0.00389488
13987,67997,0.009611422
13988,101798,0.001824388
13989,56255,0.29682243
13990,103488,0.001810996
13991,99653,0.14286421
13992,77959,0.28115878
13993,89511,0.009342147
13994,30321,0.003836289
13995,2670,0.013030071
13996,108998,0.001857011
13997,40679,0.003504356
13998,69135,0.019614346
13999,64854,0.012769529
14000,108336,0.011442429
14001,48566,0.005317085
14002,79354,0.001992002
14003,60054,0.005306189
14004,85777,0.078799956
14005,114166,0.04822852
14006,84720,0.012654806
14007,45402,0.01967681
14008,26513,0.3110211
14009,61301,0.38272157
14010,21600,0.003596455
14011,54628,0.24356654
14012,90090,0.003417393
14013,8795,0.001968091
14014,79296,0.014679475
14015,97618,0.024430227
14016,109567,0.00296119
14017,64581,0.002521008
14018,6605,0.22003447
14019,42834,0.003264419
14020,31786,0.038579464
14021,35193,0.001964505
14022,98426,0.36489302
14023,114778,0.031892817
14024,7753,0.014001178
14025,114583,0.025428632
14026,33520,0.31091774
14027,36449,0.011269611
14028,110728,0.53950214
14029,98620,0.29604104
14030,76535,0.005907525
14031,60796,0.058993954
14032,53894,0.004366671
14033,97224,0.21257025
14034,24054,0.002948863
14035,44740,0.001979806
14036,110518,0.02150524
14037,20343,0.00521276
14038,9394,0.013224901
14039,59559,0.004848609
14040,98602,0.40332267
14041,77903,0.004777523
14042,38102,0.003301771
14043,77359,0.015696045
14044,103421,0.005521423
14045,69486,0.017225197
14046,37511,0.009207103
14047,19780,0.13632013
14048,103440,0.004074656
14049,46976,0.52630603
14050,110609,0.14699993
14051,2829,0.01439465
14052,36050,0.004387243
14053,84147,0.003271186
14054,84262,0.003702007
14055,15414,0.118518464
14056,55340,0.4237678
14057,20360,0.007944279
14058,66341,0.003391819
14059,87992,0.009611894
14060,61772,0.003357594
14061,65861,0.003762256
14062,85597,0.003375618
14063,61652,0.006711892
14064,50346,0.004087161
14065,42424,0.031468105
14066,94019,0.7084884
14067,98781,0.010019311
14068,60917,0.004802849
14069,33344,0.004917361
14070,41310,0.009950121
14071,28004,0.018819384
14072,92352,0.54929924
14073,48317,0.002967402
14074,34915,0.005310245
14075,108360,0.30419743
14076,74898,0.00624512
14077,45399,0.014430326
14078,44816,0.16467041
14079,87542,0.23319606
14080,38789,0.26012
14081,115206,0.004183763
14082,45039,0.00283869
14083,51857,0.07920219
14084,79705,0.005841179
14085,42632,0.010821771
14086,57297,0.002799406
14087,12207,0.34458134
14088,101725,0.003002471
14089,101591,0.002055455
14090,1751,0.003697927
14091,97863,0.006990973
14092,39460,0.011345026
14093,73094,0.25542817
14094,23189,0.011689787
14095,2302,0.013882625
14096,21083,0.003557421
14097,49072,0.25083566
14098,80718,0.9350291
14099,85433,0.002985305
14100,49698,0.009938531
14101,101718,0.002782369
14102,85149,0.005464388
14103,114748,0.13745263
14104,12862,0.001851225
14105,23090,0.008333138
14106,35838,0.028648045
14107,46277,0.003378595
14108,33391,0.008305639
14109,6505,0.003391512
14110,114436,0.114948705
14111,91155,0.42305198
14112,103618,0.07785544
14113,72399,0.003946263
14114,67769,0.11470831
14115,32386,0.006992976
14116,94263,0.00818496
14117,5034,0.004256206
14118,28217,0.018819384
14119,54267,0.004352419
14120,70962,0.21649152
14121,84055,0.02922988
14122,34511,0.24030998
14123,25678,0.43153843
14124,40189,0.003576972
14125,27458,0.018819384
14126,62189,0.8344484
14127,55078,0.007228061
14128,90659,0.026937308
14129,41143,0.08256301
14130,106785,0.00239948
14131,14055,0.005147378
14132,62488,0.054391224
14133,65926,0.005074523
14134,85653,0.31809393
14135,68085,0.20489703
14136,102555,0.001838363
14137,111481,0.17966537
14138,112229,0.57078177
14139,92760,0.023876647
14140,13251,0.002858499
14141,10918,0.04655572
14142,84337,0.69172245
14143,95471,0.0038864
14144,44844,0.00561872
14145,3030,0.006715205
14146,17170,0.050038066
14147,47610,0.004170318
14148,110564,0.001841924
14149,58515,0.003365205
14150,5514,0.15054964
14151,19724,0.007782738
14152,11150,0.005171834
14153,64212,0.00596197
14154,82099,0.12728998
14155,101998,0.001830074
14156,36019,0.19205084
14157,89727,0.009576268
14158,18010,0.018664218
14159,87282,0.005773509
14160,98574,0.007847698
14161,61425,0.041270014
14162,102688,0.003025317
14163,67746,0.005537097
14164,99599,0.2009604
14165,96896,0.018327655
14166,10428,0.002663096
14167,105142,0.002061351
14168,25532,0.04754839
14169,78990,0.11703177
14170,8393,0.004412685
14171,50488,0.001788456
14172,115413,0.013225099
14173,61916,0.002826086
14174,53244,0.03087168
14175,98498,0.009028211
14176,34621,0.18489538
14177,80701,0.001873675
14178,55889,0.3447948
14179,95377,0.03870969
14180,14158,0.002873368
14181,66048,0.002011592
14182,101155,0.00179387
14183,64245,0.002099543
14184,27359,0.004325545
14185,64110,0.068947084
14186,43395,0.02005914
14187,45987,0.017051997
14188,27653,0.00187323
14189,16775,0.002431565
14190,29736,0.011081154
14191,71750,0.005320231
14192,63279,0.060709603
14193,76286,0.006317645
14194,61186,0.004470052
14195,104198,0.005721392
14196,29238,0.010317547
14197,77507,0.9724129
14198,20901,0.003395023
14199,89226,0.001793345
14200,49843,0.2466123
14201,65549,0.004336751
14202,82456,0.17102109
14203,11340,0.002349333
14204,40733,0.5104679
14205,23721,0.012015963
14206,34396,0.05749311
14207,30113,0.03176256
14208,78354,0.005460285
14209,108564,0.28256416
14210,82573,0.28681025
14211,61638,0.35269737
14212,4320,0.002960525
14213,40768,0.44888613
14214,43162,0.004172417
14215,40970,0.003337751
14216,94092,0.002291017
14217,52005,0.37172005
14218,73845,0.25536492
14219,35765,0.009798383
14220,98572,0.00814532
14221,98792,0.012531135
14222,103263,0.065358445
14223,76086,0.003398839
14224,7484,0.00586869
14225,29990,0.19659069
14226,57914,0.015502673
14227,48966,0.006329285
14228,24120,0.060687285
14229,8813,0.001853032
14230,89286,0.003796322
14231,87885,0.09872595
14232,83176,0.028608415
14233,2753,0.012978539
14234,110206,0.60870343
14235,4712,0.26012295
14236,114258,0.005822057
14237,111230,0.016695254
14238,25134,0.004129973
14239,114174,0.006034226
14240,89563,0.1294205
14241,87154,0.4650833
14242,101085,0.3031613
14243,78748,0.003535952
14244,59586,0.32420772
14245,78477,0.06264957
14246,32711,0.008153842
14247,28771,0.004100659
14248,28556,0.002442859
14249,63301,0.026307613
14250,59713,0.003045301
14251,108132,0.024614725
14252,6269,0.11225791
14253,43885,0.16446452
14254,24934,0.007925762
14255,107348,0.007733756
14256,91481,0.09830573
14257,54236,0.055033837
14258,38344,0.107005104
14259,17229,0.101379916
14260,2930,0.06356865
14261,37142,0.09251427
14262,88219,0.002017932
14263,8959,0.003443354
14264,46157,0.002339371
14265,77125,0.003424878
14266,64297,0.004056104
14267,67179,0.15308617
14268,93404,0.0998632
14269,2482,0.074127756
14270,103307,0.007271519
14271,109609,0.008008178
14272,58000,0.004283662
14273,21699,0.001821116
14274,106341,0.001790145
14275,166,0.015877428
14276,79381,0.064687654
14277,24516,0.008882586
14278,16375,0.003350226
14279,11736,0.001850665
14280,13206,0.002832138
14281,99218,0.06111315
14282,40782,0.6791706
14283,59031,0.006784014
14284,79402,0.35242352
14285,40461,0.004346327
14286,16842,0.018664218
14287,12926,0.42224512
14288,104192,0.21033835
14289,49897,0.06530167
14290,68924,0.006678654
14291,67169,0.6334958
14292,9330,0.026491852
14293,43550,0.37819585
14294,115233,0.002385678
14295,40957,0.04298308
14296,11673,0.1014379
14297,92412,0.00496644
14298,2823,0.002094841
14299,55934,0.37397134
14300,94310,0.001825994
14301,78667,0.004680656
14302,87844,0.007314139
14303,31941,0.08825318
14304,68067,0.19696918
14305,37872,0.003812769
14306,14824,0.013945733
14307,30931,0.081421524
14308,79481,0.002208654
14309,77749,0.049354546
14310,34002,0.001947928
14311,91235,0.14771709
14312,83282,0.08277167
14313,9234,0.002655087
14314,41134,0.007901387
14315,93411,0.12605251
14316,105828,0.005378322
14317,2344,0.003916658
14318,59071,0.002434382
14319,91179,0.16810594
14320,7306,0.10477001
14321,96680,0.008362586
14322,12191,0.5150827
14323,30913,0.02850077
14324,80699,0.05496483
14325,76463,0.05015122
14326,73498,0.078583956
14327,92345,0.00479918
14328,3238,0.09808961
14329,16323,0.003493254
14330,101687,0.31257057
14331,54159,0.32748094
14332,106460,0.4136029
14333,85668,0.75099814
14334,70699,0.001801825
14335,39462,0.001870687
14336,17145,0.003639307
14337,24218,0.004195292
14338,19855,0.005692634
14339,103425,0.23610128
14340,50094,0.004114194
14341,67732,0.018995764
14342,46398,0.17994407
14343,72812,0.002002311
14344,76216,0.001872975
14345,91227,0.48115218
14346,47924,0.04671741
14347,12561,0.009416841
14348,44494,0.026021175
14349,45225,0.07900492
14350,31350,0.06498075
14351,82539,0.001848892
14352,85223,0.028848363
14353,112576,0.5186202
14354,83932,0.033506986
14355,19767,0.032790143
14356,1559,0.012326025
14357,25870,0.04795241
14358,26183,0.003386993
14359,58629,0.59170854
14360,70863,0.007490479
14361,90570,0.003929781
14362,29746,0.002095869
14363,16815,0.011550711
14364,11651,0.16147307
14365,64034,0.004771102
14366,14975,0.003366061
14367,77289,0.003552638
14368,36197,0.004047599
14369,46949,0.023541695
14370,97306,0.2126928
14371,91731,0.006833206
14372,94852,0.4744394
14373,3373,0.004164179
14374,63685,0.06792115
14375,40931,0.001945448
14376,56422,0.006095681
14377,20306,0.00345121
14378,1961,0.038964033
14379,83501,0.004308606
14380,101745,0.02683572
14381,3768,0.001795967
14382,41203,0.003423078
14383,103061,0.04061206
14384,91358,0.6904727
14385,113985,0.20084277
14386,50161,0.00461625
14387,105410,0.009960362
14388,71479,0.032035038
14389,93712,0.008192628
14390,34042,0.00354973
14391,102224,0.012879312
14392,53019,0.004434431
14393,41277,0.39900964
14394,103550,0.068999305
14395,41111,0.02814415
14396,67435,0.03956833
14397,76651,0.077087484
14398,105112,0.083327085
14399,78191,0.005326078
14400,2196,0.012304106
14401,99680,0.00566768
14402,15439,0.002056493
14403,31423,0.00959495
14404,41342,0.26995295
14405,43529,0.72210884
14406,100248,0.002749475
14407,110117,0.00191986
14408,52857,0.003881356
14409,32093,0.060648616
14410,114477,0.015757168
14411,56862,0.58337814
14412,47156,0.00311554
14413,51733,0.022571374
14414,40228,0.053281236
14415,91495,0.007196962
14416,16579,0.001923567
14417,87057,0.16608968
14418,105093,0.5127981
14419,80390,0.45520604
14420,46867,0.009275205
14421,26850,0.008840571
14422,69597,0.003727688
14423,77337,0.005641769
14424,38938,0.002692201
14425,109106,0.7081922
14426,99183,0.41192347
14427,71008,0.002431605
14428,44782,0.002740857
14429,96633,0.006947574
14430,106040,0.003106893
14431,12858,0.003496824
14432,34232,0.05749311
14433,3056,0.008270499
14434,37646,0.1068757
14435,7078,0.00185085
14436,21040,0.004182451
14437,85963,0.008621855
14438,25331,0.009207108
14439,43536,0.004105174
14440,83055,0.278023
14441,102281,0.06688096
14442,49088,0.69091743
14443,75918,0.018696774
14444,83564,0.001807514
14445,19472,0.069348864
14446,115027,0.011553209
14447,45740,0.002826129
14448,62163,0.004861435
14449,1864,0.005955934
14450,73700,0.078583956
14451,72189,0.017572248
14452,73587,0.006568648
14453,59901,0.53103304
14454,74107,0.056193475
14455,11893,0.056000385
14456,98394,0.19193354
14457,113449,0.04453781
14458,43184,0.002615944
14459,30382,0.020374777
14460,38445,0.005346653
14461,58061,0.5627197
14462,46669,0.002131423
14463,70891,0.021023117
14464,85343,0.16333787
14465,113826,0.026144745
14466,16564,0.001865838
14467,65504,0.005441455
14468,62888,0.05513869
14469,31571,0.001813307
14470,71063,0.00850434
14471,15567,0.41695452
14472,7698,0.003533606
14473,3731,0.059482604
14474,63995,0.5370484
14475,37109,0.13171348
14476,102914,0.17029922
14477,24566,0.003385906
14478,97640,0.48782945
14479,32244,0.018510219
14480,66073,0.004325575
14481,30390,0.020374777
14482,111505,0.005181564
14483,108825,0.00257881
14484,95150,0.00183567
14485,23554,0.03781326
14486,40707,0.13929068
14487,92167,0.59956807
14488,104864,0.046809968
14489,67194,0.01501477
14490,55015,0.003396302
14491,56513,0.58337814
14492,70523,0.23716499
14493,15952,0.046510585
14494,40429,0.035504084
14495,81030,0.039501294
14496,8868,0.002713246
14497,68852,0.13518903
14498,78333,0.021352416
14499,15490,0.002180906
14500,8159,0.002510334
14501,90534,0.10883504
14502,22185,0.01607941
14503,86479,0.20082603
14504,97619,0.003660366
14505,96393,0.72409767
14506,83277,0.01757103
14507,31257,0.03903457
14508,105386,0.032810934
14509,88658,0.004612034
14510,111221,0.008004111
14511,79720,0.032896142
14512,53529,0.093888596
14513,64542,0.004412693
14514,33473,0.001909423
14515,102080,0.6372628
14516,44875,0.003135384
14517,32445,0.00296357
14518,107065,0.002443975
14519,111990,0.27222395
14520,580,0.04359997
14521,80119,0.020467741
14522,108428,0.587543
14523,84656,0.06543985
14524,24965,0.003779347
14525,105704,0.007961242
14526,4681,0.006514891
14527,79493,0.07003697
14528,63014,0.004691064
14529,23449,0.007036736
14530,36025,0.19205084
14531,54618,0.009636819
14532,71036,0.38132143
14533,5390,0.029727396
14534,74978,0.28607228
14535,72076,0.100136556
14536,99234,0.011788765
14537,1025,0.013373262
14538,26683,0.003894749
14539,71123,0.005063829
14540,32832,0.009429535
14541,61542,0.008610336
14542,23535,0.003351137
14543,70457,0.12563442
14544,76182,0.02625975
14545,63048,0.060709603
14546,50219,0.004245774
14547,52832,0.001855288
14548,92751,0.3675771
14549,309,0.002948021
14550,69440,0.09407855
14551,71293,0.006272782
14552,77874,0.12460266
14553,19662,0.003851959
14554,15281,0.058704756
14555,113384,0.05746755
14556,5600,0.001999978
14557,8878,0.00194892
14558,9342,0.08207726
14559,110755,0.013265734
14560,27477,0.029830884
14561,56411,0.005884217
14562,28493,0.004073677
14563,14708,0.002404216
14564,30826,0.008247998
14565,14794,0.009442683
14566,92239,0.6398692
14567,83517,0.001805645
14568,15799,0.018881993
14569,99818,0.010036404
14570,87707,0.20576936
14571,114105,0.008929254
14572,29205,0.071935855
14573,106861,0.007294421
14574,94763,0.006142998
14575,90733,0.005524502
14576,85351,0.00182109
14577,48803,0.006178899
14578,38446,0.1059424
14579,11096,0.001851502
14580,55842,0.44956464
14581,67773,0.005916039
14582,37612,0.006889837
14583,66674,0.20814958
14584,31601,0.15495667
14585,109621,0.004990498
14586,15055,0.004028108
14587,17680,0.001998984
14588,83024,0.001788784
14589,39457,0.010259737
14590,60702,0.003559805
14591,39023,0.002875997
14592,30684,0.03477815
14593,41979,0.8886737
14594,34608,0.6364945
14595,38975,0.003390964
14596,33959,0.022729442
14597,113696,0.002680919
14598,86108,0.06541164
14599,42269,0.033676304
14600,12294,0.007848631
14601,34893,0.003807696
14602,17356,0.002431622
14603,84130,0.20852552
14604,113360,0.026754055
14605,94304,0.003140533
14606,40644,0.004364532
14607,18827,0.00236519
14608,12761,0.001972111
14609,31137,0.020434687
14610,24043,0.015213477
14611,98194,0.2505717
14612,78472,0.092541695
14613,26408,0.008482183
14614,47385,0.009700897
14615,61968,0.049360003
14616,80943,0.055152703
14617,95462,0.010364581
14618,7192,0.009072606
14619,68481,0.17518139
14620,100815,0.00343962
14621,75251,0.007977448
14622,42136,0.08144726
14623,109782,0.72356975
14624,108241,0.28256416
14625,108487,0.54166055
14626,109725,0.003634857
14627,77313,0.048919395
14628,52231,0.0953903
14629,18437,0.007150137
14630,88883,0.1507095
14631,83651,0.4875542
14632,56288,0.006613613
14633,68212,0.012226415
14634,94925,0.007767442
14635,101284,0.2873721
14636,95543,0.36793277
14637,88696,0.005428338
14638,89297,0.024514996
14639,80728,0.003584706
14640,54115,0.123388276
14641,18999,0.002804915
14642,38855,0.003038946
14643,51499,0.005226231
14644,54535,0.004027507
14645,103170,0.38560385
14646,17496,0.002375296
14647,53650,0.43188608
14648,74186,0.10174163
14649,7784,0.15015
14650,75932,0.23714806
14651,11770,0.003676606
14652,28034,0.001829369
14653,108551,0.006258786
14654,18021,0.002728896
14655,89787,0.003286827
14656,50837,0.052112922
14657,79338,0.001869199
14658,74841,0.003423994
14659,49748,0.06285906
14660,110740,0.43843937
14661,10535,0.023987236
14662,8346,0.001901917
14663,62232,0.005891865
14664,213,0.002734256
14665,79183,0.45520604
14666,35072,0.004999055
14667,9634,0.5212835
14668,48164,0.00396211
14669,83119,0.001832082
14670,88091,0.09872595
14671,19424,0.00530425
14672,13978,0.003980099
14673,48709,0.025868982
14674,113437,0.010302304
14675,91767,0.00598997
14676,92076,0.006991986
14677,104681,0.09426503
14678,112447,0.28781393
14679,26684,0.011319607
14680,18130,0.013209514
14681,54832,0.22727117
14682,16391,0.002796391
14683,51963,0.001826919
14684,102293,0.15412453
14685,97938,0.0039093
14686,73984,0.29363188
14687,70651,0.010210206
14688,94663,0.003719704
14689,9816,0.02104658
14690,60821,0.29080167
14691,89134,0.15433618
14692,37039,0.1059424
14693,75296,0.02208012
14694,87077,0.4056243
14695,89589,0.001838281
14696,101943,0.40705162
14697,28398,0.038798966
14698,15802,0.00571772
14699,32578,0.007589683
14700,55171,0.001828626
14701,27712,0.059685923
14702,32341,0.004144029
14703,24270,0.008882586
14704,71141,0.07926732
14705,69634,0.081190735
14706,86678,0.010396298
14707,26137,0.031682692
14708,50978,0.028504603
14709,70265,0.008813595
14710,81881,0.021123378
14711,70973,0.003638558
14712,78090,0.029939687
14713,98395,0.6077046
14714,68639,0.017747609
14715,39711,0.006825781
14716,89142,0.007453568
14717,105134,0.080890186
14718,41694,0.033226516
14719,99371,0.010500941
14720,12718,0.021716775
14721,56216,0.57677805
14722,4561,0.005409093
14723,39453,0.00318577
14724,98296,0.11406899
14725,15297,0.048039224
14726,35741,0.19205084
14727,14584,0.001801754
14728,38843,0.3570496
14729,47255,0.123813674
14730,9768,0.01480946
14731,30418,0.003546239
14732,83312,0.001809556
14733,52722,0.003801028
14734,19821,0.584439
14735,66228,0.005255609
14736,92920,0.3443506
14737,96960,0.00179102
14738,73042,0.07920986
14739,28889,0.38190645
14740,115433,0.001776666
14741,44702,0.009928568
14742,7892,0.014001178
14743,7363,0.022946373
14744,70400,0.12722155
14745,2124,0.024973057
14746,6692,0.07134596
14747,68763,0.091607034
14748,105608,0.003106374
14749,59583,0.36182427
14750,71052,0.023415528
14751,48016,0.00519137
14752,67733,0.7104069
14753,67539,0.005189297
14754,65369,0.8872455
14755,30917,0.005540934
14756,12382,0.003639945
14757,99560,0.003987321
14758,61470,0.005220985
14759,109459,0.005997945
14760,77157,0.038134705
14761,44924,0.009928568
14762,34613,0.00357902
14763,56444,0.49523497
14764,90956,0.7073184
14765,67461,0.014915526
14766,110249,0.016174635
14767,15491,0.001833709
14768,89014,0.003956587
14769,115192,0.009704338
14770,20559,0.06000877
14771,107708,0.003730717
14772,65644,0.004056285
14773,25911,0.005000246
14774,100252,0.07657226
14775,98304,0.002167493
14776,8519,0.003788496
14777,24640,0.00850728
14778,43809,0.04038238
14779,91272,0.010128743
14780,115861,0.036815453
14781,82429,0.014845429
14782,47087,0.5399975
14783,104257,0.32958958
14784,59816,0.002674935
14785,77623,0.004590015
14786,6898,0.025725093
14787,12206,0.3640755
14788,71721,0.10003332
14789,12302,0.011765223
14790,5932,0.001901977
14791,42104,0.02078141
14792,87740,0.110677265
14793,9779,0.5670151
14794,89149,0.003705691
14795,13086,0.002817951
14796,898,0.009362062
14797,78362,0.004808874
14798,14684,0.024124658
14799,52942,0.21131694
14800,88900,0.19900773
14801,7432,0.09159385
14802,84674,0.003926857
14803,38728,0.003532237
14804,8670,0.023988133
14805,105455,0.00430224
14806,75900,0.026311204
14807,55113,0.00202922
14808,108408,0.020019438
14809,54426,0.008220933
14810,72787,0.009611277
14811,63207,0.33587983
14812,69572,0.41246152
14813,27544,0.048693333
14814,39057,0.002006341
14815,45567,0.035009004
14816,57672,0.002114848
14817,46120,0.001788975
14818,79581,0.005779482
14819,94899,0.45116422
14820,96193,0.005482393
14821,635,0.003740239
14822,35626,0.45506737
14823,94656,0.22153676
14824,28487,0.19260651
14825,11792,0.35208505
14826,103627,0.005387715
14827,99867,0.3196194
14828,1259,0.1518938
14829,25077,0.005596309
14830,96329,0.08883322
14831,49446,0.003306103
14832,89995,0.005731151
14833,63872,0.003488496
14834,5359,0.003514433
14835,49666,0.003104538
14836,63499,0.001859589
14837,25354,0.008443195
14838,4920,0.001946237
14839,713,0.002678954
14840,55341,0.14051211
14841,112712,0.17455241
14842,51137,0.0025089
14843,72218,0.003172387
14844,49527,0.951064
14845,85070,0.16166583
14846,65358,0.004348815
14847,6807,0.00942762
14848,2130,0.001939451
14849,3739,0.001929496
14850,53212,0.00179258
14851,16013,0.004017949
14852,69590,0.33243823
14853,112724,0.013750802
14854,67669,0.035682105
14855,12501,0.002908438
14856,59554,0.003966143
14857,32015,0.18098086
14858,103130,0.005545066
14859,112161,0.24541217
14860,114103,0.002204685
14861,58381,0.004897401
14862,99026,0.49285927
14863,24648,0.003035137
14864,55061,0.003020515
14865,52931,0.28279033
14866,11634,0.015179251
14867,3644,0.34568256
14868,50709,0.002428155
14869,66644,0.041268017
14870,53249,0.09162841
14871,1238,0.003329913
14872,89837,0.010593959
14873,78071,0.012337443
14874,67059,0.21332279
14875,110795,0.004537525
14876,28848,0.02023645
14877,73762,0.02214148
14878,59959,0.032628126
14879,93430,0.46508604
14880,51175,0.021557016
14881,73776,0.010003998
14882,20657,0.004053474
14883,71372,0.6478156
14884,104783,0.001802191
14885,3221,0.004179623
14886,110222,0.49148104
14887,43961,0.017959522
14888,49632,0.27321255
14889,68697,0.11644887
14890,98944,0.006406926
14891,99951,0.008059582
14892,21097,0.03013801
14893,94816,0.4744394
14894,79390,0.002808581
14895,17793,0.001926988
14896,88872,0.003629437
14897,80145,0.067595884
14898,40740,0.005445136
14899,36384,0.00402218
14900,104948,0.5862507
14901,51609,0.00191733
14902,71147,0.43704817
14903,90577,0.06743414
14904,40009,0.006261251
14905,85883,0.008497396
14906,26425,0.124315634
14907,106423,0.5286586
14908,29339,0.003093404
14909,50253,0.024870843
14910,92081,0.107343614
14911,43936,0.66302264
14912,17857,0.001928144
14913,82525,0.3955759
14914,52015,0.003339585
14915,52149,0.04883907
14916,50994,0.004508536
14917,102031,0.10493163
14918,68895,0.4507701
14919,31954,0.02331528
14920,55956,0.043025747
14921,103208,0.45270163
14922,50440,0.44753873
14923,15881,0.01975168
14924,102531,0.003028335
14925,35150,0.023727855
14926,12673,0.002849049
14927,2900,0.014652388
14928,52867,0.002861689
14929,17200,0.003408674
14930,105761,0.4420119
14931,21648,0.003474914
14932,24022,0.022017432
14933,45634,0.013424883
14934,105441,0.003519686
14935,115363,0.003703915
14936,47609,0.003791252
14937,10575,0.038627468
14938,12674,0.29269892
14939,9172,0.002156058
14940,86514,0.001889637
14941,37829,0.1059424
14942,63578,0.00423592
14943,58087,0.025478376
14944,21210,0.110330164
14945,87979,0.009231482
14946,69169,0.42463452
14947,88688,0.00992945
14948,31878,0.003276673
14949,71356,0.6478156
14950,79008,0.036875315
14951,13292,0.004601764
14952,98382,0.003529276
14953,70287,0.061109602
14954,101918,0.009683363
14955,3587,0.009576086
14956,34821,0.09647208
14957,76181,0.003243306
14958,82015,0.003712281
14959,44703,0.004712803
14960,22388,0.012900336
14961,104885,0.016579613
14962,113365,0.22811446
14963,77796,0.001919784
14964,52874,0.004071441
14965,88489,0.15673766
14966,11356,0.066105776
14967,106227,0.007993718
14968,89936,0.002848106
14969,15575,0.023449605
14970,3709,0.006112973
14971,90528,0.008220284
14972,23331,0.02385378
14973,41120,0.003273994
14974,32500,0.001870261
14975,47757,0.005779649
14976,96094,0.002503327
14977,58385,0.52172023
14978,113531,0.004039583
14979,51231,0.002031096
14980,76691,0.25259563
14981,68691,0.008498267
14982,18031,0.006097181
14983,112130,0.005762503
14984,108756,0.29707378
14985,36452,0.002469217
14986,12753,0.009506322
14987,96076,0.007195453
14988,109910,0.019848447
14989,42814,0.14084072
14990,27569,0.048693333
14991,5701,0.091881536
14992,36409,0.3217629
14993,40649,0.539721
14994,38579,0.09251427
14995,96781,0.2173976
14996,58961,0.001865485
14997,49454,0.026796078
14998,86463,0.004225193
14999,60077,0.05658874
15000,44005,0.07259918
15001,72250,0.018458584
15002,98917,0.006503441
15003,69255,0.43321925
15004,37972,0.007554556
15005,44337,0.004712803
15006,33982,0.020178044
15007,49572,0.27321255
15008,80131,0.006089618
15009,56627,0.00310379
15010,91637,0.001886272
15011,99976,0.002382091
15012,58335,0.37889165
15013,3005,0.003167694
15014,81109,0.005630086
15015,8535,0.11060259
15016,69866,0.005856379
15017,7903,0.003533606
15018,109414,0.57580024
15019,110152,0.00180838
15020,80053,0.002361408
15021,85841,0.002006812
15022,47128,0.003902937
15023,112237,0.68843794
15024,42865,0.005379521
15025,23949,0.004999518
15026,70175,0.004896197
15027,80907,0.094396554
15028,55990,0.37397134
15029,83881,0.003888362
15030,48138,0.020599347
15031,3459,0.005761751
15032,26091,0.009640078
15033,82939,0.01757103
15034,31251,0.024422169
15035,56947,0.005263533
15036,58599,0.49003637
15037,27010,0.4478581
15038,7864,0.02373136
15039,97669,0.20745423
15040,72506,0.006170858
15041,25672,0.019601941
15042,87839,0.15407288
15043,84644,0.028848363
15044,104057,0.023424946
15045,81570,0.002727315
15046,82221,0.08277167
15047,44029,0.00414133
15048,7993,0.00190739
15049,78699,0.003657178
15050,55189,0.001964883
15051,110731,0.38998598
15052,85929,0.004420086
15053,15678,0.003020583
15054,83118,0.008719401
15055,83229,0.31599313
15056,71782,0.39767578
15057,106596,0.002892069
15058,33192,0.2098834
15059,28298,0.003541627
15060,58984,0.001882046
15061,63391,0.004967758
15062,15390,0.003925457
15063,7397,0.05628587
15064,70997,0.017457733
15065,12893,0.006009745
15066,73463,0.005207191
15067,106860,0.003777957
15068,107298,0.063595966
15069,57669,0.004603289
15070,25985,0.008679193
15071,103769,0.004044219
15072,90588,0.14185809
15073,108602,0.20100856
15074,77562,0.45885995
15075,84318,0.66947734
15076,78654,0.11314286
15077,102065,0.003679949
15078,60101,0.003928695
15079,71345,0.016336504
15080,39869,0.105424725
15081,6038,0.002352762
15082,54192,0.030906282
15083,52508,0.004331704
15084,61465,0.00456166
15085,115230,0.01380719
15086,109593,0.003359208
15087,86075,0.427775
15088,12291,0.39835647
15089,57290,0.004100083
15090,18785,0.03216636
15091,32183,0.02331528
15092,110984,0.31092393
15093,72070,0.040205482
15094,65850,0.002851002
15095,41056,0.052662324
15096,19443,0.003105372
15097,17459,0.002431622
15098,66820,0.3846803
15099,55388,0.004148382
15100,87871,0.13882588
15101,97609,0.006160035
15102,77741,0.06604807
15103,59395,0.3493376
15104,32468,0.2571091
15105,115383,0.001839247
15106,2850,0.5772268
15107,7263,0.24010868
15108,109934,0.002977925
15109,52368,0.00518002
15110,6846,0.6514108
15111,40109,0.00411072
15112,23117,0.004324107
15113,114241,0.006108892
15114,100961,0.00523481
15115,92097,0.32369328
15116,90826,0.7073184
15117,41261,0.08256301
15118,71308,0.003946323
15119,112517,0.007974544
15120,10101,0.019493671
15121,25851,0.003484742
15122,95668,0.009157617
15123,2814,0.01439465
15124,47961,0.007013306
15125,108724,0.010643413
15126,62917,0.4861434
15127,33343,0.24312922
15128,18495,0.059770063
15129,87000,0.010396298
15130,62809,0.02727005
15131,35030,0.09647208
15132,49503,0.27321255
15133,111428,0.001826183
15134,107171,0.00444082
15135,2181,0.003783737
15136,45312,0.003990276
15137,51161,0.003918215
15138,1336,0.014258444
15139,105988,0.009994378
15140,74030,0.025591623
15141,52949,0.004892469
15142,51149,0.19097513
15143,67521,0.011265139
15144,87670,0.09842167
15145,82682,0.13827017
15146,114547,0.004396822
15147,19529,0.005400439
15148,84025,0.011535134
15149,79141,0.12647603
15150,101771,0.004962998
15151,99778,0.007171132
15152,47686,0.015658267
15153,55040,0.08852725
15154,19675,0.002002865
15155,13305,0.44594058
15156,1516,0.0029345
15157,24980,0.008972479
15158,91223,0.00203938
15159,61919,0.005850146
15160,52748,0.003549838
15161,12550,0.06314656
15162,67590,0.03563179
15163,18461,0.001922046
15164,86889,0.001836059
15165,79,0.005708768
15166,11294,0.003601443
15167,56076,0.002385428
15168,82816,0.2925155
15169,109715,0.47911882
15170,26407,0.04795241
15171,48962,0.006025483
15172,15072,0.05061194
15173,113252,0.027896538
15174,100880,0.008838641
15175,84063,0.36369717
15176,67253,0.6430523
15177,92958,0.13902761
15178,114269,0.005008231
15179,110793,0.003550219
15180,86621,0.20082603
15181,9298,0.006454081
15182,89162,0.009576268
15183,108716,0.26061237
15184,49880,0.025880152
15185,46252,0.010352121
15186,105684,0.002041481
15187,61589,0.003817837
15188,66321,0.02694454
15189,64541,0.004511165
15190,16955,0.002430388
15191,80135,0.067595884
15192,58390,0.004073288
15193,21935,0.008582563
15194,40832,0.6231285
15195,9045,0.003088989
15196,35650,0.003728226
15197,8390,0.004475927
15198,1005,0.014258444
15199,70587,0.006671266
15200,89996,0.10763156
15201,75440,0.020663066
15202,15759,0.24575849
15203,71385,0.07926732
15204,69462,0.007741561
15205,19936,0.004558682
15206,2962,0.009479546
15207,90547,0.10883504
15208,15572,0.001944102
15209,30112,0.001825511
15210,46658,0.11396932
15211,72545,0.03647783
15212,41137,0.003114018
15213,105132,0.15930644
15214,52799,0.004524002
15215,22917,0.00749555
15216,58209,0.005519609
15217,58113,0.012532693
15218,60401,0.016525945
15219,100530,0.012897123
15220,99122,0.06111315
15221,51480,0.029213887
15222,110189,0.63414514
15223,36108,0.003677859
15224,21231,0.04394012
15225,83323,0.022026584
15226,61774,0.008361972
15227,53143,0.004075523
15228,78685,0.014611942
15229,85267,0.007341701
15230,36118,0.6910075
15231,59929,0.39372185
15232,65715,0.001800123
15233,12724,0.051589895
15234,52433,0.022649305
15235,95337,0.718614
15236,95919,0.49650455
15237,93072,0.008897782
15238,58769,0.004432201
15239,35490,0.13389051
15240,62771,0.060235087
15241,23045,0.008013547
15242,52384,0.01583341
15243,60152,0.5728197
15244,113241,0.006270378
15245,28151,0.002844507
15246,48411,0.003078799
15247,14238,0.003606273
15248,34247,0.020178044
15249,72541,0.022711225
15250,108710,0.43039507
15251,109957,0.016174635
15252,6470,0.004455119
15253,67637,0.019728772
15254,104542,0.40792418
15255,56191,0.57677805
15256,62664,0.054391224
15257,36240,0.6123287
15258,40989,0.001814129
15259,63545,0.002806059
15260,17589,0.007262365
15261,1504,0.012236652
15262,39624,0.010048972
15263,31790,0.020434687
15264,107218,0.003190375
15265,46624,0.003126366
15266,100987,0.2501616
15267,38322,0.026784342
15268,57656,0.29584944
15269,18119,0.060835134
15270,55412,0.25053403
15271,59858,0.006761192
15272,85421,0.003292606
15273,100503,0.07916525
15274,91651,0.002983765
15275,92596,0.5329257
15276,66313,0.015294752
15277,20502,0.012910686
15278,12068,0.04813418
15279,7913,0.009606449
15280,93834,0.00691717
15281,58760,0.006584975
15282,114344,0.004028879
15283,55884,0.36574572
15284,12172,0.005020981
15285,7456,0.002650202
15286,84897,0.008533032
15287,4751,0.90590686
15288,88070,0.02570082
15289,64745,0.004954242
15290,53232,0.9423279
15291,99765,0.004435332
15292,95764,0.01307887
15293,13535,0.08050893
15294,5609,0.008889372
15295,105800,0.07852123
15296,96694,0.007132469
15297,65691,0.003191482
15298,108849,0.006746485
15299,15241,0.16807552
15300,39240,0.19541475
15301,109807,0.003882171
15302,61537,0.01693805
15303,70989,0.019992951
15304,110280,0.009262069
15305,27795,0.008233259
15306,44918,0.015611682
15307,11548,0.005240996
15308,34336,0.18489538
15309,59598,0.001792017
15310,3341,0.009576086
15311,4321,0.77149284
15312,45245,0.002323156
15313,80788,0.16087961
15314,55303,0.14051211
15315,33147,0.00419371
15316,109633,0.001979038
15317,15722,0.001836096
15318,58936,0.512979
15319,57417,0.002015897
15320,63818,0.065258
15321,53438,0.003560392
15322,109942,0.003854675
15323,37356,0.007203361
15324,66628,0.001959164
15325,1647,0.024187485
15326,65819,0.005148532
15327,86677,0.006430177
15328,33765,0.002968335
15329,2661,0.25510445
15330,29093,0.00189968
15331,51972,0.001971763
15332,84508,0.008186745
15333,106854,0.003945695
15334,71742,0.00313267
15335,102142,0.008291437
15336,61870,0.001811752
15337,68634,0.019410057
15338,31357,0.4430301
15339,40425,0.003488982
15340,97400,0.004319066
15341,84103,0.066360086
15342,16961,0.003408674
15343,37811,0.009538434
15344,108683,0.001852548
15345,95193,0.45116422
15346,115871,0.051336348
15347,57344,0.003346838
15348,56155,0.004330856
15349,56067,0.57677805
15350,39537,0.02110853
15351,102061,0.028876089
15352,101932,0.002462561
15353,44527,0.003990276
15354,79575,0.14082389
15355,2554,0.004046934
15356,34564,0.011970428
15357,38734,0.29282707
15358,43190,0.8251013
15359,79674,0.12647603
15360,92405,0.365102
15361,11849,0.001816907
15362,50521,0.002183918
15363,9010,0.022235507
15364,83316,0.00247161
15365,45492,0.00434405
15366,54821,0.00705059
15367,6813,0.003391512
15368,12162,0.002644347
15369,3482,0.5072561
15370,79367,0.018518113
15371,33471,0.020178044
15372,52705,0.004803911
15373,35416,0.24539427
15374,85492,0.00396717
15375,64338,0.002843303
15376,18469,0.002698232
15377,63115,0.24406882
15378,69053,0.43321925
15379,90962,0.83695674
15380,112214,0.004114286
15381,85868,0.4444208
15382,112822,0.004766863
15383,3473,0.10801496
15384,63447,0.4175071
15385,3066,0.009038895
15386,42838,0.002429225
15387,110725,0.01800374
15388,42635,0.14084072
15389,94029,0.0035422
15390,40280,0.011564601
15391,26886,0.059509955
15392,79202,0.010205138
15393,60884,0.5011527
15394,98789,0.004286877
15395,87717,0.48409918
15396,12993,0.8671658
15397,102390,0.003828935
15398,62264,0.004685773
15399,59803,0.007158422
15400,88992,0.001869469
15401,45452,0.003740241
15402,13946,0.003994607
15403,6697,0.024935663
15404,63918,0.001974447
15405,32727,0.06716513
15406,2328,0.01067736
15407,39564,0.024813317
15408,87938,0.06096535
15409,94485,0.08037454
15410,93760,0.14742412
15411,36164,0.014224766
15412,89340,0.11064132
15413,91090,0.004787266
15414,57401,0.003674625
15415,12492,0.00950221
15416,97629,0.004464426
15417,103727,0.003828055
15418,36003,0.60356903
15419,91853,0.007627502
15420,23405,0.008318618
15421,74204,0.026467409
15422,83948,0.10684437
15423,71538,0.0802148
15424,35699,0.002958088
15425,39790,0.002559876
15426,14563,0.0251372
15427,56079,0.37054974
15428,55136,0.31836954
15429,44225,0.016119381
15430,56681,0.003954258
15431,47031,0.004022822
15432,52708,0.11903285
15433,80827,0.010783357
15434,56922,0.26710284
15435,90987,0.001852357
15436,22391,0.012842676
15437,75798,0.4012367
15438,15632,0.002039468
15439,110434,0.51235116
15440,10766,0.34537986
15441,111835,0.34776816
15442,41253,0.25542405
15443,49834,0.003027734
15444,68305,0.016993497
15445,73176,0.023989659
15446,1399,0.03320421
15447,96163,0.19418226
15448,26161,0.00548764
15449,12816,0.001795626
15450,69851,0.05578018
15451,75383,0.4012367
15452,109816,0.011191363
15453,71199,0.004425295
15454,67480,0.015894124
15455,2359,0.001895257
15456,47043,0.014653779
15457,31381,0.00190761
15458,53856,0.64246756
15459,92132,0.1466217
15460,11158,0.18089633
15461,84946,0.001858208
15462,55001,0.44537652
15463,38695,0.008699123
15464,64921,0.023471782
15465,6474,0.004052467
15466,82612,0.3955759
15467,57829,0.004603289
15468,87721,0.20576936
15469,7742,0.10734222
15470,100477,0.32234466
15471,45557,0.019800197
15472,113395,0.004584247
15473,83652,0.007178333
15474,95411,0.00262529
15475,73319,0.005474924
15476,73953,0.003533673
15477,67102,0.08367167
15478,57324,0.009700645
15479,61449,0.001914711
15480,56320,0.001911206
15481,35672,0.002580062
15482,102384,0.35117343
15483,26537,0.004718128
15484,104731,0.09426503
15485,51843,0.008612163
15486,110618,0.09853686
15487,95348,0.7379235
15488,29141,0.003767103
15489,103562,0.003488683
15490,98767,0.005166045
15491,17001,0.007621312
15492,50169,0.2022428
15493,71837,0.021753239
15494,3438,0.004665233
15495,46766,0.2863451
15496,5524,0.007144943
15497,30898,0.17365596
15498,82198,0.005184398
15499,91306,0.6533006
15500,56083,0.002033168
15501,41856,0.014004568
15502,98068,0.003674502
15503,65647,0.005441876
15504,17858,0.002375296
15505,70058,0.27988487
15506,52602,0.034246076
15507,65913,0.004025742
15508,68180,0.03039649
15509,107205,0.032290194
15510,81449,0.001792022
15511,106017,0.002172665
15512,115801,0.003261217
15513,45128,0.1584487
15514,20150,0.010715188
15515,12806,0.002040332
15516,86541,0.004243834
15517,83178,0.001786475
15518,94162,0.024226038
15519,32686,0.004337068
15520,59353,0.43082973
15521,74772,0.007977448
15522,71413,0.005346559
15523,27962,0.003090058
15524,42739,0.90243936
15525,31950,0.010230876
15526,103775,0.023519613
15527,27713,0.048693333
15528,57571,0.53932595
15529,87218,0.002735299
15530,93892,0.14742412
15531,24762,0.08460948
15532,50419,0.09410485
15533,94045,0.003775313
15534,14244,0.006334856
15535,51482,0.022648878
15536,54204,0.64246756
15537,16963,0.080471575
15538,108322,0.0687706
15539,59298,0.004320007
15540,20455,0.003029384
15541,28518,0.14299846
15542,78914,0.016475096
15543,58763,0.90631324
15544,37088,0.002263681
15545,52,0.01965642
15546,70003,0.003876155
15547,11258,0.016795684
15548,78548,0.00330553
15549,89685,0.005987571
15550,81714,0.007840232
15551,35888,0.72960347
15552,95209,0.001889182
15553,76066,0.00981022
15554,4414,0.002566482
15555,113952,0.026144745
15556,74564,0.026204342
15557,42785,0.02948138
15558,39605,0.70773965
15559,83399,0.001878061
15560,72933,0.023819441
15561,15697,0.020243263
15562,86378,0.17796935
15563,54704,0.0034799
15564,17840,0.002487236
15565,114028,0.8267457
15566,59358,0.3493376
15567,81116,0.001788339
15568,79614,0.14082389
15569,84015,0.005455558
15570,84086,0.02922988
15571,64481,0.51534814
15572,54872,0.005781713
15573,27144,0.31578568
15574,115309,0.001779337
15575,3074,0.003972048
15576,38061,0.002300698
15577,66042,0.003173431
15578,28136,0.008233259
15579,71761,0.01013751
15580,20014,0.001940663
15581,114067,0.16303436
15582,41352,0.009991627
15583,65125,0.003836746
15584,97739,0.41144058
15585,98832,0.20057626
15586,109951,0.39813897
15587,31133,0.003587493
15588,90984,0.012699568
15589,54108,0.3625151
15590,111608,0.070066325
15591,76907,0.0933429
15592,87193,0.007786741
15593,64417,0.004333135
15594,13587,0.003568021
15595,29319,0.00685097
15596,219,0.001849568
15597,26677,0.04795241
15598,12779,0.33894998
15599,111395,0.31625652
15600,77752,0.004837842
15601,112137,0.002036414
15602,82856,0.007534676
15603,29184,0.008418134
15604,93494,0.003989941
15605,106136,0.005781291
15606,55595,0.4237678
15607,58774,0.004331311
15608,15647,0.003394124
15609,20500,0.3185405
15610,49390,0.028277779
15611,3595,0.004044524
15612,1319,0.003753776
15613,25132,0.00392209
15614,60601,0.004269106
15615,73360,0.003722061
15616,51357,0.005035958
15617,44570,0.091414616
15618,47577,0.003368001
15619,50623,0.007415962
15620,21733,0.06903264
15621,63747,0.023389194
15622,29222,0.057805113
15623,97481,0.48782945
15624,59135,0.01089133
15625,84987,0.004376546
15626,23364,0.005144741
15627,27424,0.020685164
15628,2786,0.012067312
15629,13996,0.009043667
15630,54257,0.003998806
15631,58684,0.003321529
15632,63043,0.002023696
15633,68961,0.26605517
15634,46535,0.003286011
15635,9484,0.008463952
15636,109594,0.06639225
15637,18595,0.027143955
15638,25822,0.008443195
15639,58176,0.006242516
15640,16743,0.003804704
15641,50845,0.003072513
15642,22085,0.23035197
15643,30412,0.001809883
15644,42777,0.055686943
15645,107608,0.0927642
15646,56687,0.0419523
15647,72604,0.023819441
15648,26823,0.003484742
15649,97527,0.56527615
15650,18056,0.005556782
15651,104075,0.006344219
15652,91729,0.5936973
15653,115358,0.015707409
15654,44127,0.004742701
15655,61195,0.003093998
15656,87644,0.003497058
15657,80015,0.004740709
15658,101949,0.3267471
15659,63628,0.04408788
15660,16646,0.002454975
15661,12704,0.64458823
15662,102361,0.008891271
15663,113274,0.08160438
15664,85244,0.005268874
15665,53290,0.005932141
15666,22884,0.09248469
15667,57659,0.006023721
15668,87908,0.15179
15669,65605,0.003155266
15670,38167,0.004445785
15671,30200,0.7569004
15672,43547,0.017991904
15673,97982,0.34258595
15674,28029,0.539827
15675,26758,0.62965286
15676,33191,0.33194256
15677,37912,0.014927628
15678,85961,0.003270794
15679,151,0.011834058
15680,43226,0.001938637
15681,37582,0.14573376
15682,104863,0.003929526
15683,60002,0.003645355
15684,71877,0.001989139
15685,41185,0.019913483
15686,69956,0.003785769
15687,59750,0.002501553
15688,5449,0.00240118
15689,95132,0.718614
15690,6559,0.01551497
15691,28988,0.35019535
15692,65,0.013287196
15693,40162,0.004063589
15694,38868,0.003532237
15695,26,0.002735507
15696,11128,0.003656928
15697,84794,0.009422354
15698,114654,0.003820821
15699,35758,0.004296333
15700,47601,0.41232324
15701,110122,0.003253741
15702,58362,0.5627197
15703,64638,0.002025396
15704,46108,0.11184758
15705,77900,0.28115878
15706,53245,0.003479481
15707,26540,0.036283348
15708,89510,0.016166564
15709,91698,0.006833206
15710,113926,0.008106886
15711,79357,0.062250394
15712,79956,0.15836318
15713,85947,0.017980922
15714,20105,0.007849818
15715,49706,0.003991163
15716,61658,0.5168038
15717,54295,0.003896865
15718,47375,0.067787066
15719,115669,0.002202557
15720,18353,0.113159575
15721,89819,0.007982084
15722,105393,0.004668421
15723,13006,0.018500188
15724,63853,0.10661593
15725,73703,0.56676567
15726,10029,0.016164312
15727,28702,0.003789121
15728,73608,0.02214148
15729,83766,0.008623347
15730,101013,0.07682936
15731,103112,0.004048999
15732,62974,0.004002817
15733,14433,0.003279678
15734,96384,0.00364903
15735,100220,0.30172202
15736,104805,0.001807017
15737,75232,0.00475638
15738,84686,0.15976554
15739,29885,0.04334267
15740,114261,0.002588734
15741,66334,0.01598107
15742,11512,0.001873994
15743,48434,0.002940831
15744,4655,0.001926771
15745,76890,0.002961825
15746,78742,0.001934102
15747,61170,0.037704244
15748,22649,0.00591045
15749,50109,0.002751067
15750,95901,0.003211071
15751,10124,0.06434689
15752,22602,0.010540607
15753,96970,0.4452379
15754,27467,0.018819384
15755,60043,0.052231777
15756,35066,0.003254062
15757,17092,0.002837058
15758,35435,0.03352618
15759,69737,0.019727323
15760,115747,0.004619904
15761,2034,0.002127575
15762,4801,0.005312059
15763,415,0.003781374
15764,108563,0.003748534
15765,26628,0.036283348
15766,63149,0.006165587
15767,65835,0.00505156
15768,68171,0.0387971
15769,69319,0.081190735
15770,15422,0.017534101
15771,64735,0.004056104
15772,29661,0.003410494
15773,24034,0.008138408
15774,5439,0.068998314
15775,57747,0.008014261
15776,19633,0.015419005
15777,81472,0.033650707
15778,63580,0.001817474
15779,57777,0.027593156
15780,64857,0.004207677
15781,58347,0.00428717
15782,30246,0.020374777
15783,95653,0.24380448
15784,113215,0.008790381
15785,60322,0.73721117
15786,50453,0.005329268
15787,8235,0.014706695
15788,39714,0.010825763
15789,59065,0.35016304
15790,11484,0.002513071
15791,5954,0.015304099
15792,107300,0.002221183
15793,96351,0.11535444
15794,105645,0.00178814
15795,25634,0.002334996
15796,14715,0.001795921
15797,76977,0.00215543
15798,44363,0.004102451
15799,31151,0.004042316
15800,99878,0.005711811
15801,91553,0.09830573
15802,10000,0.006022534
15803,16530,0.006335202
15804,101139,0.002070012
15805,42936,0.017481271
15806,81104,0.32828736
15807,74393,0.004367175
15808,84988,0.5467551
15809,53211,0.09162841
15810,67879,0.002870577
15811,4761,0.013097872
15812,26682,0.002785184
15813,84405,0.013386953
15814,34008,0.0912829
15815,48440,0.2817027
15816,725,0.01452888
15817,108791,0.046902508
15818,24134,0.006827226
15819,37118,0.115943566
15820,31966,0.003581939
15821,27564,0.018819384
15822,13443,0.60383373
15823,84629,0.15976554
15824,55249,0.23886418
15825,101267,0.014633901
15826,93105,0.080838405
15827,243,0.018547788
15828,22832,0.007817149
15829,87298,0.018105123
15830,68791,0.003930224
15831,83907,0.13682863
15832,58173,0.00690579
15833,80117,0.44187546
15834,12428,0.5243844
15835,46086,0.009644344
15836,52549,0.005161322
15837,86771,0.001828103
15838,7886,0.0264941
15839,102162,0.07063257
15840,51109,0.01599383
15841,20637,0.01298622
15842,99356,0.10267187
15843,9486,0.015215063
15844,52955,0.09162841
15845,96803,0.006178445
15846,65729,0.005092865
15847,55672,0.38663286
15848,1057,0.008936211
15849,103741,0.263706
15850,71879,0.0802148
15851,58526,0.003885279
15852,37704,0.00198801
15853,60314,0.37424824
15854,113355,0.3664219
15855,6645,0.0943451
15856,60078,0.2478018
15857,94388,0.39023134
15858,25483,0.04875575
15859,104164,0.06911629
15860,57836,0.00178751
15861,18397,0.007281867
15862,57542,0.4953919
15863,52059,0.48931405
15864,25640,0.003892175
15865,54647,0.001847195
15866,98641,0.002667625
15867,45059,0.07799857
15868,11607,0.60701436
15869,70824,0.013732203
15870,32502,0.021129604
15871,102895,0.005701832
15872,64148,0.05524485
15873,13641,0.21730848
15874,74709,0.15645263
15875,19929,0.00204723
15876,84057,0.11381532
15877,29495,0.004145999
15878,52001,0.13036187
15879,91085,0.46849966
15880,2784,0.012522877
15881,26912,0.003877652
15882,64209,0.004022463
15883,10166,0.002662705
15884,51940,0.091003016
15885,56548,0.005806833
15886,33118,0.021129604
15887,5423,0.002475436
15888,22967,0.003424375
15889,13401,0.8347863
15890,46463,0.11201172
15891,75237,0.005704257
15892,34787,0.63433456
15893,22220,0.003311437
15894,13041,0.00390362
15895,226,0.003785884
15896,69618,0.01225355
15897,36159,0.31657913
15898,51901,0.29447573
15899,76043,0.004725758
15900,1503,0.00193873
15901,73139,0.00194511
15902,28185,0.14102559
15903,73316,0.007146977
15904,25992,0.001812408
15905,106366,0.016799748
15906,11996,0.001850665
15907,28158,0.003894749
15908,51983,0.003769453
15909,109364,0.00304503
15910,411,0.00628393
15911,79625,0.02758587
15912,52903,0.005656265
15913,16097,0.018664218
15914,98847,0.004805751
15915,42107,0.003845203
15916,111711,0.2545595
15917,73951,0.06421251
15918,31890,0.003896534
15919,102041,0.3267471
15920,66064,0.004492011
15921,40099,0.004881944
15922,39933,0.003139778
15923,101766,0.003805358
15924,75745,0.25379172
15925,31912,0.030964768
15926,6219,0.008254514
15927,89216,0.024514996
15928,96830,0.7000107
15929,73279,0.11767098
15930,59301,0.40557623
15931,65207,0.008352006
15932,19870,0.069348864
15933,28866,0.003910826
15934,70126,0.009545536
15935,12948,0.45928198
15936,71575,0.29359952
15937,72938,0.12771407
15938,46098,0.17994407
15939,18682,0.17067789
15940,86244,0.007417847
15941,104797,0.044026285
15942,80065,0.09723313
15943,32973,0.002644567
15944,19442,0.014734268
15945,82673,0.003198764
15946,49219,0.001835788
15947,68252,0.006672239
15948,67239,0.02213773
15949,5709,0.3488918
15950,15493,0.003152518
15951,29823,0.07886748
15952,26325,0.009640078
15953,32506,0.046305165
15954,35307,0.36264348
15955,9961,0.51982355
15956,2099,0.001819335
15957,12977,0.002144631
15958,108516,0.6670515
15959,61523,0.38272157
15960,6015,0.018842556
15961,42189,0.004046261
15962,4141,0.001903223
15963,89312,0.16419913
15964,64004,0.002718612
15965,531,0.013792095
15966,73043,0.010686677
15967,9509,0.005655732
15968,91604,0.13870004
15969,39069,0.019565547
15970,106852,0.32640228
15971,6073,0.004116995
15972,52152,0.002662436
15973,107563,0.05896265
15974,89104,0.025195286
15975,114061,0.15243734
15976,78443,0.009472725
15977,25310,0.43662104
15978,74928,0.024918852
15979,16144,0.002400218
15980,67147,0.36600125
15981,103614,0.25566146
15982,30954,0.005547288
15983,75619,0.018696774
15984,74386,0.018648542
15985,90113,0.003022603
15986,67700,0.07220073
15987,11609,0.003070616
15988,17175,0.08996416
15989,47540,0.03802369
15990,26791,0.018524176
15991,12308,0.018362392
15992,78770,0.014372849
15993,84912,0.03583213
15994,56647,0.58337814
15995,86013,0.49941692
15996,17686,0.050038066
15997,38837,0.002911323
15998,77723,0.018983781
15999,110314,0.09217208
16000,80633,0.020378945
16001,95772,0.001840292
16002,115065,0.006165003
16003,75409,0.024918852
16004,18061,0.007262365
16005,49229,0.003927419
16006,98953,0.05079801
16007,85178,0.004699753
16008,26075,0.021131637
16009,51215,0.29804996
16010,80609,0.007395152
16011,2171,0.005361203
16012,114255,0.118372135
16013,30757,0.004198584
16014,76430,0.004721974
16015,60822,0.006555924
16016,95616,0.47743052
16017,44726,0.004531623
16018,20497,0.06903264
16019,88832,0.007212065
16020,93053,0.105660826
16021,18936,0.009962915
16022,45630,0.020516803
16023,68133,0.36857566
16024,13444,0.08050893
16025,60833,0.006386829
16026,27595,0.001810728
16027,80738,0.012301452
16028,35297,0.004892741
16029,76783,0.019704105
16030,105811,0.07852123
16031,87581,0.003887899
16032,5128,0.0044655
16033,78926,0.001972858
16034,69142,0.0328193
16035,87158,0.002008978
16036,37566,0.09251427
16037,51047,0.002897293
16038,12496,0.003281309
16039,59532,0.40557623
16040,90951,0.004927862
16041,44097,0.005203875
16042,90479,0.005442353
16043,114769,0.002459863
16044,57927,0.003635415
16045,109517,0.001845809
16046,114638,0.21496922
16047,14872,0.003299659
16048,105708,0.002782506
16049,97679,0.20745423
16050,4545,0.010282972
16051,67610,0.00445509
16052,13797,0.17270991
16053,76045,0.018696774
16054,28129,0.020685164
16055,8715,0.002411345
16056,30055,0.004582902
16057,105758,0.002230896
16058,85714,0.004124401
16059,106464,0.036283962
16060,94037,0.09763005
16061,68671,0.037032925
16062,102927,0.001886975
16063,73730,0.23590542
16064,103152,0.005017956
16065,109033,0.012222609
16066,36381,0.003915549
16067,22269,0.002773071
16068,47107,0.014653779
16069,40582,0.00475564
16070,41653,0.15818837
16071,97021,0.6397424
16072,114425,0.003836983
16073,108048,0.01045117
16074,85913,0.015801223
16075,33358,0.4910044
16076,105332,0.001794279
16077,96590,0.008454201
16078,99897,0.14286421
16079,94176,0.024226038
16080,109228,0.06639225
16081,63760,0.066793926
16082,80211,0.005594032
16083,382,0.001862377
16084,9285,0.44885615
16085,17050,0.002728896
16086,41772,0.2740012
16087,66995,0.3846803
16088,84011,0.00378323
16089,81866,0.003712237
16090,6693,0.015115878
16091,115018,0.031900916
16092,24733,0.007965385
16093,97510,0.4445264
16094,64974,0.40585518
16095,66869,0.020437544
16096,48974,0.19581348
16097,28470,0.019825613
16098,92665,0.59084535
16099,41135,0.06263339
16100,91490,0.09830573
16101,50199,0.006420585
16102,25116,0.002919867
16103,68653,0.17518139
16104,54496,0.45074898
16105,104574,0.003339658
16106,9673,0.001942
16107,50337,0.003330009
16108,59641,0.57480556
16109,51416,0.29804996
16110,58902,0.512979
16111,59398,0.18317735
16112,104658,0.002393232
16113,31068,0.002298131
16114,51531,0.007089423
16115,44652,0.00191896
16116,82536,0.011775884
16117,74554,0.00439104
16118,10763,0.012573009
16119,70754,0.5124281
16120,29307,0.034470376
16121,64568,0.001861536
16122,73902,0.002912452
16123,104546,0.0918141
16124,57007,0.00193187
16125,102881,0.002592154
16126,3921,0.001850675
16127,40031,0.003973797
16128,108372,0.04867857
16129,27570,0.008929128
16130,13175,0.5965815
16131,16717,0.001944102
16132,84843,0.001835082
16133,50469,0.002074181
16134,79279,0.003502052
16135,102227,0.3267471
16136,33194,0.06716513
16137,70470,0.12376261
16138,95472,0.006269371
16139,9114,0.14578874
16140,34716,0.020178044
16141,104233,0.006575219
16142,33700,0.035657927
16143,106559,0.39055392
16144,40570,0.00295588
16145,112943,0.36506912
16146,18657,0.004918579
16147,43025,0.001789293
16148,53762,0.00466666
16149,32606,0.004664511
16150,15081,0.019193603
16151,86455,0.007417847
16152,114696,0.012471646
16153,67999,0.4216847
16154,35984,0.028119966
16155,59928,0.2478018
16156,65702,0.004777249
16157,96714,0.49489275
16158,82574,0.006489954
16159,33647,0.005040916
16160,9219,0.024574704
16161,33952,0.4514751
16162,107918,0.008232309
16163,102453,0.001907087
16164,59265,0.092005804
16165,962,0.004342211
16166,75128,0.028116742
16167,11957,0.04813418
16168,110477,0.011898533
16169,23547,0.003888468
16170,39745,0.042950805
16171,13518,0.5965815
16172,114326,0.04822852
16173,72065,0.005323427
16174,64706,0.003839727
16175,29660,0.004685964
16176,61967,0.025602195
16177,18795,0.003188001
16178,86598,0.008068388
16179,88845,0.15433618
16180,60403,0.005303842
16181,47537,0.17925718
16182,100962,0.13956355
16183,98806,0.35754368
16184,44240,0.046823267
16185,57790,0.53932595
16186,66474,0.006802887
16187,6185,0.003134215
16188,39305,0.004146017
16189,110832,0.025610475
16190,71463,0.005939132
16191,99158,0.14494985
16192,104003,0.003721078
16193,25191,0.003892175
16194,37244,0.049791224
16195,57870,0.007380333
16196,19669,0.04275705
16197,6387,0.002438341
16198,101399,0.009244282
16199,114266,0.007931493
16200,87867,0.08992788
16201,15985,0.002687649
16202,9176,0.007099167
16203,75927,0.077087484
16204,11159,0.00432513
16205,38640,0.22518128
16206,72480,0.006170858
16207,104064,0.004237121
16208,74798,0.059963077
16209,20513,0.002803224
16210,4064,0.020523345
16211,104212,0.057795417
16212,42466,0.36064166
16213,19444,0.002835362
16214,26315,0.008314972
16215,113894,0.16303436
16216,79843,0.45520604
16217,95770,0.012147159
16218,50940,0.35836494
16219,58304,0.23282197
16220,26041,0.001829242
16221,57217,0.011185886
16222,24968,0.001794506
16223,45469,0.010172207
16224,71035,0.27671763
16225,66997,0.10885503
16226,93921,0.008030236
16227,96664,0.007882824
16228,50299,0.08698327
16229,23465,0.003096965
16230,91362,0.1751861
16231,47717,0.4997477
16232,85782,0.4444208
16233,32952,0.037311684
16234,1675,0.001885996
16235,92115,0.004035842
16236,54116,0.3625151
16237,94259,0.017490307
16238,59650,0.00364078
16239,64019,0.01931084
16240,81452,0.004329245
16241,29756,0.07542821
16242,84577,0.14159523
16243,48501,0.005244046
16244,35294,0.11559659
16245,79660,0.011448439
16246,8722,0.048339963
16247,72937,0.10541274
16248,22145,0.003400968
16249,14026,0.006559344
16250,75425,0.15829541
16251,36413,0.004017858
16252,89746,0.17406532
16253,103942,0.024760947
16254,30957,0.021070324
16255,21585,0.001794108
16256,35722,0.10341515
16257,4490,0.00193453
16258,50710,0.872609
16259,58934,0.005004682
16260,10687,0.001851441
16261,104977,0.6095579
16262,4241,0.002482111
16263,31205,0.00959495
16264,82966,0.007534676
16265,67585,0.04740002
16266,107449,0.06982487
16267,104380,0.45389265
16268,111565,0.17186402
16269,53007,0.004739801
16270,3161,0.006631883
16271,25098,0.009422754
16272,74590,0.007748275
16273,20794,0.020400796
16274,52925,0.00356923
16275,4355,0.002956054
16276,101677,0.29809353
16277,33410,0.001930475
16278,102490,0.007152494
16279,15660,0.19045173
16280,25545,0.008537043
16281,106066,0.047269467
16282,80021,0.08953455
16283,84125,0.066360086
16284,53388,0.002845931
16285,79571,0.07003697
16286,2727,0.012978539
16287,71074,0.003364733
16288,25283,0.004044261
16289,105264,0.040154476
16290,12028,0.119441696
16291,53240,0.28279033
16292,66016,0.002844652
16293,114939,0.013342819
16294,48832,0.003383682
16295,20499,0.007099524
16296,100877,0.07132568
16297,93139,0.008480386
16298,25055,0.006064448
16299,85925,0.008390469
16300,78483,0.006849192
16301,31515,0.00364571
16302,32669,0.2098834
16303,88053,0.004894467
16304,114422,0.003913649
16305,59752,0.07082587
16306,56167,0.00331069
16307,52585,0.005161322
16308,80164,0.003517348
16309,94187,0.26726893
16310,111775,0.2545595
16311,14699,0.003176504
16312,22941,0.004063108
16313,32807,0.007183827
16314,72706,0.17783451
16315,9174,0.001905093
16316,14227,0.15740111
16317,47323,0.00197366
16318,51238,0.002707004
16319,49770,0.009129527
16320,27141,0.008929128
16321,92675,0.005960747
16322,65088,0.004056104
16323,1934,0.002207866
16324,63566,0.005863198
16325,90372,0.10883504
16326,4640,0.056894764
16327,79733,0.12647603
16328,1796,0.016417425
16329,94053,0.6920124
16330,114463,0.03030762
16331,11506,0.00349072
16332,69048,0.24367683
16333,98964,0.35485777
16334,42953,0.003089837
16335,64016,0.004954242
16336,32194,0.00212903
16337,62456,0.5205965
16338,10214,0.30497015
16339,99177,0.37550193
16340,49192,0.003182326
16341,42199,0.006356197
16342,8619,0.5321617
16343,86805,0.07254262
16344,106995,0.010404165
16345,1074,0.002119939
16346,81605,0.016259154
16347,70825,0.004127689
16348,66202,0.64801323
16349,66624,0.003782323
16350,110145,0.002374971
16351,60381,0.34721157
16352,23101,0.006312342
16353,65199,0.006439195
16354,101489,0.37577435
16355,4953,0.055412885
16356,86492,0.003433689
16357,10913,0.003073578
16358,63893,0.002786779
16359,97684,0.5010265
16360,93800,0.005365186
16361,87145,0.3323228
16362,99196,0.027111806
16363,24852,0.6071586
16364,16562,0.001949342
16365,87955,0.19185938
16366,12332,0.014054526
16367,43448,0.04266589
16368,65209,0.004056285
16369,92377,0.0041766
16370,76973,0.004843633
16371,53652,0.004119864
16372,87222,0.3323228
16373,64487,0.002664126
16374,86473,0.009542597
16375,80878,0.014670361
16376,93091,0.33614588
16377,43554,0.014443175
16378,99615,0.2009604
16379,12972,0.0035241
16380,95001,0.003655405
16381,29285,0.19405733
16382,20538,0.005984285
16383,17914,0.003225112
16384,75509,0.020871125
16385,34156,0.24030998
16386,63150,0.002188474
16387,11440,0.001908395
16388,104912,0.02091399
16389,89651,0.20355853
16390,40415,0.004664184
16391,95047,0.00391316
16392,95439,0.002800819
16393,4541,0.10102454
16394,49713,0.10258527
16395,17167,0.08324364
16396,74060,0.40190428
16397,11811,0.00258306
16398,3108,0.012978539
16399,27864,0.002104318
16400,13263,0.001998231
16401,58131,0.033988424
16402,6113,0.001873038
16403,11469,0.003350345
16404,74849,0.17215824
16405,82067,0.0594918
16406,41538,0.020907322
16407,72953,0.02194553
16408,29227,0.00655349
16409,101888,0.14229389
16410,3942,0.13878483
16411,37048,0.001849028
16412,11177,0.002592177
16413,112151,0.006347214
16414,48073,0.023791954
16415,94456,0.4501939
16416,7338,0.24010868
16417,59541,0.005374556
16418,57665,0.46721038
16419,108440,0.022080522
16420,37746,0.002997079
16421,9640,0.013643495
16422,10816,0.48217008
16423,19070,0.003936217
16424,26012,0.002771367
16425,69686,0.1031028
16426,5976,0.004007089
16427,94349,0.44995895
16428,103317,0.068999305
16429,21979,0.005934745
16430,62528,0.04057499
16431,77832,0.005225616
16432,114801,0.001827438
16433,55785,0.37397134
16434,89481,0.18230806
16435,103471,0.00854051
16436,28841,0.14299846
16437,9343,0.001904208
16438,47082,0.003076426
16439,105286,0.5127981
16440,5029,0.02407366
16441,74260,0.13659559
16442,25957,0.007780484
16443,70318,0.019708194
16444,25471,0.04754839
16445,26999,0.00453661
16446,67183,0.004091818
16447,3261,0.004000922
16448,103448,0.003632713
16449,45091,0.16467041
16450,52854,0.2792823
16451,19532,0.13988736
16452,58603,0.003784737
16453,55855,0.37397134
16454,75978,0.037616514
16455,50410,0.5133795
16456,27613,0.002787273
16457,109487,0.44772568
16458,42287,0.00397816
16459,10835,0.014163195
16460,40075,0.028261058
16461,88359,0.007760624
16462,60394,0.007492011
16463,96782,0.45341474
16464,56017,0.26642305
16465,20979,0.06903264
16466,80574,0.001925386
16467,93961,0.002505031
16468,113715,0.4632186
16469,25045,0.00392209
16470,26515,0.002005195
16471,115261,0.003445251
16472,57838,0.06879704
16473,28943,0.010167589
16474,52475,0.11406735
16475,12952,0.070058234
16476,103443,0.007852601
16477,19512,0.006726492
16478,96157,0.34369287
16479,48451,0.660216
16480,20190,0.584439
16481,21209,0.003516095
16482,81519,0.003896523
16483,42347,0.020354938
16484,96191,0.002941215
16485,42515,0.33165026
16486,77641,0.00562323
16487,44538,0.003010907
16488,102067,0.07063257
16489,46334,0.003126366
16490,26927,0.002083452
16491,26660,0.002017927
16492,43907,0.004037213
16493,103006,0.005949535
16494,108574,0.28256416
16495,40184,0.002436582
16496,115963,0.010826806
16497,40232,0.002624506
16498,88647,0.024854787
16499,10698,0.001863109
16500,81980,0.042032875
16501,71062,0.21649152
16502,71026,0.2454103
16503,26022,0.003376056
16504,20815,0.002642138
16505,112472,0.011071508
16506,66167,0.004106012
16507,107685,0.33131108
16508,51406,0.004085304
16509,42728,0.006726579
16510,61694,0.48270825
16511,72195,0.43633235
16512,33468,0.008305639
16513,87174,0.39295575
16514,37177,0.004862302
16515,24206,0.003720374
16516,67226,0.21332279
16517,44622,0.25809512
16518,15459,0.01503183
16519,10758,0.00353891
16520,106373,0.002432704
16521,77613,0.001847058
16522,17970,0.002579038
16523,63359,0.59870493
16524,83104,0.001787284
16525,84484,0.20852552
16526,107556,0.00246106
16527,92440,0.002349735
16528,103546,0.03975908
16529,65275,0.004056285
16530,84933,0.007248095
16531,95904,0.003248794
16532,22461,0.003044344
16533,68094,0.010480904
16534,90651,0.006808479
16535,13849,0.019744713
16536,82139,0.007860149
16537,38926,0.005305915
16538,108620,0.005204164
16539,13592,0.050811633
16540,31673,0.024422169
16541,100240,0.22266178
16542,56654,0.04755338
16543,86757,0.20082603
16544,92121,0.03754278
16545,108762,0.27574638
16546,12020,0.011196752
16547,82489,0.086144775
16548,25611,0.004372702
16549,79800,0.12647603
16550,105287,0.27924895
16551,44046,0.017399974
16552,51774,0.004664481
16553,115243,0.004736383
16554,39270,0.003989107
16555,18354,0.025743486
16556,33566,0.01586799
16557,102705,0.18392687
16558,105759,0.44843787
16559,33820,0.003455301
16560,12919,0.054838926
16561,68022,0.006695425
16562,9881,0.001997978
16563,29201,0.003226776
16564,113197,0.1729736
16565,104743,0.0439839
16566,69558,0.10560764
16567,9971,0.006478981
16568,61676,0.005931865
16569,71329,0.1750245
16570,61988,0.005910268
16571,38221,0.30694112
16572,85316,0.002494637
16573,39530,0.15923825
16574,14786,0.002001865
16575,41795,0.7615959
16576,96932,0.21257025
16577,49723,0.2466123
16578,48079,0.0038466
16579,4162,0.52592784
16580,50129,0.003196097
16581,80488,0.004079798
16582,26815,0.005306517
16583,67946,0.00826136
16584,33581,0.012036886
16585,28704,0.021716237
16586,94684,0.22153676
16587,82900,0.11547418
16588,19923,0.010715188
16589,33203,0.021129604
16590,866,0.002699554
16591,50531,0.08698327
16592,115557,0.051187936
16593,114604,0.00386046
16594,25993,0.004844092
16595,36510,0.0837694
16596,80022,0.019840384
16597,7368,0.002133085
16598,82449,0.004038922
16599,49663,0.015148439
16600,39026,0.001883551
16601,29829,0.006249492
16602,48681,0.004486468
16603,71172,0.3861233
16604,102054,0.006487695
16605,99628,0.001825132
16606,32250,0.003809688
16607,12987,0.005125051
16608,84079,0.004033263
16609,48119,0.04314626
16610,58367,0.005519609
16611,91377,0.004045377
16612,7346,0.010526568
16613,52894,0.09162841
16614,90215,0.24098758
16615,37718,0.017826634
16616,69498,0.003785769
16617,22409,0.002630522
16618,26673,0.003240944
16619,8373,0.003391512
16620,34649,0.006489241
16621,108664,0.00478802
16622,94700,0.025783917
16623,22325,0.00591045
16624,28673,0.001795309
16625,42791,0.004924557
16626,46506,0.009627194
16627,114170,0.08948485
16628,53860,0.03473217
16629,83261,0.16170911
16630,63219,0.003219464
16631,37349,0.025261527
16632,78301,0.06264957
16633,44054,0.003957649
16634,60350,0.041979264
16635,5190,0.002649573
16636,95056,0.00818386
16637,100440,0.001830255
16638,32326,0.19727772
16639,34012,0.008619968
16640,50415,0.83710665
16641,8936,0.026367934
16642,73249,0.07266755
16643,68806,0.006501029
16644,57925,0.008016706
16645,115507,0.01676428
16646,69270,0.03836942
16647,35432,0.19070849
16648,112176,0.007931092
16649,6543,0.05754103
16650,31050,0.005534771
16651,24191,0.1402158
16652,4305,0.002960525
16653,60201,0.006405633
16654,29084,0.02023645
16655,104535,0.00572294
16656,6383,0.013138497
16657,14448,0.00338701
16658,71727,0.27930924
16659,16345,0.001933012
16660,8085,0.001820615
16661,11530,0.00208872
16662,83785,0.03506157
16663,104562,0.53737026
16664,89301,0.002763419
16665,66229,0.015472868
16666,42064,0.9116097
16667,22755,0.005863406
16668,87472,0.20576936
16669,8634,0.002472105
16670,81074,0.03441686
16671,4268,0.001995012
16672,5116,0.001865209
16673,88062,0.009660573
16674,22781,0.004159515
16675,13718,0.001887032
16676,53857,0.63589877
16677,104280,0.004913946
16678,76367,0.029146027
16679,35403,0.06622492
16680,70330,0.14076723
16681,105974,0.001979024
16682,72780,0.39255407
16683,79092,0.00850973
16684,58233,0.13371174
16685,16276,0.050038066
16686,28849,0.05821683
16687,32095,0.006495644
16688,99598,0.040772438
16689,3890,0.022636985
16690,23598,0.026265025
16691,17810,0.002540392
16692,10544,0.002199393
16693,87566,0.38324347
16694,56464,0.51179534
16695,72778,0.018458584
16696,60591,0.15817541
16697,46205,0.014697094
16698,50900,0.00425996
16699,109385,0.54496646
16700,53272,0.8667387
16701,98128,0.002848839
16702,31344,0.004732507
16703,38790,0.009384567
16704,73237,0.003910156
16705,68479,0.5236075
16706,52068,0.001798185
16707,108601,0.54166055
16708,106979,0.02196603
16709,105925,0.22924179
16710,82561,0.16930784
16711,50206,0.08698327
16712,24467,0.06259709
16713,112542,0.008006039
16714,22992,0.055657998
16715,31324,0.020434687
16716,95374,0.001902508
16717,17179,0.22306842
16718,99941,0.004147642
16719,73740,0.07883433
16720,65350,0.002801046
16721,32886,0.09611661
16722,113140,0.003157436
16723,17776,0.008924609
16724,23510,0.44645703
16725,73097,0.00796837
16726,56402,0.00331069
16727,66478,0.003246669
16728,18398,0.001952301
16729,99272,0.009058251
16730,108287,0.007532049
16731,107056,0.018356323
16732,3462,0.001849895
16733,80016,0.004243525
16734,55427,0.085425645
16735,9164,0.001900729
16736,99994,0.31060788
16737,14641,0.002298127
16738,53796,0.003407012
16739,59782,0.004026047
16740,29357,0.003047748
16741,66783,0.007098576
16742,59133,0.045802545
16743,113093,0.08832379
16744,24061,0.002948863
16745,59173,0.17468601
16746,39083,0.47080803
16747,69667,0.005800895
16748,25454,0.06348504
16749,54167,0.004398818
16750,21490,0.003475255
16751,55176,0.12922448
16752,67501,0.36223242
16753,65498,0.005728125
16754,2438,0.003783996
16755,99347,0.38647258
16756,77368,0.13245381
16757,59704,0.003966143
16758,65782,0.007018794
16759,90693,0.13159373
16760,56465,0.20401387
16761,30734,0.45779544
16762,28410,0.016689641
16763,93730,0.14916925
16764,50664,0.002874446
16765,860,0.01340651
16766,35453,0.010414937
16767,34589,0.24030998
16768,101196,0.09576752
16769,101611,0.37577435
16770,75065,0.004289147
16771,98460,0.41144058
16772,6051,0.002696583
16773,88976,0.17311294
16774,59432,0.004498587
16775,100138,0.015208826
16776,10390,0.065584384
16777,82277,0.002972498
16778,92507,0.003891424
16779,107811,0.24378555
16780,82491,0.28681025
16781,16002,0.00294023
16782,2946,0.003414792
16783,9322,0.005653745
16784,39693,0.028261058
16785,53573,0.05630108
16786,1481,0.05243616
16787,77129,0.46001273
16788,80702,0.29165563
16789,55007,0.004066127
16790,60426,0.009671975
16791,46400,0.003361407
16792,54572,0.361634
16793,60328,0.6138617
16794,53575,0.003415188
16795,16027,0.00237561
16796,112201,0.09717175
16797,32213,0.16821413
16798,115600,0.002276622
16799,29561,0.02013454
16800,82079,0.003811051
16801,52203,0.001839598
16802,21926,0.011775873
16803,7136,0.013001005
16804,107754,0.019273667
16805,36740,0.004667503
16806,40637,0.004327676
16807,25263,0.036856744
16808,107779,0.007668251
16809,70376,0.07968667
16810,83556,0.018754316
16811,112936,0.24900837
16812,40360,0.055338375
16813,65305,0.004412693
16814,25026,0.008882586
16815,57098,0.46120232
16816,16737,0.002226075
16817,92704,0.43712595
16818,41248,0.004552927
16819,97077,0.29192886
16820,67419,0.005027996
16821,67369,0.011369971
16822,187,0.003478044
16823,39659,0.42780647
16824,104077,0.002461448
16825,41114,0.23051392
16826,112537,0.007974544
16827,17922,0.007262365
16828,72140,0.16267619
16829,77793,0.004494785
16830,54189,0.076370604
16831,13756,0.57110775
16832,107386,0.7014719
16833,71024,0.014862043
16834,22889,0.055076417
16835,67953,0.004326512
16836,53792,0.005202952
16837,17607,0.002089659
16838,62576,0.001808357
16839,38450,0.004335076
16840,104789,0.29267868
16841,47130,0.2828049
16842,54402,0.35384318
16843,101367,0.038804647
16844,50820,0.085715875
16845,47899,0.005376641
16846,18916,0.19312574
16847,51280,0.001889718
16848,18588,0.003453651
16849,106764,0.005390836
16850,30937,0.70413435
16851,106082,0.013765373
16852,54987,0.51767236
16853,103787,0.00178797
16854,25543,0.020739269
16855,11761,0.08549526
16856,108117,0.001793345
16857,13226,0.00312809
16858,57991,0.004668266
16859,23871,0.016579723
16860,6973,0.0186746
16861,90164,0.14973111
16862,4405,0.002930778
16863,21569,0.010720694
16864,84313,0.009449491
16865,17463,0.002431565
16866,6517,0.003395331
16867,80507,0.37098977
16868,69179,0.061333153
16869,110286,0.16206592
16870,38272,0.001886512
16871,44896,0.009459758
16872,58310,0.006702241
16873,14056,0.003880917
16874,28930,0.02023645
16875,18421,0.006567954
16876,37926,0.003344264
16877,98491,0.003288993
16878,83757,0.015376953
16879,28437,0.001789243
16880,44981,0.34287044
16881,66446,0.015294752
16882,56937,0.45141846
16883,19880,0.15153345
16884,79823,0.34079093
16885,96277,0.73790056
16886,107265,0.032290194
16887,43992,0.003091554
16888,42801,0.81540513
16889,26905,0.003156537
16890,59239,0.002800464
16891,3378,0.012782165
16892,33983,0.020178044
16893,28061,0.018819384
16894,85302,0.002026731
16895,26198,0.004113124
16896,22966,0.007179651
16897,12941,0.001942443
16898,13986,0.030897398
16899,67715,0.2519526
16900,109328,0.08705776
16901,103543,0.31246698
16902,61762,0.005289707
16903,27611,0.004706215
16904,38793,0.020786654
16905,76072,0.006581144
16906,44781,0.002104055
16907,10080,0.20576827
16908,8336,0.010630953
16909,100099,0.004967263
16910,24964,0.43978304
16911,52709,0.003592717
16912,79361,0.02167856
16913,100005,0.008071569
16914,34358,0.003048273
16915,108749,0.004212711
16916,57630,0.022870757
16917,46087,0.026146498
16918,34663,0.010873124
16919,94783,0.024226038
16920,47279,0.04503304
16921,99905,0.29439366
16922,47079,0.015595853
16923,18547,0.001903075
16924,85547,0.018582672
16925,18208,0.008448926
16926,68581,0.11644887
16927,934,0.13614433
16928,108660,0.04867857
16929,59574,0.43082973
16930,61621,0.117621616
16931,72058,0.003449317
16932,33275,0.021129604
16933,747,0.007553502
16934,114481,0.07036103
16935,37909,0.12832618
16936,103917,0.003109956
16937,93307,0.7372784
16938,31508,0.06768213
16939,90381,0.001803087
16940,54450,0.361634
16941,75924,0.3644583
16942,40007,0.35977682
16943,90901,0.003700698
16944,105256,0.20150445
16945,78160,0.004049928
16946,41128,0.0050161
16947,804,0.020074528
16948,87768,0.002906258
16949,107074,0.014835684
16950,64467,0.10439404
16951,106400,0.002880829
16952,99945,0.010597563
16953,46529,0.002339371
16954,14882,0.009490163
16955,14870,0.0251372
16956,8476,0.06098083
16957,89561,0.0907044
16958,107684,0.002953444
16959,77635,0.08133093
16960,57933,0.04359688
16961,15560,0.006848492
16962,90345,0.001887443
16963,13390,0.08050893
16964,61178,0.070439994
16965,69012,0.005724338
16966,8771,0.00185085
16967,33134,0.021129604
16968,97520,0.08873564
16969,2937,0.003657816
16970,41394,0.004503196
16971,44218,0.046823267
16972,68551,0.017747609
16973,35537,0.004290717
16974,49575,0.001878817
16975,102980,0.002109362
16976,64694,0.004333135
16977,56884,0.010093064
16978,108555,0.001949518
16979,54688,0.16896115
16980,57730,0.004058856
16981,66888,0.10885503
16982,21753,0.007099524
16983,12064,0.025062814
16984,68313,0.19696918
16985,63083,0.00424982
16986,77324,0.28291395
16987,89807,0.00543771
16988,50458,0.34900153
16989,50780,0.003339371
16990,96447,0.10329585
16991,6196,0.010007333
16992,100725,0.19038257
16993,11207,0.00349072
16994,22648,0.032418005
16995,42021,0.002044504
16996,196,0.005581786
16997,98231,0.024434
16998,73340,0.3973076
16999,60978,0.5579348
17000,10461,0.22411609
17001,95822,0.47743052
17002,59051,0.6391305
17003,52935,0.004434431
17004,23933,0.010614511
17005,21509,0.008579506
17006,42773,0.14084072
17007,6122,0.002166251
17008,68622,0.11644887
17009,109340,0.014327505
17010,63454,0.030308656
17011,3265,0.26632422
17012,12774,0.002817951
17013,113539,0.15065809
17014,110089,0.001837521
17015,30201,0.7569004
17016,32134,0.02331528
17017,36948,0.021270197
17018,80398,0.010913882
17019,7371,0.013741674
17020,110135,0.034284648
17021,33361,0.012010502
17022,94526,0.002659764
17023,16379,0.002375296
17024,71087,0.017252687
17025,115877,0.036815453
17026,25699,0.04795241
17027,104877,0.0439839
17028,77143,0.24048375
17029,32682,0.62077683
17030,7441,0.008382384
17031,38207,0.46633896
17032,56166,0.004719751
17033,40406,0.44314733
17034,63732,0.004943652
17035,71219,0.29518238
17036,65629,0.005243498
17037,97241,0.010409547
17038,43856,0.005448696
17039,108954,0.012222609
17040,22730,0.0020675
17041,90767,0.13159373
17042,59584,0.39365122
17043,2115,0.003058564
17044,99757,0.00605553
17045,68408,0.091607034
17046,33482,0.035657927
17047,52967,0.2792823
17048,15307,0.032444783
17049,30981,0.004835345
17050,103113,0.00612225
17051,37381,0.004176348
17052,13386,0.002858499
17053,64556,0.00183881
17054,3297,0.10062403
17055,61736,0.48270825
17056,56951,0.00331069
17057,76341,0.010228545
17058,35465,0.006952527
17059,52619,0.00510021
17060,90218,0.002491474
17061,20086,0.002660619
17062,100139,0.002800225
17063,46366,0.027101345
17064,19741,0.00418722
17065,19079,0.010782294
17066,103064,0.005946679
17067,25006,0.004341034
17068,83461,0.10846306
17069,41268,0.004379986
17070,35462,0.03446767
17071,64012,0.004293059
17072,12420,0.012477402
17073,92356,0.27552778
17074,31824,0.002027781
17075,2079,0.012304106
17076,48758,0.9153558
17077,104679,0.02709255
17078,51740,0.021869687
17079,70762,0.002844378
17080,18049,0.008286596
17081,15192,0.007529446
17082,115980,0.021952359
17083,47820,0.004819275
17084,30861,0.021070324
17085,34248,0.04164349
17086,31189,0.005430898
17087,108174,0.2485788
17088,41953,0.5605363
17089,112998,0.014532964
17090,52206,0.091003016
17091,62152,0.054391224
17092,103715,0.42127478
17093,28891,0.004282084
17094,40940,0.10782521
17095,6945,0.003855168
17096,76547,0.002397891
17097,68393,0.091607034
17098,77927,0.007849205
17099,81819,0.12728998
17100,55261,0.31354323
17101,110048,0.01971627
17102,5112,0.78161585
17103,72289,0.005362665
17104,88258,0.002829661
17105,35953,0.018374294
17106,51211,0.022551421
17107,88541,0.007760624
17108,51142,0.09539286
17109,33043,0.003767982
17110,99392,0.001833574
17111,23001,0.007033202
17112,65885,0.004462553
17113,21691,0.00678753
17114,62328,0.003876054
17115,82242,0.017474033
17116,53367,0.29588732
17117,104799,0.33547267
17118,23285,0.07396613
17119,58267,0.005240025
17120,19068,0.003127937
17121,97447,0.17322317
17122,16099,0.001794017
17123,101152,0.014633901
17124,111430,0.003026241
17125,75303,0.37173265
17126,56741,0.005426148
17127,3563,0.024929125
17128,61308,0.34237528
17129,38076,0.00181999
17130,17761,0.002371428
17131,27091,0.003351818
17132,35421,0.007367921
17133,6570,0.002383204
17134,328,0.003884796
17135,63726,0.001928183
17136,74872,0.026311204
17137,49338,0.004008797
17138,91446,0.002456898
17139,72662,0.1520264
17140,84285,0.02922988
17141,15306,0.00255702
17142,40104,0.002059023
17143,42402,0.005306849
17144,69134,0.23508802
17145,80201,0.20630729
17146,111873,0.014143196
17147,10226,0.010084477
17148,42862,0.002092299
17149,70903,0.017457733
17150,71083,0.3861233
17151,84353,0.02922988
17152,70339,0.30715427
17153,30880,0.19659069
17154,47739,0.021721743
17155,85770,0.002527178
17156,103725,0.002789384
17157,7259,0.02617628
17158,75268,0.018725185
17159,73106,0.017168203
17160,13571,0.44594058
17161,87920,0.19185938
17162,24748,0.002907992
17163,20603,0.003601948
17164,6149,0.07134596
17165,32834,0.001909884
17166,3049,0.00188613
17167,99529,0.17044881
17168,83503,0.08277167
17169,32702,0.07178453
17170,36751,0.00482113
17171,49966,0.007722508
17172,9370,0.027216924
17173,95849,0.003183145
17174,7817,0.4411558
17175,61857,0.005733344
17176,34987,0.020178044
17177,27738,0.003635778
17178,65652,0.00505156
17179,10363,0.025921714
17180,87173,0.007798635
17181,87638,0.110677265
17182,39518,0.003970386
17183,8141,0.005680222
17184,16155,0.002979095
17185,53467,0.00474097
17186,64606,0.004056104
17187,71986,0.012182221
17188,61618,0.054391224
17189,91290,0.20432952
17190,64521,0.004084883
17191,59825,0.001865643
17192,61442,0.019535791
17193,81093,0.006220349
17194,94371,0.3520467
17195,75338,0.001827546
17196,75084,0.010402319
17197,71604,0.07270861
17198,48634,0.002081199
17199,26002,0.008352986
17200,54880,0.44537652
17201,77393,0.002320217
17202,21950,0.045373313
17203,50184,0.19647886
17204,61380,0.19144095
17205,10995,0.001873477
17206,57661,0.53932595
17207,41366,0.002204491
17208,25426,0.006458268
17209,112666,0.004012336
17210,106174,0.006430031
17211,6853,0.003351118
17212,47293,0.017677918
17213,43858,0.003966168
17214,12379,0.6179649
17215,91047,0.14771709
17216,54476,0.361634
17217,114701,0.00327118
17218,75319,0.018709429
17219,62175,0.28300995
17220,78755,0.17006823
17221,20152,0.003334859
17222,68494,0.091607034
17223,8049,0.028233314
17224,32212,0.00378079
17225,69265,0.004990716
17226,86373,0.07725056
17227,72039,0.24498029
17228,45365,0.026117386
17229,40685,0.006078761
17230,24845,0.003973355
17231,51552,0.005511163
17232,101464,0.04149142
17233,63036,0.060709603
17234,59726,0.53482115
17235,89513,0.15433618
17236,22285,0.003123791
17237,12210,0.006450935
17238,16128,0.003299438
17239,31825,0.06768213
17240,106340,0.11535241
17241,40027,0.32896486
17242,96696,0.2173976
17243,58737,0.003384742
17244,58004,0.36643407
17245,40596,0.004635257
17246,42611,0.004049085
17247,100726,0.043059785
17248,97745,0.40997922
17249,30288,0.00411958
17250,63741,0.004342739
17251,53791,0.004366671
17252,73211,0.0990988
17253,19189,0.002432367
17254,1560,0.08127159
17255,29036,0.003983462
17256,44216,0.046823267
17257,70167,0.006210568
17258,80926,0.001926929
17259,23079,0.007616826
17260,82364,0.006464988
17261,50939,0.004779934
17262,26738,0.01059117
17263,53152,0.003938878
17264,31877,0.002516966
17265,106522,0.002807447
17266,108053,0.012490558
17267,19425,0.05049126
17268,49475,0.008818496
17269,4347,0.002960525
17270,78771,0.056585044
17271,64030,0.004424442
17272,13410,0.00257775
17273,38918,0.019565547
17274,25344,0.009861726
17275,52928,0.004145179
17276,53323,0.016829664
17277,103195,0.001795081
17278,111340,0.188265
17279,93858,0.001923921
17280,95643,0.003567026
17281,30715,0.003730526
17282,30651,0.021070324
17283,100952,0.002965855
17284,23858,0.016579723
17285,66657,0.001895197
17286,62560,0.0719827
17287,88438,0.004946364
17288,96556,0.002242177
17289,23316,0.02385378
17290,32582,0.09611661
17291,108914,0.00352188
17292,111209,0.10664715
17293,9006,0.001942
17294,4738,0.101560004
17295,115919,0.040968902
17296,30322,0.002985174
17297,89741,0.6280977
17298,13487,0.002888736
17299,45210,0.004568898
17300,98098,0.19465394
17301,57771,0.29584944
17302,43908,0.020089367
17303,28018,0.00333823
17304,46784,0.016797952
17305,5717,0.019352147
17306,86355,0.367177
17307,65499,0.00524843
17308,87848,0.003940656
17309,72021,0.017302414
17310,38810,0.0988605
17311,12436,0.45513225
17312,86041,0.4739867
17313,33602,0.003899949
17314,97709,0.006114509
17315,19154,0.09261649
17316,51680,0.003914586
17317,33243,0.007754957
17318,107301,0.070222594
17319,94458,0.3520467
17320,18733,0.002966648
17321,83859,0.002492558
17322,51396,0.010670647
17323,113503,0.026754055
17324,25599,0.002919867
17325,106934,0.005872235
17326,43156,0.00351905
17327,54458,0.006753787
17328,32067,0.02331528
17329,64601,0.00332884
17330,78810,0.17006823
17331,26172,0.5217406
17332,101947,0.009481503
17333,21766,0.011761903
17334,74288,0.002997079
17335,114143,0.006295031
17336,99406,0.22171696
17337,33963,0.004063187
17338,96868,0.094449274
17339,31756,0.00959495
17340,5611,0.041376214
17341,63341,0.08017139
17342,102502,0.017107554
17343,94264,0.009976541
17344,5398,0.008562612
17345,63521,0.019580184
17346,20297,0.021902377
17347,66066,0.002777708
17348,26569,0.003386993
17349,15446,0.002878723
17350,78455,0.18203947
17351,100175,0.010368499
17352,80546,0.004517871
17353,18725,0.003152284
17354,105885,0.006773933
17355,48224,0.1929617
17356,6143,0.001945314
17357,49291,0.028728884
17358,41303,0.007255905
17359,113251,0.05351949
17360,64216,0.023265839
17361,62218,0.002084134
17362,58411,0.57480556
17363,52791,0.004055894
17364,14143,0.026552942
17365,49122,0.001918779
17366,100441,0.009224489
17367,10606,0.007427508
17368,91694,0.5274018
17369,78769,0.012544661
17370,16286,0.1707763
17371,98285,0.007988214
17372,87297,0.007417847
17373,5908,0.003062281
17374,4334,0.024106024
17375,106014,0.006887126
17376,24450,0.008162659
17377,47073,0.018809209
17378,77155,0.005256699
17379,91854,0.09830573
17380,113146,0.36147135
17381,89217,0.15433618
17382,47184,0.014653779
17383,43261,0.00182141
17384,48432,0.024155319
17385,73573,0.03548629
17386,47662,0.002433542
17387,3593,0.398351
17388,66663,0.01562094
17389,25080,0.006458268
17390,96315,0.007786941
17391,104812,0.01013907
17392,81870,0.010739924
17393,6835,0.10174921
17394,18073,0.029910862
17395,19658,0.003525108
17396,62164,0.003986793
17397,4127,0.024106024
17398,85663,0.07729623
17399,37666,0.002861643
17400,57743,0.06288609
17401,64236,0.10439404
17402,50386,0.004069554
17403,81321,0.013972814
17404,18440,0.009177979
17405,90007,0.006073822
17406,54158,0.025194786
17407,23817,0.003124146
17408,9675,0.002707765
17409,21156,0.008394556
17410,61866,0.004544949
17411,46984,0.04596046
17412,39439,0.024813317
17413,97361,0.046650253
17414,11743,0.22958197
17415,103174,0.003629859
17416,98190,0.15940769
17417,26998,0.010977765
17418,90579,0.55310357
17419,91827,0.008635961
17420,81695,0.005585741
17421,2867,0.26431602
17422,35250,0.023727855
17423,11547,0.001799377
17424,33390,0.001830559
17425,68583,0.37194803
17426,48488,0.006158088
17427,93040,0.017872075
17428,35020,0.09647208
17429,68184,0.003689507
17430,16004,0.001923462
17431,99571,0.003772667
17432,46273,0.022985416
17433,3116,0.07822609
17434,20224,0.005761648
17435,38440,0.001772547
17436,28449,0.019825613
17437,101292,0.002486591
17438,6680,0.002622613
17439,54443,0.004122805
17440,18168,0.001865838
17441,38004,0.006837477
17442,80660,0.010856684
17443,7303,0.027434522
17444,19932,0.018686028
17445,4279,0.00979619
17446,109917,0.05351105
17447,28225,0.004231453
17448,11046,0.001958478
17449,108454,0.22595055
17450,96641,0.2173976
17451,21076,0.009989572
17452,14020,0.09504305
17453,72747,0.016259229
17454,84393,0.4260746
17455,114383,0.40186504
17456,109808,0.007538785
17457,106294,0.019387783
17458,51964,0.005093633
17459,95551,0.026522152
17460,36653,0.009684402
17461,73723,0.008519093
17462,102783,0.35117343
17463,104856,0.003386093
17464,81204,0.016701711
17465,111061,0.62380046
17466,99125,0.22171696
17467,63429,0.092828326
17468,2686,0.001895257
17469,91566,0.003340102
17470,11009,0.006979245
17471,90293,0.84050786
17472,86070,0.075626165
17473,59517,0.0039606
17474,9391,0.07208107
17475,49564,0.1994777
17476,74489,0.57351565
17477,70361,0.002908229
17478,96707,0.018362787
17479,82983,0.002052089
17480,60929,0.31716713
17481,18866,0.002758948
17482,15130,0.008663846
17483,28477,0.52019066
17484,104965,0.002800842
17485,73653,0.056634832
17486,5336,0.002051427
17487,85401,0.001922123
17488,100468,0.04938253
17489,46440,0.003361407
17490,103114,0.001790779
17491,92961,0.003484815
17492,63486,0.002572687
17493,102699,0.039381873
17494,84260,0.39064798
17495,30611,0.003386627
17496,33337,0.00767183
17497,17584,0.5393692
17498,73101,0.54897106
17499,67256,0.23164181
17500,97777,0.43000525
17501,67188,0.15473202
17502,38476,0.005159599
17503,90470,0.008235288
17504,103857,0.42127478
17505,106471,0.036283962
17506,6103,0.003298971
17507,56553,0.28669748
17508,40795,0.003267171
17509,97673,0.018243762
17510,56346,0.37054974
17511,33220,0.2571091
17512,64958,0.005652075
17513,271,0.011088713
17514,43175,0.005356966
17515,17828,0.004224573
17516,5807,0.059714418
17517,76239,0.28607228
17518,84728,0.007341701
17519,75700,0.4012367
17520,59581,0.07677122
17521,28982,0.021716988
17522,50541,0.12185195
17523,59322,0.011098182
17524,88672,0.004850606
17525,91906,0.03754278
17526,99074,0.06111315
17527,99427,0.43428916
17528,9407,0.003096765
17529,58681,0.051170222
17530,14689,0.007120286
17531,38854,0.002936229
17532,20658,0.009989572
17533,109665,0.60561806
17534,54154,0.12055505
17535,55792,0.21832113
17536,113908,0.005197372
17537,67538,0.036942914
17538,1307,0.013373262
17539,102456,0.10462753
17540,68815,0.41458866
17541,62526,0.054391224
17542,79157,0.005419231
17543,46828,0.003954357
17544,27490,0.002007362
17545,63892,0.10439404
17546,36204,0.002704056
17547,78113,0.001979662
17548,13372,0.08590766
17549,19153,0.007901918
17550,20777,0.012733404
17551,13474,0.5965815
17552,96596,0.007168125
17553,77531,0.017127844
17554,16221,0.01650272
17555,90488,0.061616518
17556,86391,0.19131565
17557,13549,0.054295618
17558,39627,0.16003321
17559,3427,0.004064179
17560,3591,0.29546812
17561,80274,0.26740032
17562,35548,0.004622159
17563,49504,0.004707443
17564,22910,0.004980372
17565,113886,0.001957983
17566,27878,0.0041128
17567,113363,0.551039
17568,61239,0.28351644
17569,62923,0.4861434
17570,113315,0.014436334
17571,19227,0.10071463
17572,105821,0.22170356
17573,64867,0.005695818
17574,61790,0.005183233
17575,81745,0.003318324
17576,64161,0.004299992
17577,65121,0.042111408
17578,70404,0.07968667
17579,91311,0.090733185
17580,40737,0.003147667
17581,33165,0.015001157
17582,65501,0.004859183
17583,67273,0.15473202
17584,24221,0.003186374
17585,34066,0.004461092
17586,18907,0.036272135
17587,69492,0.10560764
17588,59030,0.18317735
17589,28926,0.0035972
17590,111049,0.012761266
17591,20629,0.005049265
17592,69920,0.11907289
17593,62050,0.28300995
17594,100571,0.2841452
17595,583,0.013976277
17596,4276,0.00190263
17597,31876,0.5210573
17598,64331,0.004333135
17599,73163,0.003377067
17600,26730,0.008840571
17601,43512,0.02005914
17602,110177,0.003696005
17603,7851,0.004380228
17604,23355,0.057475865
17605,63749,0.003718607
17606,98433,0.33676723
17607,56782,0.006095681
17608,86915,0.004253652
17609,105185,0.003993758
17610,33933,0.002184113
17611,56333,0.19914241
17612,3070,0.006635972
17613,27228,0.004655484
17614,60483,0.5011527
17615,96320,0.2784661
17616,57749,0.007659413
17617,101056,0.010424682
17618,10625,0.010372458
17619,72111,0.062016897
17620,107144,0.07504799
17621,37862,0.002663512
17622,1231,0.00258265
17623,8154,0.005844021
17624,13049,0.005526916
17625,49904,0.00187629
17626,28211,0.22121301
17627,53092,0.006630768
17628,102694,0.003717588
17629,107763,0.008036661
17630,82152,0.007579953
17631,113754,0.009173033
17632,66993,0.2660335
17633,13615,0.10284892
17634,24267,0.038065836
17635,69148,0.004123634
17636,73510,0.002142541
17637,32374,0.0053185
17638,90936,0.12334193
17639,86852,0.004039129
17640,89249,0.007853522
17641,93828,0.30622813
17642,87723,0.0028719
17643,102287,0.28886223
17644,98430,0.19193354
17645,112030,0.47927728
17646,51575,0.83527136
17647,89406,0.001819054
17648,88666,0.008198636
17649,72053,0.017152496
17650,112808,0.003833942
17651,106930,0.23296078
17652,67104,0.004540388
17653,93711,0.4383898
17654,38845,0.004282696
17655,97821,0.002065691
17656,15537,0.002549571
17657,8224,0.066260606
17658,98454,0.19193354
17659,15071,0.08918912
17660,36802,0.004054402
17661,49584,0.004329582
17662,105100,0.040154476
17663,102506,0.00534517
17664,40170,0.35977682
17665,59249,0.003956779
17666,99409,0.33906353
17667,76001,0.25379172
17668,71317,0.3861233
17669,42944,0.001809763
17670,29677,0.020374777
17671,73901,0.23590542
17672,7402,0.003394216
17673,83693,0.007555164
17674,11623,0.005543189
17675,72450,0.27930924
17676,56758,0.15578946
17677,30327,0.005235945
17678,53097,0.033787474
17679,15291,0.003069968
17680,93402,0.08315502
17681,58620,0.002617707
17682,69902,0.041304935
17683,74549,0.020381846
17684,22277,0.004673977
17685,77229,0.030004194
17686,71967,0.007260499
17687,43228,0.1367386
17688,14999,0.003382369
17689,36712,0.011229017
17690,107216,0.020487463
17691,5685,0.6761002
17692,95196,0.03870969
17693,27496,0.004721214
17694,98123,0.16070694
17695,58898,0.49003637
17696,75127,0.019764386
17697,16911,0.001887032
17698,98028,0.001829439
17699,76164,0.25379172
17700,33377,0.018665671
17701,114527,0.002099495
17702,34462,0.004907333
17703,76717,0.077087484
17704,86950,0.027743226
17705,86910,0.20082603
17706,112549,0.5186202
17707,64809,0.048271578
17708,45772,0.002025423
17709,108996,0.001938009
17710,56169,0.010239392
17711,76041,0.021803122
17712,62861,0.017119497
17713,12265,0.02036766
17714,65029,0.023726849
17715,69409,0.41246152
17716,106806,0.5286586
17717,75197,0.002629839
17718,17220,0.009138534
17719,28686,0.036888298
17720,89205,0.002058165
17721,70805,0.38132143
17722,73990,0.56676567
17723,92931,0.018256692
17724,115858,0.003781099
17725,23301,0.005035922
17726,32991,0.033989348
17727,5389,0.5071354
17728,55807,0.06154826
17729,47562,0.18803684
17730,102731,0.002974921
17731,95694,0.004026052
17732,21853,0.019706514
17733,54243,0.65292436
17734,113803,0.059165858
17735,42666,0.005105475
17736,60887,0.21459098
17737,52578,0.005161322
17738,36250,0.004436368
17739,33087,0.004361009
17740,97368,0.122264296
17741,17931,0.002454619
17742,88072,0.007586099
17743,41325,0.36164382
17744,45620,0.260251
17745,15159,0.3863414
17746,679,0.003746796
17747,42609,0.014767699
17748,103374,0.010572813
17749,70068,0.46038324
17750,56507,0.010439297
17751,74888,0.28607228
17752,766,0.004320953
17753,30748,0.005980769
17754,100613,0.32234466
17755,77945,0.001790569
17756,31522,0.0685457
17757,72906,0.0990988
17758,28089,0.005835763
17759,57282,0.003469619
17760,95864,0.004356887
17761,19638,0.008019782
17762,2442,0.013882625
17763,34684,0.001792677
17764,75481,0.010733592
17765,46739,0.003585314
17766,98794,0.70220107
17767,62414,0.0719827
17768,33975,0.020178044
17769,54485,0.003597674
17770,88678,0.09288428
17771,70784,0.07926732
17772,63104,0.33051878
17773,77301,0.003016276
17774,113914,0.024785394
17775,62093,0.005891865
17776,97715,0.004005554
17777,84872,0.007143936
17778,106080,0.00192934
17779,23689,0.00185085
17780,60878,0.7844549
17781,74712,0.30577114
17782,91016,0.20432952
17783,57567,0.002628168
17784,11115,0.002551161
17785,54270,0.003447444
17786,98269,0.004332417
17787,89523,0.19900773
17788,99459,0.002216947
17789,112602,0.001804155
17790,90885,0.004414116
17791,37299,0.136416
17792,86930,0.027743226
17793,62000,0.48270825
17794,107843,0.18885915
17795,110823,0.2847034
17796,25821,0.006643973
17797,34184,0.003493737
17798,63802,0.003969104
17799,82967,0.39943257
17800,3247,0.3654993
17801,107869,0.008036661
17802,44482,0.001920712
17803,49819,0.003399803
17804,25043,0.001848622
17805,99798,0.00897571
17806,40305,0.02112295
17807,2883,0.003167694
17808,85764,0.009542597
17809,96270,0.006917459
17810,24971,0.009422754
17811,67243,0.02371533
17812,93646,0.048625868
17813,102062,0.003937153
17814,101156,0.001793345
17815,67861,0.19317478
17816,51471,0.1971909
17817,9096,0.015215063
17818,55028,0.42796016
17819,70094,0.010906612
17820,30098,0.006216504
17821,73368,0.023928568
17822,35155,0.00446595
17823,99591,0.0029565
17824,35027,0.003661083
17825,8461,0.001790457
17826,65164,0.013766364
17827,27876,0.008929128
17828,9981,0.51982355
17829,6682,0.002510334
17830,111000,0.025610475
17831,73817,0.27745542
17832,109815,0.001827339
17833,11055,0.005916529
17834,46695,0.002681822
17835,75746,0.28607228
17836,18813,0.002304954
17837,55616,0.19005609
17838,19700,0.010634445
17839,20930,0.010720694
17840,55404,0.004733122
17841,70355,0.46829826
17842,51822,0.004698705
17843,58947,0.40045014
17844,45671,0.015042516
17845,15676,0.002751392
17846,28203,0.003242702
17847,31617,0.042327788
17848,59753,0.0039606
17849,28608,0.08334797
17850,93936,0.002222575
17851,101224,0.003814952
17852,35657,0.011156395
17853,77998,0.1620508
17854,88635,0.016476108
17855,45401,0.4960342
17856,43050,0.015680287
17857,39065,0.12415187
17858,12056,0.2386478
17859,41771,0.003180184
17860,12,0.002387651
17861,27815,0.060418118
17862,64457,0.002739572
17863,16115,0.002431622
17864,87425,0.007396031
17865,81286,0.03441686
17866,8697,0.002150502
17867,83871,0.00179041
17868,70274,0.2955744
17869,56445,0.13211854
17870,109057,0.007564201
17871,61683,0.004861435
17872,18893,0.00327589
17873,68842,0.13518903
17874,8834,0.2504182
17875,19152,0.001864161
17876,91302,0.5102452
17877,77569,0.009585593
17878,85705,0.003556022
17879,99420,0.42708126
17880,102684,0.2871753
17881,90391,0.10883504
17882,71781,0.39255407
17883,43281,0.010505227
17884,24711,0.4549154
17885,75180,0.026311204
17886,11196,0.00188208
17887,99047,0.096617565
17888,83571,0.003727056
17889,70091,0.14088696
17890,95208,0.002554079
17891,50806,0.004170759
17892,35078,0.24030998
17893,56028,0.37397134
17894,105108,0.010064248
17895,5379,0.021799209
17896,83023,0.08277167
17897,97995,0.23777859
17898,99497,0.002992746
17899,108733,0.012222609
17900,51907,0.004220068
17901,5930,0.002622613
17902,6832,0.003712806
17903,58409,0.36752293
17904,6434,0.010405648
17905,34562,0.003945186
17906,110278,0.51235116
17907,11003,0.0096299
17908,1735,0.006434227
17909,58116,0.002742295
17910,30995,0.009103657
17911,19095,0.010782294
17912,37887,0.004972422
17913,12650,0.002908438
17914,63020,0.00503356
17915,26278,0.009640078
17916,107286,0.18613814
17917,60600,0.05677482
17918,36205,0.004543806
17919,48009,0.002925636
17920,105601,0.07848556
17921,60896,0.003972419
17922,24353,0.003385906
17923,33878,0.003670622
17924,12708,0.026562298
17925,20057,0.013364853
17926,38467,0.002984521
17927,8534,0.19272198
17928,77548,0.004250414
17929,73570,0.06773895
17930,19362,0.005006273
17931,49551,0.27321255
17932,53948,0.004811013
17933,56978,0.003763365
17934,47057,0.015595853
17935,47974,0.007380958
17936,9301,0.001862554
17937,100045,0.00896161
17938,16982,0.20024419
17939,36037,0.003793877
17940,17809,0.003612382
17941,27005,0.018819384
17942,111687,0.23212449
17943,49776,0.003516153
17944,15801,0.002829911
17945,77045,0.1338533
17946,11752,0.22958197
17947,3743,0.015768783
17948,58468,0.008177883
17949,50967,0.005367505
17950,15300,0.11955953
17951,14000,0.028598586
17952,83498,0.018204307
17953,115155,0.03629958
17954,99981,0.06614803
17955,5616,0.005739412
17956,14756,0.001983903
17957,37680,0.004506209
17958,19268,0.32185802
17959,26384,0.034968566
17960,93076,0.08695793
17961,79967,0.020600645
17962,90211,0.25407982
17963,91642,0.07634855
17964,103287,0.001864122
17965,34439,0.007247896
17966,110375,0.017699014
17967,106033,0.004592011
17968,100790,0.21024989
17969,113997,0.006079651
17970,39752,0.025381742
17971,39720,0.025381742
17972,214,0.002829061
17973,55373,0.003514289
17974,100524,0.30538112
17975,8337,0.003395331
17976,40529,0.053679798
17977,43431,0.02005914
17978,96663,0.014892995
17979,24591,0.003341285
17980,11941,0.2710609
17981,57887,0.13371174
17982,44679,0.004427037
17983,10778,0.00353891
17984,77370,0.005846761
17985,36145,0.48004854
17986,47046,0.00311554
17987,91995,0.016382797
17988,12792,0.005157489
17989,3046,0.784928
17990,47926,0.10120858
17991,55259,0.12922448
17992,11226,0.015179251
17993,41596,0.001926885
17994,12166,0.2710609
17995,64788,0.004056104
17996,83060,0.013470968
17997,59284,0.004846822
17998,7289,0.001874993
17999,49611,0.39171362
18000,20566,0.8760777
18001,57049,0.5671059
18002,81217,0.001860396
18003,33504,0.0912829
18004,20616,0.029319063
18005,76057,0.008572337
18006,62122,0.21446034
18007,54190,0.001896657
18008,46331,0.050989103
18009,81717,0.15471339
18010,8844,0.003443354
18011,92847,0.010362233
18012,85801,0.0726772
18013,21416,0.003805067
18014,26040,0.011248729
18015,92530,0.11123977
18016,57938,0.4042455
18017,99298,0.004073942
18018,65488,0.001792418
18019,93360,0.7372784
18020,43100,0.008330176
18021,47067,0.003899367
18022,1003,0.001788631
18023,32623,0.02654092
18024,29789,0.008565653
18025,111645,0.4520406
18026,34044,0.7941194
18027,89630,0.15433618
18028,99019,0.003590952
18029,19799,0.001854502
18030,101605,0.3399453
18031,105053,0.001938862
18032,65247,0.003977323
18033,78010,0.004720024
18034,52336,0.001789349
18035,46090,0.01704471
18036,19530,0.001791314
18037,60319,0.37424824
18038,25951,0.009207108
18039,81742,0.005400147
18040,67095,0.01920277
18041,105569,0.005661114
18042,48593,0.002177749
18043,57797,0.29584944
18044,94448,0.7379235
18045,40179,0.021008087
18046,46351,0.01704471
18047,31573,0.003050351
18048,5578,0.010653617
18049,86462,0.002469176
18050,82880,0.008946779
18051,63503,0.006132733
18052,6204,0.004227988
18053,30502,0.004375198
18054,34873,0.001866897
18055,24878,0.008641106
18056,91959,0.001998709
18057,96843,0.3331416
18058,54312,0.003755164
18059,55512,0.001835018
18060,30086,0.020374777
18061,101009,0.18019165
18062,44508,0.04044044
18063,106518,0.08488441
18064,19509,0.003127937
18065,91676,0.005448275
18066,97713,0.001793412
18067,88042,0.007952773
18068,105360,0.012219609
18069,75522,0.018725185
18070,47741,0.10120858
18071,114474,0.015757168
18072,1466,0.002784106
18073,78299,0.45520604
18074,58532,0.014926403
18075,6503,0.003767831
18076,43502,0.09355963
18077,44340,0.34025583
18078,114125,0.005094382
18079,4727,0.1930717
18080,17530,0.002342191
18081,57465,0.003859682
18082,27169,0.004311117
18083,23327,0.008256529
18084,86861,0.00866941
18085,48034,0.06268009
18086,1530,0.001880282
18087,99301,0.005649712
18088,84799,0.06543985
18089,108282,0.00478802
18090,105460,0.020377314
18091,39580,0.003409224
18092,21806,0.001793844
18093,52039,0.003589748
18094,59942,0.006606872
18095,14850,0.003577043
18096,66078,0.001811621
18097,48654,0.006943591
18098,12955,0.33503684
18099,13407,0.024206247
18100,114375,0.049868885
18101,55899,0.26642305
18102,42599,0.009498154
18103,13138,0.004171227
18104,73932,0.06421251
18105,60892,0.5011527
18106,42950,0.1367386
18107,59229,0.45885554
18108,101260,0.003086966
18109,54331,0.008497142
18110,43460,0.015873434
18111,85122,0.19912395
18112,64883,0.018148115
18113,78564,0.005314501
18114,62889,0.02727005
18115,112630,0.003461652
18116,79974,0.010244013
18117,6232,0.003837493
18118,103380,0.05515189
18119,97206,0.024131399
18120,40554,0.004475959
18121,67711,0.25331894
18122,102360,0.04636589
18123,16432,0.005109774
18124,78686,0.17006823
18125,84328,0.09251055
18126,34399,0.004425278
18127,79561,0.011448439
18128,29995,0.035462633
18129,78870,0.015491664
18130,41069,0.100485034
18131,23454,0.003122424
18132,57761,0.002623573
18133,96718,0.006487277
18134,28314,0.048693333
18135,61253,0.34237528
18136,11627,0.001851502
18137,76083,0.008572337
18138,56328,0.03268175
18139,91647,0.06017758
18140,7740,0.002461428
18141,81088,0.013983934
18142,99982,0.00280707
18143,66814,0.005130591
18144,41328,0.09986631
18145,78819,0.59136546
18146,67441,0.002999906
18147,94978,0.73876935
18148,71702,0.04519424
18149,68363,0.011777199
18150,107767,0.022080522
18151,74821,0.003243306
18152,55472,0.09340987
18153,67561,0.049279485
18154,18219,0.003164637
18155,87251,0.13789211
18156,15889,0.002089659
18157,108209,0.6137803
18158,3432,0.020614423
18159,48455,0.017620254
18160,30492,0.07542821
18161,54521,0.44391635
18162,46890,0.017875366
18163,32389,0.021129604
18164,114787,0.005526276
18165,83067,0.08277167
18166,82378,0.278023
18167,107507,0.005778378
18168,97264,0.72409767
18169,33526,0.007144324
18170,41392,0.015823565
18171,44318,0.005076407
18172,48522,0.004632422
18173,20169,0.004440529
18174,80401,0.067595884
18175,86718,0.41891766
18176,33981,0.035657927
18177,52189,0.009160036
18178,9876,0.00253424
18179,8308,0.001871789
18180,53398,0.001899261
18181,15813,0.002115677
18182,24617,0.09770323
18183,101782,0.003414883
18184,33207,0.010229224
18185,102489,0.010496948
18186,60599,0.7746622
18187,43287,0.002146134
18188,82584,0.004575237
18189,91752,0.17361304
18190,69660,0.005009557
18191,36127,0.00456161
18192,38268,0.003910367
18193,37405,0.004164174
18194,71121,0.145525
18195,93246,0.00186618
18196,16051,0.00237561
18197,25693,0.002994777
18198,97877,0.013152812
18199,73677,0.06773895
18200,14664,0.004532647
18201,102758,0.073969595
18202,22840,0.016662024
18203,109898,0.012846599
18204,55029,0.004066127
18205,115839,0.012001492
18206,106703,0.026276473
18207,84170,0.007684222
18208,93487,0.46419966
18209,75459,0.018696774
18210,81534,0.4250624
18211,75592,0.003355197
18212,4156,0.019194622
18213,72834,0.062016897
18214,66773,0.20888963
18215,67046,0.43869317
18216,68550,0.018265236
18217,27373,0.008929128
18218,1412,0.036152154
18219,30753,0.003899808
18220,84323,0.008719401
18221,69241,0.027975157
18222,100489,0.046160296
18223,6848,0.062120404
18224,99854,0.20635144
18225,66398,0.015838128
18226,27603,0.40073583
18227,48614,0.064482905
18228,46097,0.003448653
18229,44656,0.6152634
18230,99117,0.06111315
18231,99521,0.18393917
18232,23420,0.005598697
18233,14932,0.002452336
18234,44443,0.004099203
18235,78892,0.019590031
18236,80382,0.012684725
18237,54600,0.48656657
18238,27776,0.004381095
18239,88644,0.007920424
18240,112599,0.014496596
18241,87841,0.24294837
18242,50747,0.001806381
18243,67527,0.004604217
18244,33904,0.020178044
18245,44690,0.01636475
18246,66765,0.06668377
18247,40206,0.001781498
18248,22350,0.001794694
18249,76258,0.001879318
18250,36442,0.00297033
18251,6063,0.018465273
18252,107053,0.38292432
18253,29636,0.003672471
18254,30789,0.013200138
18255,101755,0.003463909
18256,764,0.001929703
18257,17488,0.003008129
18258,51549,0.003354398
18259,3870,0.6693962
18260,68205,0.01756642
18261,4200,0.002057082
18262,61387,0.27256694
18263,7006,0.012917402
18264,27388,0.094357915
18265,44636,0.003503798
18266,68860,0.002127159
18267,54068,0.003262764
18268,12758,0.002568207
18269,33159,0.7044944
18270,16847,0.005725538
18271,3343,0.5371468
18272,37077,0.019631978
18273,841,0.002829061
18274,89092,0.005214453
18275,100781,0.32234466
18276,95778,0.010364581
18277,87261,0.07434944
18278,52653,0.004652029
18279,103780,0.001943089
18280,13119,0.005022496
18281,83475,0.08277167
18282,55456,0.003753322
18283,36002,0.028648045
18284,60315,0.35229284
18285,10692,0.00353493
18286,79564,0.00585551
18287,46720,0.016898317
18288,45024,0.018233275
18289,35094,0.020178044
18290,33382,0.004863172
18291,29210,0.02023645
18292,43977,0.004284282
18293,71383,0.07926732
18294,102101,0.005946679
18295,38415,0.107005104
18296,37712,0.049791224
18297,98745,0.032536514
18298,20400,0.62390083
18299,4188,0.002802238
18300,80357,0.26598525
18301,104345,0.004287658
18302,5737,0.002788418
18303,110616,0.045372434
18304,54475,0.001856342
18305,17874,0.005725538
18306,104128,0.45389265
18307,22401,0.002452864
18308,74983,0.059963077
18309,47032,0.004340265
18310,28549,0.021716237
18311,21547,0.002801445
18312,43435,0.21669573
18313,57881,0.53685457
18314,7473,0.0019576
18315,80219,0.003505922
18316,72324,0.040205482
18317,94261,0.005754144
18318,84857,0.001825394
18319,16685,0.016050633
18320,16814,0.009138534
18321,35597,0.003988672
18322,5757,0.020739457
18323,63181,0.00190652
18324,74396,0.041288566
18325,49456,0.026796078
18326,57822,0.39607385
18327,35846,0.19205084
18328,90899,0.006573523
18329,71223,0.07926732
18330,102559,0.49084893
18331,34635,0.09647208
18332,69448,0.023221843
18333,13892,0.004461178
18334,23520,0.001793439
18335,84098,0.091645434
18336,84534,0.035774987
18337,78414,0.008449318
18338,104344,0.40377402
18339,71157,0.055903345
18340,104610,0.5693133
18341,2276,0.013882625
18342,62075,0.48480913
18343,112353,0.086267605
18344,74876,0.018946769
18345,64576,0.004954242
18346,108744,0.02180892
18347,99045,0.007470939
18348,58543,0.59170854
18349,69004,0.5970887
18350,9920,0.002079612
18351,52047,0.00347874
18352,96519,0.003762165
18353,97184,0.72409767
18354,12790,0.009562028
18355,79643,0.045950204
18356,103610,0.003679178
18357,40397,0.00441957
18358,4394,0.00234284
18359,794,0.013162829
18360,4140,0.002299186
18361,24653,0.009422754
18362,76426,0.001821001
18363,6069,0.002148697
18364,83615,0.001844708
18365,39188,0.25529134
18366,24303,0.004967501
18367,17052,0.0924766
18368,89926,0.001788946
18369,44569,0.004337655
18370,89110,0.003286827
18371,48595,0.39702675
18372,87180,0.034494072
18373,56389,0.009478046
18374,37640,0.07624026
18375,12968,0.64458823
18376,98879,0.00313572
18377,10594,0.006515795
18378,4472,0.003548978
18379,106216,0.45546734
18380,87959,0.43413273
18381,16435,0.001923877
18382,89308,0.01550859
18383,28767,0.003883255
18384,26765,0.003450177
18385,79482,0.26598525
18386,24846,0.004347161
18387,105255,0.5061949
18388,70085,0.43919367
18389,106888,0.26448336
18390,81827,0.06148715
18391,59834,0.04734821
18392,60634,0.1779267
18393,114512,0.004045285
18394,30571,0.005175906
18395,94241,0.014022357
18396,41563,0.001935978
18397,109695,0.5660569
18398,109608,0.08921614
18399,67180,0.43869317
18400,99783,0.005993863
18401,77163,0.061270315
18402,114360,0.009360537
18403,28150,0.002787273
18404,20663,0.002737931
18405,72126,0.07805006
18406,113464,0.14816149
18407,81070,0.010783357
18408,112126,0.5068702
18409,48700,0.002618676
18410,107322,0.001785459
18411,72473,0.062016897
18412,72179,0.024026366
18413,41600,0.00197961
18414,7367,0.020239145
18415,95065,0.006389874
18416,9610,0.021168023
18417,3740,0.003466124
18418,72593,0.07864465
18419,32602,0.003335994
18420,36203,0.6123287
18421,34402,0.016004182
18422,16096,0.003163276
18423,45823,0.21601003
18424,36131,0.005029559
18425,26877,0.001900058
18426,51988,0.30772254
18427,12221,0.009421713
18428,80029,0.027240733
18429,13394,0.001971169
18430,82808,0.46571264
18431,94358,0.417236
18432,77198,0.46911502
18433,26013,0.04304501
18434,53046,0.001789169
18435,100711,0.014633901
18436,63842,0.003328088
18437,108659,0.007510936
18438,105377,0.003933186
18439,92971,0.13902761
18440,52510,0.005161322
18441,64985,0.004056285
18442,60576,0.047286198
18443,32013,0.8613313
18444,103189,0.004041045
18445,8289,0.006313114
18446,223,0.00189811
18447,28969,0.00288021
18448,29465,0.002802233
18449,20095,0.04275705
18450,104711,0.5693133
18451,36973,0.007694897
18452,99998,0.007753897
18453,32232,0.007910311
18454,105421,0.008393889
18455,55788,0.001842338
18456,104858,0.003750286
18457,91231,0.006518039
18458,26446,0.003804068
18459,106246,0.040224217
18460,21786,0.010582909
18461,60519,0.003621475
18462,22667,0.001883389
18463,37620,0.003601729
18464,13752,0.002931091
18465,34145,0.002986508
18466,82340,0.07841603
18467,85077,0.16166583
18468,21109,0.010780259
18469,67364,0.02213773
18470,102449,0.13121063
18471,43488,0.003664382
18472,34352,0.05749311
18473,32624,0.001856039
18474,53678,0.5574578
18475,106249,0.033134453
18476,28701,0.00841784
18477,90825,0.001908689
18478,11169,0.042687412
18479,93543,0.03870969
18480,34953,0.003879896
18481,110906,0.00570208
18482,19060,0.04275705
18483,50570,0.48868567
18484,1755,0.003065589
18485,70531,0.07968667
18486,47314,0.009939004
18487,103673,0.30058628
18488,107844,0.6137803
18489,83670,0.28328288
18490,96799,0.002554079
18491,113563,0.0334911
18492,28055,0.008233259
18493,14192,0.047182873
18494,65330,0.002752223
18495,104602,0.02091399
18496,26330,0.003450449
18497,73425,0.3973076
18498,40426,0.007090951
18499,67943,0.36857566
18500,36616,0.004098757
18501,30489,0.19659069
18502,65941,0.001814804
18503,104469,0.003098698
18504,43560,0.002804254
18505,26560,0.007590075
18506,104674,0.01283335
18507,36782,0.001813968
18508,101946,0.037256043
18509,94556,0.4501939
18510,111497,0.002170114
18511,15112,0.0251372
18512,24678,0.003019409
18513,23618,0.00365091
18514,102473,0.029129732
18515,8948,0.02400836
18516,114499,0.002957797
18517,49651,0.003666498
18518,59139,0.004913177
18519,61934,0.054391224
18520,42924,0.02726209
18521,107313,0.5648481
18522,25406,0.020739269
18523,30569,0.02850077
18524,47284,0.40086284
18525,50344,0.005350296
18526,77193,0.005583318
18527,107719,0.001847094
18528,4642,0.02153168
18529,1969,0.033206504
18530,22678,0.00551774
18531,39769,0.002684511
18532,107676,0.003425055
18533,6947,0.012941842
18534,78539,0.007004701
18535,37146,0.017826634
18536,109989,0.003180818
18537,74049,0.017809669
18538,64876,0.00246989
18539,23569,0.008764005
18540,98535,0.41144058
18541,59741,0.43082973
18542,66085,0.001808399
18543,82252,0.56652564
18544,52166,0.007247358
18545,19628,0.069348864
18546,70565,0.013791882
18547,78541,0.026211085
18548,21113,0.06903264
18549,17331,0.001875961
18550,61911,0.001906698
18551,114714,0.002189708
18552,50232,0.038025733
18553,104670,0.1606669
18554,111073,0.005383148
18555,43900,0.00182332
18556,55067,0.027617289
18557,7172,0.020239145
18558,43497,0.02315229
18559,17216,0.002080984
18560,29021,0.004554445
18561,7895,0.006618248
18562,83784,0.005805996
18563,42895,0.002597908
18564,8309,0.13669969
18565,7723,0.003080618
18566,20394,0.14077286
18567,50954,0.04816504
18568,81892,0.36946985
18569,20596,0.011079895
18570,76806,0.13537218
18571,60858,0.006386829
18572,77715,0.003914034
18573,71227,0.055903345
18574,35342,0.007208649
18575,11441,0.003354118
18576,26497,0.049070302
18577,79936,0.021762531
18578,56091,0.001924135
18579,92694,0.5329257
18580,84695,0.002893171
18581,2649,0.003783996
18582,113419,0.04662674
18583,63393,0.029241152
18584,50585,0.41803032
18585,44182,0.004975582
18586,72454,0.13490681
18587,79439,0.007550017
18588,52130,0.009160036
18589,64237,0.006791936
18590,56211,0.49523497
18591,73537,0.002889459
18592,100898,0.009224489
18593,56300,0.76749533
18594,2105,0.009778496
18595,106955,0.002747657
18596,55190,0.001967348
18597,77058,0.008566767
18598,110543,0.015777199
18599,75650,0.012648402
18600,15342,0.05061194
18601,22387,0.011760389
18602,59606,0.0039606
18603,108278,0.25441357
18604,38307,0.1059424
18605,86630,0.004040798
18606,74031,0.95308226
18607,99212,0.002248858
18608,38421,0.22518128
18609,59694,0.001824028
18610,13800,0.38997918
18611,22908,0.009912449
18612,108880,0.6797642
18613,78907,0.00375191
18614,114746,0.07418657
18615,99437,0.001989664
18616,22139,0.010540607
18617,94756,0.69406575
18618,92882,0.73824424
18619,61528,0.004861435
18620,78882,0.012579446
18621,1124,0.00831007
18622,16201,0.006335202
18623,59640,0.00364078
18624,92338,0.005149451
18625,39751,0.028261058
18626,4421,0.024106024
18627,93573,0.002854834
18628,54616,0.002163292
18629,7818,0.4411558
18630,2628,0.001829864
18631,2076,0.05170283
18632,82679,0.08277167
18633,1599,0.08127159
18634,91448,0.004919611
18635,59303,0.3110139
18636,4626,0.001963685
18637,87068,0.003270697
18638,45336,0.044640366
18639,37715,0.002745786
18640,35847,0.10341515
18641,13475,0.029530577
18642,81174,0.003548386
18643,692,0.003731823
18644,55862,0.005663073
18645,70872,0.005939132
18646,7020,0.003533606
18647,97991,0.4061984
18648,44820,0.003304584
18649,10440,0.007386889
18650,83855,0.001805209
18651,64068,0.003829652
18652,31580,0.003164843
18653,56726,0.3692434
18654,17595,0.009702811
18655,51300,0.003924227
18656,11951,0.002783021
18657,51783,0.6719045
18658,59604,0.004845899
18659,31999,0.010230876
18660,68353,0.010329171
18661,73201,0.028430125
18662,6487,0.003391512
18663,56831,0.004500864
18664,50838,0.34702945
18665,113445,0.004306105
18666,86242,0.007772759
18667,71167,0.07926732
18668,67265,0.23164181
18669,69885,0.2844909
18670,7496,0.18904704
18671,15945,0.001922334
18672,78401,0.004719054
18673,60466,0.050521173
18674,102527,0.07063257
18675,85760,0.005841633
18676,14444,0.02785464
18677,83810,0.006503879
18678,72426,0.02194553
18679,86934,0.46569112
18680,101929,0.005449456
18681,115418,0.009704338
18682,103462,0.20778523
18683,88877,0.1294205
18684,114689,0.00356602
18685,25087,0.008641106
18686,13348,0.33430177
18687,75384,0.018696774
18688,57917,0.2559437
18689,114646,0.002878659
18690,91756,0.016031012
18691,112693,0.003141295
18692,101215,0.002477161
18693,78344,0.003553769
18694,80693,0.004041702
18695,85499,0.010288878
18696,84576,0.018737318
18697,114555,0.118372135
18698,23639,0.004240973
18699,1312,0.00468409
18700,57257,0.22487698
18701,4894,0.002355728
18702,39703,0.003058051
18703,27633,0.007835018
18704,2176,0.01142606
18705,78855,0.004536201
18706,111680,0.003764053
18707,60707,0.003261825
18708,21463,0.003119043
18709,50162,0.00475636
18710,61872,0.08073243
18711,84702,0.018490145
18712,94050,0.016621353
18713,5013,0.004595658
18714,71466,0.27671763
18715,108030,0.51492935
18716,86069,0.17796935
18717,24920,0.4625486
18718,81635,0.013687701
18719,46525,0.01704471
18720,94239,0.024226038
18721,88963,0.14318734
18722,59356,0.3493376
18723,56222,0.042671844
18724,58728,0.007635848
18725,658,0.004988405
18726,64756,0.004101651
18727,82362,0.27444667
18728,6329,0.002166251
18729,102601,0.00213839
18730,103848,0.001886998
18731,67780,0.005391766
18732,85174,0.008267996
18733,69459,0.004663073
18734,99992,0.34061477
18735,22945,0.17992291
18736,35460,0.002924879
18737,96514,0.20071517
18738,62686,0.34042782
18739,89445,0.009910324
18740,89179,0.00607072
18741,34560,0.003540617
18742,9555,0.15660429
18743,67698,0.42840615
18744,48270,0.003044091
18745,70415,0.07968667
18746,45996,0.009627027
18747,707,0.06116574
18748,29516,0.06959715
18749,92224,0.003635802
18750,106897,0.007649764
18751,85708,0.4444208
18752,97905,0.004211644
18753,15309,0.10357809
18754,88787,0.005891557
18755,9807,0.054121494
18756,8423,0.10953046
18757,735,0.07357383
18758,89521,0.15433618
18759,67195,0.1206561
18760,45967,0.003118729
18761,11412,0.011201573
18762,100997,0.2501616
18763,19023,0.006683718
18764,15663,0.00246922
18765,3004,0.012522877
18766,102392,0.004757308
18767,44544,0.004574713
18768,6429,0.013138497
18769,72299,0.011463387
18770,31446,0.001993647
18771,21997,0.005108301
18772,7460,0.019138806
18773,50495,0.08698327
18774,98582,0.29604104
18775,53187,0.28279033
18776,75584,0.25379172
18777,10590,0.015533123
18778,75606,0.32178783
18779,115168,0.004452052
18780,66947,0.44046563
18781,49884,0.004508701
18782,3171,0.010079028
18783,18833,0.001915482
18784,51457,0.003924227
18785,9767,0.002051788
18786,43015,0.003338942
18787,104086,0.004762181
18788,58372,0.5627197
18789,107950,0.011318604
18790,29246,0.19405733
18791,113807,0.008293685
18792,51952,0.90180975
18793,20845,0.00781163
18794,104229,0.40447545
18795,86618,0.28614828
18796,24259,0.038065836
18797,98204,0.3685437
18798,41835,0.002363836
18799,60924,0.003937142
18800,111900,0.006691336
18801,80790,0.010856684
18802,14018,0.006559344
18803,97964,0.100948386
18804,25418,0.04754839
18805,50133,0.002456345
18806,41864,0.5605363
18807,23487,0.013209146
18808,45693,0.24025601
18809,65603,0.00378651
18810,53217,0.004135218
18811,72997,0.25862035
18812,53612,0.72120476
18813,113991,0.18017423
18814,63292,0.047666125
18815,51803,0.4748286
18816,79290,0.014733208
18817,59327,0.003740383
18818,22400,0.3003504
18819,7189,0.003624395
18820,99476,0.003401324
18821,105364,0.5792612
18822,74223,0.026204342
18823,50990,0.02338836
18824,28606,0.002900599
18825,111498,0.001999457
18826,39916,0.005673592
18827,42697,0.001800402
18828,79452,0.011907221
18829,114839,0.030781992
18830,30725,0.021070324
18831,95610,0.22238876
18832,22246,0.004429026
18833,93907,0.09763005
18834,58870,0.055820312
18835,93841,0.011050425
18836,100249,0.001944317
18837,59026,0.5205542
18838,42216,0.003721322
18839,14003,0.011806042
18840,99076,0.38314953
18841,2116,0.001947806
18842,93111,0.00652283
18843,42318,0.002012715
18844,38500,0.006844176
18845,21551,0.002529981
18846,38259,0.033361997
18847,92116,0.007307612
18848,86382,0.007798635
18849,107140,0.001861051
18850,98551,0.003649434
18851,31296,0.85952693
18852,94929,0.73876935
18853,115594,0.00249442
18854,13301,0.002681201
18855,45468,0.010989823
18856,14521,0.003515164
18857,54149,0.004398818
18858,72837,0.00208854
18859,83063,0.001918405
18860,1813,0.002031843
18861,81784,0.001798861
18862,37314,0.136416
18863,21721,0.010582909
18864,88662,0.001791736
18865,17912,0.042170662
18866,45162,0.010172207
18867,85324,0.008624537
18868,99346,0.38314953
18869,88504,0.05250642
18870,60212,0.47990796
18871,91303,0.001788784
18872,112342,0.68843794
18873,89466,0.004227677
18874,93431,0.017872075
18875,1192,0.046757795
18876,10391,0.015533123
18877,70583,0.12898019
18878,25524,0.001830599
18879,66219,0.033831704
18880,45595,0.020089367
18881,101467,0.35733944
18882,77938,0.1309009
18883,45138,0.9658455
18884,191,0.003658991
18885,68453,0.11644887
18886,47476,0.017677918
18887,75430,0.023877058
18888,104129,0.003721078
18889,104685,0.09422295
18890,48972,0.004489898
18891,441,0.003211611
18892,107837,0.004244919
18893,25783,0.00378902
18894,788,0.002465989
18895,57136,0.006747057
18896,12399,0.015405222
18897,25842,0.004101207
18898,109583,0.28440547
18899,33860,0.007572266
18900,58399,0.07711051
18901,90064,0.6280977
18902,2322,0.011336429
18903,113764,0.003421151
18904,94278,0.007747747
18905,68880,0.13518903
18906,94058,0.001790229
18907,18632,0.008088154
18908,30897,0.005358633
18909,23640,0.004495116
18910,17861,0.042170662
18911,85414,0.32057843
18912,34957,0.020178044
18913,20430,0.003205778
18914,38888,0.003908965
18915,68444,0.00371665
18916,65687,0.001840437
18917,113882,0.004621334
18918,87376,0.11084681
18919,83231,0.005122519
18920,64878,0.023726849
18921,45962,0.06756067
18922,73750,0.00370414
18923,48399,0.001817135
18924,31495,0.003164843
18925,100270,0.06903648
18926,104250,0.065469705
18927,110364,0.51235116
18928,42061,0.004703921
18929,44824,0.002137391
18930,70340,0.07968667
18931,22021,0.004216024
18932,10176,0.00242827
18933,86874,0.09366123
18934,50878,0.27627325
18935,114430,0.11445449
18936,77818,0.07520218
18937,25518,0.16752408
18938,9441,0.07208107
18939,52146,0.3506458
18940,5442,0.004256206
18941,16713,0.07345108
18942,43927,0.16446452
18943,58363,0.01285508
18944,107965,0.6473288
18945,48936,0.003980545
18946,47794,0.04671741
18947,76502,0.25259563
18948,47455,0.021644082
18949,75015,0.005142116
18950,85261,0.006303519
18951,67668,0.001879702
18952,53222,0.2300256
18953,98845,0.45714664
18954,52710,0.001801566
18955,71478,0.4296917
18956,21949,0.045373313
18957,12472,0.118671805
18958,9084,0.003437073
18959,48183,0.19860654
18960,91271,0.081522144
18961,108243,0.001995981
18962,32460,0.002411038
18963,42451,0.004067631
18964,43906,0.014188251
18965,51931,0.102954164
18966,98153,0.23632632
18967,11029,0.003466122
18968,75847,0.07733621
18969,93460,0.007075493
18970,45800,0.004711084
18971,94558,0.008306983
18972,76926,0.077087484
18973,61209,0.001887878
18974,1340,0.1333925
18975,108617,0.04867857
18976,8408,0.38642228
18977,115544,0.00877552
18978,90387,0.6102559
18979,89287,0.006889393
18980,91797,0.04573225
18981,22077,0.002975183
18982,102971,0.013360295
18983,63046,0.08018583
18984,13074,0.012011876
18985,75839,0.005674246
18986,33264,0.021129604
18987,732,0.00284304
18988,57362,0.3242174
18989,43578,0.011261034
18990,20495,0.003420702
18991,115259,0.003861034
18992,109151,0.003937002
18993,28361,0.0562725
18994,48688,0.002724945
18995,69760,0.006210568
18996,25445,0.059014592
18997,74994,0.005501718
18998,76892,0.11661493
18999,5812,0.025114452
19000,104243,0.06914802
19001,36309,0.003204512
19002,38234,0.004610408
19003,26780,0.002909917
19004,6296,0.0943451
19005,110184,0.013311437
19006,52008,0.00975687
19007,37938,0.003737453
19008,42026,0.033676304
19009,25097,0.08460948
19010,35153,0.02216042
19011,46104,0.037464883
19012,63532,0.065258
19013,62831,0.054391224
19014,49690,0.51674515
19015,27161,0.008929128
19016,91387,0.002999055
19017,50354,0.08698327
19018,17597,0.046104167
19019,66250,0.015294752
19020,32496,0.00419371
19021,92143,0.001887811
19022,44733,0.015611682
19023,21185,0.009007493
19024,1286,0.010386667
19025,39151,0.004286836
19026,49282,0.38968012
19027,89943,0.004804552
19028,47276,0.017677918
19029,47493,0.005777838
19030,54400,0.10982114
19031,85298,0.005060575
19032,113723,0.15243734
19033,39689,0.003058051
19034,2783,0.014652388
19035,11097,0.54262465
19036,3131,0.1956512
19037,60524,0.004339635
19038,25722,0.007780484
19039,86655,0.019905668
19040,67865,0.003902685
19041,114062,0.002544973
19042,73184,0.004418187
19043,112481,0.03015785
19044,99563,0.20635144
19045,113555,0.11444476
19046,17262,0.006097181
19047,55740,0.003842712
19048,68808,0.018918928
19049,111055,0.005107113
19050,2358,0.06369652
19051,83694,0.033506986
19052,104158,0.00996294
19053,42243,0.004703921
19054,83338,0.001804331
19055,15635,0.01503183
19056,72845,0.014172472
19057,38032,0.004796449
19058,24096,0.015352051
19059,86973,0.011654922
19060,62674,0.017119497
19061,112303,0.10941593
19062,37318,0.00179144
19063,27512,0.002909917
19064,79083,0.45520604
19065,49729,0.003053237
19066,110330,0.001875207
19067,55875,0.14207959
19068,89811,0.009340157
19069,55163,0.15928717
19070,76130,0.018696774
19071,30326,0.003939076
19072,98786,0.18998173
19073,3152,0.002766767
19074,22804,0.002273048
19075,112649,0.002010312
19076,44415,0.003993888
19077,26543,0.009640078
19078,65259,0.002196048
19079,110928,0.007704574
19080,66700,0.003071208
19081,85380,0.007811002
19082,56301,0.009283547
19083,2283,0.6650581
19084,38358,0.002984521
19085,93303,0.13933632
19086,22698,0.00286939
19087,27659,0.008233259
19088,92450,0.00197561
19089,67213,0.29338276
19090,109412,0.2668021
19091,74263,0.109499946
19092,91027,0.017886309
19093,45197,0.06257057
19094,107935,0.6137803
19095,30986,0.006407233
19096,15044,0.19314331
19097,17780,0.068065025
19098,87040,0.29856077
19099,46910,0.005859925
19100,75108,0.023877058
19101,6245,0.003533606
19102,82614,0.005727843
19103,52253,0.001942958
19104,62532,0.010256629
19105,60976,0.003183363
19106,95682,0.003660203
19107,51451,0.5405866
19108,33494,0.007288915
19109,57652,0.020005656
19110,41591,0.004084942
19111,4468,0.004224306
19112,2491,0.003938437
19113,24568,0.008882586
19114,94372,0.003960616
19115,103875,0.00217069
19116,1343,0.010333613
19117,30282,0.14895287
19118,75676,0.002017714
19119,87593,0.002434299
19120,65336,0.042753674
19121,16306,0.002964452
19122,10630,0.001944487
19123,105958,0.005639119
19124,61041,0.003937142
19125,20591,0.01298622
19126,46045,0.038907237
19127,108181,0.007532049
19128,16844,0.005725538
19129,102020,0.028876089
19130,94428,0.3520467
19131,78968,0.031140752
19132,85368,0.4626954
19133,3242,0.46976727
19134,84991,0.07867639
19135,91667,0.3512808
19136,115466,0.009704338
19137,100192,0.026694015
19138,33771,0.003025402
19139,82372,0.08277167
19140,88713,0.002307144
19141,76646,0.003326618
19142,87052,0.07237613
19143,70163,0.005122188
19144,35463,0.03446767
19145,88203,0.001819237
19146,97706,0.003458736
19147,100390,0.02468065
19148,115798,0.030825967
19149,99350,0.009264642
19150,84607,0.3402744
19151,15103,0.019193603
19152,66350,0.012488635
19153,21934,0.04394012
19154,25971,0.059509955
19155,8296,0.001909364
19156,27030,0.003744015
19157,36129,0.31657913
19158,81044,0.00308241
19159,79050,0.17006823
19160,66018,0.006042019
19161,71798,0.010051305
19162,58086,0.009235608
19163,65954,0.002190346
19164,57825,0.001927743
19165,27039,0.005444406
19166,74179,0.001943888
19167,3024,0.006657661
19168,75282,0.02103553
19169,63728,0.007021198
19170,41094,0.21395364
19171,70379,0.2871631
19172,30450,0.020374777
19173,46825,0.002981196
19174,72175,0.24498029
19175,12984,0.070058234
19176,28256,0.003647162
19177,59892,0.2478018
19178,72182,0.43633235
19179,67491,0.05413249
19180,61281,0.02567769
19181,73173,0.003345111
19182,69764,0.081190735
19183,17017,0.003191504
19184,27937,0.003267039
19185,58245,0.25052968
19186,31292,0.114924274
19187,19092,0.35984287
19188,107821,0.008087841
19189,87654,0.001805147
19190,113406,0.004701359
19191,93100,0.25493407
19192,72844,0.11499798
19193,54891,0.004291475
19194,5646,0.005739412
19195,36358,0.029392717
19196,22006,0.004133289
19197,102810,0.008974603
19198,37141,0.017826634
19199,20296,0.003533416
19200,54624,0.361634
19201,60372,0.5011527
19202,84032,0.39500996
19203,38315,0.017826634
19204,97258,0.004052511
19205,86018,0.001788682
19206,72765,0.34533158
19207,45152,0.004295917
19208,110223,0.001790451
19209,16875,0.08108908
19210,863,0.02721613
19211,28326,0.008233259
19212,51868,0.52784723
19213,62043,0.0391346
19214,9465,0.001947506
19215,38820,0.025946498
19216,17039,0.14719974
19217,13045,0.002359707
19218,23740,0.008318618
19219,72237,0.02194553
19220,64283,0.003660464
19221,26902,0.002827383
19222,14424,0.003118626
19223,14572,0.001851225
19224,51340,0.006996729
19225,55172,0.001917743
19226,115003,0.011272136
19227,68543,0.30376777
19228,45226,0.2597721
19229,40204,0.24210341
19230,14257,0.23700912
19231,46475,0.004616314
19232,74550,0.020775381
19233,97065,0.00349617
19234,73554,0.088808425
19235,28096,0.003554319
19236,63351,0.006297217
19237,66216,0.038139213
19238,115757,0.006013886
19239,77661,0.08133093
19240,24170,0.003667324
19241,68317,0.025145993
19242,67063,0.013543108
19243,27516,0.005914704
19244,1309,0.11093397
19245,33041,0.037311684
19246,79618,0.1182012
19247,99870,0.3347662
19248,62986,0.003665533
19249,53461,0.024635283
19250,17412,0.15391691
19251,67839,0.08823628
19252,23746,0.004089464
19253,2281,0.005818966
19254,8382,0.016958691
19255,109162,0.011057264
19256,36181,0.8577398
19257,93000,0.008897782
19258,39895,0.003620712
19259,113200,0.005124937
19260,27187,0.003447912
19261,101493,0.003730566
19262,33978,0.035657927
19263,28984,0.005708884
19264,112914,0.41817805
19265,97186,0.40043136
19266,13916,0.002608232
19267,62960,0.003718607
19268,88498,0.007078858
19269,18662,0.007363309
19270,27646,0.003929194
19271,25647,0.004302345
19272,61101,0.017115502
19273,65272,0.004056104
19274,46313,0.009627194
19275,84012,0.005283416
19276,47305,0.00182313
19277,13277,0.002178312
19278,35527,0.023727855
19279,69436,0.4362242
19280,15261,0.04116284
19281,17510,0.002979095
19282,63636,0.003966011
19283,112715,0.014080192
19284,115035,0.013342819
19285,100132,0.013106602
19286,82445,0.007152159
19287,62171,0.004275445
19288,96052,0.002243447
19289,86133,0.004643787
19290,114221,0.012179037
19291,14429,0.001941258
19292,59811,0.47990796
19293,92019,0.29773873
19294,14630,0.003445446
19295,107883,0.002369889
19296,72975,0.03774086
19297,94884,0.006389874
19298,15610,0.046884127
19299,29714,0.003850091
19300,80787,0.056537706
19301,115208,0.08490295
19302,7256,0.00194776
19303,8158,0.00192863
19304,83527,0.001870323
19305,73596,0.00370414
19306,23255,0.05830139
19307,112613,0.63875896
19308,51816,0.23631133
19309,45167,0.017695846
19310,44014,0.002717493
19311,28590,0.001875446
19312,89472,0.09019918
19313,13153,0.002537488
19314,107505,0.009637816
19315,2545,0.024435053
19316,85843,0.001805445
19317,105688,0.18304752
19318,18182,0.002698232
19319,60478,0.006580417
19320,37532,0.016640147
19321,110396,0.4737084
19322,91896,0.0094234
19323,98539,0.17865439
19324,110545,0.00389897
19325,80910,0.013983934
19326,88889,0.004950586
19327,58516,0.23425825
19328,75286,0.027827792
19329,95592,0.001924504
19330,12471,0.75976354
19331,67200,0.15473202
19332,15203,0.003518461
19333,87136,0.13789211
19334,90716,0.7073184
19335,62941,0.00182447
19336,82615,0.00833529
19337,44199,0.003052919
19338,73702,0.011409311
19339,24969,0.017483229
19340,14626,0.023566213
19341,31504,0.00959495
19342,70002,0.081190735
19343,39307,0.02110853
19344,46682,0.0020174
19345,87284,0.005750015
19346,1434,0.004054028
19347,43910,0.003364207
19348,7569,0.015272877
19349,96438,0.002683677
19350,100632,0.2914715
19351,104272,0.003884107
19352,53994,0.00428394
19353,91283,0.12098699
19354,54777,0.9118062
19355,20884,0.022235757
19356,82085,0.00847282
19357,43944,0.004742701
19358,57276,0.006219194
19359,73420,0.002316343
19360,80482,0.006096323
19361,42529,0.007549338
19362,56309,0.59269977
19363,41814,0.004545417
19364,11473,0.015179251
19365,68492,0.03997636
19366,92551,0.43712595
19367,68274,0.19696918
19368,35691,0.003988672
19369,8453,0.003395331
19370,6785,0.12795867
19371,19291,0.003525455
19372,108722,0.00191978
19373,68175,0.36857566
19374,15486,0.33634767
19375,45641,0.13189246
19376,73383,0.005521975
19377,64031,0.00259232
19378,15873,0.002430388
19379,66784,0.022157634
19380,51787,0.29447573
19381,27364,0.004720288
19382,51021,0.004107432
19383,91962,0.17511809
19384,62896,0.4861434
19385,11333,0.001933661
19386,86775,0.003649314
19387,47013,0.00179209
19388,33816,0.007142786
19389,42863,0.015650619
19390,26755,0.9786702
19391,20533,0.002773071
19392,40890,0.004971438
19393,99152,0.006228298
19394,44163,0.10417327
19395,106905,0.6338283
19396,11740,0.08690629
19397,21822,0.036091786
19398,82271,0.24759945
19399,83555,0.002568539
19400,4837,0.7519112
19401,43971,0.014188251
19402,1944,0.11948116
19403,5237,0.03413646
19404,37286,0.33531737
19405,655,0.00181538
19406,20498,0.006605132
19407,3981,0.001796575
19408,84121,0.002586156
19409,60778,0.023747468
19410,1529,0.003695671
19411,75529,0.005473218
19412,96584,0.017755542
19413,31856,0.009296354
19414,45164,0.053547323
19415,115060,0.04607401
19416,108010,0.007693416
19417,58712,0.019010035
19418,28175,0.00404314
19419,94799,0.417236
19420,8166,0.059115402
19421,45554,0.018233275
19422,79465,0.35242352
19423,23294,0.02623764
19424,83829,0.002014494
19425,105257,0.007293467
19426,20688,0.00514165
19427,115336,0.004736383
19428,73867,0.034158662
19429,19599,0.001865692
19430,13055,0.005083866
19431,106882,0.002382804
19432,41947,0.3867824
19433,7126,0.002696719
19434,104207,0.007748363
19435,57585,0.002620182
19436,96751,0.003789806
19437,90788,0.00194141
19438,5886,0.002822214
19439,52120,0.003524432
19440,106797,0.002394022
19441,52407,0.48512283
19442,45243,0.005245155
19443,82325,0.032929406
19444,47844,0.004016057
19445,100783,0.31495243
19446,29244,0.003512974
19447,47102,0.014653779
19448,27663,0.015048791
19449,11771,0.04813418
19450,84457,0.014186336
19451,70761,0.002591949
19452,20336,0.004508633
19453,715,0.002562055
19454,62738,0.003876054
19455,51271,0.084985524
19456,104162,0.003847848
19457,37550,0.002690566
19458,76845,0.1487731
19459,51242,0.00456687
19460,25057,0.18968792
19461,64646,0.004539016
19462,51385,0.004209919
19463,53811,0.3625151
19464,105135,0.003835361
19465,108711,0.033979893
19466,58121,0.5627197
19467,90907,0.6938148
19468,20827,0.002975183
19469,104224,0.13501932
19470,111444,0.002057157
19471,64383,0.012477655
19472,56476,0.004603463
19473,24524,0.009422754
19474,27845,0.020465812
19475,40163,0.13345768
19476,90830,0.83668995
19477,87232,0.001788228
19478,23574,0.002782669
19479,46115,0.015036074
19480,94188,0.003527853
19481,63317,0.05879815
19482,74534,0.019400774
19483,35291,0.002617859
19484,39596,0.004483038
19485,23486,0.07396613
19486,81047,0.055152703
19487,93399,0.003674527
19488,83380,0.08277167
19489,112686,0.004695205
19490,65446,0.003345331
19491,86247,0.367177
19492,46955,0.003286011
19493,87319,0.016080257
19494,24597,0.004950614
19495,62935,0.010322204
19496,29392,0.011399451
19497,102824,0.19638757
19498,50802,0.09550283
19499,89526,0.09019918
19500,30994,0.013251316
19501,76470,0.012158115
19502,92564,0.5897864
19503,21399,0.005471485
19504,49224,0.002345792
19505,29115,0.02023645
19506,59022,0.3493376
19507,3877,0.00195499
19508,107838,0.006220408
19509,84546,0.006523838
19510,109011,0.25879374
19511,36221,0.003011035
19512,46666,0.04533875
19513,92721,0.5329257
19514,19285,0.03216636
19515,110957,0.004661318
19516,32568,0.09611661
19517,50895,0.085715875
19518,3401,0.06779305
19519,19144,0.16404527
19520,12803,0.002856029
19521,27979,0.003341145
19522,42619,0.031468105
19523,45769,0.003038151
19524,92145,0.003803358
19525,40953,0.003593266
19526,81404,0.022624686
19527,27297,0.009971974
19528,24796,0.003468645
19529,67274,0.028494488
19530,3259,0.024300987
19531,103024,0.00379115
19532,115925,0.0178891
19533,65145,0.004525243
19534,45656,0.009723952
19535,39611,0.010508257
19536,86366,0.01738964
19537,49094,0.004400004
19538,103841,0.002678507
19539,113878,0.026669448
19540,79972,0.035237674
19541,107901,0.011306956
19542,14165,0.2924093
19543,108544,0.006611624
19544,15388,0.017561968
19545,64024,0.004299992
19546,63017,0.004967758
19547,114339,0.011061128
19548,69477,0.081190735
19549,83102,0.39943257
19550,92765,0.43712595
19551,85825,0.4444208
19552,83026,0.005086138
19553,66109,0.01950549
19554,92942,0.004935006
19555,27404,0.018819384
19556,43249,0.009311095
19557,72228,0.040205482
19558,14492,0.002537016
19559,66488,0.13494788
19560,22058,0.011760389
19561,37892,0.14302321
19562,53361,0.002972174
19563,77095,0.007201632
19564,43307,0.2946389
19565,92913,0.10597469
19566,59384,0.026580984
19567,35998,0.4644128
19568,54787,0.14237778
19569,77380,0.011738459
19570,63742,0.01857832
19571,55668,0.005792794
19572,15670,0.002513506
19573,62802,0.5912739
19574,36645,0.08214485
19575,63321,0.022394326
19576,19104,0.008214917
19577,91919,0.003458569
19578,31862,0.004262651
19579,10252,0.00725221
19580,98915,0.24139862
19581,63575,0.005221468
19582,71664,0.43633235
19583,14968,0.002892971
19584,10837,0.018639212
19585,79621,0.39305508
19586,110718,0.21055426
19587,88560,0.11938923
19588,26737,0.033205155
19589,64126,0.002056616
19590,72177,0.00317328
19591,14911,0.001942864
19592,17140,0.080471575
19593,74681,0.06185146
19594,75966,0.020655574
19595,34596,0.04817054
19596,63539,0.6422097
19597,87668,0.18341346
19598,36393,0.004366004
19599,38233,0.004047111
19600,80276,0.008369491
19601,54229,0.004398818
19602,88354,0.05250642
19603,108176,0.004716357
19604,62281,0.08073243
19605,107923,0.107957914
19606,26889,0.007747369
19607,38,0.018038426
19608,49617,0.002016591
19609,50522,0.004015917
19610,7764,0.002696456
19611,60727,0.003822428
19612,37020,0.005148672
19613,5988,0.001899082
19614,88887,0.15433618
19615,77115,0.14077973
19616,22468,0.008132632
19617,15551,0.002829911
19618,13365,0.36060113
19619,53286,0.11758091
19620,42574,0.004703921
19621,22304,0.21056646
19622,24710,0.004041293
19623,19075,0.006519966
19624,75507,0.018696774
19625,93081,0.43264252
19626,69354,0.04344465
19627,111490,0.001911194
19628,111040,0.01351198
19629,55994,0.24118719
19630,46703,0.003164787
19631,70423,0.005071671
19632,104399,0.00302893
19633,36401,0.010250571
19634,115684,0.003132598
19635,1212,0.002475668
19636,42030,0.033676304
19637,70759,0.007533335
19638,98241,0.00201683
19639,112970,0.15987858
19640,81089,0.005468982
19641,39566,0.019482514
19642,108306,0.007068764
19643,35165,0.069296025
19644,52261,0.109563805
19645,104936,0.00583355
19646,66158,0.02694454
19647,88313,0.16594703
19648,62361,0.003300053
19649,89397,0.004833239
19650,113404,0.14816149
19651,44403,0.003038627
19652,65357,0.004056285
19653,25001,0.003646437
19654,39196,0.008304198
19655,55169,0.00353539
19656,101925,0.0954991
19657,37433,0.002892763
19658,87332,0.4650833
19659,105297,0.012832802
19660,64247,0.002250739
19661,95334,0.001816816
19662,7427,0.005376683
19663,89289,0.1765724
19664,91542,0.005103792
19665,90493,0.10883504
19666,86195,0.367177
19667,115123,0.011937988
19668,59287,0.5756659
19669,114911,0.007859443
19670,28663,0.14299846
19671,81118,0.030028582
19672,24912,0.032413974
19673,2666,0.003663841
19674,65871,0.00444144
19675,63464,0.005474462
19676,75838,0.006332404
19677,65469,0.004219469
19678,103855,0.009328445
19679,108567,0.7407652
19680,99832,0.2009604
19681,23280,0.002955214
19682,46644,0.002980353
19683,18247,0.009983104
19684,85649,0.0726772
19685,9385,0.001855973
19686,63515,0.001925919
19687,85227,0.008624537
19688,37134,0.020837028
19689,16991,0.47090778
19690,74500,0.25999767
19691,61361,0.070439994
19692,96395,0.006766757
19693,38619,0.012139197
19694,77040,0.1738103
19695,4791,0.1421887
19696,66676,0.020861104
19697,100122,0.07667941
19698,26111,0.004113124
19699,85249,0.018201968
19700,91512,0.010321794
19701,91892,0.006036191
19702,29490,0.02013454
19703,73736,0.06255758
19704,96225,0.19418226
19705,20600,0.003085521
19706,46200,0.014697094
19707,90386,0.08044841
19708,63754,0.002613239
19709,53135,0.0024527
19710,78244,0.05507747
19711,81357,0.15532635
19712,54696,0.35384318
19713,99224,0.006180469
19714,113863,0.015456324
19715,112877,0.008672496
19716,49915,0.0217481
19717,4780,0.40125883
19718,82699,0.08277167
19719,997,0.003668434
19720,97789,0.002692598
19721,91310,0.441061
19722,72479,0.002484978
19723,115936,0.0178891
19724,100544,0.24335256
19725,77080,0.062338073
19726,105343,0.038281243
19727,48574,0.004258876
19728,51839,0.00307487
19729,13970,0.003887435
19730,99468,0.06111315
19731,77298,0.23291968
19732,11591,0.31696424
19733,26204,0.003175142
19734,96895,0.014888267
19735,9435,0.4491541
19736,18494,0.029910862
19737,3509,0.003823316
19738,38435,0.009423636
19739,70351,0.07968667
19740,41155,0.05249673
19741,68894,0.057567134
19742,88916,0.19900773
19743,106108,0.002693064
19744,25629,0.008352986
19745,102974,0.028876089
19746,50443,0.003179857
19747,14716,0.007977633
19748,81269,0.010856684
19749,12124,0.009819953
19750,55139,0.006136126
19751,88024,0.007001119
19752,66105,0.005074523
19753,97068,0.007130058
19754,78640,0.007606687
19755,82603,0.032929406
19756,12598,0.018362392
19757,21696,0.011761903
19758,66582,0.92491275
19759,30515,0.001869031
19760,50564,0.34900153
19761,62534,0.0382008
19762,65553,0.004411171
19763,45356,0.003578248
19764,102710,0.018625475
19765,1413,0.08820336
19766,22195,0.013727167
19767,110116,0.001809182
19768,105215,0.15930644
19769,113841,0.00538818
19770,33238,0.020616286
19771,88955,0.003445608
19772,77307,0.14077973
19773,71163,0.044933017
19774,14738,0.05061194
19775,65637,0.7460874
19776,104435,0.004746889
19777,49725,0.015296576
19778,4119,0.024106024
19779,93148,0.005149278
19780,11867,0.003056815
19781,60740,0.343369
19782,105301,0.09018249
19783,114607,0.008890662
19784,7532,0.002593895
19785,106599,0.02962659
19786,12943,0.003272384
19787,23515,0.007818182
19788,90552,0.6102559
19789,70632,0.014241404
19790,80808,0.25264218
19791,104984,0.039851245
19792,74340,0.25199765
19793,106786,0.009710562
19794,63025,0.004002817
19795,51188,0.005628696
19796,74678,0.003781248
19797,83786,0.10684437
19798,41239,0.45999783
19799,52497,0.004618086
19800,64373,0.0161756
19801,1670,0.10595052
19802,28167,0.006026764
19803,31242,0.11885148
19804,33724,0.001951664
19805,16329,0.002431622
19806,72592,0.00796837
19807,12868,0.002615488
19808,40616,0.003980133
19809,111153,0.08982093
19810,9291,0.003452531
19811,71613,0.2454103
19812,32459,0.03748421
19813,106540,0.003841925
19814,21592,0.003393148
19815,12789,0.002856029
19816,39446,0.010259737
19817,71532,0.003514999
19818,83856,0.005995392
19819,92902,0.002962315
19820,11524,0.001939604
19821,23811,0.001888117
19822,31991,0.001807042
19823,33568,0.21799766
19824,2153,0.011034214
19825,23160,0.002797585
19826,2033,0.003860803
19827,78923,0.014611942
19828,5668,0.025114452
19829,92887,0.13902761
19830,11363,0.00349072
19831,75933,0.046570424
19832,88621,0.002869227
19833,68960,0.008255213
19834,110558,0.088217564
19835,65964,0.005821615
19836,19514,0.002034084
19837,40853,0.034788743
19838,45288,0.002180864
19839,95352,0.008164199
19840,59436,0.04202146
19841,87194,0.008331739
19842,46865,0.01141532
19843,84465,0.0695454
19844,64018,0.004144315
19845,8113,0.023375588
19846,59212,0.007455624
19847,65234,0.004056285
19848,23936,0.005130678
19849,57891,0.001830438
19850,63008,0.059517056
19851,82092,0.25410384
19852,34555,0.006960166
19853,53900,0.92943263
19854,109378,0.5018089
19855,23987,0.002750592
19856,109500,0.06639225
19857,102569,0.24185419
19858,111617,0.13264324
19859,26505,0.003791526
19860,74891,0.001800216
19861,22342,0.002975183
19862,28316,0.048742536
19863,97245,0.21257025
19864,112056,0.001859541
19865,18924,0.001864647
19866,39456,0.019421238
19867,44104,0.016572377
19868,32658,0.009429535
19869,42829,0.005752406
19870,79091,0.003455861
19871,25308,0.60530907
19872,32147,0.005484073
19873,59563,0.003870147
19874,96650,0.2173976
19875,110224,0.001823363
19876,23980,0.003394955
19877,99576,0.009664117
19878,9098,0.003443354
19879,65883,0.002035626
19880,64627,0.004954242
19881,100765,0.00909881
19882,58091,0.14286704
19883,94918,0.006131289
19884,66480,0.016178165
19885,20679,0.003101109
19886,83838,0.003975565
19887,45802,0.16234094
19888,24757,0.61975324
19889,44497,0.60682523
19890,88866,0.00192857
19891,73968,0.01819419
19892,45025,0.002727819
19893,8357,0.003954177
19894,84586,0.035774987
19895,38501,0.017826634
19896,65205,0.004367507
19897,31378,0.19503134
19898,76889,0.077087484
19899,916,0.002912814
19900,54319,0.001967572
19901,8750,0.013615334
19902,94060,0.08816309
19903,76954,0.35765275
19904,6020,0.015304099
19905,95762,0.11390699
19906,56949,0.005741418
19907,93493,0.13413662
19908,89022,0.039797757
19909,61430,0.004074096
19910,58328,0.66533524
19911,16886,0.19627549
19912,86518,0.016789794
19913,35244,0.003216769
19914,14275,0.003642191
19915,19307,0.004825926
19916,35196,0.00330178
19917,106224,0.24314253
19918,45900,0.01995929
19919,9841,0.21795282
19920,13575,0.6135701
19921,33604,0.007545867
19922,80051,0.007397809
19923,101770,0.003654882
19924,79906,0.007084816
19925,77757,0.0019552
19926,64922,0.002783379
19927,52412,0.09209084
19928,31354,0.004771507
19929,86238,0.008408658
19930,45645,0.015042516
19931,46257,0.005073308
19932,51662,0.001800476
19933,84899,0.003885796
19934,20936,0.09261649
19935,7465,0.14624435
19936,93824,0.14742412
19937,56116,0.57677805
19938,97916,0.0502813
19939,35366,0.003044765
19940,22519,0.003767487
19941,2532,0.01067736
19942,105472,0.030369075
19943,73103,0.006041732
19944,31409,0.005892473
19945,75952,0.32178783
19946,38044,0.2511624
19947,54605,0.004352419
19948,69006,0.13518903
19949,81230,0.24663317
19950,59156,0.009145134
19951,71408,0.3143796
19952,80393,0.20438576
19953,10060,0.002589391
19954,15674,0.14455724
19955,70390,0.005761828
19956,4851,0.027808169
19957,66318,0.07688415
19958,1784,0.003156282
19959,89666,0.024514996
19960,65565,0.005371656
19961,64812,0.004372048
19962,23597,0.009469938
19963,55170,0.42796016
19964,112668,0.33371106
19965,59089,0.00351755
19966,57782,0.007659413
19967,24305,0.031113965
19968,13302,0.003840455
19969,35663,0.00451813
19970,41046,0.1216653
19971,46153,0.52126455
19972,1007,0.13686708
19973,114284,0.15642147
19974,51386,0.40196985
19975,102261,0.001897493
19976,9018,0.003837705
19977,73622,0.07883433
19978,71616,0.017391857
19979,109721,0.001998415
19980,47677,0.003859989
19981,58946,0.003905908
19982,32354,0.003873589
19983,81224,0.005526775
19984,22078,0.0042978
19985,78193,0.015222209
19986,51035,0.001868895
19987,29501,0.002608331
19988,59849,0.053489488
19989,100372,0.06903648
19990,77302,0.017629972
19991,8713,0.003828357
19992,10370,0.00185007
19993,70456,0.23716499
19994,31147,0.15495667
19995,79352,0.26598525
19996,87188,0.012440641
19997,107591,0.018344127
19998,92592,0.050093673
19999,54554,0.01508155
20000,14892,0.008059338
20001,57208,0.003674625
20002,34311,0.00529112
20003,83003,0.007534676
20004,18113,0.057623908
20005,35519,0.007360577
20006,41833,0.0017904
20007,47509,0.003457438
20008,109392,0.2668021
20009,76870,0.077087484
20010,103805,0.06602271
20011,85264,0.018678643
20012,56523,0.54762787
20013,2770,0.004008949
20014,79924,0.004986789
20015,39515,0.011270653
20016,98485,0.005544895
20017,40725,0.003043648
20018,36826,0.08214485
20019,49787,0.007051221
20020,60113,0.005641325
20021,105085,0.5127981
20022,28974,0.05665086
20023,59013,0.38765764
20024,89465,0.006333218
20025,1269,0.002486429
20026,6801,0.003391512
20027,90549,0.086333655
20028,93776,0.00691717
20029,76751,0.026881803
20030,14765,0.002452336
20031,29010,0.003048694
20032,94423,0.003882151
20033,115558,0.001824212
20034,55768,0.006367962
20035,107555,0.34617692
20036,58642,0.5058321
20037,35653,0.19205084
20038,102984,0.05833989
20039,80882,0.004275803
20040,91293,0.5102452
20041,46630,0.003701178
20042,27679,0.006736609
20043,58393,0.003466073
20044,111283,0.002033111
20045,97308,0.024430227
20046,78558,0.005195058
20047,84998,0.005153574
20048,11734,0.69847846
20049,78078,0.004590015
20050,68300,0.016993497
20051,98237,0.14029677
20052,92759,0.4914603
20053,43432,0.070074
20054,93628,0.20597878
20055,21966,0.003596455
20056,35144,0.006010122
20057,64340,0.003622538
20058,27806,0.004668647
20059,8363,0.002552
20060,10988,0.044565383
20061,98693,0.010496394
20062,91000,0.0070622
20063,101017,0.002800225
20064,20705,0.001883053
20065,32358,0.02331528
20066,81687,0.010809594
20067,54575,0.00409665
20068,11511,0.005364978
20069,31261,0.00974911
20070,25204,0.003892175
20071,31044,0.008020958
20072,21154,0.010312256
20073,108887,0.019772675
20074,31654,0.15495667
20075,72018,0.27930924
20076,114530,0.034901865
20077,31857,0.008020958
20078,8272,0.01198885
20079,21890,0.003119043
20080,73972,0.006087655
20081,88230,0.09872595
20082,84547,0.007684222
20083,78377,0.001962291
20084,56820,0.005873635
20085,48550,0.004125571
20086,92828,0.002048315
20087,78218,0.015641255
20088,58566,0.3493376
20089,70221,0.005929436
20090,25573,0.003160273
20091,103102,0.007123937
20092,43326,0.00369044
20093,86722,0.008594655
20094,40030,0.004031034
20095,67458,0.007854863
20096,49595,0.03372242
20097,111910,0.28990695
20098,83865,0.018737318
20099,14802,0.039566133
20100,100602,0.009224489
20101,40012,0.019495845
20102,101893,0.02345247
20103,61300,0.020501075
20104,88615,0.007935637
20105,54649,0.003761179
20106,7133,0.001853861
20107,87161,0.007798635
20108,113105,0.08832379
20109,46975,0.52630603
20110,15495,0.001984586
20111,47206,0.026454967
20112,4215,0.001903659
20113,56173,0.5469744
20114,91018,0.003338487
20115,10555,0.020721689
20116,102110,0.17845814
20117,22514,0.005893119
20118,12384,0.002644358
20119,47855,0.004016057
20120,59320,0.49003637
20121,111343,0.002742937
20122,31748,0.007793139
20123,79095,0.09809575
20124,31832,0.020434687
20125,6302,0.005013012
20126,70264,0.4080949
20127,110500,0.01724411
20128,16922,0.00313438
20129,84632,0.47392043
20130,100887,0.010129265
20131,68875,0.004123634
20132,96113,0.007101829
20133,51290,0.5405866
20134,107376,0.004781122
20135,104072,0.001924706
20136,16342,0.00261856
20137,57635,0.0018104
20138,88941,0.09253549
20139,67950,0.005916039
20140,83127,0.004308606
20141,71194,0.003204445
20142,73605,0.04322688
20143,19910,0.003369681
20144,31043,0.002407527
20145,19467,0.43595827
20146,23690,0.008854864
20147,67578,0.30292937
20148,66370,0.006802887
20149,50819,0.085715875
20150,445,0.005120611
20151,21068,0.004036804
20152,18647,0.06730691
20153,40217,0.020151947
20154,62112,0.001917225
20155,94973,0.7092738
20156,41341,0.75078475
20157,62785,0.049360003
20158,53931,0.004282035
20159,109811,0.01252244
20160,21932,0.003226903
20161,42491,0.001793653
20162,51046,0.002589461
20163,88802,0.002847243
20164,84236,0.005240996
20165,82305,0.07048415
20166,84172,0.005311137
20167,114048,0.33693936
20168,7854,0.005280064
20169,31408,0.005297305
20170,109850,0.001976936
20171,81482,0.010809594
20172,63449,0.00395807
20173,80936,0.013948534
20174,100703,0.24335256
20175,66722,0.015208197
20176,94716,0.4744394
20177,43872,0.003313799
20178,106148,0.02034089
20179,83710,0.4657378
20180,62084,0.004458963
20181,59706,0.004809251
20182,29199,0.02023645
20183,93149,0.010364151
20184,109935,0.94250464
20185,115057,0.12621094
20186,119,0.01829508
20187,109575,0.55223817
20188,63379,0.003631434
20189,37347,0.049791224
20190,6518,0.021168508
20191,81628,0.003058405
20192,248,0.00291701
20193,16123,0.002430388
20194,72830,0.005695634
20195,48097,0.011826543
20196,104445,0.019813264
20197,102474,0.007835945
20198,100304,0.003066995
20199,106063,0.002310594
20200,82566,0.278023
20201,51888,0.003924227
20202,64905,0.003784158
20203,83524,0.006203932
20204,61365,0.054709256
20205,26387,0.00323449
20206,4099,0.019550355
20207,7983,0.019997858
20208,46010,0.44977483
20209,31667,0.008020958
20210,53727,0.004346662
20211,96403,0.001876653
20212,10514,0.074776806
20213,72717,0.003338588
20214,85483,0.16166583
20215,31250,0.060720023
20216,103788,0.010739418
20217,110998,0.26771793
20218,6427,0.005967619
20219,75066,0.026311204
20220,38319,0.001916402
20221,106270,0.3956271
20222,110902,0.5142913
20223,100627,0.07925412
20224,4214,0.09090856
20225,985,0.006362093
20226,31907,0.001884472
20227,80650,0.05496483
20228,22107,0.003447421
20229,92139,0.007497228
20230,59087,0.004279866
20231,1787,0.002001693
20232,110554,0.57151634
20233,103507,0.10380921
20234,74377,0.009395972
20235,50722,0.1350126
20236,41901,0.04710473
20237,59896,0.7869949
20238,104859,0.28856373
20239,80360,0.24573089
20240,15830,0.05061194
20241,101091,0.013106602
20242,112997,0.008396212
20243,61079,0.001834043
20244,91610,0.006833206
20245,55650,0.001949463
20246,8127,0.02373136
20247,9381,0.002709626
20248,1897,0.003695682
20249,50090,0.003931708
20250,93156,0.23317395
20251,39320,0.002471662
20252,11534,0.020447366
20253,880,0.00198196
20254,48586,0.45541185
20255,97309,0.005381831
20256,2312,0.003938437
20257,31996,0.001901555
20258,43727,0.00330466
20259,63080,0.060709603
20260,53184,0.027731493
20261,100223,0.01175408
20262,63214,0.003172878
20263,39338,0.004455618
20264,55784,0.029816512
20265,106436,0.11531243
20266,91852,0.17453894
20267,35249,0.003466338
20268,75420,0.002548453
20269,87939,0.004498839
20270,93057,0.006996616
20271,58379,0.25696936
20272,66710,0.01562094
20273,109296,0.003765537
20274,83347,0.004410396
20275,17775,0.002513383
20276,54110,0.98040855
20277,54498,0.35384318
20278,16731,0.002430388
20279,42636,0.003903863
20280,62508,0.003876054
20281,90813,0.6713693
20282,41148,0.015080637
20283,91873,0.46886373
20284,90738,0.002838635
20285,50946,0.1353997
20286,70142,0.019727323
20287,97000,0.001789548
20288,101154,0.00195827
20289,29694,0.007010285
20290,49358,0.21719377
20291,73863,0.23590542
20292,17248,0.085894614
20293,55426,0.31354323
20294,47298,0.004971073
20295,104837,0.001828038
20296,14115,0.003651163
20297,9236,0.004949301
20298,69802,0.004915161
20299,56090,0.001924135
20300,35680,0.004177494
20301,58033,0.49989477
20302,11215,0.009988166
20303,115933,0.00507748
20304,34532,0.020567868
20305,100517,0.2968731
20306,23154,0.004137328
20307,97814,0.29482582
20308,11721,0.003350345
20309,58604,0.23425825
20310,115052,0.09970485
20311,77188,0.010154837
20312,96437,0.7000107
20313,18101,0.00769753
20314,40165,0.004755552
20315,53450,0.007161778
20316,53568,0.004151983
20317,57504,0.003283741
20318,61933,0.071328826
20319,1842,0.005361203
20320,19306,0.008195972
20321,107658,0.19489118
20322,74403,0.01849492
20323,46498,0.014195262
20324,62479,0.0382008
20325,40056,0.003863531
20326,34940,0.003486433
20327,89098,0.17487387
20328,98095,0.08622443
20329,10916,0.16147307
20330,65497,0.005728125
20331,76415,0.4190538
20332,57106,0.0419523
20333,1985,0.002399282
20334,8856,0.02400836
20335,26847,0.003781872
20336,4240,0.01468892
20337,112620,0.2501455
20338,45944,0.029655013
20339,92718,0.007214541
20340,78138,0.004557965
20341,18477,0.003514054
20342,44434,0.018166684
20343,73910,0.23590542
20344,105671,0.006880336
20345,98642,0.06377312
20346,74997,0.10723056
20347,84640,0.025176851
20348,27991,0.00987021
20349,26234,0.00829341
20350,38346,0.004113124
20351,76998,0.019674221
20352,112850,0.24900837
20353,93077,0.10597469
20354,24753,0.004397932
20355,100888,0.004746269
20356,38683,0.002496742
20357,12184,0.003056815
20358,41096,0.004363347
20359,106904,0.005694213
20360,10181,0.005940103
20361,107428,0.032327548
20362,115752,0.01676428
20363,52764,0.002299954
20364,37163,0.33531737
20365,90153,0.34967604
20366,80205,0.011025205
20367,70401,0.015535199
20368,61611,0.08073243
20369,73090,0.005518734
20370,69989,0.041304935
20371,31359,0.013099315
20372,62833,0.003134864
20373,76227,0.006495916
20374,18859,0.003265877
20375,34016,0.003936301
20376,41281,0.011172778
20377,81363,0.23010094
20378,111197,0.004210185
20379,34435,0.01918182
20380,81548,0.002140933
20381,62400,0.08073243
20382,113463,0.06853818
20383,111183,0.696062
20384,12397,0.3904534
20385,101485,0.24529864
20386,60166,0.003928695
20387,57273,0.003875702
20388,105523,0.03262768
20389,65711,0.00505156
20390,16026,0.15904064
20391,41093,0.23051392
20392,32844,0.80402565
20393,112869,0.007320308
20394,3423,0.007048961
20395,34646,0.020178044
20396,94277,0.002896715
20397,29618,0.54977006
20398,45926,0.069327794
20399,24089,0.005505425
20400,91968,0.008418238
20401,47054,0.006937699
20402,4043,0.014236512
20403,91120,0.2804147
20404,14965,0.20636527
20405,16929,0.046104167
20406,2481,0.011081046
20407,47896,0.004443118
20408,111730,0.33660805
20409,53131,0.014318167
20410,3455,0.016005872
20411,61212,0.15421297
20412,19051,0.006262435
20413,48622,0.013880706
20414,38059,0.002882248
20415,46323,0.003647269
20416,37339,0.002952477
20417,102926,0.001990622
20418,98528,0.18782759
20419,91670,0.26987863
20420,100740,0.24451068
20421,795,0.02431538
20422,101190,0.00909881
20423,24182,0.02051737
20424,115666,0.003541156
20425,43561,0.00330466
20426,88271,0.09872595
20427,86709,0.027743226
20428,68874,0.017626306
20429,7755,0.019454582
20430,13572,0.005398598
20431,14801,0.010342243
20432,19372,0.005186196
20433,70110,0.008898695
20434,73126,0.63932145
20435,8268,0.05453591
20436,1806,0.008633254
20437,45810,0.21645552
20438,31724,0.003830083
20439,14380,0.14828144
20440,98366,0.4345184
20441,79379,0.004644936
20442,49126,0.24902943
20443,35809,0.003125902
20444,112571,0.04964471
20445,44737,0.2597721
20446,2854,0.005486448
20447,39497,0.002344323
20448,27877,0.031979177
20449,91498,0.004168415
20450,72950,0.36105856
20451,75402,0.018696774
20452,23971,0.004119963
20453,26584,0.04795241
20454,83336,0.073214844
20455,79808,0.010214414
20456,38823,0.135816
20457,107185,0.0023123
20458,38246,0.003051594
20459,38714,0.003908965
20460,101843,0.039942764
20461,55093,0.42796016
20462,35271,0.36264348
20463,12766,0.002856029
20464,36353,0.06612086
20465,22545,0.20120515
20466,6916,0.002133085
20467,6314,0.003533606
20468,66838,0.015044367
20469,10099,0.005532619
20470,58029,0.005240025
20471,21242,0.6591285
20472,109687,0.5660569
20473,16935,0.08385736
20474,25476,0.003074873
20475,69824,0.4498523
20476,66325,0.008382895
20477,74092,0.011477823
20478,87799,0.20576936
20479,57172,0.29896724
20480,51328,0.004549667
20481,105136,0.5792612
20482,72769,0.03774086
20483,72616,0.026562933
20484,55571,0.001959076
20485,84425,0.001821524
20486,19545,0.7974212
20487,82331,0.073214844
20488,92928,0.25969246
20489,98601,0.41144058
20490,14841,0.003162608
20491,112798,0.57319045
20492,78922,0.00655973
20493,105776,0.07848556
20494,67532,0.2784019
20495,10708,0.00353891
20496,52588,0.20690592
20497,114418,0.114948705
20498,84579,0.018737318
20499,87198,0.001919443
20500,689,0.007562032
20501,12670,0.5243844
20502,85531,0.00306215
20503,38865,0.112279475
20504,98083,0.07474301
20505,59106,0.5806674
20506,59437,0.006717085
20507,95673,0.004014493
20508,11980,0.009819953
20509,79684,0.004771086
20510,11686,0.001850355
20511,48887,0.37588057
20512,103957,0.001916467
20513,63692,0.005046221
20514,107587,0.002780195
20515,72539,0.02194553
20516,5155,0.02407366
20517,4088,0.024106024
20518,82374,0.007915424
20519,12096,0.42938298
20520,96683,0.024588602
20521,17989,0.002796391
20522,85196,0.16166583
20523,86495,0.34397855
20524,31837,0.004133397
20525,30292,0.002880943
20526,25309,0.008443195
20527,52507,0.003231442
20528,27801,0.008929128
20529,12971,0.003152265
20530,9913,0.34979707
20531,79731,0.010214414
20532,51708,0.005858155
20533,100317,0.11063861
20534,100197,0.1790482
20535,51463,0.70381117
20536,83202,0.13718657
20537,8990,0.12331304
20538,73447,0.02214148
20539,76177,0.067003205
20540,31400,0.003720234
20541,83389,0.278023
20542,58790,0.59562963
20543,47369,0.06758982
20544,88191,0.003777181
20545,67246,0.24324313
20546,8317,0.002377491
20547,84082,0.27916983
20548,68628,0.004883725
20549,111039,0.39469984
20550,37310,0.014927628
20551,86087,0.1699111
20552,65740,0.00505156
20553,44181,0.002512036
20554,63325,0.003288832
20555,62009,0.39623407
20556,8174,0.002510334
20557,51281,0.004820803
20558,54114,0.17694914
20559,10685,0.023987236
20560,100694,0.23175944
20561,94549,0.7379235
20562,7949,0.00190754
20563,33379,0.0912829
20564,113836,0.005007245
20565,61734,0.0382008
20566,11650,0.003354118
20567,96357,0.6802522
20568,115934,0.01391856
20569,105895,0.009519666
20570,77133,0.004418536
20571,43887,0.005402842
20572,21285,0.01571878
20573,80492,0.004389381
20574,89254,0.001949602
20575,69702,0.006664927
20576,17021,0.007621312
20577,78003,0.004907142
20578,7108,0.07784813
20579,45161,0.45153177
20580,35163,0.004225452
20581,32839,0.003898996
20582,97036,0.002332155
20583,71037,0.012125663
20584,25218,0.001984229
20585,72891,0.026304051
20586,70614,0.14688896
20587,75216,0.53529453
20588,101566,0.33742553
20589,125,0.00302086
20590,34886,0.24030998
20591,18806,0.018947965
20592,5614,0.002882269
20593,3286,0.003186115
20594,18137,0.003683314
20595,27369,0.43634665
20596,38413,0.017826634
20597,68,0.006070878
20598,73862,0.002292414
20599,108946,0.6415938
20600,87181,0.15351355
20601,111833,0.024890184
20602,41354,0.08256301
20603,74169,0.40461087
20604,50076,0.008754578
20605,79223,0.002010594
20606,80125,0.057073362
20607,71810,0.009611277
20608,78673,0.01452168
20609,5099,0.05895917
20610,4265,0.26064846
20611,60,0.00204953
20612,22713,0.036759343
20613,111247,0.002478608
20614,7362,0.020057166
20615,21924,0.002557949
20616,67576,0.005334923
20617,58144,0.005031437
20618,68710,0.037032925
20619,2379,0.074127756
20620,73385,0.007615979
20621,51650,0.56184745
20622,48765,0.023293616
20623,48290,0.012746749
20624,32006,0.005998661
20625,56294,0.00919243
20626,83445,0.028608415
20627,34604,0.064171545
20628,50092,0.3242246
20629,3129,0.10508305
20630,10232,0.011873255
20631,60438,0.050521173
20632,11732,0.001794663
20633,53108,0.10556994
20634,64926,0.019251993
20635,112910,0.00806605
20636,36391,0.31657913
20637,36462,0.31657913
20638,75707,0.02065029
20639,47048,0.2828049
20640,104666,0.12304259
20641,55083,0.28792295
20642,17442,0.002430388
20643,96079,0.006917459
20644,80947,0.005965255
20645,98445,0.41144058
20646,18922,0.003363687
20647,92365,0.107150994
20648,106452,0.003693669
20649,111816,0.00185611
20650,75476,0.4012367
20651,93584,0.002433091
20652,87113,0.001958995
20653,50920,0.69582933
20654,33186,0.021129604
20655,22566,0.011492424
20656,41188,0.01568095
20657,64995,0.004056104
20658,81850,0.4028191
20659,54695,0.024304751
20660,95277,0.001791229
20661,92012,0.02541487
20662,17521,0.001943502
20663,19138,0.004207595
20664,57698,0.001803437
20665,70649,0.016785253
20666,69098,0.010116067
20667,68835,0.22863437
20668,54359,0.009261688
20669,102704,0.03294673
20670,80447,0.07973916
20671,78107,0.005234487
20672,17047,0.005555818
20673,102916,0.003711715
20674,76252,0.023694176
20675,95900,0.009834424
20676,29784,0.02207817
20677,21048,0.1345655
20678,57275,0.010400704
20679,101808,0.003946737
20680,70543,0.19493535
20681,100617,0.004638648
20682,115759,0.017237712
20683,2049,0.001891215
20684,37424,0.004815698
20685,43519,0.006517515
20686,25027,0.5567864
20687,20521,0.19698411
20688,31488,0.00959495
20689,25243,0.004401973
20690,31885,0.004732507
20691,2417,0.06275496
20692,39961,0.003653504
20693,38856,0.008902691
20694,67598,0.19317478
20695,4199,0.002057082
20696,80691,0.003388134
20697,8683,0.005145354
20698,87743,0.027338525
20699,88932,0.001827205
20700,11067,0.005060863
20701,3200,0.00295032
20702,35131,0.00365868
20703,96603,0.45441747
20704,3637,0.06181613
20705,110513,0.13716099
20706,21844,0.011761903
20707,38689,0.02173778
20708,53723,0.004266063
20709,13110,0.002856029
20710,13895,0.36752707
20711,48257,0.003717637
20712,35092,0.19944671
20713,75121,0.003398005
20714,67056,0.03239258
20715,19573,0.010782294
20716,54445,0.013931951
20717,86694,0.007875253
20718,36163,0.002916457
20719,25363,0.00378902
20720,12146,0.48506704
20721,15046,0.18303062
20722,59447,0.49003637
20723,40462,0.003112665
20724,87183,0.006247502
20725,57206,0.48935434
20726,7750,0.001971423
20727,83901,0.045277234
20728,105781,0.120097585
20729,113099,0.004051049
20730,107062,0.002365102
20731,96285,0.00345206
20732,77544,0.08133093
20733,109635,0.4170892
20734,83130,0.278023
20735,31220,0.00959495
20736,75974,0.00475638
20737,71309,0.4296917
20738,27315,0.048693333
20739,99618,0.20635144
20740,42957,0.002854629
20741,36758,0.005075783
20742,19493,0.050867926
20743,33403,0.003216822
20744,96574,0.2173976
20745,36528,0.003487159
20746,11080,0.042687412
20747,91412,0.002511973
20748,107934,0.004103815
20749,35556,0.11559659
20750,60860,0.7959792
20751,96606,0.16710293
20752,106552,0.012925102
20753,28104,0.006303612
20754,56608,0.00569871
20755,79786,0.27492934
20756,5966,0.004760985
20757,54453,0.004948803
20758,31417,0.03632663
20759,78426,0.05347722
20760,56414,0.57677805
20761,73594,0.007327528
20762,95156,0.7379235
20763,4591,0.005947389
20764,24773,0.007579612
20765,71089,0.03296776
20766,68338,0.005315552
20767,56443,0.40200427
20768,78867,0.13157919
20769,95456,0.3957612
20770,60932,0.004242324
20771,32360,0.43718666
20772,39840,0.021008087
20773,11666,0.69847846
20774,4549,0.61903924
20775,88134,0.002101591
20776,55505,0.00830487
20777,54755,0.004211452
20778,53975,0.003899448
20779,76133,0.003312374
20780,6147,0.003487419
20781,31516,0.004938452
20782,9013,0.262449
20783,100745,0.32234466
20784,25847,0.003338936
20785,34077,0.004063187
20786,29646,0.001915138
20787,28620,0.014652539
20788,109153,0.003211774
20789,18623,0.05986053
20790,108867,0.00435596
20791,45323,0.064024344
20792,9633,0.020741118
20793,34334,0.22527722
20794,56900,0.009025818
20795,32541,0.009429535
20796,78282,0.010607827
20797,62697,0.034169253
20798,101063,0.023766875
20799,65105,0.002752223
20800,72310,0.43633235
20801,43852,0.017399974
20802,60260,0.004191537
20803,73334,0.25199765
20804,20237,0.12073326
20805,81658,0.16655412
20806,52124,0.004712007
20807,84774,0.004046325
20808,14562,0.003480355
20809,100444,0.003883809
20810,75385,0.011279504
20811,63733,0.003631434
20812,39047,0.003783227
20813,103159,0.13716568
20814,60745,0.1779267
20815,72027,0.3202389
20816,22691,0.004102919
20817,68773,0.005412752
20818,35264,0.011480063
20819,82776,0.08277167
20820,104068,0.023408473
20821,93535,0.20597878
20822,37976,0.003495127
20823,82569,0.3955759
20824,5183,0.021799209
20825,16472,0.002099542
20826,62165,0.001913729
20827,72524,0.012369719
20828,37980,0.004825715
20829,104899,0.005304453
20830,66636,0.009836277
20831,71142,0.028410565
20832,80671,0.001847841
20833,13433,0.00312809
20834,97160,0.3331416
20835,74738,0.039822575
20836,2869,0.014652388
20837,100424,0.006987121
20838,32737,0.037311684
20839,68883,0.13518903
20840,82920,0.14020014
20841,1342,0.010723486
20842,80335,0.014338641
20843,115254,0.036815453
20844,90301,0.003644167
20845,42143,0.004534474
20846,93358,0.17824703
20847,19309,0.007297577
20848,23145,0.00588016
20849,28112,0.003249251
20850,109065,0.21642365
20851,66494,0.013081474
20852,39150,0.003748012
20853,106879,0.001789341
20854,49964,0.15481716
20855,460,0.002035682
20856,28533,0.00841784
20857,47852,0.00338647
20858,95275,0.45116422
20859,66368,0.005154388
20860,48493,0.005177858
20861,27639,0.003690543
20862,91902,0.007080661
20863,85978,0.3967435
20864,66737,0.005743356
20865,886,0.011483565
20866,80085,0.004058923
20867,81374,0.002632184
20868,85400,0.16166583
20869,10551,0.00353891
20870,87411,0.19828653
20871,97026,0.45836022
20872,52328,0.004265487
20873,72722,0.14047772
20874,91218,0.06709154
20875,76914,0.004954447
20876,102585,0.016487587
20877,85106,0.007341701
20878,76355,0.15794198
20879,84960,0.001908928
20880,11285,0.017803397
20881,94032,0.14856634
20882,60112,0.8242566
20883,80423,0.4199688
20884,42027,0.004703921
20885,55585,0.001795084
20886,23780,0.022017432
20887,47324,0.005405233
20888,21577,0.583246
20889,74910,0.016113417
20890,59566,0.002138016
20891,31176,0.020434687
20892,28490,0.008447329
20893,58659,0.53482115
20894,101197,0.04984246
20895,98404,0.041052908
20896,22023,0.005983543
20897,47690,0.009986907
20898,82227,0.009596283
20899,46769,0.21350795
20900,11189,0.13412248
20901,9580,0.006040289
20902,49172,0.20998101
20903,88179,0.09872595
20904,93293,0.505316
20905,54411,0.003567886
20906,75563,0.009656567
20907,11104,0.003451077
20908,70084,0.40747288
20909,86066,0.367177
20910,58534,0.005804306
20911,25173,0.04754839
20912,111241,0.008518392
20913,115932,0.003848983
20914,39719,0.105424725
20915,95387,0.00818386
20916,37483,0.003999684
20917,19017,0.001814206
20918,112660,0.006430689
20919,11156,0.001863109
20920,8963,0.07270473
20921,62588,0.04119031
20922,19891,0.004572074
20923,59705,0.44739324
20924,28473,0.005529129
20925,53087,0.5513927
20926,47789,0.43421057
20927,14632,0.003985188
20928,4250,0.004248628
20929,89119,0.041479263
20930,47278,0.067787066
20931,86690,0.20082603
20932,92978,0.010313613
20933,14318,0.009393109
20934,23964,0.002948863
20935,46837,0.004022803
20936,1974,0.003533263
20937,18709,0.004406811
20938,9869,0.003598216
20939,68729,0.003949233
20940,103146,0.21212906
20941,21177,0.005984285
20942,61616,0.002846658
20943,34348,0.07369212
20944,14943,0.028068706
20945,16947,0.002431622
20946,108478,0.22426449
20947,81815,0.4850505
20948,79639,0.002041762
20949,83839,0.013044152
20950,81460,0.15532635
20951,104419,0.12822111
20952,104311,0.06911629
20953,54633,0.001888538
20954,78723,0.016650848
20955,91690,0.007477282
20956,12229,0.003389278
20957,84344,0.14807753
20958,11959,0.013388521
20959,69181,0.049122784
20960,74635,0.00298864
20961,52992,0.034246076
20962,78148,0.04512238
20963,61420,0.035147853
20964,64768,0.003817585
20965,112769,0.6641677
20966,11620,0.002557721
20967,64490,0.002649471
20968,46638,0.003954357
20969,20116,0.004766092
20970,7655,0.002506031
20971,65538,0.002223897
20972,47917,0.004336078
20973,109518,0.019949358
20974,90425,0.10883504
20975,106696,0.004662595
20976,107596,0.004980953
20977,56452,0.009023051
20978,85815,0.19462727
20979,11781,0.64904934
20980,32759,0.002942888
20981,10190,0.39373648
20982,66562,0.016138807
20983,37907,0.003601729
20984,11452,0.008163307
20985,94098,0.002339391
20986,17935,0.002430388
20987,31008,0.19503134
20988,108621,0.005163205
20989,42678,0.31193316
20990,115523,0.002041026
20991,57949,0.5627197
20992,5691,0.006857079
20993,93349,0.07765761
20994,32185,0.004080129
20995,115248,0.01391856
20996,88905,0.09233814
20997,114698,0.042088468
20998,111939,0.57078177
20999,90339,0.10883504
21000,16538,0.005725538
21001,48158,0.004069378
21002,35344,0.004120642
21003,102929,0.06911445
21004,79045,0.45520604
21005,58333,0.5627197
21006,44644,0.004013225
21007,37156,0.017826634
21008,36643,0.00531164
21009,43225,0.01914562
21010,76011,0.005378924
21011,65595,0.004859183
21012,31279,0.015835311
21013,38000,0.002080146
21014,94878,0.006822411
21015,2548,0.006980927
21016,98461,0.00530517
21017,112007,0.30116004
21018,1300,0.1393449
21019,47548,0.40060237
21020,95445,0.011643602
21021,10489,0.028631587
21022,77086,0.002475412
21023,83648,0.011101442
21024,106111,0.011816076
21025,81801,0.1346797
21026,82128,0.4028191
21027,72385,0.00228831
21028,97965,0.001855134
21029,68152,0.21942247
21030,69761,0.005843619
21031,44454,0.003550692
21032,24550,0.007788647
21033,14840,0.001850602
21034,115373,0.006495414
21035,58806,0.004702274
21036,48508,0.20133701
21037,28289,0.009940496
21038,10385,0.016632596
21039,45532,0.01927807
21040,54059,0.123388276
21041,8321,0.020437859
21042,87659,0.006217594
21043,30577,0.007076
21044,103624,0.00431972
21045,16520,0.003793811
21046,71353,0.009684081
21047,63935,0.10439404
21048,24227,0.41452605
21049,79946,0.45520604
21050,87501,0.010397765
21051,31678,0.002459131
21052,36593,0.003917215
21053,110652,0.069510296
21054,89033,0.004774919
21055,6363,0.02617628
21056,21872,0.004950158
21057,107639,0.007016654
21058,20701,0.003465392
21059,97376,0.00450872
21060,51028,0.00828691
21061,26010,0.005134913
21062,50550,0.5133795
21063,35448,0.017750725
21064,8110,0.001909364
21065,42719,0.00180925
21066,113283,0.08160438
21067,42051,0.010396199
21068,104179,0.20602158
21069,12231,0.003142706
21070,13021,0.5155137
21071,96853,0.005089959
21072,101735,0.004071555
21073,6614,0.43691587
21074,77376,0.06412211
21075,33454,0.00416096
21076,109870,0.5660569
21077,8637,0.014449305
21078,303,0.014334437
21079,24809,0.004445598
21080,84557,0.16794106
21081,105712,0.006141465
21082,13398,0.0644209
21083,62287,0.15308666
21084,38171,0.003144535
21085,87250,0.13789211
21086,97685,0.004018411
21087,94786,0.69406575
21088,104970,0.060195755
21089,46189,0.003229072
21090,47253,0.002726318
21091,12723,0.016573986
21092,73164,0.078583956
21093,6091,0.001905093
21094,57876,0.49989477
21095,7528,0.015272877
21096,1287,0.11956263
21097,10867,0.005289336
21098,22096,0.001978584
21099,64403,0.004251425
21100,114882,0.013342819
21101,59948,0.011541856
21102,110863,0.002377828
21103,4353,0.014993156
21104,46849,0.016797952
21105,61824,0.5168038
21106,3635,0.3763438
21107,25519,0.008443195
21108,5230,0.001999875
21109,65491,0.004088144
21110,83735,0.006716811
21111,46416,0.054522067
21112,110969,0.493953
21113,31353,0.004224545
21114,78503,0.036875315
21115,51323,0.00456687
21116,44518,0.1646691
21117,33974,0.00369051
21118,22236,0.003295538
21119,107672,0.004872791
21120,37984,0.001804709
21121,31650,0.004052621
21122,111271,0.002531424
21123,77481,0.09097364
21124,16548,0.01975168
21125,86686,0.018105123
21126,64965,0.002434292
21127,70811,0.004046741
21128,10077,0.001944487
21129,26189,0.004192012
21130,71623,0.0802148
21131,40887,0.001943422
21132,43009,0.003083374
21133,74977,0.45084056
21134,21630,0.003474914
21135,94618,0.015059898
21136,3219,0.5072561
21137,56316,0.019997058
21138,15244,0.032444783
21139,28173,0.007835018
21140,89347,0.001876835
21141,58306,0.002030229
21142,25016,0.003455393
21143,95617,0.001814067
21144,39002,0.007207498
21145,56307,0.013999175
21146,30647,0.052186795
21147,16883,0.00308594
21148,86784,0.076293975
21149,113771,0.76222056
21150,59134,0.003365205
21151,11564,0.002025478
21152,11328,0.18089633
21153,77896,0.005602681
21154,27058,0.001824099
21155,17177,0.012556899
21156,5472,0.6182256
21157,69482,0.019727323
21158,18521,0.027360292
21159,56391,0.57677805
21160,60898,0.002994192
21161,93949,0.006943653
21162,22646,0.007829908
21163,113592,0.3032203
21164,14014,0.001804581
21165,40169,0.13345768
21166,43823,0.1040092
21167,42608,0.003903863
21168,40351,0.33063054
21169,39266,0.019482514
21170,76452,0.001790327
21171,18332,0.006419727
21172,71515,0.0802148
21173,72873,0.003256894
21174,59935,0.010099317
21175,11087,0.014174451
21176,75580,0.00475638
21177,104682,0.011324213
21178,30238,0.002883509
21179,77480,0.035256896
21180,67894,0.003898191
21181,31745,0.003146431
21182,103251,0.042007588
21183,16668,0.050038066
21184,106798,0.00183607
21185,84815,0.15976554
21186,72002,0.07864465
21187,95212,0.71357256
21188,70548,0.2955744
21189,42436,0.15000096
21190,5107,0.003678615
21191,88511,0.002391684
21192,72945,0.005502274
21193,17186,0.002968768
21194,96367,0.010986932
21195,80345,0.42447305
21196,29936,0.003114283
21197,55528,0.003936828
21198,84531,0.018737318
21199,32857,0.09611661
21200,105659,0.003106374
21201,81138,0.005711144
21202,14873,0.003272759
21203,108430,0.4026695
21204,59206,0.5058321
21205,78730,0.002310939
21206,4125,0.005249426
21207,36702,0.004054402
21208,52144,0.003165434
21209,98478,0.003848577
21210,42323,0.005416676
21211,115068,0.13860585
21212,87486,0.28295285
21213,104045,0.21916054
21214,1745,0.005555399
21215,45327,0.007385145
21216,27115,0.86324143
21217,102262,0.002376967
21218,58848,0.019010035
21219,14890,0.001850665
21220,47162,0.005854322
21221,15823,0.002643467
21222,107682,0.007733756
21223,7901,0.003391512
21224,108811,0.005555054
21225,80252,0.006089618
21226,40227,0.00543351
21227,110986,0.010498364
21228,7442,0.001977942
21229,105293,0.004383138
21230,59162,0.12260418
21231,12757,0.5155137
21232,36001,0.10341515
21233,16166,0.013138015
21234,75033,0.005674246
21235,95300,0.00184833
21236,9687,0.016704844
21237,1053,0.046757795
21238,112979,0.00659029
21239,85772,0.001950265
21240,35148,0.04209017
21241,93331,0.46136934
21242,57452,0.8999178
21243,45832,0.018621972
21244,90548,0.25407982
21245,26312,0.009385281
21246,101719,0.004726168
21247,94780,0.003660203
21248,48187,0.012377336
21249,11393,0.003350345
21250,23575,0.005144297
21251,107208,0.002256056
21252,17246,0.009138534
21253,113682,0.002783384
21254,68785,0.37194803
21255,112815,0.029783431
21256,111036,0.34871653
21257,63925,0.003829652
21258,12250,0.018362392
21259,110473,0.005058345
21260,96904,0.21257025
21261,18256,0.00769753
21262,55121,0.001910578
21263,60444,0.005303842
21264,85981,0.001838585
21265,65794,0.00505156
21266,95142,0.3957612
21267,11698,0.010241242
21268,12377,0.004052561
21269,55861,0.27324852
21270,13106,0.33503684
21271,105710,0.002454537
21272,15014,0.002905182
21273,42884,0.024026519
21274,115179,0.003880536
21275,43442,0.014443175
21276,5689,0.00396801
21277,23864,0.008179085
21278,41479,0.003019455
21279,88175,0.19185938
21280,115442,0.039420675
21281,19222,0.069348864
21282,10357,0.010344923
21283,55756,0.004294357
21284,19725,0.005107426
21285,8978,0.006454081
21286,76677,0.077087484
21287,76457,0.003319975
21288,107401,0.55456674
21289,112191,0.01243551
21290,86349,0.002064985
21291,65243,0.0028089
21292,37168,0.120951325
21293,113774,0.39346
21294,15531,0.007956547
21295,25272,0.003978232
21296,1406,0.004680037
21297,51027,0.04200134
21298,72381,0.10312871
21299,14476,0.002453581
21300,48011,0.04020294
21301,112557,0.001844842
21302,20666,0.003353619
21303,53921,0.23526682
21304,66812,0.01562094
21305,55267,0.003102035
21306,62760,0.38052645
21307,95946,0.08176469
21308,892,0.005804976
21309,110994,0.002664414
21310,79521,0.017616203
21311,115260,0.015707409
21312,89625,0.007373828
21313,107553,0.001818964
21314,109174,0.009829568
21315,83820,0.066360086
21316,70384,0.036509153
21317,54903,0.001852537
21318,39945,0.028261058
21319,106685,0.003403581
21320,44043,0.003966168
21321,55115,0.42796016
21322,15293,0.119548455
21323,82002,0.002816191
21324,91648,0.01646819
21325,29614,0.038956475
21326,59920,0.39372185
21327,45517,0.015504222
21328,99868,0.051443845
21329,57184,0.003452026
21330,102768,0.15406914
21331,65242,0.004333135
21332,47860,0.11078011
21333,90662,0.005327733
21334,48938,0.02208124
21335,80678,0.007182582
21336,106473,0.031495787
21337,64304,0.001844056
21338,89876,0.17550033
21339,79126,0.02758587
21340,99417,0.003889618
21341,45618,0.054691907
21342,94257,0.1710222
21343,36839,0.28789914
21344,75086,0.016113417
21345,21998,0.005603978
21346,68943,0.19484383
21347,29722,0.14953525
21348,35858,0.10341515
21349,6989,0.025725093
21350,35202,0.11559659
21351,10008,0.004519535
21352,5801,0.002782895
21353,73788,0.005672476
21354,22555,0.0055036
21355,100386,0.007469607
21356,103007,0.39199948
21357,26962,0.002776854
21358,60495,0.004014638
21359,115694,0.001880086
21360,53372,0.002645295
21361,62472,0.28300995
21362,58425,0.62268704
21363,45773,0.009962623
21364,48300,0.005585119
21365,75198,0.15645263
21366,13709,0.8577504
21367,4594,0.5688185
21368,56071,0.57677805
21369,92046,0.6388596
21370,79686,0.006448542
21371,48516,0.003512932
21372,12378,0.002644358
21373,82853,0.007534676
21374,106041,0.012801252
21375,40668,0.002640487
21376,50514,0.006250088
21377,34861,0.6296306
21378,24333,0.007788647
21379,68696,0.026518311
21380,72644,0.062016897
21381,62340,0.017119497
21382,6380,0.005587898
21383,108056,0.002731521
21384,97830,0.044428546
21385,106691,0.07921325
21386,93991,0.16385847
21387,71612,0.005320231
21388,11144,0.003888931
21389,88309,0.007760624
21390,61304,0.071462505
21391,60085,0.052231777
21392,76288,0.004918182
21393,39039,0.024458004
21394,114264,0.049868885
21395,22669,0.006703111
21396,8478,0.009493373
21397,107771,0.002744376
21398,78597,0.07229756
21399,49197,0.16305202
21400,9960,0.003682469
21401,106044,0.005345548
21402,72414,0.07864465
21403,81667,0.003017771
21404,10152,0.010344923
21405,94323,0.6920124
21406,72298,0.057129893
21407,18774,0.010782294
21408,113061,0.014532964
21409,105409,0.006286574
21410,106735,0.002565978
21411,48480,0.012714081
21412,80324,0.010291821
21413,8300,0.002652771
21414,107642,0.005274717
21415,47748,0.30675003
21416,32080,0.001854436
21417,80550,0.003541938
21418,108349,0.008174236
21419,80735,0.005316957
21420,101471,0.010768352
21421,19801,0.002036689
21422,49039,0.24902943
21423,19226,0.003265877
21424,112177,0.004900485
21425,15268,0.002996574
21426,115219,0.002446434
21427,31615,0.001932345
21428,115288,0.015707409
21429,113319,0.088389866
21430,48831,0.13738254
21431,92122,0.10319462
21432,31194,0.0685457
21433,55248,0.002657537
21434,86531,0.007270487
21435,111584,0.009150602
21436,105388,0.083327085
21437,42150,0.006571278
21438,24423,0.00368132
21439,67730,0.002721362
21440,108743,0.006874379
21441,89805,0.005987571
21442,7585,0.013741674
21443,39928,0.003119931
21444,98402,0.18124397
21445,54499,0.004394135
21446,2313,0.012561015
21447,52284,0.006851165
21448,44886,0.09195487
21449,98236,0.004489441
21450,100366,0.31060788
21451,98672,0.40611258
21452,85163,0.4308146
21453,2337,0.011799078
21454,24488,0.003892175
21455,24714,0.007925762
21456,88930,0.006816135
21457,106870,0.02300693
21458,58322,0.3492292
21459,67958,0.28776413
21460,63757,0.004102701
21461,71830,0.002521756
21462,18145,0.002663061
21463,28372,0.001806131
21464,45281,0.002287369
21465,15448,0.002887748
21466,90623,0.002409571
21467,113485,0.004737423
21468,17330,0.005556782
21469,16042,0.002430388
21470,37469,0.004173505
21471,9405,0.10415416
21472,19659,0.010038247
21473,97078,0.72409767
21474,7458,0.016315997
21475,93162,0.02393559
21476,13637,0.016740566
21477,75725,0.005023731
21478,73961,0.001984997
21479,55315,0.003197403
21480,5049,0.022068191
21481,66142,0.002952948
21482,111168,0.002571827
21483,80093,0.39249387
21484,48890,0.001986132
21485,103277,0.003586679
21486,97751,0.19193354
21487,32521,0.006768017
21488,62599,0.001930061
21489,27510,0.003869705
21490,67738,0.08823628
21491,50695,0.085715875
21492,10224,0.016164312
21493,83500,0.035147846
21494,95884,0.1526929
21495,24165,0.016579723
21496,102748,0.34571663
21497,26439,0.008424529
21498,16639,0.006038663
21499,90356,0.2741786
21500,53287,0.002095
21501,101569,0.16540158
21502,102664,0.26545027
21503,48099,0.29232916
21504,30486,0.020374777
21505,4969,0.015006492
21506,72684,0.006607106
21507,67329,0.15473202
21508,96713,0.003789806
21509,101145,0.003520741
21510,26006,0.004238869
21511,11026,0.017803397
21512,43787,0.015350127
21513,109,0.006712788
21514,88605,0.007758374
21515,12259,0.88013875
21516,111144,0.016128097
21517,94112,0.08782998
21518,85281,0.003184808
21519,87598,0.0082252
21520,19393,0.005098045
21521,111392,0.005150741
21522,11304,0.002536607
21523,8537,0.014183503
21524,42365,0.12089865
21525,12322,0.002735056
21526,28857,0.004427211
21527,66594,0.015605725
21528,103973,0.003832498
21529,77637,0.2597982
21530,54172,0.002611543
21531,16062,0.002431622
21532,86055,0.012665194
21533,36006,0.003951524
21534,101622,0.009748396
21535,8032,0.019997858
21536,105475,0.001840181
21537,112426,0.004974142
21538,105414,0.5722877
21539,53396,0.0188382
21540,40130,0.003986039
21541,77691,0.001787164
21542,16672,0.006365356
21543,98969,0.008710087
21544,78652,0.031072624
21545,89245,0.003286827
21546,8430,0.014706695
21547,111278,0.04097485
21548,34020,0.0039828
21549,29647,0.003410494
21550,77394,0.19692989
21551,95110,0.001901506
21552,96632,0.002569791
21553,55860,0.22696519
21554,13679,0.001851225
21555,67499,0.036942914
21556,31901,0.04386403
21557,78198,0.01985138
21558,14627,0.023566213
21559,5307,0.001900076
21560,24628,0.007965385
21561,57964,0.010932645
21562,78599,0.006912723
21563,48206,0.2729382
21564,14829,0.1132264
21565,75730,0.15829541
21566,109741,0.43873695
21567,87191,0.00473065
21568,46965,0.005167008
21569,99554,0.20635144
21570,44486,0.010719926
21571,87028,0.19271341
21572,98097,0.040479966
21573,96677,0.003320305
21574,18188,0.001795921
21575,80776,0.010856684
21576,43083,0.033620525
21577,32969,0.7159389
21578,24233,0.012919725
21579,39890,0.005436328
21580,72863,0.042845637
21581,112884,0.47339925
21582,72703,0.07864465
21583,41672,0.5605363
21584,61488,0.071462505
21585,51456,0.005758742
21586,73907,0.009332073
21587,112189,0.121233076
21588,60067,0.016659219
21589,87439,0.110677265
21590,77348,0.07987674
21591,66729,0.020437544
21592,93660,0.008132028
21593,38974,0.002007206
21594,95138,0.004809812
21595,64421,0.004333135
21596,107679,0.6336694
21597,44601,0.21585338
21598,101448,0.012614837
21599,41829,0.001906436
21600,17766,0.00261856
21601,104671,0.014932139
21602,34533,0.006881092
21603,80720,0.019371029
21604,12582,0.002233992
21605,32289,0.002499965
21606,38149,0.002984521
21607,107889,0.04856296
21608,34693,0.5527569
21609,15213,0.014140105
21610,15479,0.003312049
21611,88186,0.016868828
21612,24986,0.006243921
21613,88497,0.001846936
21614,109737,0.01971627
21615,102650,0.001788933
21616,31780,0.003528429
21617,104082,0.005012869
21618,96549,0.00260521
21619,112889,0.112710975
21620,55182,0.4237678
21621,97038,0.013235719
21622,19595,0.003976585
21623,28559,0.020613223
21624,32522,0.006938142
21625,1024,0.004718183
21626,73765,0.078583956
21627,32336,0.003407638
21628,105983,0.12987262
21629,59430,0.07677122
21630,114187,0.007801794
21631,20122,0.006114482
21632,66778,0.003796776
21633,68498,0.004214193
21634,102153,0.10462753
21635,4750,0.101560004
21636,2612,0.0888647
21637,37149,0.003543076
21638,89332,0.012743671
21639,85986,0.003230577
21640,58923,0.116471976
21641,88720,0.002793724
21642,69102,0.007034971
21643,64778,0.004056104
21644,108197,0.94914126
21645,16011,0.002933914
21646,67771,0.08823628
21647,62964,0.060709603
21648,54721,0.004406554
21649,9090,0.026326345
21650,96950,0.5418054
21651,112638,0.63875896
21652,47797,0.5570838
21653,88563,0.006801534
21654,14755,0.004822629
21655,76756,0.25259563
21656,114131,0.001912191
21657,63544,0.00394791
21658,45506,0.005622619
21659,33711,0.43103436
21660,57305,0.1315372
21661,71306,0.003127152
21662,47261,0.00311554
21663,64454,0.001792017
21664,49011,0.20998101
21665,31714,0.002805531
21666,82737,0.001857505
21667,38474,0.004162533
21668,60229,0.022680106
21669,39402,0.004306692
21670,87025,0.001921804
21671,10726,0.007630538
21672,32574,0.009429535
21673,98105,0.005633656
21674,50081,0.10258527
21675,104043,0.00179387
21676,97622,0.005298464
21677,93278,0.7061671
21678,94265,0.001821541
21679,26252,0.001951125
21680,17349,0.01424004
21681,54775,0.003449163
21682,22431,0.021902377
21683,83542,0.1197975
21684,61089,0.004557569
21685,12819,0.020751562
21686,32247,0.48984468
21687,91652,0.005842342
21688,79055,0.003625068
21689,114869,0.002977186
21690,58068,0.0042729
21691,24091,0.006658979
21692,85136,0.70556504
21693,101372,0.3399453
21694,8011,0.006313114
21695,28213,0.008929128
21696,42956,0.011715536
21697,28218,0.048693333
21698,78837,0.002426959
21699,111007,0.007704574
21700,48995,0.13738254
21701,109709,0.006331228
21702,94168,0.71357256
21703,36324,0.31657913
21704,30366,0.001950238
21705,49444,0.27321255
21706,5501,0.67104733
21707,5943,0.20367683
21708,85936,0.39939955
21709,57231,0.59665996
21710,42626,0.003302091
21711,27936,0.003090907
21712,4765,0.015199337
21713,100622,0.002438289
21714,74824,0.5170692
21715,52067,0.527242
21716,32126,0.011687125
21717,113593,0.3032203
21718,103360,0.003848151
21719,23400,0.03321593
21720,12255,0.39835647
21721,71325,0.004078599
21722,28171,0.001919047
21723,29224,0.010071719
21724,113301,0.07679463
21725,75063,0.009321133
21726,38957,0.003989107
21727,70998,0.4296917
21728,113128,0.24900837
21729,92527,0.106867895
21730,111545,0.031098913
21731,83340,0.008741
21732,73261,0.078583956
21733,28980,0.02023645
21734,9494,0.02689024
21735,85071,0.00452662
21736,73890,0.370993
21737,54125,0.003998806
21738,30630,0.070453785
21739,3506,0.5072561
21740,91173,0.00199288
21741,85889,0.07121823
21742,60802,0.001915058
21743,98871,0.21252766
21744,91106,0.011240135
21745,49558,0.004329582
21746,15260,0.003112757
21747,57186,0.001789205
21748,83863,0.003323312
21749,104148,0.21033835
21750,59842,0.32849386
21751,78307,0.007796392
21752,65574,0.004056632
21753,72040,0.017152496
21754,100260,0.07832116
21755,44574,0.014815576
21756,39352,0.019421238
21757,36517,0.23554629
21758,29113,0.02023645
21759,49206,0.4934995
21760,92206,0.006180703
21761,26376,0.04795241
21762,101547,0.004927435
21763,61275,0.071462505
21764,34479,0.003879896
21765,92386,0.009201641
21766,113872,0.026144745
21767,6053,0.00567008
21768,103594,0.001865973
21769,54644,0.00179282
21770,83623,0.005412783
21771,19416,0.006482426
21772,11310,0.042370412
21773,61395,0.051833704
21774,8910,0.68026334
21775,86893,0.088893086
21776,94969,0.005271656
21777,40863,0.3899153
21778,1553,0.002487509
21779,53391,0.005809705
21780,12482,0.003728614
21781,47576,0.1361972
21782,1592,0.005149888
21783,104185,0.003301959
21784,45015,0.023858977
21785,99383,0.013408888
21786,96474,0.010272688
21787,9474,0.024574704
21788,91182,0.004414116
21789,91325,0.017886309
21790,10608,0.004214247
21791,74083,0.3973076
21792,81091,0.004468369
21793,10135,0.0017947
21794,16537,0.050038066
21795,16795,0.001962749
21796,55239,0.04141179
21797,103300,0.068999305
21798,91010,0.20432952
21799,101128,0.002170941
21800,61544,0.0391346
21801,89577,0.029512871
21802,70368,0.005552765
21803,26398,0.014263057
21804,55017,0.20545678
21805,81225,0.433696
21806,20894,0.003561634
21807,24491,0.008641106
21808,75019,0.024918852
21809,94711,0.17124444
21810,61326,0.003304586
21811,9253,0.011130948
21812,31875,0.00959495
21813,4152,0.002960525
21814,79240,0.004288868
21815,48085,0.007267324
21816,54654,0.021949574
21817,58699,0.002862416
21818,76504,0.05015122
21819,10717,0.004132816
21820,63994,0.004900294
21821,37486,0.003132375
21822,61698,0.0043102
21823,5213,0.553219
21824,79626,0.14082389
21825,6718,0.002510334
21826,2503,0.07799206
21827,33485,0.003025402
21828,56376,0.005666973
21829,99679,0.33389038
21830,36748,0.004763873
21831,43003,0.004111116
21832,30365,0.016880939
21833,108277,0.04867857
21834,29879,0.006497402
21835,71338,0.34547412
21836,103406,0.005702162
21837,51919,0.29447573
21838,110964,0.074855305
21839,108674,0.024614725
21840,8908,0.50847805
21841,22501,0.003624669
21842,78865,0.015212518
21843,33157,0.014627336
21844,95258,0.080838405
21845,16824,0.005556782
21846,47753,0.017348899
21847,110812,0.38484606
21848,1575,0.004145797
21849,58727,0.4276402
21850,72590,0.002047066
21851,65507,0.002638481
21852,11259,0.00373219
21853,115025,0.07418657
21854,41957,0.91678727
21855,20723,0.003596455
21856,28749,0.19260651
21857,27207,0.005069634
21858,21830,0.00312008
21859,98507,0.025559988
21860,2364,0.16857865
21861,4318,0.26064846
21862,15827,0.001960984
21863,40514,0.0026565
21864,7476,0.040467426
21865,42722,0.004035298
21866,113016,0.07291165
21867,25906,0.005134913
21868,22776,0.004102919
21869,99283,0.011118589
21870,83666,0.20952094
21871,101848,0.3267471
21872,111713,0.001889754
21873,94595,0.15448518
21874,78605,0.18402979
21875,25818,0.004110082
21876,80159,0.005425116
21877,89195,0.09253549
21878,100104,0.31060788
21879,10009,0.00353839
21880,47861,0.004819275
21881,30182,0.17891802
21882,50292,0.006526635
21883,68410,0.37194803
21884,6506,0.003544054
21885,10956,0.7567407
21886,42053,0.003555954
21887,103003,0.04636589
21888,90796,0.0119601
21889,9636,0.00363537
21890,96295,0.08400742
21891,87107,0.003077622
21892,66549,0.003057706
21893,7963,0.013129603
21894,42407,0.00483562
21895,114666,0.00632019
21896,102661,0.002250441
21897,87231,0.13388711
21898,98012,0.672587
21899,76379,0.25379172
21900,62188,0.001961371
21901,85476,0.006204258
21902,44854,0.003966168
21903,106186,0.002390673
21904,53845,0.039293297
21905,101332,0.022731392
21906,101695,0.008055423
21907,22035,0.001896098
21908,3178,0.01485879
21909,57448,0.005164205
21910,89581,0.24125527
21911,78650,0.04245868
21912,32464,0.021129604
21913,20127,0.021910392
21914,107609,0.0927642
21915,85778,0.028062027
21916,102854,0.073969595
21917,83852,0.001790274
21918,6998,0.16773751
21919,82811,0.003824611
21920,69753,0.10560764
21921,659,0.021439077
21922,25024,0.002361564
21923,92194,0.004101945
21924,109894,0.14985526
21925,63750,0.004102701
21926,48901,0.003296322
21927,3387,0.004000922
21928,5987,0.003391512
21929,43153,0.012026621
21930,66904,0.23471151
21931,35980,0.071223855
21932,7945,0.002926743
21933,96439,0.6387451
21934,103860,0.005913434
21935,95124,0.006562315
21936,107588,0.0034106
21937,113428,0.32921067
21938,26808,0.04795241
21939,67965,0.09019989
21940,83048,0.14020014
21941,112260,0.086267605
21942,115676,0.008913552
21943,15425,0.11317582
21944,6338,0.022236964
21945,115513,0.015707409
21946,26593,0.029646974
21947,102460,0.002974921
21948,82366,0.07841603
21949,83918,0.014186336
21950,14964,0.16123034
21951,54995,0.31836954
21952,65683,0.004171112
21953,12301,0.16927421
21954,73448,0.09025307
21955,54273,0.039039973
21956,4059,0.038838305
21957,43932,0.020089367
21958,27245,0.18689989
21959,25299,0.004044261
21960,45960,0.004500204
21961,16479,0.080471575
21962,28792,0.004192872
21963,51875,0.08946965
21964,73112,0.02194553
21965,111107,0.29050303
21966,95691,0.26695824
21967,110124,0.007825786
21968,63923,0.008518593
21969,54388,0.48656657
21970,4617,0.22882809
21971,113299,0.002688933
21972,83213,0.20771223
21973,39339,0.024813317
21974,29984,0.020374777
21975,104112,0.005140477
21976,17658,0.001980529
21977,546,0.05332774
21978,93471,0.026643706
21979,49050,0.37588057
21980,10659,0.016632596
21981,38633,0.004282299
21982,46373,0.001815643
21983,74915,0.006173241
21984,23200,0.006206963
21985,74591,0.002171949
21986,101583,0.029624911
21987,78532,0.0608032
21988,32941,0.010491319
21989,75275,0.003980846
21990,113920,0.24988109
21991,44313,0.003703713
21992,94732,0.007224763
21993,105500,0.002064974
21994,31513,0.001932345
21995,2340,0.011081046
21996,96391,0.40762588
21997,111502,0.013399025
21998,5818,0.3000125
21999,27239,0.05986555
22000,99640,0.29439366
22001,34699,0.004063187
22002,104947,0.00332354
22003,60448,0.006427439
22004,35206,0.023727855
22005,49657,0.004105334
22006,2009,0.010134061
22007,30751,0.042512815
22008,27048,0.12528485
22009,93740,0.02393559
22010,88744,0.003687669
22011,47119,0.004246585
22012,99327,0.008207423
22013,50615,0.40057233
22014,86102,0.010580513
22015,106595,0.003019133
22016,112928,0.004306694
22017,109893,0.003557381
22018,2674,0.003783996
22019,87151,0.008607097
22020,60238,0.06553494
22021,17575,0.006806774
22022,51769,0.56184745
22023,68289,0.16797614
22024,54504,0.003208828
22025,26618,0.002785184
22026,5711,0.12849636
22027,46779,0.2863451
22028,16270,0.002430388
22029,67911,0.003822651
22030,91869,0.47665015
22031,103631,0.42127478
22032,69273,0.041073557
22033,434,0.5274532
22034,67603,0.19221027
22035,83553,0.36802313
22036,44585,0.003114256
22037,31122,0.00398043
22038,106439,0.00800441
22039,11263,0.013162656
22040,85976,0.002616
22041,74191,0.52411664
22042,84178,0.014186336
22043,22740,0.004061858
22044,80672,0.37649757
22045,23336,0.012743657
22046,112625,0.013750802
22047,46472,0.001808225
22048,26122,0.003462533
22049,29621,0.004683843
22050,59847,0.2478018
22051,80331,0.006887818
22052,1457,0.010110969
22053,100196,0.1790482
22054,3914,0.013027176
22055,103708,0.008952154
22056,19636,0.023019178
22057,87060,0.11084681
22058,51570,0.15554768
22059,63819,0.89107454
22060,33562,0.001793184
22061,83635,0.3411782
22062,50800,0.92052203
22063,26718,0.008155029
22064,15058,0.003523721
22065,88735,0.007844655
22066,66598,0.00455178
22067,63829,0.004056104
22068,30555,0.004019287
22069,90361,0.025089363
22070,106175,0.002083504
22071,98852,0.36489302
22072,12976,0.015685491
22073,37731,0.06860396
22074,77598,0.07987674
22075,40264,0.028710444
22076,89219,0.001909324
22077,489,0.006224849
22078,48335,0.001850153
22079,26175,0.00323449
22080,45182,0.003169902
22081,26820,0.048000906
22082,10944,0.002869178
22083,110287,0.01724411
22084,3054,0.006803899
22085,100689,0.35340235
22086,58127,0.003960515
22087,38495,0.002802496
22088,45472,0.16659288
22089,17297,0.5393692
22090,13789,0.49638918
22091,107372,0.008306119
22092,47877,0.1459142
22093,50367,0.019137328
22094,60756,0.21008766
22095,5480,0.020739457
22096,55498,0.003875595
22097,53920,0.23526682
22098,89773,0.758932
22099,19860,0.00375685
22100,10776,0.016632596
22101,111685,0.6270821
22102,53133,0.00599847
22103,83774,0.006039711
22104,47329,0.00948911
22105,25661,0.1383646
22106,86884,0.02551259
22107,18620,0.06432404
22108,73337,0.013481149
22109,9964,0.026009353
22110,35151,0.18848667
22111,32071,0.00431818
22112,76938,0.044898596
22113,53587,0.003992307
22114,39075,0.001896369
22115,56968,0.00377584
22116,57697,0.005699589
22117,13396,0.00296252
22118,20080,0.04394012
22119,107690,0.005281779
22120,43707,0.005869144
22121,60763,0.060752176
22122,93264,0.007904154
22123,90448,0.004539341
22124,112967,0.4011635
22125,101064,0.007090078
22126,14426,0.008152678
22127,114434,0.38040516
22128,23412,0.05343453
22129,65898,0.00505156
22130,63307,0.00270044
22131,78759,0.002381577
22132,87271,0.003093607
22133,111462,0.010468187
22134,76498,0.006293939
22135,36036,0.01474059
22136,105962,0.47886977
22137,44984,0.5512822
22138,108364,0.004763873
22139,32786,0.002699791
22140,83478,0.025745647
22141,30059,0.03176256
22142,115918,0.001977532
22143,97291,0.011960028
22144,102578,0.29023778
22145,6146,0.003487419
22146,85683,0.003947167
22147,10833,0.001944976
22148,27138,0.004196872
22149,63885,0.003743997
22150,67760,0.005545529
22151,46061,0.002822915
22152,86673,0.004007006
22153,41240,0.23736887
22154,64928,0.037559565
22155,95584,0.7196653
22156,55073,0.00392506
22157,11624,0.003354118
22158,16888,0.002081082
22159,39845,0.2736904
22160,37284,0.003800573
22161,82400,0.13867515
22162,33488,0.07294993
22163,939,0.00469373
22164,31382,0.001796164
22165,77135,0.05066138
22166,76157,0.023432517
22167,15067,0.51813
22168,72867,0.18890506
22169,99953,0.003798086
22170,29805,0.001977641
22171,82223,0.278023
22172,22655,0.011492424
22173,114101,0.008933669
22174,94476,0.36707422
22175,38869,0.002330476
22176,15711,0.003489521
22177,65636,0.004056285
22178,31841,0.004224545
22179,76703,0.00731507
22180,97829,0.009643111
22181,62725,0.001933796
22182,54367,0.003851554
22183,64252,0.001868682
22184,71853,0.021942465
22185,19461,0.009309376
22186,11619,0.01758582
22187,90410,0.008641653
22188,25714,0.003088862
22189,100072,0.002041894
22190,65693,0.002120604
22191,55529,0.005091993
22192,26901,0.002770493
22193,4422,0.26064846
22194,865,0.046590295
22195,55236,0.003570326
22196,65086,0.023265839
22197,25472,0.007847969
22198,37957,0.009029927
22199,7613,0.16773751
22200,56122,0.003525366
22201,17925,0.001818049
22202,100425,0.22157681
22203,87507,0.005363377
22204,79753,0.00585551
22205,14004,0.010574468
22206,64738,0.004056104
22207,101553,0.014972664
22208,22360,0.59024566
22209,108362,0.020019438
22210,110862,0.08036094
22211,104142,0.005875376
22212,96451,0.7000107
22213,86014,0.49941692
22214,112507,0.021019284
22215,84160,0.005565555
22216,32182,0.001866358
22217,95537,0.006115566
22218,7266,0.023501392
22219,3619,0.01485879
22220,47630,0.001873145
22221,14654,0.007977633
22222,17554,0.018664218
22223,110822,0.31092393
22224,114857,0.003020058
22225,51762,0.003023564
22226,73562,0.018279841
22227,67796,0.19317478
22228,39803,0.004031034
22229,110115,0.001831443
22230,25115,0.009422754
22231,1922,0.03422505
22232,84994,0.05653528
22233,98183,0.01041161
22234,41044,0.09437954
22235,34775,0.58797014
22236,111845,0.23094371
22237,65489,0.0029286
22238,81963,0.004220086
22239,48567,0.008499328
22240,77792,0.004751302
22241,41215,0.002999594
22242,111210,0.005519899
22243,24778,0.009422754
22244,45022,0.018233275
22245,60398,0.010010906
22246,53482,0.5574578
22247,21923,0.012793319
22248,77196,0.060655575
22249,108256,0.024614725
22250,45969,0.004550041
22251,109276,0.63113874
22252,36436,0.31657913
22253,77366,0.025420828
22254,71822,0.0802148
22255,105724,0.07848556
22256,69709,0.10974292
22257,18630,0.005696806
22258,28001,0.062260225
22259,32184,0.004144029
22260,8036,0.012862694
22261,44596,0.23806757
22262,40378,0.004846925
22263,101001,0.00271584
22264,17757,0.37675092
22265,65360,0.003345331
22266,41290,0.004961656
22267,105480,0.002382726
22268,7241,0.013741674
22269,49184,0.003921203
22270,24520,0.010509605
22271,31660,0.15495667
22272,97557,0.007266131
22273,61364,0.006301106
22274,40049,0.0035088
22275,97473,0.72220814
22276,98703,0.010341907
22277,75956,0.003781135
22278,102025,0.005229908
22279,12563,0.003978682
22280,63084,0.010717368
22281,33211,0.5417894
22282,20442,0.005785779
22283,62502,0.054391224
22284,52714,0.003627963
22285,96262,0.003909417
22286,28130,0.01091134
22287,50295,0.08698327
22288,93099,0.015599653
22289,29329,0.001845898
22290,48280,0.003708426
22291,82664,0.003237502
22292,82974,0.12111087
22293,10114,0.014018718
22294,1859,0.005361203
22295,8392,0.004232182
22296,58963,0.40045014
22297,29455,0.001818136
22298,9,0.079372235
22299,102001,0.00237523
22300,21216,0.007914989
22301,23847,0.016579723
22302,103749,0.002096391
22303,115928,0.002743477
22304,44217,0.017399974
22305,86374,0.08679668
22306,35841,0.007676198
22307,54901,0.42796016
22308,52797,0.003779469
22309,43871,0.2688535
22310,74015,0.025591623
22311,39977,0.004031034
22312,86824,0.00735848
22313,54803,0.036142334
22314,97548,0.024430227
22315,20041,0.001882522
22316,113434,0.010302304
22317,100481,0.010477521
22318,24918,0.009422754
22319,111118,0.3505465
22320,32594,0.003974365
22321,84583,0.008288271
22322,96035,0.1914669
22323,114175,0.02285579
22324,52971,0.003530687
22325,89263,0.15673766
22326,97260,0.011409047
22327,33849,0.01057943
22328,92109,0.007138756
22329,95038,0.417236
22330,28230,0.001798527
22331,78887,0.13219711
22332,12832,0.002117334
22333,549,0.005084073
22334,82891,0.278023
22335,19518,0.050867926
22336,6140,0.001978696
22337,10982,0.013162656
22338,65306,0.004859183
22339,109368,0.002767367
22340,52970,0.06122468
22341,70689,0.005717497
22342,39800,0.021008087
22343,63484,0.004062359
22344,43619,0.070074
22345,61670,0.004861435
22346,86650,0.20082603
22347,105620,0.001807554
22348,41040,0.004810198
22349,115394,0.00786433
22350,96964,0.21257025
22351,78849,0.022542141
22352,66006,0.001902405
22353,7965,0.020437859
22354,96100,0.45093915
22355,113747,0.006495947
22356,9596,0.04992904
22357,45380,0.004374182
22358,24859,0.00300891
22359,36319,0.40464082
22360,57129,0.29896724
22361,86346,0.5315678
22362,56298,0.21128297
22363,29333,0.07225416
22364,81312,0.055152703
22365,46863,0.002528515
22366,77991,0.007199042
22367,18544,0.008073936
22368,109918,0.58943236
22369,89701,0.27595225
22370,40916,0.02696783
22371,31697,0.004150854
22372,24214,0.25145692
22373,46756,0.001842122
22374,28002,0.018819384
22375,74271,0.019400774
22376,90442,0.6102559
22377,102485,0.010528505
22378,108650,0.7682396
22379,30582,0.38163018
22380,62927,0.19079936
22381,39409,0.024813317
22382,45865,0.006278429
22383,24502,0.001805379
22384,31657,0.00433164
22385,98403,0.003811598
22386,94236,0.006602632
22387,82934,0.008552021
22388,96424,0.011266976
22389,109508,0.03106665
22390,3948,0.003195202
22391,62132,0.02064853
22392,115160,0.051336348
22393,80669,0.004199499
22394,46685,0.00234029
22395,23211,0.031401336
22396,115181,0.01189609
22397,112109,0.0135957
22398,77895,0.024274398
22399,37814,0.002950257
22400,90150,0.002030007
22401,63371,0.4406659
22402,42677,0.001823367
22403,104231,0.002951571
22404,26860,0.00309818
22405,35814,0.33924705
22406,1390,0.002235131
22407,55329,0.003276005
22408,80213,0.002154649
22409,105534,0.007917712
22410,24192,0.042783093
22411,86878,0.13718837
22412,65602,0.004056285
22413,8221,0.19272198
22414,44955,0.015416646
22415,53943,0.003741131
22416,24345,0.030599426
22417,111981,0.001804979
22418,86151,0.367177
22419,104255,0.002017262
22420,28661,0.00841784
22421,16591,0.03304032
22422,49911,0.10258527
22423,48271,0.002029559
22424,102537,0.3475798
22425,104211,0.06914802
22426,2353,0.002848178
22427,76226,0.006536391
22428,9190,0.5546152
22429,18871,0.03216636
22430,87306,0.004463684
22431,9127,0.00254874
22432,53159,0.5513927
22433,83576,0.015812557
22434,51439,0.084985524
22435,2848,0.002094841
22436,5819,0.006192095
22437,80411,0.015280397
22438,24325,0.001790464
22439,51029,0.23140916
22440,110369,0.35304084
22441,104734,0.28856373
22442,51058,0.40057233
22443,34165,0.003661854
22444,24779,0.009422754
22445,22573,0.17260692
22446,3160,0.09808961
22447,84890,0.15976554
22448,108787,0.004660924
22449,76763,0.067003205
22450,59587,0.012679269
22451,100534,0.006874499
22452,87351,0.3323228
22453,9022,0.001792394
22454,23822,0.06951844
22455,90466,0.025089363
22456,113824,0.002954511
22457,65041,0.004525243
22458,40350,0.4210086
22459,25797,0.00461467
22460,98405,0.41144058
22461,69560,0.005165981
22462,4869,0.022224132
22463,102319,0.008266147
22464,93609,0.010416623
22465,6910,0.003395331
22466,49483,0.07269599
22467,16309,0.003098825
22468,50685,0.23140916
22469,9145,0.002685867
22470,49243,0.02208124
22471,16526,0.001949342
22472,13211,0.002681201
22473,44654,0.01590451
22474,101398,0.006334385
22475,101804,0.16575135
22476,105678,0.001823283
22477,54349,0.004170365
22478,102018,0.007756589
22479,26824,0.001791337
22480,53492,0.003497338
22481,105098,0.020377314
22482,108222,0.007248012
22483,58522,0.022404397
22484,91148,0.20432952
22485,46150,0.003361407
22486,17034,0.050038066
22487,98070,0.19193354
22488,43765,0.010796274
22489,60362,0.028224047
22490,97573,0.005080707
22491,90463,0.10883504
22492,24088,0.012996167
22493,29948,0.058631018
22494,63082,0.060709603
22495,96229,0.005764803
22496,21291,0.006401753
22497,18816,0.0155998
22498,30712,0.007265418
22499,61556,0.002524208
22500,89820,0.003444837
22501,32109,0.003492405
22502,70335,0.003711916
22503,9122,0.001816201
22504,16487,0.002431622
22505,95684,0.3380672
22506,3106,0.001887703
22507,64913,0.005320108
22508,42996,0.005226047
22509,16649,0.001910193
22510,21652,0.007836961
22511,30990,0.00860877
22512,108549,0.04867857
22513,18211,0.001980468
22514,32809,0.003010768
22515,26231,0.006957579
22516,33429,0.007545867
22517,17560,0.01479089
22518,18819,0.012378893
22519,115534,0.008970949
22520,115849,0.002388878
22521,25252,0.004618302
22522,35528,0.00365868
22523,105780,0.056634728
22524,108915,0.007175533
22525,38007,0.22518128
22526,23399,0.07396613
22527,55174,0.42796016
22528,57404,0.006412292
22529,64230,0.003346057
22530,67908,0.006583809
22531,94939,0.034718387
22532,101937,0.002338212
22533,18476,0.002567212
22534,48598,0.39702675
22535,113620,0.003189597
22536,92657,0.005759555
22537,102820,0.001824182
22538,57119,0.48645568
22539,13144,0.36060113
22540,107590,0.005139416
22541,12810,0.008942784
22542,57597,0.004797075
22543,67835,0.003898191
22544,11991,0.002542778
22545,88775,0.15433618
22546,76858,0.18034394
22547,62648,0.02868867
22548,18532,0.003579862
22549,36298,0.0032218
22550,2021,0.006389584
22551,96518,0.002580597
22552,107032,0.4303615
22553,103002,0.34571663
22554,38220,0.2593344
22555,19195,0.004710252
22556,76153,0.001909765
22557,24280,0.005289662
22558,77898,0.017136924
22559,11076,0.001794962
22560,103519,0.001831638
22561,24247,0.008365938
22562,47224,0.017677918
22563,42932,0.004075433
22564,73437,0.005295677
22565,114707,0.007448479
22566,37122,0.014927628
22567,89967,0.027393604
22568,66538,0.008382895
22569,26196,0.003290683
22570,63109,0.4406659
22571,41042,0.003971536
22572,14874,0.7321282
22573,15740,0.007254449
22574,35906,0.10341515
22575,60818,0.003973815
22576,41026,0.05249673
22577,28713,0.00841784
22578,114896,0.002786755
22579,64155,0.004056104
22580,70194,0.23716499
22581,103613,0.5478988
22582,75703,0.06501057
22583,43415,0.004410982
22584,28734,0.02082962
22585,69121,0.042694137
22586,58572,0.4276402
22587,15581,0.002536907
22588,23334,0.02385378
22589,98291,0.37246728
22590,93403,0.0998632
22591,26180,0.004113124
22592,89102,0.005220737
22593,49159,0.006428925
22594,52758,0.09209084
22595,45346,0.015611682
22596,99718,0.003137559
22597,7038,0.001932895
22598,102564,0.008291437
22599,26975,0.018524176
22600,77737,0.003021856
22601,53191,0.09162841
22602,43219,0.011383759
22603,93190,0.007121978
22604,91938,0.11218064
22605,66232,0.021148648
22606,84907,0.021613784
22607,51135,0.004075369
22608,98803,0.01246955
22609,38410,0.009431647
22610,62396,0.0382008
22611,24864,0.038065836
22612,85190,0.001831569
22613,84527,0.003718487
22614,2874,0.017513577
22615,110561,0.017587574
22616,48057,0.720528
22617,107180,0.004061569
22618,79090,0.002735568
22619,85741,0.002053959
22620,104273,0.030055912
22621,32820,0.003196402
22622,43268,0.004554596
22623,37233,0.003785526
22624,32905,0.06716513
22625,100662,0.34188992
22626,52474,0.004618086
22627,48398,0.002029221
22628,73436,0.19360077
22629,103199,0.002746385
22630,41252,0.007793679
22631,99638,0.004028114
22632,97198,0.003937548
22633,16478,0.001943993
22634,82471,0.04646194
22635,109083,0.012104268
22636,76522,0.00285179
22637,55631,0.09474755
22638,13910,0.016731065
22639,44420,0.003624695
22640,66754,0.015044367
22641,55510,0.001792783
22642,5862,0.025114452
22643,86222,0.002052147
22644,24133,0.015213477
22645,101707,0.004665105
22646,64937,0.004056104
22647,73037,0.00732832
22648,94891,0.001916846
22649,50745,0.022661863
22650,50906,0.004779934
22651,42982,0.004578326
22652,39875,0.02112295
22653,100621,0.35340235
22654,87930,0.16444567
22655,61876,0.004113809
22656,33915,0.003448851
22657,111052,0.012941721
22658,50062,0.00418995
22659,64782,0.001767461
22660,115946,0.002560541
22661,79232,0.017611178
22662,19676,0.008644304
22663,70135,0.02404939
22664,88453,0.003627487
22665,91915,0.11218064
22666,26461,0.005241832
22667,74869,0.018696774
22668,77980,0.06410235
22669,5619,0.013739943
22670,26301,0.018252334
22671,91258,0.007148277
22672,88702,0.13297604
22673,25568,0.00344448
22674,34284,0.5211775
22675,45279,0.013441703
22676,74040,0.082686834
22677,82864,0.003746882
22678,100975,0.36376926
22679,53296,0.50477403
22680,45851,0.006704073
22681,45247,0.010172207
22682,30514,0.020374777
22683,34300,0.17710395
22684,19388,0.008033777
22685,108667,0.011162767
22686,98216,0.002897393
22687,42083,0.00337353
22688,44276,0.011473263
22689,106913,0.38292432
22690,91969,0.1466217
22691,33290,0.084576555
22692,74170,0.10232313
22693,48580,0.06395944
22694,48790,0.20273507
22695,97896,0.33226523
22696,57177,0.25035083
22697,108682,0.019772675
22698,93204,0.08752678
22699,71135,0.02329635
22700,100752,0.24335256
22701,108377,0.006078098
22702,53549,0.004926558
22703,39786,0.003058051
22704,92157,0.018584637
22705,33349,0.003809753
22706,17851,0.001905086
22707,5235,0.20113383
22708,46738,0.020255486
22709,17252,0.032394804
22710,90344,0.83503336
22711,104569,0.1949156
22712,52310,0.24153236
22713,15656,0.007875134
22714,114449,0.006473324
22715,13763,0.01988062
22716,43305,0.39973575
22717,113726,0.009729574
22718,65494,0.004056104
22719,88933,0.03150317
22720,90216,0.003642661
22721,23196,0.004156108
22722,103527,0.008586992
22723,110717,0.088217564
22724,47907,0.009782957
22725,79116,0.17006823
22726,2760,0.784928
22727,95751,0.003446086
22728,76234,0.25037235
22729,78572,0.056585044
22730,22419,0.005764497
22731,51286,0.028106423
22732,57222,0.00190402
22733,59613,0.43082973
22734,12788,0.008134744
22735,101501,0.008157553
22736,78289,0.027409673
22737,8070,0.003080488
22738,77101,0.004585435
22739,52562,0.16152829
22740,107134,0.003793971
22741,100603,0.19703119
22742,49624,0.004105334
22743,69446,0.025819227
22744,101939,0.07063257
22745,58053,0.30690038
22746,51025,0.35836494
22747,106710,0.02962659
22748,68957,0.001789571
22749,76612,0.018545132
22750,87843,0.005597768
22751,112647,0.49312264
22752,108792,0.43362394
22753,97921,0.024837345
22754,23551,0.003591621
22755,46677,0.37080097
22756,66128,0.00254139
22757,91029,0.004199152
22758,72929,0.001875846
22759,110950,0.52407795
22760,8446,0.010214727
22761,62970,0.060709603
22762,8783,0.02400836
22763,68420,0.091607034
22764,22543,0.019083068
22765,57204,0.29896724
22766,100056,0.004637579
22767,51288,0.004495703
22768,57735,0.46721038
22769,54960,0.004539587
22770,107361,0.001950445
22771,48015,0.003586316
22772,49838,0.10258527
22773,103549,0.45998105
22774,69298,0.069158696
22775,115220,0.015707409
22776,85455,0.002380147
22777,53235,0.0171393
22778,90724,0.13159373
22779,81525,0.05667873
22780,61855,0.006794126
22781,8415,0.007223204
22782,55250,0.003492636
22783,41642,0.6151245
22784,24727,0.003035137
22785,11976,0.001853232
22786,96281,0.417236
22787,108492,0.19352466
22788,65648,0.001759067
22789,32754,0.2571091
22790,61945,0.04119031
22791,75310,0.18172944
22792,97522,0.008774927
22793,95563,0.6983501
22794,78394,0.28395483
22795,23631,0.003122424
22796,59835,0.052231777
22797,84878,0.46573368
22798,21350,0.005984285
22799,59383,0.41850367
22800,57653,0.004874872
22801,90250,0.00386309
22802,45064,0.004117962
22803,107683,0.003219313
22804,67749,0.015391428
22805,24430,0.003116309
22806,78372,0.007844803
22807,50396,0.004153268
22808,74383,0.013443014
22809,77272,0.077087484
22810,113398,0.026902566
22811,824,0.002386954
22812,109501,0.003686112
22813,102342,0.38197953
22814,7386,0.003395331
22815,12822,0.5316784
22816,12679,0.00185007
22817,8170,0.013231541
22818,31275,0.00959495
22819,36093,0.017650101
22820,47652,0.012929038
22821,16953,0.088057466
22822,47466,0.001951176
22823,94199,0.45131713
22824,41616,0.020907322
22825,33859,0.004864323
22826,88844,0.15433618
22827,28508,0.0562725
22828,107461,0.63754296
22829,68619,0.008597166
22830,53663,0.10096327
22831,55025,0.002461269
22832,68670,0.003280827
22833,45859,0.015042516
22834,51620,0.52784723
22835,14642,0.024124658
22836,108669,0.008321691
22837,41082,0.003940169
22838,6095,0.002473716
22839,79900,0.007795743
22840,4079,0.024106024
22841,64712,0.002143454
22842,65751,0.077183135
22843,113195,0.010677274
22844,46574,0.004408064
22845,36180,0.00389956
22846,24595,0.003284611
22847,38712,0.003026213
22848,82677,0.003350414
22849,84510,0.2979815
22850,20928,0.004417038
22851,34652,0.004444088
22852,36687,0.00419729
22853,20959,0.021902377
22854,8756,0.002286478
22855,29652,0.004809474
22856,110687,0.004661318
22857,40092,0.16222535
22858,14381,0.003042945
22859,101894,0.041705098
22860,4432,0.52592784
22861,89587,0.15433618
22862,11800,0.003056815
22863,13600,0.0669436
22864,36867,0.025842642
22865,94281,0.003564844
22866,55712,0.004013429
22867,99505,0.17070629
22868,91411,0.19912273
22869,109343,0.63113874
22870,53665,0.005179131
22871,73154,0.3977086
22872,93420,0.8465734
22873,47816,0.18803684
22874,81176,0.001869377
22875,110548,0.06853963
22876,26357,0.003548212
22877,79295,0.001788004
22878,76971,0.002760354
22879,57014,0.006959655
22880,74920,0.024918852
22881,94205,0.02759157
22882,48386,0.003916583
22883,76621,0.021299988
22884,94734,0.49558485
22885,105220,0.17100023
22886,100352,0.002471842
22887,66665,0.003201009
22888,65473,0.004690071
22889,12254,0.849895
22890,94537,0.003969852
22891,31549,0.002223342
22892,85376,0.001846926
22893,103520,0.19433382
22894,16277,0.007262365
22895,93161,0.012606043
22896,54263,0.021866648
22897,45306,0.001821639
22898,91957,0.008203697
22899,7314,0.002001785
22900,38525,0.003506786
22901,21407,0.003353619
22902,95407,0.00180996
22903,43594,0.13721074
22904,68051,0.015578453
22905,22564,0.011492424
22906,100179,0.007106444
22907,105881,0.014723078
22908,23518,0.003444899
22909,89210,0.16719091
22910,1718,0.01657149
22911,86528,0.009947246
22912,71259,0.055903345
22913,74428,0.003765537
22914,40777,0.004476229
22915,96334,0.42466077
22916,110645,0.007704574
22917,49193,0.036560085
22918,98714,0.018727686
22919,76455,0.021108558
22920,17624,0.002054256
22921,8247,0.020437859
22922,29100,0.00305286
22923,16942,0.004933693
22924,76248,0.001935162
22925,12234,0.029205987
22926,6594,0.024734402
22927,49377,0.004521221
22928,97650,0.004646581
22929,37782,0.17400832
22930,54044,0.003822141
22931,90809,0.001808245
22932,49182,0.042409852
22933,47173,0.03889994
22934,7318,0.14624435
22935,56241,0.012970423
22936,56250,0.57677805
22937,2183,0.001793384
22938,54582,0.361634
22939,112978,0.1729736
22940,35142,0.007751681
22941,59749,0.04202146
22942,4465,0.0416569
22943,60068,0.8150478
22944,110488,0.007469646
22945,44974,0.003668676
22946,60613,0.004295687
22947,74968,0.001872684
22948,94370,0.001870016
22949,65583,0.004056285
22950,40541,0.58489376
22951,57181,0.29896724
22952,100996,0.32234466
22953,14346,0.8002795
22954,108688,0.001988957
22955,74192,0.0020599
22956,10115,0.002662682
22957,97274,0.122264296
22958,81506,0.01457744
22959,43334,0.27319884
22960,112037,0.02024192
22961,67032,0.02180452
22962,80543,0.056537706
22963,101101,0.013106602
22964,111802,0.23094371
22965,98828,0.18918906
22966,104020,0.009374484
22967,34848,0.003956942
22968,67041,0.26142448
22969,26995,0.001880815
22970,95052,0.004026052
22971,51498,0.19097513
22972,7777,0.001939224
22973,12712,0.5155137
22974,78368,0.004224958
22975,30851,0.004355141
22976,47382,0.003494019
22977,55651,0.08967611
22978,95712,0.07936134
22979,8843,0.12331304
22980,47290,0.005359362
22981,46513,0.014127335
22982,15224,0.057803597
22983,1728,0.002140397
22984,54737,0.42796016
22985,28782,0.004153953
22986,46230,0.01704471
22987,32555,0.009429535
22988,100320,0.002640882
22989,29675,0.004244029
22990,76873,0.015853774
22991,89488,0.2495428
22992,41804,0.001814333
22993,99942,0.032312777
22994,77238,0.1738103
22995,42977,0.005423069
22996,78948,0.8070252
22997,1562,0.3465602
22998,43948,0.011975386
22999,105680,0.022704083
23000,114780,0.601082
23001,41433,0.02601239
23002,54212,0.3625151
23003,72300,0.010426217
23004,3769,0.6982202
23005,5418,0.2445374
23006,36062,0.0032218
23007,28021,0.004413644
23008,68238,0.006912729
23009,113124,0.47339925
23010,63410,0.004967758
23011,16282,0.01479089
23012,113276,0.3032203
23013,97900,0.004212389
23014,109867,0.002713656
23015,35565,0.36264348
23016,84909,0.03583213
23017,97854,0.6957149
23018,42382,0.002024367
23019,61115,0.15805131
23020,45173,0.16659288
23021,48199,0.31358328
23022,88611,0.007920424
23023,110555,0.29217234
23024,103747,0.42127478
23025,89124,0.003286827
23026,88939,0.002010812
23027,42309,0.004343539
23028,74411,0.012467271
23029,30351,0.003245971
23030,33641,0.007700215
23031,36708,0.009522369
23032,40246,0.09556422
23033,42902,0.013345626
23034,110646,0.002176697
23035,77490,0.014539152
23036,54376,0.004094232
23037,6726,0.00325212
23038,74059,0.005672476
23039,15538,0.014462512
23040,66483,0.015472868
23041,21438,0.010720694
23042,78205,0.022793973
23043,112083,0.006888535
23044,91076,0.48769003
23045,19089,0.008644304
23046,65232,0.002706458
23047,78589,0.005323083
23048,15710,0.002863528
23049,16053,0.002884004
23050,34089,0.003753493
23051,76245,0.029520096
23052,84669,0.003978225
23053,14116,0.002734336
23054,34495,0.003690738
23055,77805,0.035256896
23056,8893,0.002813024
23057,622,0.008625483
23058,14471,0.062368654
23059,61014,0.014732897
23060,106476,0.002838847
23061,495,0.007562032
23062,76358,0.3562059
23063,844,0.009997427
23064,57811,0.53932595
23065,114734,0.008890662
23066,92988,0.02393559
23067,60332,0.002699114
23068,33346,0.003164409
23069,81527,0.033650707
23070,59021,0.006867449
23071,5047,0.27487883
23072,14740,0.014260026
23073,5428,0.01686489
23074,89749,0.024522273
23075,53169,0.002353677
23076,94879,0.10263559
23077,115510,0.003907465
23078,54837,0.016026516
23079,10257,0.011873255
23080,8629,0.12900114
23081,74134,0.29363188
23082,112947,0.08390193
23083,21683,0.005481632
23084,71250,0.2616492
23085,38256,0.004076713
23086,3318,0.069942944
23087,36283,0.12591466
23088,79463,0.00618268
23089,83724,0.49816102
23090,61997,0.054391224
23091,1844,0.007610885
23092,104165,0.065469705
23093,60986,0.5011527
23094,70739,0.1750245
23095,63548,0.00419253
23096,78238,0.005222677
23097,106787,0.002838847
23098,97631,0.011266976
23099,7551,0.002468332
23100,10889,0.18089633
23101,93547,0.13768986
23102,110310,0.4393249
23103,2497,0.014138967
23104,61829,0.003473053
23105,76334,0.005687433
23106,61918,0.004762483
23107,31094,0.38963342
23108,105478,0.006287855
23109,15589,0.003150937
23110,108655,0.007015193
23111,39260,0.2154423
23112,34811,0.0571525
23113,52876,0.005611361
23114,40614,0.002198341
23115,31313,0.004417376
23116,76369,0.020043563
23117,80445,0.003605859
23118,40250,0.002850152
23119,45269,0.003948065
23120,110922,0.00570208
23121,12992,0.5915139
23122,102362,0.35233194
23123,26373,0.029541204
23124,10699,0.00353493
23125,14071,0.00196498
23126,111771,0.19914317
23127,87923,0.009611894
23128,10067,0.05284018
23129,27301,0.25787517
23130,66024,0.003168186
23131,67390,0.004577061
23132,58168,0.3492292
23133,39871,0.027227115
23134,7223,0.04109378
23135,112946,0.41817805
23136,68872,0.031486183
23137,105350,0.09018249
23138,54316,0.005919498
23139,88122,0.22854343
23140,46689,0.005797008
23141,9886,0.00200783
23142,108645,0.06839021
23143,51024,0.35836494
23144,37007,0.007399641
23145,2534,0.039437335
23146,113561,0.12835662
23147,102670,0.004466934
23148,46389,0.003378595
23149,43930,0.004811013
23150,53736,0.005770598
23151,11655,0.001847945
23152,51335,0.09539286
23153,52662,0.004145179
23154,9585,0.023621311
23155,27182,0.004609614
23156,34078,0.020178044
23157,5169,0.00185085
23158,56602,0.004301058
23159,77149,0.005515532
23160,83696,0.002167438
23161,67319,0.26897871
23162,62750,0.34042782
23163,10563,0.00353493
23164,53694,0.06369376
23165,29562,0.004581271
23166,73909,0.003841918
23167,84474,0.001822572
23168,75341,0.067048624
23169,83296,0.01273118
23170,45682,0.16234094
23171,45622,0.010164927
23172,5140,0.42465717
23173,61831,0.054391224
23174,13985,0.030897398
23175,109750,0.004962994
23176,68378,0.78241533
23177,63734,0.007624381
23178,92552,0.26995334
23179,78773,0.002872764
23180,97330,0.017754883
23181,40664,0.4684718
23182,30458,0.005688539
23183,81907,0.30188927
23184,39218,0.024813317
23185,55866,0.006064071
23186,6384,0.004878935
23187,22664,0.007227141
23188,55567,0.12922448
23189,16773,0.003909309
23190,92264,0.001857864
23191,50992,0.09476486
23192,104741,0.001793223
23193,63474,0.003653448
23194,80438,0.005568351
23195,29485,0.038209394
23196,59838,0.002666893
23197,110584,0.38775903
